[0.000000] (-) TimerEvent: {}
[0.001796] (my_robot_nav2) JobQueued: {'identifier': 'my_robot_nav2', 'dependencies': OrderedDict()}
[0.001939] (pigpio) JobQueued: {'identifier': 'pigpio', 'dependencies': OrderedDict()}
[0.002039] (sllidar_ros2) JobQueued: {'identifier': 'sllidar_ros2', 'dependencies': OrderedDict()}
[0.002130] (BMC_2024) JobQueued: {'identifier': 'BMC_2024', 'dependencies': OrderedDict([('sllidar_ros2', '/home/rospi/aug_2024/install/sllidar_ros2')])}
[0.002230] (aug_2024) JobQueued: {'identifier': 'aug_2024', 'dependencies': OrderedDict([('sllidar_ros2', '/home/rospi/aug_2024/install/sllidar_ros2'), ('BMC_2024', '/home/rospi/aug_2024/install/BMC_2024')])}
[0.002333] (sllidar_ros2) JobStarted: {'identifier': 'sllidar_ros2'}
[0.034848] (my_robot_nav2) JobStarted: {'identifier': 'my_robot_nav2'}
[0.058285] (pigpio) JobStarted: {'identifier': 'pigpio'}
[0.086054] (sllidar_ros2) JobProgress: {'identifier': 'sllidar_ros2', 'progress': 'cmake'}
[0.088340] (sllidar_ros2) Command: {'cmd': ['/usr/bin/cmake', '/home/rospi/aug_2024/src/sllidar_ros2', '-DCMAKE_INSTALL_PREFIX=/home/rospi/aug_2024/install/sllidar_ros2'], 'cwd': '/home/rospi/aug_2024/build/sllidar_ros2', 'env': OrderedDict([('LESSOPEN', '| /usr/bin/lesspipe %s'), ('USER', 'rospi'), ('SSH_CLIENT', '10.150.42.143 57984 22'), ('XDG_SESSION_TYPE', 'tty'), ('SHLVL', '1'), ('LD_LIBRARY_PATH', '/home/rospi/aug_2024/install/BMC_2024/lib:/home/rospi/aug_2024/install/pigpio/lib:/opt/ros/humble/opt/rviz_ogre_vendor/lib:/opt/ros/humble/lib/aarch64-linux-gnu:/opt/ros/humble/lib'), ('MOTD_SHOWN', 'pam'), ('HOME', '/home/rospi'), ('OLDPWD', '/home/rospi'), ('SSH_TTY', '/dev/pts/0'), ('ROS_PYTHON_VERSION', '3'), ('DBUS_SESSION_BUS_ADDRESS', 'unix:path=/run/user/1000/bus'), ('COLCON_PREFIX_PATH', '/home/rospi/aug_2024/install'), ('ROS_DISTRO', 'humble'), ('LOGNAME', 'rospi'), ('_', '/usr/bin/colcon'), ('ROS_VERSION', '2'), ('XDG_SESSION_CLASS', 'user'), ('TERM', 'xterm-256color'), ('XDG_SESSION_ID', '26'), ('ROS_LOCALHOST_ONLY', '0'), ('PATH', '/home/rospi/aug_2024/install/pigpio/bin:/opt/ros/humble/bin:/usr/local/sbin:/usr/local/bin:/usr/sbin:/usr/bin:/sbin:/bin:/usr/games:/usr/local/games:/snap/bin'), ('XDG_RUNTIME_DIR', '/run/user/1000'), ('LANG', 'en_US.UTF-8'), ('LS_COLORS', 'rs=0:di=01;34:ln=01;36:mh=00:pi=40;33:so=01;35:do=01;35:bd=40;33;01:cd=40;33;01:or=40;31;01:mi=00:su=37;41:sg=30;43:ca=30;41:tw=30;42:ow=34;42:st=37;44:ex=01;32:*.tar=01;31:*.tgz=01;31:*.arc=01;31:*.arj=01;31:*.taz=01;31:*.lha=01;31:*.lz4=01;31:*.lzh=01;31:*.lzma=01;31:*.tlz=01;31:*.txz=01;31:*.tzo=01;31:*.t7z=01;31:*.zip=01;31:*.z=01;31:*.dz=01;31:*.gz=01;31:*.lrz=01;31:*.lz=01;31:*.lzo=01;31:*.xz=01;31:*.zst=01;31:*.tzst=01;31:*.bz2=01;31:*.bz=01;31:*.tbz=01;31:*.tbz2=01;31:*.tz=01;31:*.deb=01;31:*.rpm=01;31:*.jar=01;31:*.war=01;31:*.ear=01;31:*.sar=01;31:*.rar=01;31:*.alz=01;31:*.ace=01;31:*.zoo=01;31:*.cpio=01;31:*.7z=01;31:*.rz=01;31:*.cab=01;31:*.wim=01;31:*.swm=01;31:*.dwm=01;31:*.esd=01;31:*.jpg=01;35:*.jpeg=01;35:*.mjpg=01;35:*.mjpeg=01;35:*.gif=01;35:*.bmp=01;35:*.pbm=01;35:*.pgm=01;35:*.ppm=01;35:*.tga=01;35:*.xbm=01;35:*.xpm=01;35:*.tif=01;35:*.tiff=01;35:*.png=01;35:*.svg=01;35:*.svgz=01;35:*.mng=01;35:*.pcx=01;35:*.mov=01;35:*.mpg=01;35:*.mpeg=01;35:*.m2v=01;35:*.mkv=01;35:*.webm=01;35:*.webp=01;35:*.ogm=01;35:*.mp4=01;35:*.m4v=01;35:*.mp4v=01;35:*.vob=01;35:*.qt=01;35:*.nuv=01;35:*.wmv=01;35:*.asf=01;35:*.rm=01;35:*.rmvb=01;35:*.flc=01;35:*.avi=01;35:*.fli=01;35:*.flv=01;35:*.gl=01;35:*.dl=01;35:*.xcf=01;35:*.xwd=01;35:*.yuv=01;35:*.cgm=01;35:*.emf=01;35:*.ogv=01;35:*.ogx=01;35:*.aac=00;36:*.au=00;36:*.flac=00;36:*.m4a=00;36:*.mid=00;36:*.midi=00;36:*.mka=00;36:*.mp3=00;36:*.mpc=00;36:*.ogg=00;36:*.ra=00;36:*.wav=00;36:*.oga=00;36:*.opus=00;36:*.spx=00;36:*.xspf=00;36:'), ('AMENT_PREFIX_PATH', '/home/rospi/aug_2024/install/aug_2024:/home/rospi/aug_2024/install/BMC_2024:/home/rospi/aug_2024/install/sllidar_ros2:/home/rospi/aug_2024/install/my_robot_nav2:/opt/ros/humble'), ('SHELL', '/bin/bash'), ('LESSCLOSE', '/usr/bin/lesspipe %s %s'), ('PWD', '/home/rospi/aug_2024/build/sllidar_ros2'), ('LC_ALL', 'en_US.UTF-8'), ('SSH_CONNECTION', '10.150.42.143 57984 10.6.102.87 22'), ('XDG_DATA_DIRS', '/usr/local/share:/usr/share:/var/lib/snapd/desktop'), ('PYTHONPATH', '/opt/ros/humble/lib/python3.10/site-packages:/opt/ros/humble/local/lib/python3.10/dist-packages'), ('COLCON', '1'), ('CMAKE_PREFIX_PATH', '/home/rospi/aug_2024/install/aug_2024:/home/rospi/aug_2024/install/BMC_2024:/home/rospi/aug_2024/install/sllidar_ros2:/home/rospi/aug_2024/install/pigpio:/home/rospi/aug_2024/install/my_robot_nav2:/opt/ros/humble')]), 'shell': False}
[0.099273] (-) TimerEvent: {}
[0.101649] (my_robot_nav2) JobProgress: {'identifier': 'my_robot_nav2', 'progress': 'cmake'}
[0.103684] (my_robot_nav2) Command: {'cmd': ['/usr/bin/cmake', '/home/rospi/aug_2024/src/my_robot_nav2', '-DCMAKE_INSTALL_PREFIX=/home/rospi/aug_2024/install/my_robot_nav2'], 'cwd': '/home/rospi/aug_2024/build/my_robot_nav2', 'env': OrderedDict([('LESSOPEN', '| /usr/bin/lesspipe %s'), ('USER', 'rospi'), ('SSH_CLIENT', '10.150.42.143 57984 22'), ('XDG_SESSION_TYPE', 'tty'), ('SHLVL', '1'), ('LD_LIBRARY_PATH', '/home/rospi/aug_2024/install/BMC_2024/lib:/home/rospi/aug_2024/install/pigpio/lib:/opt/ros/humble/opt/rviz_ogre_vendor/lib:/opt/ros/humble/lib/aarch64-linux-gnu:/opt/ros/humble/lib'), ('MOTD_SHOWN', 'pam'), ('HOME', '/home/rospi'), ('OLDPWD', '/home/rospi'), ('SSH_TTY', '/dev/pts/0'), ('ROS_PYTHON_VERSION', '3'), ('DBUS_SESSION_BUS_ADDRESS', 'unix:path=/run/user/1000/bus'), ('COLCON_PREFIX_PATH', '/home/rospi/aug_2024/install'), ('ROS_DISTRO', 'humble'), ('LOGNAME', 'rospi'), ('_', '/usr/bin/colcon'), ('ROS_VERSION', '2'), ('XDG_SESSION_CLASS', 'user'), ('TERM', 'xterm-256color'), ('XDG_SESSION_ID', '26'), ('ROS_LOCALHOST_ONLY', '0'), ('PATH', '/home/rospi/aug_2024/install/pigpio/bin:/opt/ros/humble/bin:/usr/local/sbin:/usr/local/bin:/usr/sbin:/usr/bin:/sbin:/bin:/usr/games:/usr/local/games:/snap/bin'), ('XDG_RUNTIME_DIR', '/run/user/1000'), ('LANG', 'en_US.UTF-8'), ('LS_COLORS', 'rs=0:di=01;34:ln=01;36:mh=00:pi=40;33:so=01;35:do=01;35:bd=40;33;01:cd=40;33;01:or=40;31;01:mi=00:su=37;41:sg=30;43:ca=30;41:tw=30;42:ow=34;42:st=37;44:ex=01;32:*.tar=01;31:*.tgz=01;31:*.arc=01;31:*.arj=01;31:*.taz=01;31:*.lha=01;31:*.lz4=01;31:*.lzh=01;31:*.lzma=01;31:*.tlz=01;31:*.txz=01;31:*.tzo=01;31:*.t7z=01;31:*.zip=01;31:*.z=01;31:*.dz=01;31:*.gz=01;31:*.lrz=01;31:*.lz=01;31:*.lzo=01;31:*.xz=01;31:*.zst=01;31:*.tzst=01;31:*.bz2=01;31:*.bz=01;31:*.tbz=01;31:*.tbz2=01;31:*.tz=01;31:*.deb=01;31:*.rpm=01;31:*.jar=01;31:*.war=01;31:*.ear=01;31:*.sar=01;31:*.rar=01;31:*.alz=01;31:*.ace=01;31:*.zoo=01;31:*.cpio=01;31:*.7z=01;31:*.rz=01;31:*.cab=01;31:*.wim=01;31:*.swm=01;31:*.dwm=01;31:*.esd=01;31:*.jpg=01;35:*.jpeg=01;35:*.mjpg=01;35:*.mjpeg=01;35:*.gif=01;35:*.bmp=01;35:*.pbm=01;35:*.pgm=01;35:*.ppm=01;35:*.tga=01;35:*.xbm=01;35:*.xpm=01;35:*.tif=01;35:*.tiff=01;35:*.png=01;35:*.svg=01;35:*.svgz=01;35:*.mng=01;35:*.pcx=01;35:*.mov=01;35:*.mpg=01;35:*.mpeg=01;35:*.m2v=01;35:*.mkv=01;35:*.webm=01;35:*.webp=01;35:*.ogm=01;35:*.mp4=01;35:*.m4v=01;35:*.mp4v=01;35:*.vob=01;35:*.qt=01;35:*.nuv=01;35:*.wmv=01;35:*.asf=01;35:*.rm=01;35:*.rmvb=01;35:*.flc=01;35:*.avi=01;35:*.fli=01;35:*.flv=01;35:*.gl=01;35:*.dl=01;35:*.xcf=01;35:*.xwd=01;35:*.yuv=01;35:*.cgm=01;35:*.emf=01;35:*.ogv=01;35:*.ogx=01;35:*.aac=00;36:*.au=00;36:*.flac=00;36:*.m4a=00;36:*.mid=00;36:*.midi=00;36:*.mka=00;36:*.mp3=00;36:*.mpc=00;36:*.ogg=00;36:*.ra=00;36:*.wav=00;36:*.oga=00;36:*.opus=00;36:*.spx=00;36:*.xspf=00;36:'), ('AMENT_PREFIX_PATH', '/home/rospi/aug_2024/install/aug_2024:/home/rospi/aug_2024/install/BMC_2024:/home/rospi/aug_2024/install/sllidar_ros2:/home/rospi/aug_2024/install/my_robot_nav2:/opt/ros/humble'), ('SHELL', '/bin/bash'), ('LESSCLOSE', '/usr/bin/lesspipe %s %s'), ('PWD', '/home/rospi/aug_2024/build/my_robot_nav2'), ('LC_ALL', 'en_US.UTF-8'), ('SSH_CONNECTION', '10.150.42.143 57984 10.6.102.87 22'), ('XDG_DATA_DIRS', '/usr/local/share:/usr/share:/var/lib/snapd/desktop'), ('PYTHONPATH', '/opt/ros/humble/lib/python3.10/site-packages:/opt/ros/humble/local/lib/python3.10/dist-packages'), ('COLCON', '1'), ('CMAKE_PREFIX_PATH', '/home/rospi/aug_2024/install/aug_2024:/home/rospi/aug_2024/install/BMC_2024:/home/rospi/aug_2024/install/sllidar_ros2:/home/rospi/aug_2024/install/pigpio:/home/rospi/aug_2024/install/my_robot_nav2:/opt/ros/humble')]), 'shell': False}
[0.122233] (pigpio) JobProgress: {'identifier': 'pigpio', 'progress': 'cmake'}
[0.125508] (pigpio) Command: {'cmd': ['/usr/bin/cmake', '/home/rospi/aug_2024/pigpio-master', '-DCMAKE_INSTALL_PREFIX=/home/rospi/aug_2024/install/pigpio'], 'cwd': '/home/rospi/aug_2024/build/pigpio', 'env': OrderedDict([('LESSOPEN', '| /usr/bin/lesspipe %s'), ('USER', 'rospi'), ('SSH_CLIENT', '10.150.42.143 57984 22'), ('XDG_SESSION_TYPE', 'tty'), ('SHLVL', '1'), ('LD_LIBRARY_PATH', '/home/rospi/aug_2024/install/BMC_2024/lib:/home/rospi/aug_2024/install/pigpio/lib:/opt/ros/humble/opt/rviz_ogre_vendor/lib:/opt/ros/humble/lib/aarch64-linux-gnu:/opt/ros/humble/lib'), ('MOTD_SHOWN', 'pam'), ('HOME', '/home/rospi'), ('OLDPWD', '/home/rospi'), ('SSH_TTY', '/dev/pts/0'), ('ROS_PYTHON_VERSION', '3'), ('DBUS_SESSION_BUS_ADDRESS', 'unix:path=/run/user/1000/bus'), ('COLCON_PREFIX_PATH', '/home/rospi/aug_2024/install'), ('ROS_DISTRO', 'humble'), ('LOGNAME', 'rospi'), ('_', '/usr/bin/colcon'), ('ROS_VERSION', '2'), ('XDG_SESSION_CLASS', 'user'), ('TERM', 'xterm-256color'), ('XDG_SESSION_ID', '26'), ('ROS_LOCALHOST_ONLY', '0'), ('PATH', '/home/rospi/aug_2024/install/pigpio/bin:/opt/ros/humble/bin:/usr/local/sbin:/usr/local/bin:/usr/sbin:/usr/bin:/sbin:/bin:/usr/games:/usr/local/games:/snap/bin'), ('XDG_RUNTIME_DIR', '/run/user/1000'), ('LANG', 'en_US.UTF-8'), ('LS_COLORS', 'rs=0:di=01;34:ln=01;36:mh=00:pi=40;33:so=01;35:do=01;35:bd=40;33;01:cd=40;33;01:or=40;31;01:mi=00:su=37;41:sg=30;43:ca=30;41:tw=30;42:ow=34;42:st=37;44:ex=01;32:*.tar=01;31:*.tgz=01;31:*.arc=01;31:*.arj=01;31:*.taz=01;31:*.lha=01;31:*.lz4=01;31:*.lzh=01;31:*.lzma=01;31:*.tlz=01;31:*.txz=01;31:*.tzo=01;31:*.t7z=01;31:*.zip=01;31:*.z=01;31:*.dz=01;31:*.gz=01;31:*.lrz=01;31:*.lz=01;31:*.lzo=01;31:*.xz=01;31:*.zst=01;31:*.tzst=01;31:*.bz2=01;31:*.bz=01;31:*.tbz=01;31:*.tbz2=01;31:*.tz=01;31:*.deb=01;31:*.rpm=01;31:*.jar=01;31:*.war=01;31:*.ear=01;31:*.sar=01;31:*.rar=01;31:*.alz=01;31:*.ace=01;31:*.zoo=01;31:*.cpio=01;31:*.7z=01;31:*.rz=01;31:*.cab=01;31:*.wim=01;31:*.swm=01;31:*.dwm=01;31:*.esd=01;31:*.jpg=01;35:*.jpeg=01;35:*.mjpg=01;35:*.mjpeg=01;35:*.gif=01;35:*.bmp=01;35:*.pbm=01;35:*.pgm=01;35:*.ppm=01;35:*.tga=01;35:*.xbm=01;35:*.xpm=01;35:*.tif=01;35:*.tiff=01;35:*.png=01;35:*.svg=01;35:*.svgz=01;35:*.mng=01;35:*.pcx=01;35:*.mov=01;35:*.mpg=01;35:*.mpeg=01;35:*.m2v=01;35:*.mkv=01;35:*.webm=01;35:*.webp=01;35:*.ogm=01;35:*.mp4=01;35:*.m4v=01;35:*.mp4v=01;35:*.vob=01;35:*.qt=01;35:*.nuv=01;35:*.wmv=01;35:*.asf=01;35:*.rm=01;35:*.rmvb=01;35:*.flc=01;35:*.avi=01;35:*.fli=01;35:*.flv=01;35:*.gl=01;35:*.dl=01;35:*.xcf=01;35:*.xwd=01;35:*.yuv=01;35:*.cgm=01;35:*.emf=01;35:*.ogv=01;35:*.ogx=01;35:*.aac=00;36:*.au=00;36:*.flac=00;36:*.m4a=00;36:*.mid=00;36:*.midi=00;36:*.mka=00;36:*.mp3=00;36:*.mpc=00;36:*.ogg=00;36:*.ra=00;36:*.wav=00;36:*.oga=00;36:*.opus=00;36:*.spx=00;36:*.xspf=00;36:'), ('AMENT_PREFIX_PATH', '/home/rospi/aug_2024/install/aug_2024:/home/rospi/aug_2024/install/BMC_2024:/home/rospi/aug_2024/install/sllidar_ros2:/home/rospi/aug_2024/install/my_robot_nav2:/opt/ros/humble'), ('SHELL', '/bin/bash'), ('LESSCLOSE', '/usr/bin/lesspipe %s %s'), ('PWD', '/home/rospi/aug_2024/build/pigpio'), ('LC_ALL', 'en_US.UTF-8'), ('SSH_CONNECTION', '10.150.42.143 57984 10.6.102.87 22'), ('XDG_DATA_DIRS', '/usr/local/share:/usr/share:/var/lib/snapd/desktop'), ('PYTHONPATH', '/opt/ros/humble/lib/python3.10/site-packages:/opt/ros/humble/local/lib/python3.10/dist-packages'), ('COLCON', '1'), ('CMAKE_PREFIX_PATH', '/home/rospi/aug_2024/install/aug_2024:/home/rospi/aug_2024/install/BMC_2024:/home/rospi/aug_2024/install/sllidar_ros2:/home/rospi/aug_2024/install/pigpio:/home/rospi/aug_2024/install/my_robot_nav2')]), 'shell': False}
[0.199525] (-) TimerEvent: {}
[0.300441] (-) TimerEvent: {}
[0.404329] (-) TimerEvent: {}
[0.410098] (sllidar_ros2) StdoutLine: {'line': b'-- The C compiler identification is GNU 11.4.0\n'}
[0.428371] (my_robot_nav2) StdoutLine: {'line': b'-- The C compiler identification is GNU 11.4.0\n'}
[0.454478] (pigpio) StdoutLine: {'line': b'-- The C compiler identification is GNU 11.4.0\n'}
[0.491883] (pigpio) StdoutLine: {'line': b'-- Detecting C compiler ABI info\n'}
[0.504727] (-) TimerEvent: {}
[0.606471] (-) TimerEvent: {}
[0.708292] (-) TimerEvent: {}
[0.726752] (sllidar_ros2) StdoutLine: {'line': b'-- The CXX compiler identification is GNU 11.4.0\n'}
[0.736287] (my_robot_nav2) StdoutLine: {'line': b'-- The CXX compiler identification is GNU 11.4.0\n'}
[0.760474] (sllidar_ros2) StdoutLine: {'line': b'-- Detecting C compiler ABI info\n'}
[0.769558] (my_robot_nav2) StdoutLine: {'line': b'-- Detecting C compiler ABI info\n'}
[0.808510] (-) TimerEvent: {}
[0.878061] (pigpio) StdoutLine: {'line': b'-- Detecting C compiler ABI info - done\n'}
[0.908723] (-) TimerEvent: {}
[0.914443] (pigpio) StdoutLine: {'line': b'-- Check for working C compiler: /usr/bin/cc - skipped\n'}
[0.915635] (pigpio) StdoutLine: {'line': b'-- Detecting C compile features\n'}
[0.917705] (pigpio) StdoutLine: {'line': b'-- Detecting C compile features - done\n'}
[0.926248] (pigpio) StdoutLine: {'line': b'-- Looking for pthread.h\n'}
[1.012262] (-) TimerEvent: {}
[1.113931] (-) TimerEvent: {}
[1.216655] (-) TimerEvent: {}
[1.218233] (sllidar_ros2) StdoutLine: {'line': b'-- Detecting C compiler ABI info - done\n'}
[1.221520] (my_robot_nav2) StdoutLine: {'line': b'-- Detecting C compiler ABI info - done\n'}
[1.281809] (my_robot_nav2) StdoutLine: {'line': b'-- Check for working C compiler: /usr/bin/cc - skipped\n'}
[1.282834] (my_robot_nav2) StdoutLine: {'line': b'-- Detecting C compile features\n'}
[1.285365] (my_robot_nav2) StdoutLine: {'line': b'-- Detecting C compile features - done\n'}
[1.288166] (sllidar_ros2) StdoutLine: {'line': b'-- Check for working C compiler: /usr/bin/cc - skipped\n'}
[1.290532] (sllidar_ros2) StdoutLine: {'line': b'-- Detecting C compile features\n'}
[1.294993] (sllidar_ros2) StdoutLine: {'line': b'-- Detecting C compile features - done\n'}
[1.301836] (my_robot_nav2) StdoutLine: {'line': b'-- Detecting CXX compiler ABI info\n'}
[1.316637] (sllidar_ros2) StdoutLine: {'line': b'-- Detecting CXX compiler ABI info\n'}
[1.317601] (-) TimerEvent: {}
[1.380011] (pigpio) StdoutLine: {'line': b'-- Looking for pthread.h - found\n'}
[1.381989] (pigpio) StdoutLine: {'line': b'-- Performing Test CMAKE_HAVE_LIBC_PTHREAD\n'}
[1.417836] (-) TimerEvent: {}
[1.519496] (-) TimerEvent: {}
[1.621083] (-) TimerEvent: {}
[1.723031] (-) TimerEvent: {}
[1.740543] (my_robot_nav2) StdoutLine: {'line': b'-- Detecting CXX compiler ABI info - done\n'}
[1.755359] (sllidar_ros2) StdoutLine: {'line': b'-- Detecting CXX compiler ABI info - done\n'}
[1.776280] (my_robot_nav2) StdoutLine: {'line': b'-- Check for working CXX compiler: /usr/bin/c++ - skipped\n'}
[1.777715] (my_robot_nav2) StdoutLine: {'line': b'-- Detecting CXX compile features\n'}
[1.779815] (my_robot_nav2) StdoutLine: {'line': b'-- Detecting CXX compile features - done\n'}
[1.794483] (sllidar_ros2) StdoutLine: {'line': b'-- Check for working CXX compiler: /usr/bin/c++ - skipped\n'}
[1.795056] (sllidar_ros2) StdoutLine: {'line': b'-- Detecting CXX compile features\n'}
[1.795448] (sllidar_ros2) StdoutLine: {'line': b'-- Detecting CXX compile features - done\n'}
[1.795793] (pigpio) StdoutLine: {'line': b'-- Performing Test CMAKE_HAVE_LIBC_PTHREAD - Success\n'}
[1.800230] (pigpio) StdoutLine: {'line': b'-- Found Threads: TRUE  \n'}
[1.820595] (my_robot_nav2) StdoutLine: {'line': b'-- Found ament_cmake: 1.3.11 (/opt/ros/humble/share/ament_cmake/cmake)\n'}
[1.823123] (-) TimerEvent: {}
[1.830723] (sllidar_ros2) StdoutLine: {'line': b'-- Found ament_cmake: 1.3.11 (/opt/ros/humble/share/ament_cmake/cmake)\n'}
[1.894181] (pigpio) StderrLine: {'line': b'\x1b[33mCMake Warning (dev) at /usr/share/cmake-3.22/Modules/FindPackageHandleStandardArgs.cmake:438 (message):\n'}
[1.895618] (pigpio) StderrLine: {'line': b'  The package name passed to `find_package_handle_standard_args` (rt) does\n'}
[1.896401] (pigpio) StderrLine: {'line': b'  not match the name of the calling package (RT).  This can lead to problems\n'}
[1.897002] (pigpio) StderrLine: {'line': b'  in calling code that expects `find_package` result variables (e.g.,\n'}
[1.897459] (pigpio) StderrLine: {'line': b'  `_FOUND`) to follow a certain pattern.\n'}
[1.897936] (pigpio) StderrLine: {'line': b'Call Stack (most recent call first):\n'}
[1.898468] (pigpio) StderrLine: {'line': b'  cmake/FindRT.cmake:28 (FIND_PACKAGE_HANDLE_STANDARD_ARGS)\n'}
[1.898888] (pigpio) StderrLine: {'line': b'  CMakeLists.txt:8 (find_package)\n'}
[1.899247] (pigpio) StderrLine: {'line': b'This warning is for project developers.  Use -Wno-dev to suppress it.\n'}
[1.899597] (pigpio) StderrLine: {'line': b'\x1b[0m\n'}
[1.899946] (pigpio) StdoutLine: {'line': b'-- Found rt: /usr/lib/aarch64-linux-gnu/librt.a  \n'}
[1.908274] (pigpio) StdoutLine: {'line': b'-- Performing Test COMPILER_HAS_HIDDEN_VISIBILITY\n'}
[1.923381] (-) TimerEvent: {}
[2.024566] (-) TimerEvent: {}
[2.125507] (-) TimerEvent: {}
[2.226460] (-) TimerEvent: {}
[2.292439] (pigpio) StdoutLine: {'line': b'-- Performing Test COMPILER_HAS_HIDDEN_VISIBILITY - Success\n'}
[2.297366] (pigpio) StdoutLine: {'line': b'-- Performing Test COMPILER_HAS_HIDDEN_INLINE_VISIBILITY\n'}
[2.326687] (-) TimerEvent: {}
[2.428188] (-) TimerEvent: {}
[2.529100] (-) TimerEvent: {}
[2.630580] (-) TimerEvent: {}
[2.702799] (pigpio) StdoutLine: {'line': b'-- Performing Test COMPILER_HAS_HIDDEN_INLINE_VISIBILITY - Failed\n'}
[2.705159] (pigpio) StdoutLine: {'line': b'-- Performing Test COMPILER_HAS_DEPRECATED_ATTR\n'}
[2.730809] (-) TimerEvent: {}
[2.832710] (-) TimerEvent: {}
[2.856740] (sllidar_ros2) StdoutLine: {'line': b'-- Found Python3: /usr/bin/python3 (found version "3.10.12") found components: Interpreter \n'}
[2.857881] (my_robot_nav2) StdoutLine: {'line': b'-- Found Python3: /usr/bin/python3 (found version "3.10.12") found components: Interpreter \n'}
[2.932841] (-) TimerEvent: {}
[3.034554] (-) TimerEvent: {}
[3.107369] (pigpio) StdoutLine: {'line': b'-- Performing Test COMPILER_HAS_DEPRECATED_ATTR - Success\n'}
[3.134725] (-) TimerEvent: {}
[3.236396] (-) TimerEvent: {}
[3.338609] (-) TimerEvent: {}
[3.440700] (-) TimerEvent: {}
[3.542135] (-) TimerEvent: {}
[3.644225] (-) TimerEvent: {}
[3.722172] (my_robot_nav2) StdoutLine: {'line': b'-- Found ament_lint_auto: 0.12.12 (/opt/ros/humble/share/ament_lint_auto/cmake)\n'}
[3.744430] (-) TimerEvent: {}
[3.759525] (sllidar_ros2) StdoutLine: {'line': b'-- Found rclcpp: 16.0.12 (/opt/ros/humble/share/rclcpp/cmake)\n'}
[3.848130] (-) TimerEvent: {}
[3.952236] (-) TimerEvent: {}
[4.054422] (-) TimerEvent: {}
[4.155227] (-) TimerEvent: {}
[4.256882] (-) TimerEvent: {}
[4.309026] (pigpio) StdoutLine: {'line': b'-- Configuring done\n'}
[4.352862] (sllidar_ros2) StdoutLine: {'line': b'-- Found rosidl_generator_c: 3.1.6 (/opt/ros/humble/share/rosidl_generator_c/cmake)\n'}
[4.357046] (-) TimerEvent: {}
[4.374867] (pigpio) StdoutLine: {'line': b'-- Generating done\n'}
[4.393569] (pigpio) StdoutLine: {'line': b'-- Build files have been written to: /home/rospi/aug_2024/build/pigpio\n'}
[4.419022] (pigpio) CommandEnded: {'returncode': 0}
[4.420389] (pigpio) JobProgress: {'identifier': 'pigpio', 'progress': 'build'}
[4.420542] (pigpio) Command: {'cmd': ['/usr/bin/cmake', '--build', '/home/rospi/aug_2024/build/pigpio', '--', '-j4', '-l4'], 'cwd': '/home/rospi/aug_2024/build/pigpio', 'env': OrderedDict([('LESSOPEN', '| /usr/bin/lesspipe %s'), ('USER', 'rospi'), ('SSH_CLIENT', '10.150.42.143 57984 22'), ('XDG_SESSION_TYPE', 'tty'), ('SHLVL', '1'), ('LD_LIBRARY_PATH', '/home/rospi/aug_2024/install/BMC_2024/lib:/home/rospi/aug_2024/install/pigpio/lib:/opt/ros/humble/opt/rviz_ogre_vendor/lib:/opt/ros/humble/lib/aarch64-linux-gnu:/opt/ros/humble/lib'), ('MOTD_SHOWN', 'pam'), ('HOME', '/home/rospi'), ('OLDPWD', '/home/rospi'), ('SSH_TTY', '/dev/pts/0'), ('ROS_PYTHON_VERSION', '3'), ('DBUS_SESSION_BUS_ADDRESS', 'unix:path=/run/user/1000/bus'), ('COLCON_PREFIX_PATH', '/home/rospi/aug_2024/install'), ('ROS_DISTRO', 'humble'), ('LOGNAME', 'rospi'), ('_', '/usr/bin/colcon'), ('ROS_VERSION', '2'), ('XDG_SESSION_CLASS', 'user'), ('TERM', 'xterm-256color'), ('XDG_SESSION_ID', '26'), ('ROS_LOCALHOST_ONLY', '0'), ('PATH', '/home/rospi/aug_2024/install/pigpio/bin:/opt/ros/humble/bin:/usr/local/sbin:/usr/local/bin:/usr/sbin:/usr/bin:/sbin:/bin:/usr/games:/usr/local/games:/snap/bin'), ('XDG_RUNTIME_DIR', '/run/user/1000'), ('LANG', 'en_US.UTF-8'), ('LS_COLORS', 'rs=0:di=01;34:ln=01;36:mh=00:pi=40;33:so=01;35:do=01;35:bd=40;33;01:cd=40;33;01:or=40;31;01:mi=00:su=37;41:sg=30;43:ca=30;41:tw=30;42:ow=34;42:st=37;44:ex=01;32:*.tar=01;31:*.tgz=01;31:*.arc=01;31:*.arj=01;31:*.taz=01;31:*.lha=01;31:*.lz4=01;31:*.lzh=01;31:*.lzma=01;31:*.tlz=01;31:*.txz=01;31:*.tzo=01;31:*.t7z=01;31:*.zip=01;31:*.z=01;31:*.dz=01;31:*.gz=01;31:*.lrz=01;31:*.lz=01;31:*.lzo=01;31:*.xz=01;31:*.zst=01;31:*.tzst=01;31:*.bz2=01;31:*.bz=01;31:*.tbz=01;31:*.tbz2=01;31:*.tz=01;31:*.deb=01;31:*.rpm=01;31:*.jar=01;31:*.war=01;31:*.ear=01;31:*.sar=01;31:*.rar=01;31:*.alz=01;31:*.ace=01;31:*.zoo=01;31:*.cpio=01;31:*.7z=01;31:*.rz=01;31:*.cab=01;31:*.wim=01;31:*.swm=01;31:*.dwm=01;31:*.esd=01;31:*.jpg=01;35:*.jpeg=01;35:*.mjpg=01;35:*.mjpeg=01;35:*.gif=01;35:*.bmp=01;35:*.pbm=01;35:*.pgm=01;35:*.ppm=01;35:*.tga=01;35:*.xbm=01;35:*.xpm=01;35:*.tif=01;35:*.tiff=01;35:*.png=01;35:*.svg=01;35:*.svgz=01;35:*.mng=01;35:*.pcx=01;35:*.mov=01;35:*.mpg=01;35:*.mpeg=01;35:*.m2v=01;35:*.mkv=01;35:*.webm=01;35:*.webp=01;35:*.ogm=01;35:*.mp4=01;35:*.m4v=01;35:*.mp4v=01;35:*.vob=01;35:*.qt=01;35:*.nuv=01;35:*.wmv=01;35:*.asf=01;35:*.rm=01;35:*.rmvb=01;35:*.flc=01;35:*.avi=01;35:*.fli=01;35:*.flv=01;35:*.gl=01;35:*.dl=01;35:*.xcf=01;35:*.xwd=01;35:*.yuv=01;35:*.cgm=01;35:*.emf=01;35:*.ogv=01;35:*.ogx=01;35:*.aac=00;36:*.au=00;36:*.flac=00;36:*.m4a=00;36:*.mid=00;36:*.midi=00;36:*.mka=00;36:*.mp3=00;36:*.mpc=00;36:*.ogg=00;36:*.ra=00;36:*.wav=00;36:*.oga=00;36:*.opus=00;36:*.spx=00;36:*.xspf=00;36:'), ('AMENT_PREFIX_PATH', '/home/rospi/aug_2024/install/aug_2024:/home/rospi/aug_2024/install/BMC_2024:/home/rospi/aug_2024/install/sllidar_ros2:/home/rospi/aug_2024/install/my_robot_nav2:/opt/ros/humble'), ('SHELL', '/bin/bash'), ('LESSCLOSE', '/usr/bin/lesspipe %s %s'), ('PWD', '/home/rospi/aug_2024/build/pigpio'), ('LC_ALL', 'en_US.UTF-8'), ('SSH_CONNECTION', '10.150.42.143 57984 10.6.102.87 22'), ('XDG_DATA_DIRS', '/usr/local/share:/usr/share:/var/lib/snapd/desktop'), ('PYTHONPATH', '/opt/ros/humble/lib/python3.10/site-packages:/opt/ros/humble/local/lib/python3.10/dist-packages'), ('COLCON', '1'), ('CMAKE_PREFIX_PATH', '/home/rospi/aug_2024/install/aug_2024:/home/rospi/aug_2024/install/BMC_2024:/home/rospi/aug_2024/install/sllidar_ros2:/home/rospi/aug_2024/install/pigpio:/home/rospi/aug_2024/install/my_robot_nav2')]), 'shell': False}
[4.425930] (sllidar_ros2) StdoutLine: {'line': b'-- Found rosidl_adapter: 3.1.6 (/opt/ros/humble/share/rosidl_adapter/cmake)\n'}
[4.445019] (my_robot_nav2) StdoutLine: {'line': b"-- Added test 'flake8' to check Python code syntax and style conventions\n"}
[4.457239] (-) TimerEvent: {}
[4.460135] (my_robot_nav2) StdoutLine: {'line': b"-- Added test 'lint_cmake' to check CMake code style\n"}
[4.469201] (my_robot_nav2) StdoutLine: {'line': b"-- Added test 'pep257' to check Python code against some of the docstring style conventions in PEP 257\n"}
[4.516629] (sllidar_ros2) StdoutLine: {'line': b'-- Found rosidl_generator_cpp: 3.1.6 (/opt/ros/humble/share/rosidl_generator_cpp/cmake)\n'}
[4.528895] (my_robot_nav2) StdoutLine: {'line': b"-- Added test 'xmllint' to check XML markup files\n"}
[4.539882] (my_robot_nav2) StdoutLine: {'line': b'-- Configuring done\n'}
[4.557447] (-) TimerEvent: {}
[4.574060] (my_robot_nav2) StdoutLine: {'line': b'-- Generating done\n'}
[4.587062] (my_robot_nav2) StdoutLine: {'line': b'-- Build files have been written to: /home/rospi/aug_2024/build/my_robot_nav2\n'}
[4.618576] (my_robot_nav2) CommandEnded: {'returncode': 0}
[4.620703] (my_robot_nav2) JobProgress: {'identifier': 'my_robot_nav2', 'progress': 'build'}
[4.620986] (my_robot_nav2) Command: {'cmd': ['/usr/bin/cmake', '--build', '/home/rospi/aug_2024/build/my_robot_nav2', '--', '-j4', '-l4'], 'cwd': '/home/rospi/aug_2024/build/my_robot_nav2', 'env': OrderedDict([('LESSOPEN', '| /usr/bin/lesspipe %s'), ('USER', 'rospi'), ('SSH_CLIENT', '10.150.42.143 57984 22'), ('XDG_SESSION_TYPE', 'tty'), ('SHLVL', '1'), ('LD_LIBRARY_PATH', '/home/rospi/aug_2024/install/BMC_2024/lib:/home/rospi/aug_2024/install/pigpio/lib:/opt/ros/humble/opt/rviz_ogre_vendor/lib:/opt/ros/humble/lib/aarch64-linux-gnu:/opt/ros/humble/lib'), ('MOTD_SHOWN', 'pam'), ('HOME', '/home/rospi'), ('OLDPWD', '/home/rospi'), ('SSH_TTY', '/dev/pts/0'), ('ROS_PYTHON_VERSION', '3'), ('DBUS_SESSION_BUS_ADDRESS', 'unix:path=/run/user/1000/bus'), ('COLCON_PREFIX_PATH', '/home/rospi/aug_2024/install'), ('ROS_DISTRO', 'humble'), ('LOGNAME', 'rospi'), ('_', '/usr/bin/colcon'), ('ROS_VERSION', '2'), ('XDG_SESSION_CLASS', 'user'), ('TERM', 'xterm-256color'), ('XDG_SESSION_ID', '26'), ('ROS_LOCALHOST_ONLY', '0'), ('PATH', '/home/rospi/aug_2024/install/pigpio/bin:/opt/ros/humble/bin:/usr/local/sbin:/usr/local/bin:/usr/sbin:/usr/bin:/sbin:/bin:/usr/games:/usr/local/games:/snap/bin'), ('XDG_RUNTIME_DIR', '/run/user/1000'), ('LANG', 'en_US.UTF-8'), ('LS_COLORS', 'rs=0:di=01;34:ln=01;36:mh=00:pi=40;33:so=01;35:do=01;35:bd=40;33;01:cd=40;33;01:or=40;31;01:mi=00:su=37;41:sg=30;43:ca=30;41:tw=30;42:ow=34;42:st=37;44:ex=01;32:*.tar=01;31:*.tgz=01;31:*.arc=01;31:*.arj=01;31:*.taz=01;31:*.lha=01;31:*.lz4=01;31:*.lzh=01;31:*.lzma=01;31:*.tlz=01;31:*.txz=01;31:*.tzo=01;31:*.t7z=01;31:*.zip=01;31:*.z=01;31:*.dz=01;31:*.gz=01;31:*.lrz=01;31:*.lz=01;31:*.lzo=01;31:*.xz=01;31:*.zst=01;31:*.tzst=01;31:*.bz2=01;31:*.bz=01;31:*.tbz=01;31:*.tbz2=01;31:*.tz=01;31:*.deb=01;31:*.rpm=01;31:*.jar=01;31:*.war=01;31:*.ear=01;31:*.sar=01;31:*.rar=01;31:*.alz=01;31:*.ace=01;31:*.zoo=01;31:*.cpio=01;31:*.7z=01;31:*.rz=01;31:*.cab=01;31:*.wim=01;31:*.swm=01;31:*.dwm=01;31:*.esd=01;31:*.jpg=01;35:*.jpeg=01;35:*.mjpg=01;35:*.mjpeg=01;35:*.gif=01;35:*.bmp=01;35:*.pbm=01;35:*.pgm=01;35:*.ppm=01;35:*.tga=01;35:*.xbm=01;35:*.xpm=01;35:*.tif=01;35:*.tiff=01;35:*.png=01;35:*.svg=01;35:*.svgz=01;35:*.mng=01;35:*.pcx=01;35:*.mov=01;35:*.mpg=01;35:*.mpeg=01;35:*.m2v=01;35:*.mkv=01;35:*.webm=01;35:*.webp=01;35:*.ogm=01;35:*.mp4=01;35:*.m4v=01;35:*.mp4v=01;35:*.vob=01;35:*.qt=01;35:*.nuv=01;35:*.wmv=01;35:*.asf=01;35:*.rm=01;35:*.rmvb=01;35:*.flc=01;35:*.avi=01;35:*.fli=01;35:*.flv=01;35:*.gl=01;35:*.dl=01;35:*.xcf=01;35:*.xwd=01;35:*.yuv=01;35:*.cgm=01;35:*.emf=01;35:*.ogv=01;35:*.ogx=01;35:*.aac=00;36:*.au=00;36:*.flac=00;36:*.m4a=00;36:*.mid=00;36:*.midi=00;36:*.mka=00;36:*.mp3=00;36:*.mpc=00;36:*.ogg=00;36:*.ra=00;36:*.wav=00;36:*.oga=00;36:*.opus=00;36:*.spx=00;36:*.xspf=00;36:'), ('AMENT_PREFIX_PATH', '/home/rospi/aug_2024/install/aug_2024:/home/rospi/aug_2024/install/BMC_2024:/home/rospi/aug_2024/install/sllidar_ros2:/home/rospi/aug_2024/install/my_robot_nav2:/opt/ros/humble'), ('SHELL', '/bin/bash'), ('LESSCLOSE', '/usr/bin/lesspipe %s %s'), ('PWD', '/home/rospi/aug_2024/build/my_robot_nav2'), ('LC_ALL', 'en_US.UTF-8'), ('SSH_CONNECTION', '10.150.42.143 57984 10.6.102.87 22'), ('XDG_DATA_DIRS', '/usr/local/share:/usr/share:/var/lib/snapd/desktop'), ('PYTHONPATH', '/opt/ros/humble/lib/python3.10/site-packages:/opt/ros/humble/local/lib/python3.10/dist-packages'), ('COLCON', '1'), ('CMAKE_PREFIX_PATH', '/home/rospi/aug_2024/install/aug_2024:/home/rospi/aug_2024/install/BMC_2024:/home/rospi/aug_2024/install/sllidar_ros2:/home/rospi/aug_2024/install/pigpio:/home/rospi/aug_2024/install/my_robot_nav2:/opt/ros/humble')]), 'shell': False}
[4.657677] (-) TimerEvent: {}
[4.674003] (sllidar_ros2) StdoutLine: {'line': b'-- Using all available rosidl_typesupport_c: rosidl_typesupport_fastrtps_c;rosidl_typesupport_introspection_c\n'}
[4.680708] (pigpio) StdoutLine: {'line': b'[  4%] \x1b[32mBuilding C object CMakeFiles/pigpio.dir/pigpio.c.o\x1b[0m\n'}
[4.699199] (pigpio) StdoutLine: {'line': b'[  8%] \x1b[32mBuilding C object CMakeFiles/pigs.dir/pigs.c.o\x1b[0m\n'}
[4.702347] (pigpio) StdoutLine: {'line': b'[ 13%] \x1b[32mBuilding C object CMakeFiles/pigpiod_if.dir/pigpiod_if.c.o\x1b[0m\n'}
[4.719484] (pigpio) StdoutLine: {'line': b'[ 17%] \x1b[32mBuilding C object CMakeFiles/pigpiod_if2.dir/pigpiod_if2.c.o\x1b[0m\n'}
[4.757930] (-) TimerEvent: {}
[4.851676] (sllidar_ros2) StdoutLine: {'line': b'-- Using all available rosidl_typesupport_cpp: rosidl_typesupport_fastrtps_cpp;rosidl_typesupport_introspection_cpp\n'}
[4.858178] (-) TimerEvent: {}
[4.959551] (-) TimerEvent: {}
[4.998520] (my_robot_nav2) CommandEnded: {'returncode': 0}
[5.000034] (my_robot_nav2) JobProgress: {'identifier': 'my_robot_nav2', 'progress': 'install'}
[5.059805] (-) TimerEvent: {}
[5.094847] (my_robot_nav2) Command: {'cmd': ['/usr/bin/cmake', '--install', '/home/rospi/aug_2024/build/my_robot_nav2'], 'cwd': '/home/rospi/aug_2024/build/my_robot_nav2', 'env': OrderedDict([('LESSOPEN', '| /usr/bin/lesspipe %s'), ('USER', 'rospi'), ('SSH_CLIENT', '10.150.42.143 57984 22'), ('XDG_SESSION_TYPE', 'tty'), ('SHLVL', '1'), ('LD_LIBRARY_PATH', '/home/rospi/aug_2024/install/BMC_2024/lib:/home/rospi/aug_2024/install/pigpio/lib:/opt/ros/humble/opt/rviz_ogre_vendor/lib:/opt/ros/humble/lib/aarch64-linux-gnu:/opt/ros/humble/lib'), ('MOTD_SHOWN', 'pam'), ('HOME', '/home/rospi'), ('OLDPWD', '/home/rospi'), ('SSH_TTY', '/dev/pts/0'), ('ROS_PYTHON_VERSION', '3'), ('DBUS_SESSION_BUS_ADDRESS', 'unix:path=/run/user/1000/bus'), ('COLCON_PREFIX_PATH', '/home/rospi/aug_2024/install'), ('ROS_DISTRO', 'humble'), ('LOGNAME', 'rospi'), ('_', '/usr/bin/colcon'), ('ROS_VERSION', '2'), ('XDG_SESSION_CLASS', 'user'), ('TERM', 'xterm-256color'), ('XDG_SESSION_ID', '26'), ('ROS_LOCALHOST_ONLY', '0'), ('PATH', '/home/rospi/aug_2024/install/pigpio/bin:/opt/ros/humble/bin:/usr/local/sbin:/usr/local/bin:/usr/sbin:/usr/bin:/sbin:/bin:/usr/games:/usr/local/games:/snap/bin'), ('XDG_RUNTIME_DIR', '/run/user/1000'), ('LANG', 'en_US.UTF-8'), ('LS_COLORS', 'rs=0:di=01;34:ln=01;36:mh=00:pi=40;33:so=01;35:do=01;35:bd=40;33;01:cd=40;33;01:or=40;31;01:mi=00:su=37;41:sg=30;43:ca=30;41:tw=30;42:ow=34;42:st=37;44:ex=01;32:*.tar=01;31:*.tgz=01;31:*.arc=01;31:*.arj=01;31:*.taz=01;31:*.lha=01;31:*.lz4=01;31:*.lzh=01;31:*.lzma=01;31:*.tlz=01;31:*.txz=01;31:*.tzo=01;31:*.t7z=01;31:*.zip=01;31:*.z=01;31:*.dz=01;31:*.gz=01;31:*.lrz=01;31:*.lz=01;31:*.lzo=01;31:*.xz=01;31:*.zst=01;31:*.tzst=01;31:*.bz2=01;31:*.bz=01;31:*.tbz=01;31:*.tbz2=01;31:*.tz=01;31:*.deb=01;31:*.rpm=01;31:*.jar=01;31:*.war=01;31:*.ear=01;31:*.sar=01;31:*.rar=01;31:*.alz=01;31:*.ace=01;31:*.zoo=01;31:*.cpio=01;31:*.7z=01;31:*.rz=01;31:*.cab=01;31:*.wim=01;31:*.swm=01;31:*.dwm=01;31:*.esd=01;31:*.jpg=01;35:*.jpeg=01;35:*.mjpg=01;35:*.mjpeg=01;35:*.gif=01;35:*.bmp=01;35:*.pbm=01;35:*.pgm=01;35:*.ppm=01;35:*.tga=01;35:*.xbm=01;35:*.xpm=01;35:*.tif=01;35:*.tiff=01;35:*.png=01;35:*.svg=01;35:*.svgz=01;35:*.mng=01;35:*.pcx=01;35:*.mov=01;35:*.mpg=01;35:*.mpeg=01;35:*.m2v=01;35:*.mkv=01;35:*.webm=01;35:*.webp=01;35:*.ogm=01;35:*.mp4=01;35:*.m4v=01;35:*.mp4v=01;35:*.vob=01;35:*.qt=01;35:*.nuv=01;35:*.wmv=01;35:*.asf=01;35:*.rm=01;35:*.rmvb=01;35:*.flc=01;35:*.avi=01;35:*.fli=01;35:*.flv=01;35:*.gl=01;35:*.dl=01;35:*.xcf=01;35:*.xwd=01;35:*.yuv=01;35:*.cgm=01;35:*.emf=01;35:*.ogv=01;35:*.ogx=01;35:*.aac=00;36:*.au=00;36:*.flac=00;36:*.m4a=00;36:*.mid=00;36:*.midi=00;36:*.mka=00;36:*.mp3=00;36:*.mpc=00;36:*.ogg=00;36:*.ra=00;36:*.wav=00;36:*.oga=00;36:*.opus=00;36:*.spx=00;36:*.xspf=00;36:'), ('AMENT_PREFIX_PATH', '/home/rospi/aug_2024/install/aug_2024:/home/rospi/aug_2024/install/BMC_2024:/home/rospi/aug_2024/install/sllidar_ros2:/home/rospi/aug_2024/install/my_robot_nav2:/opt/ros/humble'), ('SHELL', '/bin/bash'), ('LESSCLOSE', '/usr/bin/lesspipe %s %s'), ('PWD', '/home/rospi/aug_2024/build/my_robot_nav2'), ('LC_ALL', 'en_US.UTF-8'), ('SSH_CONNECTION', '10.150.42.143 57984 10.6.102.87 22'), ('XDG_DATA_DIRS', '/usr/local/share:/usr/share:/var/lib/snapd/desktop'), ('PYTHONPATH', '/opt/ros/humble/lib/python3.10/site-packages:/opt/ros/humble/local/lib/python3.10/dist-packages'), ('COLCON', '1'), ('CMAKE_PREFIX_PATH', '/home/rospi/aug_2024/install/aug_2024:/home/rospi/aug_2024/install/BMC_2024:/home/rospi/aug_2024/install/sllidar_ros2:/home/rospi/aug_2024/install/pigpio:/home/rospi/aug_2024/install/my_robot_nav2:/opt/ros/humble')]), 'shell': False}
[5.142697] (my_robot_nav2) StdoutLine: {'line': b'-- Install configuration: ""\n'}
[5.144613] (my_robot_nav2) StdoutLine: {'line': b'-- Installing: /home/rospi/aug_2024/install/my_robot_nav2/share/my_robot_nav2//config\n'}
[5.146973] (my_robot_nav2) StdoutLine: {'line': b'-- Installing: /home/rospi/aug_2024/install/my_robot_nav2/share/my_robot_nav2//config/slam_toolbox_params.yaml\n'}
[5.149710] (my_robot_nav2) StdoutLine: {'line': b'-- Installing: /home/rospi/aug_2024/install/my_robot_nav2/share/my_robot_nav2//config/nav2_params.yaml\n'}
[5.152862] (my_robot_nav2) StdoutLine: {'line': b'-- Installing: /home/rospi/aug_2024/install/my_robot_nav2/share/my_robot_nav2//include\n'}
[5.154764] (my_robot_nav2) StdoutLine: {'line': b'-- Installing: /home/rospi/aug_2024/install/my_robot_nav2/share/my_robot_nav2//launch\n'}
[5.156813] (my_robot_nav2) StdoutLine: {'line': b'-- Installing: /home/rospi/aug_2024/install/my_robot_nav2/share/my_robot_nav2//launch/slam_toolbox.launch.py\n'}
[5.159330] (my_robot_nav2) StdoutLine: {'line': b'-- Installing: /home/rospi/aug_2024/install/my_robot_nav2/share/my_robot_nav2//maps\n'}
[5.159987] (-) TimerEvent: {}
[5.173532] (my_robot_nav2) StdoutLine: {'line': b'-- Installing: /home/rospi/aug_2024/install/my_robot_nav2/share/my_robot_nav2//maps/simple_map.yaml\n'}
[5.176381] (my_robot_nav2) StdoutLine: {'line': b'-- Installing: /home/rospi/aug_2024/install/my_robot_nav2/share/my_robot_nav2//maps/simple_map.pgm\n'}
[5.180133] (my_robot_nav2) StdoutLine: {'line': b'-- Installing: /home/rospi/aug_2024/install/my_robot_nav2/share/ament_index/resource_index/package_run_dependencies/my_robot_nav2\n'}
[5.183634] (my_robot_nav2) StdoutLine: {'line': b'-- Installing: /home/rospi/aug_2024/install/my_robot_nav2/share/ament_index/resource_index/parent_prefix_path/my_robot_nav2\n'}
[5.187447] (my_robot_nav2) StdoutLine: {'line': b'-- Installing: /home/rospi/aug_2024/install/my_robot_nav2/share/my_robot_nav2/environment/ament_prefix_path.sh\n'}
[5.190252] (my_robot_nav2) StdoutLine: {'line': b'-- Installing: /home/rospi/aug_2024/install/my_robot_nav2/share/my_robot_nav2/environment/ament_prefix_path.dsv\n'}
[5.206133] (my_robot_nav2) StdoutLine: {'line': b'-- Installing: /home/rospi/aug_2024/install/my_robot_nav2/share/my_robot_nav2/environment/path.sh\n'}
[5.209166] (my_robot_nav2) StdoutLine: {'line': b'-- Installing: /home/rospi/aug_2024/install/my_robot_nav2/share/my_robot_nav2/environment/path.dsv\n'}
[5.211988] (my_robot_nav2) StdoutLine: {'line': b'-- Installing: /home/rospi/aug_2024/install/my_robot_nav2/share/my_robot_nav2/local_setup.bash\n'}
[5.214782] (my_robot_nav2) StdoutLine: {'line': b'-- Installing: /home/rospi/aug_2024/install/my_robot_nav2/share/my_robot_nav2/local_setup.sh\n'}
[5.217754] (my_robot_nav2) StdoutLine: {'line': b'-- Installing: /home/rospi/aug_2024/install/my_robot_nav2/share/my_robot_nav2/local_setup.zsh\n'}
[5.220754] (my_robot_nav2) StdoutLine: {'line': b'-- Installing: /home/rospi/aug_2024/install/my_robot_nav2/share/my_robot_nav2/local_setup.dsv\n'}
[5.223637] (my_robot_nav2) StdoutLine: {'line': b'-- Installing: /home/rospi/aug_2024/install/my_robot_nav2/share/my_robot_nav2/package.dsv\n'}
[5.226957] (my_robot_nav2) StdoutLine: {'line': b'-- Installing: /home/rospi/aug_2024/install/my_robot_nav2/share/ament_index/resource_index/packages/my_robot_nav2\n'}
[5.239400] (my_robot_nav2) StdoutLine: {'line': b'-- Installing: /home/rospi/aug_2024/install/my_robot_nav2/share/my_robot_nav2/cmake/my_robot_nav2Config.cmake\n'}
[5.242657] (my_robot_nav2) StdoutLine: {'line': b'-- Installing: /home/rospi/aug_2024/install/my_robot_nav2/share/my_robot_nav2/cmake/my_robot_nav2Config-version.cmake\n'}
[5.247725] (my_robot_nav2) StdoutLine: {'line': b'-- Installing: /home/rospi/aug_2024/install/my_robot_nav2/share/my_robot_nav2/package.xml\n'}
[5.260475] (-) TimerEvent: {}
[5.275743] (my_robot_nav2) CommandEnded: {'returncode': 0}
[5.363358] (-) TimerEvent: {}
[5.377790] (pigpio) StdoutLine: {'line': b'[ 21%] \x1b[32mBuilding C object CMakeFiles/pigs.dir/command.c.o\x1b[0m\n'}
[5.466406] (-) TimerEvent: {}
[5.469682] (my_robot_nav2) JobEnded: {'identifier': 'my_robot_nav2', 'rc': 0}
[5.570484] (-) TimerEvent: {}
[5.584993] (sllidar_ros2) StdoutLine: {'line': b'-- Found rmw_implementation_cmake: 6.1.2 (/opt/ros/humble/share/rmw_implementation_cmake/cmake)\n'}
[5.629695] (sllidar_ros2) StdoutLine: {'line': b'-- Found rmw_fastrtps_cpp: 6.2.7 (/opt/ros/humble/share/rmw_fastrtps_cpp/cmake)\n'}
[5.670743] (-) TimerEvent: {}
[5.771833] (-) TimerEvent: {}
[5.872967] (-) TimerEvent: {}
[5.875366] (pigpio) StdoutLine: {'line': b'[ 26%] \x1b[32mBuilding C object CMakeFiles/pigpiod_if.dir/command.c.o\x1b[0m\n'}
[5.920784] (pigpio) StdoutLine: {'line': b'[ 30%] \x1b[32m\x1b[1mLinking C executable pigs\x1b[0m\n'}
[5.973196] (-) TimerEvent: {}
[5.987583] (pigpio) StdoutLine: {'line': b'[ 34%] \x1b[32mBuilding C object CMakeFiles/pigpiod_if2.dir/command.c.o\x1b[0m\n'}
[6.073478] (-) TimerEvent: {}
[6.175410] (-) TimerEvent: {}
[6.229916] (pigpio) StdoutLine: {'line': b'[ 34%] Built target pigs\n'}
[6.275627] (-) TimerEvent: {}
[6.333183] (pigpio) StdoutLine: {'line': b'[ 39%] \x1b[32mBuilding C object CMakeFiles/pigpio.dir/command.c.o\x1b[0m\n'}
[6.375892] (-) TimerEvent: {}
[6.401979] (pigpio) StdoutLine: {'line': b'[ 43%] \x1b[32m\x1b[1mLinking C shared library libpigpiod_if.so\x1b[0m\n'}
[6.476175] (-) TimerEvent: {}
[6.576360] (pigpio) StdoutLine: {'line': b'[ 47%] \x1b[32m\x1b[1mLinking C shared library libpigpiod_if2.so\x1b[0m\n'}
[6.577322] (-) TimerEvent: {}
[6.625142] (sllidar_ros2) StdoutLine: {'line': b'-- Found OpenSSL: /usr/lib/aarch64-linux-gnu/libcrypto.so (found version "3.0.2")  \n'}
[6.670867] (pigpio) StdoutLine: {'line': b'[ 47%] Built target pigpiod_if\n'}
[6.677626] (-) TimerEvent: {}
[6.779714] (-) TimerEvent: {}
[6.781182] (pigpio) StdoutLine: {'line': b'[ 52%] \x1b[32mBuilding C object CMakeFiles/pig2vcd.dir/pig2vcd.c.o\x1b[0m\n'}
[6.879968] (-) TimerEvent: {}
[6.896656] (pigpio) StdoutLine: {'line': b'[ 56%] \x1b[32mBuilding C object CMakeFiles/pig2vcd.dir/command.c.o\x1b[0m\n'}
[6.949630] (pigpio) StdoutLine: {'line': b'[ 56%] Built target pigpiod_if2\n'}
[6.980257] (-) TimerEvent: {}
[7.003623] (sllidar_ros2) StdoutLine: {'line': b'-- Found FastRTPS: /opt/ros/humble/include  \n'}
[7.080451] (-) TimerEvent: {}
[7.112640] (pigpio) StdoutLine: {'line': b'[ 60%] \x1b[32mBuilding C object CMakeFiles/x_pigpiod_if.dir/x_pigpiod_if.c.o\x1b[0m\n'}
[7.180777] (-) TimerEvent: {}
[7.255587] (pigpio) StdoutLine: {'line': b'[ 65%] \x1b[32mBuilding C object CMakeFiles/x_pigpiod_if2.dir/x_pigpiod_if2.c.o\x1b[0m\n'}
[7.281020] (-) TimerEvent: {}
[7.382664] (-) TimerEvent: {}
[7.484172] (-) TimerEvent: {}
[7.585343] (-) TimerEvent: {}
[7.599603] (pigpio) StdoutLine: {'line': b'[ 69%] \x1b[32m\x1b[1mLinking C executable pig2vcd\x1b[0m\n'}
[7.661104] (pigpio) StdoutLine: {'line': b'[ 73%] \x1b[32m\x1b[1mLinking C executable x_pigpiod_if\x1b[0m\n'}
[7.686716] (-) TimerEvent: {}
[7.788598] (-) TimerEvent: {}
[7.890378] (-) TimerEvent: {}
[7.925239] (sllidar_ros2) StdoutLine: {'line': b"-- Using RMW implementation 'rmw_fastrtps_cpp' as default\n"}
[7.947750] (pigpio) StdoutLine: {'line': b'[ 78%] \x1b[32m\x1b[1mLinking C executable x_pigpiod_if2\x1b[0m\n'}
[7.990624] (-) TimerEvent: {}
[8.029057] (pigpio) StdoutLine: {'line': b'[ 78%] Built target pig2vcd\n'}
[8.055883] (pigpio) StdoutLine: {'line': b'[ 78%] Built target x_pigpiod_if\n'}
[8.071727] (sllidar_ros2) StdoutLine: {'line': b'-- Looking for pthread.h\n'}
[8.090845] (-) TimerEvent: {}
[8.177610] (pigpio) StdoutLine: {'line': b'[ 78%] Built target x_pigpiod_if2\n'}
[8.191087] (-) TimerEvent: {}
[8.292724] (-) TimerEvent: {}
[8.393644] (-) TimerEvent: {}
[8.455796] (sllidar_ros2) StdoutLine: {'line': b'-- Looking for pthread.h - found\n'}
[8.458127] (sllidar_ros2) StdoutLine: {'line': b'-- Performing Test CMAKE_HAVE_LIBC_PTHREAD\n'}
[8.493834] (-) TimerEvent: {}
[8.594699] (-) TimerEvent: {}
[8.695525] (-) TimerEvent: {}
[8.796440] (-) TimerEvent: {}
[8.826625] (sllidar_ros2) StdoutLine: {'line': b'-- Performing Test CMAKE_HAVE_LIBC_PTHREAD - Success\n'}
[8.831214] (sllidar_ros2) StdoutLine: {'line': b'-- Found Threads: TRUE  \n'}
[8.896609] (-) TimerEvent: {}
[8.997373] (-) TimerEvent: {}
[9.098140] (-) TimerEvent: {}
[9.198977] (-) TimerEvent: {}
[9.221021] (sllidar_ros2) StdoutLine: {'line': b'-- Found sensor_msgs: 4.8.0 (/opt/ros/humble/share/sensor_msgs/cmake)\n'}
[9.299165] (-) TimerEvent: {}
[9.400320] (-) TimerEvent: {}
[9.457919] (sllidar_ros2) StdoutLine: {'line': b'-- Found std_srvs: 4.8.0 (/opt/ros/humble/share/std_srvs/cmake)\n'}
[9.502494] (-) TimerEvent: {}
[9.603339] (-) TimerEvent: {}
[9.704190] (-) TimerEvent: {}
[9.805124] (-) TimerEvent: {}
[9.860296] (sllidar_ros2) StdoutLine: {'line': b'-- Configuring done\n'}
[9.905295] (-) TimerEvent: {}
[9.954895] (sllidar_ros2) StdoutLine: {'line': b'-- Generating done\n'}
[9.981306] (sllidar_ros2) StdoutLine: {'line': b'-- Build files have been written to: /home/rospi/aug_2024/build/sllidar_ros2\n'}
[10.005606] (-) TimerEvent: {}
[10.019571] (sllidar_ros2) CommandEnded: {'returncode': 0}
[10.021609] (sllidar_ros2) JobProgress: {'identifier': 'sllidar_ros2', 'progress': 'build'}
[10.022757] (sllidar_ros2) Command: {'cmd': ['/usr/bin/cmake', '--build', '/home/rospi/aug_2024/build/sllidar_ros2', '--', '-j4', '-l4'], 'cwd': '/home/rospi/aug_2024/build/sllidar_ros2', 'env': OrderedDict([('LESSOPEN', '| /usr/bin/lesspipe %s'), ('USER', 'rospi'), ('SSH_CLIENT', '10.150.42.143 57984 22'), ('XDG_SESSION_TYPE', 'tty'), ('SHLVL', '1'), ('LD_LIBRARY_PATH', '/home/rospi/aug_2024/install/BMC_2024/lib:/home/rospi/aug_2024/install/pigpio/lib:/opt/ros/humble/opt/rviz_ogre_vendor/lib:/opt/ros/humble/lib/aarch64-linux-gnu:/opt/ros/humble/lib'), ('MOTD_SHOWN', 'pam'), ('HOME', '/home/rospi'), ('OLDPWD', '/home/rospi'), ('SSH_TTY', '/dev/pts/0'), ('ROS_PYTHON_VERSION', '3'), ('DBUS_SESSION_BUS_ADDRESS', 'unix:path=/run/user/1000/bus'), ('COLCON_PREFIX_PATH', '/home/rospi/aug_2024/install'), ('ROS_DISTRO', 'humble'), ('LOGNAME', 'rospi'), ('_', '/usr/bin/colcon'), ('ROS_VERSION', '2'), ('XDG_SESSION_CLASS', 'user'), ('TERM', 'xterm-256color'), ('XDG_SESSION_ID', '26'), ('ROS_LOCALHOST_ONLY', '0'), ('PATH', '/home/rospi/aug_2024/install/pigpio/bin:/opt/ros/humble/bin:/usr/local/sbin:/usr/local/bin:/usr/sbin:/usr/bin:/sbin:/bin:/usr/games:/usr/local/games:/snap/bin'), ('XDG_RUNTIME_DIR', '/run/user/1000'), ('LANG', 'en_US.UTF-8'), ('LS_COLORS', 'rs=0:di=01;34:ln=01;36:mh=00:pi=40;33:so=01;35:do=01;35:bd=40;33;01:cd=40;33;01:or=40;31;01:mi=00:su=37;41:sg=30;43:ca=30;41:tw=30;42:ow=34;42:st=37;44:ex=01;32:*.tar=01;31:*.tgz=01;31:*.arc=01;31:*.arj=01;31:*.taz=01;31:*.lha=01;31:*.lz4=01;31:*.lzh=01;31:*.lzma=01;31:*.tlz=01;31:*.txz=01;31:*.tzo=01;31:*.t7z=01;31:*.zip=01;31:*.z=01;31:*.dz=01;31:*.gz=01;31:*.lrz=01;31:*.lz=01;31:*.lzo=01;31:*.xz=01;31:*.zst=01;31:*.tzst=01;31:*.bz2=01;31:*.bz=01;31:*.tbz=01;31:*.tbz2=01;31:*.tz=01;31:*.deb=01;31:*.rpm=01;31:*.jar=01;31:*.war=01;31:*.ear=01;31:*.sar=01;31:*.rar=01;31:*.alz=01;31:*.ace=01;31:*.zoo=01;31:*.cpio=01;31:*.7z=01;31:*.rz=01;31:*.cab=01;31:*.wim=01;31:*.swm=01;31:*.dwm=01;31:*.esd=01;31:*.jpg=01;35:*.jpeg=01;35:*.mjpg=01;35:*.mjpeg=01;35:*.gif=01;35:*.bmp=01;35:*.pbm=01;35:*.pgm=01;35:*.ppm=01;35:*.tga=01;35:*.xbm=01;35:*.xpm=01;35:*.tif=01;35:*.tiff=01;35:*.png=01;35:*.svg=01;35:*.svgz=01;35:*.mng=01;35:*.pcx=01;35:*.mov=01;35:*.mpg=01;35:*.mpeg=01;35:*.m2v=01;35:*.mkv=01;35:*.webm=01;35:*.webp=01;35:*.ogm=01;35:*.mp4=01;35:*.m4v=01;35:*.mp4v=01;35:*.vob=01;35:*.qt=01;35:*.nuv=01;35:*.wmv=01;35:*.asf=01;35:*.rm=01;35:*.rmvb=01;35:*.flc=01;35:*.avi=01;35:*.fli=01;35:*.flv=01;35:*.gl=01;35:*.dl=01;35:*.xcf=01;35:*.xwd=01;35:*.yuv=01;35:*.cgm=01;35:*.emf=01;35:*.ogv=01;35:*.ogx=01;35:*.aac=00;36:*.au=00;36:*.flac=00;36:*.m4a=00;36:*.mid=00;36:*.midi=00;36:*.mka=00;36:*.mp3=00;36:*.mpc=00;36:*.ogg=00;36:*.ra=00;36:*.wav=00;36:*.oga=00;36:*.opus=00;36:*.spx=00;36:*.xspf=00;36:'), ('AMENT_PREFIX_PATH', '/home/rospi/aug_2024/install/aug_2024:/home/rospi/aug_2024/install/BMC_2024:/home/rospi/aug_2024/install/sllidar_ros2:/home/rospi/aug_2024/install/my_robot_nav2:/opt/ros/humble'), ('SHELL', '/bin/bash'), ('LESSCLOSE', '/usr/bin/lesspipe %s %s'), ('PWD', '/home/rospi/aug_2024/build/sllidar_ros2'), ('LC_ALL', 'en_US.UTF-8'), ('SSH_CONNECTION', '10.150.42.143 57984 10.6.102.87 22'), ('XDG_DATA_DIRS', '/usr/local/share:/usr/share:/var/lib/snapd/desktop'), ('PYTHONPATH', '/opt/ros/humble/lib/python3.10/site-packages:/opt/ros/humble/local/lib/python3.10/dist-packages'), ('COLCON', '1'), ('CMAKE_PREFIX_PATH', '/home/rospi/aug_2024/install/aug_2024:/home/rospi/aug_2024/install/BMC_2024:/home/rospi/aug_2024/install/sllidar_ros2:/home/rospi/aug_2024/install/pigpio:/home/rospi/aug_2024/install/my_robot_nav2:/opt/ros/humble')]), 'shell': False}
[10.105875] (-) TimerEvent: {}
[10.178269] (pigpio) StdoutLine: {'line': b'[ 82%] \x1b[32m\x1b[1mLinking C shared library libpigpio.so\x1b[0m\n'}
[10.206198] (-) TimerEvent: {}
[10.264445] (sllidar_ros2) StdoutLine: {'line': b'[  5%] \x1b[32mBuilding CXX object CMakeFiles/sllidar_client.dir/src/sllidar_client.cpp.o\x1b[0m\n'}
[10.270470] (sllidar_ros2) StdoutLine: {'line': b'[ 10%] \x1b[32mBuilding CXX object CMakeFiles/sllidar_node.dir/src/sllidar_node.cpp.o\x1b[0m\n'}
[10.278968] (sllidar_ros2) StdoutLine: {'line': b'[ 15%] \x1b[32mBuilding CXX object CMakeFiles/sllidar_node.dir/sdk/src/arch/linux/net_serial.cpp.o\x1b[0m\n'}
[10.295242] (sllidar_ros2) StdoutLine: {'line': b'[ 20%] \x1b[32mBuilding CXX object CMakeFiles/sllidar_node.dir/sdk/src/arch/linux/net_socket.cpp.o\x1b[0m\n'}
[10.306407] (-) TimerEvent: {}
[10.407851] (-) TimerEvent: {}
[10.438504] (pigpio) StdoutLine: {'line': b'[ 82%] Built target pigpio\n'}
[10.508100] (-) TimerEvent: {}
[10.608975] (-) TimerEvent: {}
[10.675276] (pigpio) StdoutLine: {'line': b'[ 86%] \x1b[32mBuilding C object CMakeFiles/x_pigpio.dir/x_pigpio.c.o\x1b[0m\n'}
[10.696301] (pigpio) StdoutLine: {'line': b'[ 91%] \x1b[32mBuilding C object CMakeFiles/pigpiod.dir/pigpiod.c.o\x1b[0m\n'}
[10.709185] (-) TimerEvent: {}
[10.810492] (-) TimerEvent: {}
[10.911845] (-) TimerEvent: {}
[11.013497] (-) TimerEvent: {}
[11.114974] (-) TimerEvent: {}
[11.216810] (-) TimerEvent: {}
[11.224388] (pigpio) StdoutLine: {'line': b'[ 95%] \x1b[32m\x1b[1mLinking C executable pigpiod\x1b[0m\n'}
[11.317007] (-) TimerEvent: {}
[11.418388] (-) TimerEvent: {}
[11.519933] (-) TimerEvent: {}
[11.576582] (pigpio) StdoutLine: {'line': b'[100%] \x1b[32m\x1b[1mLinking C executable x_pigpio\x1b[0m\n'}
[11.620005] (-) TimerEvent: {}
[11.664191] (pigpio) StdoutLine: {'line': b'[100%] Built target pigpiod\n'}
[11.720227] (-) TimerEvent: {}
[11.821418] (-) TimerEvent: {}
[11.922725] (-) TimerEvent: {}
[12.029275] (-) TimerEvent: {}
[12.087216] (pigpio) StdoutLine: {'line': b'[100%] Built target x_pigpio\n'}
[12.129510] (-) TimerEvent: {}
[12.203986] (pigpio) CommandEnded: {'returncode': 0}
[12.207589] (pigpio) JobProgress: {'identifier': 'pigpio', 'progress': 'install'}
[12.208977] (pigpio) Command: {'cmd': ['/usr/bin/cmake', '--install', '/home/rospi/aug_2024/build/pigpio'], 'cwd': '/home/rospi/aug_2024/build/pigpio', 'env': OrderedDict([('LESSOPEN', '| /usr/bin/lesspipe %s'), ('USER', 'rospi'), ('SSH_CLIENT', '10.150.42.143 57984 22'), ('XDG_SESSION_TYPE', 'tty'), ('SHLVL', '1'), ('LD_LIBRARY_PATH', '/home/rospi/aug_2024/install/BMC_2024/lib:/home/rospi/aug_2024/install/pigpio/lib:/opt/ros/humble/opt/rviz_ogre_vendor/lib:/opt/ros/humble/lib/aarch64-linux-gnu:/opt/ros/humble/lib'), ('MOTD_SHOWN', 'pam'), ('HOME', '/home/rospi'), ('OLDPWD', '/home/rospi'), ('SSH_TTY', '/dev/pts/0'), ('ROS_PYTHON_VERSION', '3'), ('DBUS_SESSION_BUS_ADDRESS', 'unix:path=/run/user/1000/bus'), ('COLCON_PREFIX_PATH', '/home/rospi/aug_2024/install'), ('ROS_DISTRO', 'humble'), ('LOGNAME', 'rospi'), ('_', '/usr/bin/colcon'), ('ROS_VERSION', '2'), ('XDG_SESSION_CLASS', 'user'), ('TERM', 'xterm-256color'), ('XDG_SESSION_ID', '26'), ('ROS_LOCALHOST_ONLY', '0'), ('PATH', '/home/rospi/aug_2024/install/pigpio/bin:/opt/ros/humble/bin:/usr/local/sbin:/usr/local/bin:/usr/sbin:/usr/bin:/sbin:/bin:/usr/games:/usr/local/games:/snap/bin'), ('XDG_RUNTIME_DIR', '/run/user/1000'), ('LANG', 'en_US.UTF-8'), ('LS_COLORS', 'rs=0:di=01;34:ln=01;36:mh=00:pi=40;33:so=01;35:do=01;35:bd=40;33;01:cd=40;33;01:or=40;31;01:mi=00:su=37;41:sg=30;43:ca=30;41:tw=30;42:ow=34;42:st=37;44:ex=01;32:*.tar=01;31:*.tgz=01;31:*.arc=01;31:*.arj=01;31:*.taz=01;31:*.lha=01;31:*.lz4=01;31:*.lzh=01;31:*.lzma=01;31:*.tlz=01;31:*.txz=01;31:*.tzo=01;31:*.t7z=01;31:*.zip=01;31:*.z=01;31:*.dz=01;31:*.gz=01;31:*.lrz=01;31:*.lz=01;31:*.lzo=01;31:*.xz=01;31:*.zst=01;31:*.tzst=01;31:*.bz2=01;31:*.bz=01;31:*.tbz=01;31:*.tbz2=01;31:*.tz=01;31:*.deb=01;31:*.rpm=01;31:*.jar=01;31:*.war=01;31:*.ear=01;31:*.sar=01;31:*.rar=01;31:*.alz=01;31:*.ace=01;31:*.zoo=01;31:*.cpio=01;31:*.7z=01;31:*.rz=01;31:*.cab=01;31:*.wim=01;31:*.swm=01;31:*.dwm=01;31:*.esd=01;31:*.jpg=01;35:*.jpeg=01;35:*.mjpg=01;35:*.mjpeg=01;35:*.gif=01;35:*.bmp=01;35:*.pbm=01;35:*.pgm=01;35:*.ppm=01;35:*.tga=01;35:*.xbm=01;35:*.xpm=01;35:*.tif=01;35:*.tiff=01;35:*.png=01;35:*.svg=01;35:*.svgz=01;35:*.mng=01;35:*.pcx=01;35:*.mov=01;35:*.mpg=01;35:*.mpeg=01;35:*.m2v=01;35:*.mkv=01;35:*.webm=01;35:*.webp=01;35:*.ogm=01;35:*.mp4=01;35:*.m4v=01;35:*.mp4v=01;35:*.vob=01;35:*.qt=01;35:*.nuv=01;35:*.wmv=01;35:*.asf=01;35:*.rm=01;35:*.rmvb=01;35:*.flc=01;35:*.avi=01;35:*.fli=01;35:*.flv=01;35:*.gl=01;35:*.dl=01;35:*.xcf=01;35:*.xwd=01;35:*.yuv=01;35:*.cgm=01;35:*.emf=01;35:*.ogv=01;35:*.ogx=01;35:*.aac=00;36:*.au=00;36:*.flac=00;36:*.m4a=00;36:*.mid=00;36:*.midi=00;36:*.mka=00;36:*.mp3=00;36:*.mpc=00;36:*.ogg=00;36:*.ra=00;36:*.wav=00;36:*.oga=00;36:*.opus=00;36:*.spx=00;36:*.xspf=00;36:'), ('AMENT_PREFIX_PATH', '/home/rospi/aug_2024/install/aug_2024:/home/rospi/aug_2024/install/BMC_2024:/home/rospi/aug_2024/install/sllidar_ros2:/home/rospi/aug_2024/install/my_robot_nav2:/opt/ros/humble'), ('SHELL', '/bin/bash'), ('LESSCLOSE', '/usr/bin/lesspipe %s %s'), ('PWD', '/home/rospi/aug_2024/build/pigpio'), ('LC_ALL', 'en_US.UTF-8'), ('SSH_CONNECTION', '10.150.42.143 57984 10.6.102.87 22'), ('XDG_DATA_DIRS', '/usr/local/share:/usr/share:/var/lib/snapd/desktop'), ('PYTHONPATH', '/opt/ros/humble/lib/python3.10/site-packages:/opt/ros/humble/local/lib/python3.10/dist-packages'), ('COLCON', '1'), ('CMAKE_PREFIX_PATH', '/home/rospi/aug_2024/install/aug_2024:/home/rospi/aug_2024/install/BMC_2024:/home/rospi/aug_2024/install/sllidar_ros2:/home/rospi/aug_2024/install/pigpio:/home/rospi/aug_2024/install/my_robot_nav2')]), 'shell': False}
[12.229729] (-) TimerEvent: {}
[12.270932] (pigpio) StdoutLine: {'line': b'-- Install configuration: ""\n'}
[12.272488] (pigpio) StdoutLine: {'line': b'-- Installing: /home/rospi/aug_2024/install/pigpio/lib/libpigpio.so\n'}
[12.278041] (pigpio) StdoutLine: {'line': b'-- Installing: /home/rospi/aug_2024/install/pigpio/lib/libpigpiod_if.so\n'}
[12.280679] (pigpio) StdoutLine: {'line': b'-- Installing: /home/rospi/aug_2024/install/pigpio/lib/libpigpiod_if2.so\n'}
[12.283536] (pigpio) StdoutLine: {'line': b'-- Installing: /home/rospi/aug_2024/install/pigpio/bin/pig2vcd\n'}
[12.285911] (pigpio) StdoutLine: {'line': b'-- Installing: /home/rospi/aug_2024/install/pigpio/bin/pigpiod\n'}
[12.289539] (pigpio) StdoutLine: {'line': b'-- Set runtime path of "/home/rospi/aug_2024/install/pigpio/bin/pigpiod" to ""\n'}
[12.290608] (pigpio) StdoutLine: {'line': b'-- Installing: /home/rospi/aug_2024/install/pigpio/bin/pigs\n'}
[12.293525] (pigpio) StdoutLine: {'line': b'-- Installing: /home/rospi/aug_2024/install/pigpio/lib/cmake/pigpio/pigpioTargets.cmake\n'}
[12.296465] (pigpio) StdoutLine: {'line': b'-- Installing: /home/rospi/aug_2024/install/pigpio/lib/cmake/pigpio/pigpioTargets-noconfig.cmake\n'}
[12.299279] (pigpio) StdoutLine: {'line': b'-- Installing: /home/rospi/aug_2024/install/pigpio/lib/cmake/pigpio/pigpioConfig.cmake\n'}
[12.302049] (pigpio) StdoutLine: {'line': b'-- Installing: /home/rospi/aug_2024/install/pigpio/lib/cmake/pigpio/pigpioConfigVersion.cmake\n'}
[12.305423] (pigpio) StdoutLine: {'line': b'-- Installing: /home/rospi/aug_2024/install/pigpio/include/pigpio.h\n'}
[12.309327] (pigpio) StdoutLine: {'line': b'-- Installing: /home/rospi/aug_2024/install/pigpio/include/pigpiod_if.h\n'}
[12.312486] (pigpio) StdoutLine: {'line': b'-- Installing: /home/rospi/aug_2024/install/pigpio/include/pigpiod_if2.h\n'}
[12.316643] (pigpio) StdoutLine: {'line': b'-- Installing: /home/rospi/aug_2024/install/pigpio/man/man1/pig2vcd.1\n'}
[12.318959] (pigpio) StdoutLine: {'line': b'-- Installing: /home/rospi/aug_2024/install/pigpio/man/man1/pigpiod.1\n'}
[12.321385] (pigpio) StdoutLine: {'line': b'-- Installing: /home/rospi/aug_2024/install/pigpio/man/man1/pigs.1\n'}
[12.325149] (pigpio) StdoutLine: {'line': b'-- Installing: /home/rospi/aug_2024/install/pigpio/man/man3/pigpio.3\n'}
[12.328779] (pigpio) StdoutLine: {'line': b'-- Installing: /home/rospi/aug_2024/install/pigpio/man/man3/pigpiod_if.3\n'}
[12.329896] (-) TimerEvent: {}
[12.332933] (pigpio) StdoutLine: {'line': b'-- Installing: /home/rospi/aug_2024/install/pigpio/man/man3/pigpiod_if2.3\n'}
[12.430128] (-) TimerEvent: {}
[12.531725] (-) TimerEvent: {}
[12.620680] (pigpio) StderrLine: {'line': b'/home/rospi/aug_2024/build/pigpio/setup.py:3: DeprecationWarning: The distutils package is deprecated and slated for removal in Python 3.12. Use setuptools or check PEP 632 for potential alternatives\n'}
[12.622216] (pigpio) StderrLine: {'line': b'  from distutils.core import setup\n'}
[12.632160] (-) TimerEvent: {}
[12.733589] (-) TimerEvent: {}
[12.835413] (-) TimerEvent: {}
[12.906335] (pigpio) StdoutLine: {'line': b'running install\n'}
[12.909120] (pigpio) StdoutLine: {'line': b'running build\n'}
[12.910431] (pigpio) StdoutLine: {'line': b'running build_py\n'}
[12.913828] (pigpio) StdoutLine: {'line': b'creating build\n'}
[12.915507] (pigpio) StdoutLine: {'line': b'creating build/lib\n'}
[12.916573] (pigpio) StdoutLine: {'line': b'copying /home/rospi/aug_2024/pigpio-master/pigpio.py -> build/lib\n'}
[12.930068] (pigpio) StdoutLine: {'line': b'running install_lib\n'}
[12.933123] (pigpio) StdoutLine: {'line': b'copying build/lib/pigpio.py -> /usr/local/lib/python3.10/dist-packages\n'}
[12.934826] (pigpio) StderrLine: {'line': b"error: could not create '/usr/local/lib/python3.10/dist-packages/pigpio.py': Permission denied\n"}
[12.936354] (-) TimerEvent: {}
[13.039282] (-) TimerEvent: {}
[13.060327] (pigpio) CommandEnded: {'returncode': 0}
[13.139752] (-) TimerEvent: {}
[13.228498] (pigpio) JobEnded: {'identifier': 'pigpio', 'rc': 0}
[13.240021] (-) TimerEvent: {}
[13.343952] (-) TimerEvent: {}
[13.445689] (-) TimerEvent: {}
[13.547361] (-) TimerEvent: {}
[13.649477] (-) TimerEvent: {}
[13.751285] (-) TimerEvent: {}
[13.769024] (sllidar_ros2) StderrLine: {'line': b'In file included from \x1b[01m\x1b[K/home/rospi/aug_2024/src/sllidar_ros2/./sdk/include/rplidar_protocol.h:36\x1b[m\x1b[K,\n'}
[13.770919] (sllidar_ros2) StderrLine: {'line': b'                 from \x1b[01m\x1b[K/home/rospi/aug_2024/src/sllidar_ros2/./sdk/include/rplidar.h:39\x1b[m\x1b[K,\n'}
[13.772263] (sllidar_ros2) StderrLine: {'line': b'                 from \x1b[01m\x1b[K/home/rospi/aug_2024/src/sllidar_ros2/./sdk/src/sdkcommon.h:49\x1b[m\x1b[K,\n'}
[13.773528] (sllidar_ros2) StderrLine: {'line': b'                 from \x1b[01m\x1b[K/home/rospi/aug_2024/src/sllidar_ros2/sdk/src/arch/linux/net_socket.cpp:10\x1b[m\x1b[K:\n'}
[13.774998] (sllidar_ros2) StderrLine: {'line': b'\x1b[01m\x1b[K/home/rospi/aug_2024/src/sllidar_ros2/./sdk/include/sl_lidar_protocol.h:66:16:\x1b[m\x1b[K \x1b[01;35m\x1b[Kwarning: \x1b[m\x1b[KISO C++ forbids zero-size array \xe2\x80\x98\x1b[01m\x1b[Kdata\x1b[m\x1b[K\xe2\x80\x99 [\x1b[01;35m\x1b[K\x1b]8;;https://gcc.gnu.org/onlinedocs/gcc/Warning-Options.html#index-Wpedantic\x07-Wpedantic\x1b]8;;\x07\x1b[m\x1b[K]\n'}
[13.776491] (sllidar_ros2) StderrLine: {'line': b'   66 |     sl_u8 data[\x1b[01;35m\x1b[K0\x1b[m\x1b[K];\n'}
[13.777987] (sllidar_ros2) StderrLine: {'line': b'      |                \x1b[01;35m\x1b[K^\x1b[m\x1b[K\n'}
[13.781768] (sllidar_ros2) StderrLine: {'line': b'In file included from \x1b[01m\x1b[K/home/rospi/aug_2024/src/sllidar_ros2/./sdk/include/rplidar_cmd.h:36\x1b[m\x1b[K,\n'}
[13.783149] (sllidar_ros2) StderrLine: {'line': b'                 from \x1b[01m\x1b[K/home/rospi/aug_2024/src/sllidar_ros2/./sdk/include/rplidar.h:40\x1b[m\x1b[K,\n'}
[13.784422] (sllidar_ros2) StderrLine: {'line': b'                 from \x1b[01m\x1b[K/home/rospi/aug_2024/src/sllidar_ros2/./sdk/src/sdkcommon.h:49\x1b[m\x1b[K,\n'}
[13.786020] (sllidar_ros2) StderrLine: {'line': b'                 from \x1b[01m\x1b[K/home/rospi/aug_2024/src/sllidar_ros2/sdk/src/arch/linux/net_socket.cpp:10\x1b[m\x1b[K:\n'}
[13.787519] (sllidar_ros2) StderrLine: {'line': b'\x1b[01m\x1b[K/home/rospi/aug_2024/src/sllidar_ros2/./sdk/include/sl_lidar_cmd.h:324:20:\x1b[m\x1b[K \x1b[01;35m\x1b[Kwarning: \x1b[m\x1b[KISO C++ forbids zero-size array \xe2\x80\x98\x1b[01m\x1b[Kpayload\x1b[m\x1b[K\xe2\x80\x99 [\x1b[01;35m\x1b[K\x1b]8;;https://gcc.gnu.org/onlinedocs/gcc/Warning-Options.html#index-Wpedantic\x07-Wpedantic\x1b]8;;\x07\x1b[m\x1b[K]\n'}
[13.800255] (sllidar_ros2) StderrLine: {'line': b'  324 |     sl_u8  payload[\x1b[01;35m\x1b[K0\x1b[m\x1b[K];\n'}
[13.801267] (sllidar_ros2) StderrLine: {'line': b'      |                    \x1b[01;35m\x1b[K^\x1b[m\x1b[K\n'}
[13.851629] (-) TimerEvent: {}
[13.953864] (-) TimerEvent: {}
[14.056024] (-) TimerEvent: {}
[14.157204] (-) TimerEvent: {}
[14.178020] (sllidar_ros2) StderrLine: {'line': b'In file included from \x1b[01m\x1b[K/home/rospi/aug_2024/src/sllidar_ros2/./sdk/src/arch/linux/arch_linux.h:42\x1b[m\x1b[K,\n'}
[14.179368] (sllidar_ros2) StderrLine: {'line': b'                 from \x1b[01m\x1b[K/home/rospi/aug_2024/src/sllidar_ros2/./sdk/src/sdkcommon.h:41\x1b[m\x1b[K,\n'}
[14.180947] (sllidar_ros2) StderrLine: {'line': b'                 from \x1b[01m\x1b[K/home/rospi/aug_2024/src/sllidar_ros2/sdk/src/arch/linux/net_socket.cpp:10\x1b[m\x1b[K:\n'}
[14.182182] (sllidar_ros2) StderrLine: {'line': b'\x1b[01m\x1b[K/home/rospi/aug_2024/src/sllidar_ros2/sdk/src/arch/linux/net_socket.cpp:\x1b[m\x1b[K In member function \xe2\x80\x98\x1b[01m\x1b[Kvirtual u_result rp::arch::net::DGramSocketImpl::sendTo(const rp::net::SocketAddress*, const void*, size_t)\x1b[m\x1b[K\xe2\x80\x99:\n'}
[14.183129] (sllidar_ros2) StderrLine: {'line': b'\x1b[01m\x1b[K/home/rospi/aug_2024/src/sllidar_ros2/sdk/src/arch/linux/net_socket.cpp:733:24:\x1b[m\x1b[K \x1b[01;35m\x1b[Kwarning: \x1b[m\x1b[Kcomparison of integer expressions of different signedness: \xe2\x80\x98\x1b[01m\x1b[Kint\x1b[m\x1b[K\xe2\x80\x99 and \xe2\x80\x98\x1b[01m\x1b[Ksize_t\x1b[m\x1b[K\xe2\x80\x99 {aka \xe2\x80\x98\x1b[01m\x1b[Klong unsigned int\x1b[m\x1b[K\xe2\x80\x99} [\x1b[01;35m\x1b[K\x1b]8;;https://gcc.gnu.org/onlinedocs/gcc/Warning-Options.html#index-Wsign-compare\x07-Wsign-compare\x1b]8;;\x07\x1b[m\x1b[K]\n'}
[14.183980] (sllidar_ros2) StderrLine: {'line': b'  733 |             assert(\x1b[01;35m\x1b[Kans == len\x1b[m\x1b[K);\n'}
[14.184889] (sllidar_ros2) StderrLine: {'line': b'      |                    \x1b[01;35m\x1b[K~~~~^~~~~~\x1b[m\x1b[K\n'}
[14.257493] (-) TimerEvent: {}
[14.358730] (-) TimerEvent: {}
[14.459948] (-) TimerEvent: {}
[14.561224] (-) TimerEvent: {}
[14.662388] (-) TimerEvent: {}
[14.763708] (-) TimerEvent: {}
[14.864768] (-) TimerEvent: {}
[14.965913] (-) TimerEvent: {}
[15.015763] (sllidar_ros2) StderrLine: {'line': b'\x1b[01m\x1b[K/home/rospi/aug_2024/src/sllidar_ros2/sdk/src/arch/linux/net_serial.cpp:\x1b[m\x1b[K In member function \xe2\x80\x98\x1b[01m\x1b[Kbool rp::arch::net::raw_serial::open(const char*, uint32_t, uint32_t)\x1b[m\x1b[K\xe2\x80\x99:\n'}
[15.016974] (sllidar_ros2) StderrLine: {'line': b'\x1b[01m\x1b[K/home/rospi/aug_2024/src/sllidar_ros2/sdk/src/arch/linux/net_serial.cpp:97:74:\x1b[m\x1b[K \x1b[01;35m\x1b[Kwarning: \x1b[m\x1b[Kunused parameter \xe2\x80\x98\x1b[01m\x1b[Kflags\x1b[m\x1b[K\xe2\x80\x99 [\x1b[01;35m\x1b[K\x1b]8;;https://gcc.gnu.org/onlinedocs/gcc/Warning-Options.html#index-Wunused-parameter\x07-Wunused-parameter\x1b]8;;\x07\x1b[m\x1b[K]\n'}
[15.017775] (sllidar_ros2) StderrLine: {'line': b'   97 | bool raw_serial::open(const char * portname, uint32_t baudrate, \x1b[01;35m\x1b[Kuint32_t flags\x1b[m\x1b[K)\n'}
[15.018798] (sllidar_ros2) StderrLine: {'line': b'      |                                                                 \x1b[01;35m\x1b[K~~~~~~~~~^~~~~\x1b[m\x1b[K\n'}
[15.023293] (sllidar_ros2) StderrLine: {'line': b'\x1b[01m\x1b[K/home/rospi/aug_2024/src/sllidar_ros2/sdk/src/arch/linux/net_serial.cpp:\x1b[m\x1b[K In member function \xe2\x80\x98\x1b[01m\x1b[Kvirtual void rp::arch::net::raw_serial::flush(_u32)\x1b[m\x1b[K\xe2\x80\x99:\n'}
[15.025181] (sllidar_ros2) StderrLine: {'line': b'\x1b[01m\x1b[K/home/rospi/aug_2024/src/sllidar_ros2/sdk/src/arch/linux/net_serial.cpp:281:30:\x1b[m\x1b[K \x1b[01;35m\x1b[Kwarning: \x1b[m\x1b[Kunused parameter \xe2\x80\x98\x1b[01m\x1b[Kflags\x1b[m\x1b[K\xe2\x80\x99 [\x1b[01;35m\x1b[K\x1b]8;;https://gcc.gnu.org/onlinedocs/gcc/Warning-Options.html#index-Wunused-parameter\x07-Wunused-parameter\x1b]8;;\x07\x1b[m\x1b[K]\n'}
[15.026768] (sllidar_ros2) StderrLine: {'line': b'  281 | void raw_serial::flush( \x1b[01;35m\x1b[K_u32 flags\x1b[m\x1b[K)\n'}
[15.028166] (sllidar_ros2) StderrLine: {'line': b'      |                         \x1b[01;35m\x1b[K~~~~~^~~~~\x1b[m\x1b[K\n'}
[15.029099] (sllidar_ros2) StderrLine: {'line': b'\x1b[01m\x1b[K/home/rospi/aug_2024/src/sllidar_ros2/sdk/src/arch/linux/net_serial.cpp:\x1b[m\x1b[K In member function \xe2\x80\x98\x1b[01m\x1b[Kvirtual int rp::arch::net::raw_serial::waitforsent(_u32, size_t*)\x1b[m\x1b[K\xe2\x80\x99:\n'}
[15.029900] (sllidar_ros2) StderrLine: {'line': b'\x1b[01m\x1b[K/home/rospi/aug_2024/src/sllidar_ros2/sdk/src/arch/linux/net_serial.cpp:286:34:\x1b[m\x1b[K \x1b[01;35m\x1b[Kwarning: \x1b[m\x1b[Kunused parameter \xe2\x80\x98\x1b[01m\x1b[Ktimeout\x1b[m\x1b[K\xe2\x80\x99 [\x1b[01;35m\x1b[K\x1b]8;;https://gcc.gnu.org/onlinedocs/gcc/Warning-Options.html#index-Wunused-parameter\x07-Wunused-parameter\x1b]8;;\x07\x1b[m\x1b[K]\n'}
[15.030679] (sllidar_ros2) StderrLine: {'line': b'  286 | int raw_serial::waitforsent(\x1b[01;35m\x1b[K_u32 timeout\x1b[m\x1b[K, size_t * returned_size)\n'}
[15.031700] (sllidar_ros2) StderrLine: {'line': b'      |                             \x1b[01;35m\x1b[K~~~~~^~~~~~~\x1b[m\x1b[K\n'}
[15.032747] (sllidar_ros2) StderrLine: {'line': b'\x1b[01m\x1b[K/home/rospi/aug_2024/src/sllidar_ros2/sdk/src/arch/linux/net_serial.cpp:\x1b[m\x1b[K In member function \xe2\x80\x98\x1b[01m\x1b[Kvirtual int rp::arch::net::raw_serial::waitforrecv(_u32, size_t*)\x1b[m\x1b[K\xe2\x80\x99:\n'}
[15.033533] (sllidar_ros2) StderrLine: {'line': b'\x1b[01m\x1b[K/home/rospi/aug_2024/src/sllidar_ros2/sdk/src/arch/linux/net_serial.cpp:292:34:\x1b[m\x1b[K \x1b[01;35m\x1b[Kwarning: \x1b[m\x1b[Kunused parameter \xe2\x80\x98\x1b[01m\x1b[Ktimeout\x1b[m\x1b[K\xe2\x80\x99 [\x1b[01;35m\x1b[K\x1b]8;;https://gcc.gnu.org/onlinedocs/gcc/Warning-Options.html#index-Wunused-parameter\x07-Wunused-parameter\x1b]8;;\x07\x1b[m\x1b[K]\n'}
[15.034265] (sllidar_ros2) StderrLine: {'line': b'  292 | int raw_serial::waitforrecv(\x1b[01;35m\x1b[K_u32 timeout\x1b[m\x1b[K, size_t * returned_size)\n'}
[15.035236] (sllidar_ros2) StderrLine: {'line': b'      |                             \x1b[01;35m\x1b[K~~~~~^~~~~~~\x1b[m\x1b[K\n'}
[15.048311] (sllidar_ros2) StderrLine: {'line': b'\x1b[01m\x1b[K/home/rospi/aug_2024/src/sllidar_ros2/sdk/src/arch/linux/net_serial.cpp:\x1b[m\x1b[K In member function \xe2\x80\x98\x1b[01m\x1b[Kvirtual void rp::arch::net::raw_serial::cancelOperation()\x1b[m\x1b[K\xe2\x80\x99:\n'}
[15.049480] (sllidar_ros2) StderrLine: {'line': b'\x1b[01m\x1b[K/home/rospi/aug_2024/src/sllidar_ros2/sdk/src/arch/linux/net_serial.cpp:427:5:\x1b[m\x1b[K \x1b[01;35m\x1b[Kwarning: \x1b[m\x1b[Kvalue computed is not used [\x1b[01;35m\x1b[K\x1b]8;;https://gcc.gnu.org/onlinedocs/gcc/Warning-Options.html#index-Wunused-value\x07-Wunused-value\x1b]8;;\x07\x1b[m\x1b[K]\n'}
[15.050267] (sllidar_ros2) StderrLine: {'line': b'  427 |     \x1b[01;35m\x1b[K(int)::write(_selfpipe[1], "x", 1)\x1b[m\x1b[K;\n'}
[15.051106] (sllidar_ros2) StderrLine: {'line': b'      |     \x1b[01;35m\x1b[K^~~~~~~~~~~~~~~~~~~~~~~~~~~~~~~~~~\x1b[m\x1b[K\n'}
[15.066142] (-) TimerEvent: {}
[15.167245] (-) TimerEvent: {}
[15.268636] (-) TimerEvent: {}
[15.278159] (sllidar_ros2) StdoutLine: {'line': b'[ 25%] \x1b[32mBuilding CXX object CMakeFiles/sllidar_node.dir/sdk/src/arch/linux/timer.cpp.o\x1b[0m\n'}
[15.368928] (-) TimerEvent: {}
[15.470139] (-) TimerEvent: {}
[15.571279] (-) TimerEvent: {}
[15.672580] (-) TimerEvent: {}
[15.780270] (sllidar_ros2) StdoutLine: {'line': b'[ 30%] \x1b[32mBuilding CXX object CMakeFiles/sllidar_node.dir/sdk/src/dataunpacker/dataunpacker.cpp.o\x1b[0m\n'}
[15.781288] (-) TimerEvent: {}
[15.882215] (-) TimerEvent: {}
[15.984441] (-) TimerEvent: {}
[16.085652] (-) TimerEvent: {}
[16.187106] (-) TimerEvent: {}
[16.288855] (-) TimerEvent: {}
[16.390217] (-) TimerEvent: {}
[16.491583] (-) TimerEvent: {}
[16.593133] (-) TimerEvent: {}
[16.694690] (-) TimerEvent: {}
[16.795593] (-) TimerEvent: {}
[16.896602] (-) TimerEvent: {}
[16.997869] (-) TimerEvent: {}
[17.099061] (-) TimerEvent: {}
[17.200230] (-) TimerEvent: {}
[17.304280] (-) TimerEvent: {}
[17.408254] (-) TimerEvent: {}
[17.511104] (-) TimerEvent: {}
[17.616346] (-) TimerEvent: {}
[17.718046] (-) TimerEvent: {}
[17.820231] (-) TimerEvent: {}
[17.922273] (-) TimerEvent: {}
[18.023972] (-) TimerEvent: {}
[18.125886] (-) TimerEvent: {}
[18.227750] (-) TimerEvent: {}
[18.329589] (-) TimerEvent: {}
[18.431295] (-) TimerEvent: {}
[18.532973] (-) TimerEvent: {}
[18.621098] (sllidar_ros2) StdoutLine: {'line': b'[ 35%] \x1b[32mBuilding CXX object CMakeFiles/sllidar_node.dir/sdk/src/dataunpacker/unpacker/handler_capsules.cpp.o\x1b[0m\n'}
[18.633218] (-) TimerEvent: {}
[18.734943] (-) TimerEvent: {}
[18.836842] (-) TimerEvent: {}
[18.938506] (-) TimerEvent: {}
[19.040467] (-) TimerEvent: {}
[19.142144] (-) TimerEvent: {}
[19.224592] (sllidar_ros2) StderrLine: {'line': b'In file included from \x1b[01m\x1b[K/home/rospi/aug_2024/src/sllidar_ros2/./sdk/include/rplidar_protocol.h:36\x1b[m\x1b[K,\n'}
[19.225969] (sllidar_ros2) StderrLine: {'line': b'                 from \x1b[01m\x1b[K/home/rospi/aug_2024/src/sllidar_ros2/./sdk/include/rplidar.h:39\x1b[m\x1b[K,\n'}
[19.226723] (sllidar_ros2) StderrLine: {'line': b'                 from \x1b[01m\x1b[K/home/rospi/aug_2024/src/sllidar_ros2/./sdk/src/sdkcommon.h:49\x1b[m\x1b[K,\n'}
[19.227432] (sllidar_ros2) StderrLine: {'line': b'                 from \x1b[01m\x1b[K/home/rospi/aug_2024/src/sllidar_ros2/sdk/src/dataunpacker/dataunnpacker_commondef.h:41\x1b[m\x1b[K,\n'}
[19.228157] (sllidar_ros2) StderrLine: {'line': b'                 from \x1b[01m\x1b[K/home/rospi/aug_2024/src/sllidar_ros2/sdk/src/dataunpacker/dataunpacker.cpp:39\x1b[m\x1b[K:\n'}
[19.229226] (sllidar_ros2) StderrLine: {'line': b'\x1b[01m\x1b[K/home/rospi/aug_2024/src/sllidar_ros2/./sdk/include/sl_lidar_protocol.h:66:16:\x1b[m\x1b[K \x1b[01;35m\x1b[Kwarning: \x1b[m\x1b[KISO C++ forbids zero-size array \xe2\x80\x98\x1b[01m\x1b[Kdata\x1b[m\x1b[K\xe2\x80\x99 [\x1b[01;35m\x1b[K\x1b]8;;https://gcc.gnu.org/onlinedocs/gcc/Warning-Options.html#index-Wpedantic\x07-Wpedantic\x1b]8;;\x07\x1b[m\x1b[K]\n'}
[19.230456] (sllidar_ros2) StderrLine: {'line': b'   66 |     sl_u8 data[\x1b[01;35m\x1b[K0\x1b[m\x1b[K];\n'}
[19.231164] (sllidar_ros2) StderrLine: {'line': b'      |                \x1b[01;35m\x1b[K^\x1b[m\x1b[K\n'}
[19.231912] (sllidar_ros2) StderrLine: {'line': b'In file included from \x1b[01m\x1b[K/home/rospi/aug_2024/src/sllidar_ros2/./sdk/include/rplidar_cmd.h:36\x1b[m\x1b[K,\n'}
[19.232754] (sllidar_ros2) StderrLine: {'line': b'                 from \x1b[01m\x1b[K/home/rospi/aug_2024/src/sllidar_ros2/./sdk/include/rplidar.h:40\x1b[m\x1b[K,\n'}
[19.233614] (sllidar_ros2) StderrLine: {'line': b'                 from \x1b[01m\x1b[K/home/rospi/aug_2024/src/sllidar_ros2/./sdk/src/sdkcommon.h:49\x1b[m\x1b[K,\n'}
[19.234432] (sllidar_ros2) StderrLine: {'line': b'                 from \x1b[01m\x1b[K/home/rospi/aug_2024/src/sllidar_ros2/sdk/src/dataunpacker/dataunnpacker_commondef.h:41\x1b[m\x1b[K,\n'}
[19.235254] (sllidar_ros2) StderrLine: {'line': b'                 from \x1b[01m\x1b[K/home/rospi/aug_2024/src/sllidar_ros2/sdk/src/dataunpacker/dataunpacker.cpp:39\x1b[m\x1b[K:\n'}
[19.236003] (sllidar_ros2) StderrLine: {'line': b'\x1b[01m\x1b[K/home/rospi/aug_2024/src/sllidar_ros2/./sdk/include/sl_lidar_cmd.h:324:20:\x1b[m\x1b[K \x1b[01;35m\x1b[Kwarning: \x1b[m\x1b[KISO C++ forbids zero-size array \xe2\x80\x98\x1b[01m\x1b[Kpayload\x1b[m\x1b[K\xe2\x80\x99 [\x1b[01;35m\x1b[K\x1b]8;;https://gcc.gnu.org/onlinedocs/gcc/Warning-Options.html#index-Wpedantic\x07-Wpedantic\x1b]8;;\x07\x1b[m\x1b[K]\n'}
[19.236849] (sllidar_ros2) StderrLine: {'line': b'  324 |     sl_u8  payload[\x1b[01;35m\x1b[K0\x1b[m\x1b[K];\n'}
[19.237596] (sllidar_ros2) StderrLine: {'line': b'      |                    \x1b[01;35m\x1b[K^\x1b[m\x1b[K\n'}
[19.248704] (-) TimerEvent: {}
[19.349783] (-) TimerEvent: {}
[19.450725] (-) TimerEvent: {}
[19.551644] (-) TimerEvent: {}
[19.653684] (-) TimerEvent: {}
[19.755756] (-) TimerEvent: {}
[19.857449] (-) TimerEvent: {}
[19.962087] (-) TimerEvent: {}
[20.063795] (-) TimerEvent: {}
[20.170095] (-) TimerEvent: {}
[20.272808] (-) TimerEvent: {}
[20.374516] (-) TimerEvent: {}
[20.476392] (-) TimerEvent: {}
[20.578354] (-) TimerEvent: {}
[20.630573] (sllidar_ros2) StderrLine: {'line': b'In file included from \x1b[01m\x1b[K/home/rospi/aug_2024/src/sllidar_ros2/sdk/src/dataunpacker/dataunpacker.cpp:40\x1b[m\x1b[K:\n'}
[20.632457] (sllidar_ros2) StderrLine: {'line': b'\x1b[01m\x1b[K/home/rospi/aug_2024/src/sllidar_ros2/sdk/src/dataunpacker/dataunpacker.h:\x1b[m\x1b[K In member function \xe2\x80\x98\x1b[01m\x1b[Kvirtual void sl::internal::LIDARSampleDataListener::onCustomSampleDataDecoded(_u8, _u32, const void*, size_t)\x1b[m\x1b[K\xe2\x80\x99:\n'}
[20.634171] (sllidar_ros2) StderrLine: {'line': b'\x1b[01m\x1b[K/home/rospi/aug_2024/src/sllidar_ros2/sdk/src/dataunpacker/dataunpacker.h:54:52:\x1b[m\x1b[K \x1b[01;35m\x1b[Kwarning: \x1b[m\x1b[Kunused parameter \xe2\x80\x98\x1b[01m\x1b[KansType\x1b[m\x1b[K\xe2\x80\x99 [\x1b[01;35m\x1b[K\x1b]8;;https://gcc.gnu.org/onlinedocs/gcc/Warning-Options.html#index-Wunused-parameter\x07-Wunused-parameter\x1b]8;;\x07\x1b[m\x1b[K]\n'}
[20.635911] (sllidar_ros2) StderrLine: {'line': b'   54 |         virtual void onCustomSampleDataDecoded(\x1b[01;35m\x1b[K_u8 ansType\x1b[m\x1b[K, _u32 customCode, const void* data, size_t size) {}\n'}
[20.637356] (sllidar_ros2) StderrLine: {'line': b'      |                                                \x1b[01;35m\x1b[K~~~~^~~~~~~\x1b[m\x1b[K\n'}
[20.638165] (sllidar_ros2) StderrLine: {'line': b'\x1b[01m\x1b[K/home/rospi/aug_2024/src/sllidar_ros2/sdk/src/dataunpacker/dataunpacker.h:54:66:\x1b[m\x1b[K \x1b[01;35m\x1b[Kwarning: \x1b[m\x1b[Kunused parameter \xe2\x80\x98\x1b[01m\x1b[KcustomCode\x1b[m\x1b[K\xe2\x80\x99 [\x1b[01;35m\x1b[K\x1b]8;;https://gcc.gnu.org/onlinedocs/gcc/Warning-Options.html#index-Wunused-parameter\x07-Wunused-parameter\x1b]8;;\x07\x1b[m\x1b[K]\n'}
[20.638986] (sllidar_ros2) StderrLine: {'line': b'   54 |         virtual void onCustomSampleDataDecoded(_u8 ansType, \x1b[01;35m\x1b[K_u32 customCode\x1b[m\x1b[K, const void* data, size_t size) {}\n'}
[20.639803] (sllidar_ros2) StderrLine: {'line': b'      |                                                             \x1b[01;35m\x1b[K~~~~~^~~~~~~~~~\x1b[m\x1b[K\n'}
[20.640691] (sllidar_ros2) StderrLine: {'line': b'\x1b[01m\x1b[K/home/rospi/aug_2024/src/sllidar_ros2/sdk/src/dataunpacker/dataunpacker.h:54:90:\x1b[m\x1b[K \x1b[01;35m\x1b[Kwarning: \x1b[m\x1b[Kunused parameter \xe2\x80\x98\x1b[01m\x1b[Kdata\x1b[m\x1b[K\xe2\x80\x99 [\x1b[01;35m\x1b[K\x1b]8;;https://gcc.gnu.org/onlinedocs/gcc/Warning-Options.html#index-Wunused-parameter\x07-Wunused-parameter\x1b]8;;\x07\x1b[m\x1b[K]\n'}
[20.641544] (sllidar_ros2) StderrLine: {'line': b'   54 |         virtual void onCustomSampleDataDecoded(_u8 ansType, _u32 customCode, \x1b[01;35m\x1b[Kconst void* data\x1b[m\x1b[K, size_t size) {}\n'}
[20.642305] (sllidar_ros2) StderrLine: {'line': b'      |                                                                              \x1b[01;35m\x1b[K~~~~~~~~~~~~^~~~\x1b[m\x1b[K\n'}
[20.643305] (sllidar_ros2) StderrLine: {'line': b'\x1b[01m\x1b[K/home/rospi/aug_2024/src/sllidar_ros2/sdk/src/dataunpacker/dataunpacker.h:54:103:\x1b[m\x1b[K \x1b[01;35m\x1b[Kwarning: \x1b[m\x1b[Kunused parameter \xe2\x80\x98\x1b[01m\x1b[Ksize\x1b[m\x1b[K\xe2\x80\x99 [\x1b[01;35m\x1b[K\x1b]8;;https://gcc.gnu.org/onlinedocs/gcc/Warning-Options.html#index-Wunused-parameter\x07-Wunused-parameter\x1b]8;;\x07\x1b[m\x1b[K]\n'}
[20.644159] (sllidar_ros2) StderrLine: {'line': b'   54 |         virtual void onCustomSampleDataDecoded(_u8 ansType, _u32 customCode, const void* data, \x1b[01;35m\x1b[Ksize_t size\x1b[m\x1b[K) {}\n'}
[20.644987] (sllidar_ros2) StderrLine: {'line': b'      |                                                                                                \x1b[01;35m\x1b[K~~~~~~~^~~~\x1b[m\x1b[K\n'}
[20.645765] (sllidar_ros2) StderrLine: {'line': b'\x1b[01m\x1b[K/home/rospi/aug_2024/src/sllidar_ros2/sdk/src/dataunpacker/dataunpacker.h:\x1b[m\x1b[K In member function \xe2\x80\x98\x1b[01m\x1b[Kvirtual void sl::internal::LIDARSampleDataListener::onDecodingError(int, _u8, const void*, size_t)\x1b[m\x1b[K\xe2\x80\x99:\n'}
[20.646574] (sllidar_ros2) StderrLine: {'line': b'\x1b[01m\x1b[K/home/rospi/aug_2024/src/sllidar_ros2/sdk/src/dataunpacker/dataunpacker.h:56:42:\x1b[m\x1b[K \x1b[01;35m\x1b[Kwarning: \x1b[m\x1b[Kunused parameter \xe2\x80\x98\x1b[01m\x1b[KerrMsg\x1b[m\x1b[K\xe2\x80\x99 [\x1b[01;35m\x1b[K\x1b]8;;https://gcc.gnu.org/onlinedocs/gcc/Warning-Options.html#index-Wunused-parameter\x07-Wunused-parameter\x1b]8;;\x07\x1b[m\x1b[K]\n'}
[20.647368] (sllidar_ros2) StderrLine: {'line': b'   56 |         virtual void onDecodingError(\x1b[01;35m\x1b[Kint errMsg\x1b[m\x1b[K, _u8 ansType, const void* payload, size_t size) {}\n'}
[20.660317] (sllidar_ros2) StderrLine: {'line': b'      |                                      \x1b[01;35m\x1b[K~~~~^~~~~~\x1b[m\x1b[K\n'}
[20.661244] (sllidar_ros2) StderrLine: {'line': b'\x1b[01m\x1b[K/home/rospi/aug_2024/src/sllidar_ros2/sdk/src/dataunpacker/dataunpacker.h:56:54:\x1b[m\x1b[K \x1b[01;35m\x1b[Kwarning: \x1b[m\x1b[Kunused parameter \xe2\x80\x98\x1b[01m\x1b[KansType\x1b[m\x1b[K\xe2\x80\x99 [\x1b[01;35m\x1b[K\x1b]8;;https://gcc.gnu.org/onlinedocs/gcc/Warning-Options.html#index-Wunused-parameter\x07-Wunused-parameter\x1b]8;;\x07\x1b[m\x1b[K]\n'}
[20.662111] (sllidar_ros2) StderrLine: {'line': b'   56 |         virtual void onDecodingError(int errMsg, \x1b[01;35m\x1b[K_u8 ansType\x1b[m\x1b[K, const void* payload, size_t size) {}\n'}
[20.662902] (sllidar_ros2) StderrLine: {'line': b'      |                                                  \x1b[01;35m\x1b[K~~~~^~~~~~~\x1b[m\x1b[K\n'}
[20.663675] (sllidar_ros2) StderrLine: {'line': b'\x1b[01m\x1b[K/home/rospi/aug_2024/src/sllidar_ros2/sdk/src/dataunpacker/dataunpacker.h:56:75:\x1b[m\x1b[K \x1b[01;35m\x1b[Kwarning: \x1b[m\x1b[Kunused parameter \xe2\x80\x98\x1b[01m\x1b[Kpayload\x1b[m\x1b[K\xe2\x80\x99 [\x1b[01;35m\x1b[K\x1b]8;;https://gcc.gnu.org/onlinedocs/gcc/Warning-Options.html#index-Wunused-parameter\x07-Wunused-parameter\x1b]8;;\x07\x1b[m\x1b[K]\n'}
[20.664581] (sllidar_ros2) StderrLine: {'line': b'   56 |         virtual void onDecodingError(int errMsg, _u8 ansType, \x1b[01;35m\x1b[Kconst void* payload\x1b[m\x1b[K, size_t size) {}\n'}
[20.665406] (sllidar_ros2) StderrLine: {'line': b'      |                                                               \x1b[01;35m\x1b[K~~~~~~~~~~~~^~~~~~~\x1b[m\x1b[K\n'}
[20.666180] (sllidar_ros2) StderrLine: {'line': b'\x1b[01m\x1b[K/home/rospi/aug_2024/src/sllidar_ros2/sdk/src/dataunpacker/dataunpacker.h:56:91:\x1b[m\x1b[K \x1b[01;35m\x1b[Kwarning: \x1b[m\x1b[Kunused parameter \xe2\x80\x98\x1b[01m\x1b[Ksize\x1b[m\x1b[K\xe2\x80\x99 [\x1b[01;35m\x1b[K\x1b]8;;https://gcc.gnu.org/onlinedocs/gcc/Warning-Options.html#index-Wunused-parameter\x07-Wunused-parameter\x1b]8;;\x07\x1b[m\x1b[K]\n'}
[20.666929] (sllidar_ros2) StderrLine: {'line': b'   56 |         virtual void onDecodingError(int errMsg, _u8 ansType, const void* payload, \x1b[01;35m\x1b[Ksize_t size\x1b[m\x1b[K) {}\n'}
[20.667846] (sllidar_ros2) StderrLine: {'line': b'      |                                                                                    \x1b[01;35m\x1b[K~~~~~~~^~~~\x1b[m\x1b[K\n'}
[20.678623] (-) TimerEvent: {}
[20.779653] (-) TimerEvent: {}
[20.880615] (-) TimerEvent: {}
[20.981582] (-) TimerEvent: {}
[21.082548] (-) TimerEvent: {}
[21.183537] (-) TimerEvent: {}
[21.284656] (-) TimerEvent: {}
[21.386417] (-) TimerEvent: {}
[21.488950] (-) TimerEvent: {}
[21.596466] (-) TimerEvent: {}
[21.698163] (-) TimerEvent: {}
[21.799686] (-) TimerEvent: {}
[21.901421] (-) TimerEvent: {}
[21.923200] (sllidar_ros2) StderrLine: {'line': b'In file included from \x1b[01m\x1b[K/home/rospi/aug_2024/src/sllidar_ros2/./sdk/include/rplidar_protocol.h:36\x1b[m\x1b[K,\n'}
[21.924729] (sllidar_ros2) StderrLine: {'line': b'                 from \x1b[01m\x1b[K/home/rospi/aug_2024/src/sllidar_ros2/./sdk/include/rplidar.h:39\x1b[m\x1b[K,\n'}
[21.926159] (sllidar_ros2) StderrLine: {'line': b'                 from \x1b[01m\x1b[K/home/rospi/aug_2024/src/sllidar_ros2/./sdk/src/sdkcommon.h:49\x1b[m\x1b[K,\n'}
[21.927421] (sllidar_ros2) StderrLine: {'line': b'                 from \x1b[01m\x1b[K/home/rospi/aug_2024/src/sllidar_ros2/sdk/src/dataunpacker/unpacker/../dataunnpacker_commondef.h:41\x1b[m\x1b[K,\n'}
[21.928752] (sllidar_ros2) StderrLine: {'line': b'                 from \x1b[01m\x1b[K/home/rospi/aug_2024/src/sllidar_ros2/sdk/src/dataunpacker/unpacker/handler_capsules.cpp:39\x1b[m\x1b[K:\n'}
[21.930126] (sllidar_ros2) StderrLine: {'line': b'\x1b[01m\x1b[K/home/rospi/aug_2024/src/sllidar_ros2/./sdk/include/sl_lidar_protocol.h:66:16:\x1b[m\x1b[K \x1b[01;35m\x1b[Kwarning: \x1b[m\x1b[KISO C++ forbids zero-size array \xe2\x80\x98\x1b[01m\x1b[Kdata\x1b[m\x1b[K\xe2\x80\x99 [\x1b[01;35m\x1b[K\x1b]8;;https://gcc.gnu.org/onlinedocs/gcc/Warning-Options.html#index-Wpedantic\x07-Wpedantic\x1b]8;;\x07\x1b[m\x1b[K]\n'}
[21.931479] (sllidar_ros2) StderrLine: {'line': b'   66 |     sl_u8 data[\x1b[01;35m\x1b[K0\x1b[m\x1b[K];\n'}
[21.932887] (sllidar_ros2) StderrLine: {'line': b'      |                \x1b[01;35m\x1b[K^\x1b[m\x1b[K\n'}
[21.936950] (sllidar_ros2) StderrLine: {'line': b'In file included from \x1b[01m\x1b[K/home/rospi/aug_2024/src/sllidar_ros2/./sdk/include/rplidar_cmd.h:36\x1b[m\x1b[K,\n'}
[21.938383] (sllidar_ros2) StderrLine: {'line': b'                 from \x1b[01m\x1b[K/home/rospi/aug_2024/src/sllidar_ros2/./sdk/include/rplidar.h:40\x1b[m\x1b[K,\n'}
[21.939782] (sllidar_ros2) StderrLine: {'line': b'                 from \x1b[01m\x1b[K/home/rospi/aug_2024/src/sllidar_ros2/./sdk/src/sdkcommon.h:49\x1b[m\x1b[K,\n'}
[21.941305] (sllidar_ros2) StderrLine: {'line': b'                 from \x1b[01m\x1b[K/home/rospi/aug_2024/src/sllidar_ros2/sdk/src/dataunpacker/unpacker/../dataunnpacker_commondef.h:41\x1b[m\x1b[K,\n'}
[21.942710] (sllidar_ros2) StderrLine: {'line': b'                 from \x1b[01m\x1b[K/home/rospi/aug_2024/src/sllidar_ros2/sdk/src/dataunpacker/unpacker/handler_capsules.cpp:39\x1b[m\x1b[K:\n'}
[21.956281] (sllidar_ros2) StderrLine: {'line': b'\x1b[01m\x1b[K/home/rospi/aug_2024/src/sllidar_ros2/./sdk/include/sl_lidar_cmd.h:324:20:\x1b[m\x1b[K \x1b[01;35m\x1b[Kwarning: \x1b[m\x1b[KISO C++ forbids zero-size array \xe2\x80\x98\x1b[01m\x1b[Kpayload\x1b[m\x1b[K\xe2\x80\x99 [\x1b[01;35m\x1b[K\x1b]8;;https://gcc.gnu.org/onlinedocs/gcc/Warning-Options.html#index-Wpedantic\x07-Wpedantic\x1b]8;;\x07\x1b[m\x1b[K]\n'}
[21.957276] (sllidar_ros2) StderrLine: {'line': b'  324 |     sl_u8  payload[\x1b[01;35m\x1b[K0\x1b[m\x1b[K];\n'}
[21.958146] (sllidar_ros2) StderrLine: {'line': b'      |                    \x1b[01;35m\x1b[K^\x1b[m\x1b[K\n'}
[22.001695] (-) TimerEvent: {}
[22.103470] (-) TimerEvent: {}
[22.204616] (-) TimerEvent: {}
[22.253562] (sllidar_ros2) StdoutLine: {'line': b'[ 40%] \x1b[32mBuilding CXX object CMakeFiles/sllidar_node.dir/sdk/src/dataunpacker/unpacker/handler_hqnode.cpp.o\x1b[0m\n'}
[22.304874] (-) TimerEvent: {}
[22.405842] (-) TimerEvent: {}
[22.506728] (-) TimerEvent: {}
[22.607664] (-) TimerEvent: {}
[22.708575] (-) TimerEvent: {}
[22.809476] (-) TimerEvent: {}
[22.910471] (-) TimerEvent: {}
[23.011461] (-) TimerEvent: {}
[23.020291] (sllidar_ros2) StderrLine: {'line': b'In file included from \x1b[01m\x1b[K/home/rospi/aug_2024/src/sllidar_ros2/sdk/src/dataunpacker/unpacker/handler_capsules.cpp:40\x1b[m\x1b[K:\n'}
[23.021613] (sllidar_ros2) StderrLine: {'line': b'\x1b[01m\x1b[K/home/rospi/aug_2024/src/sllidar_ros2/sdk/src/dataunpacker/unpacker/../dataunpacker.h:\x1b[m\x1b[K In member function \xe2\x80\x98\x1b[01m\x1b[Kvirtual void sl::internal::LIDARSampleDataListener::onCustomSampleDataDecoded(_u8, _u32, const void*, size_t)\x1b[m\x1b[K\xe2\x80\x99:\n'}
[23.022778] (sllidar_ros2) StderrLine: {'line': b'\x1b[01m\x1b[K/home/rospi/aug_2024/src/sllidar_ros2/sdk/src/dataunpacker/unpacker/../dataunpacker.h:54:52:\x1b[m\x1b[K \x1b[01;35m\x1b[Kwarning: \x1b[m\x1b[Kunused parameter \xe2\x80\x98\x1b[01m\x1b[KansType\x1b[m\x1b[K\xe2\x80\x99 [\x1b[01;35m\x1b[K\x1b]8;;https://gcc.gnu.org/onlinedocs/gcc/Warning-Options.html#index-Wunused-parameter\x07-Wunused-parameter\x1b]8;;\x07\x1b[m\x1b[K]\n'}
[23.023929] (sllidar_ros2) StderrLine: {'line': b'   54 |         virtual void onCustomSampleDataDecoded(\x1b[01;35m\x1b[K_u8 ansType\x1b[m\x1b[K, _u32 customCode, const void* data, size_t size) {}\n'}
[23.025121] (sllidar_ros2) StderrLine: {'line': b'      |                                                \x1b[01;35m\x1b[K~~~~^~~~~~~\x1b[m\x1b[K\n'}
[23.026484] (sllidar_ros2) StderrLine: {'line': b'\x1b[01m\x1b[K/home/rospi/aug_2024/src/sllidar_ros2/sdk/src/dataunpacker/unpacker/../dataunpacker.h:54:66:\x1b[m\x1b[K \x1b[01;35m\x1b[Kwarning: \x1b[m\x1b[Kunused parameter \xe2\x80\x98\x1b[01m\x1b[KcustomCode\x1b[m\x1b[K\xe2\x80\x99 [\x1b[01;35m\x1b[K\x1b]8;;https://gcc.gnu.org/onlinedocs/gcc/Warning-Options.html#index-Wunused-parameter\x07-Wunused-parameter\x1b]8;;\x07\x1b[m\x1b[K]\n'}
[23.027883] (sllidar_ros2) StderrLine: {'line': b'   54 |         virtual void onCustomSampleDataDecoded(_u8 ansType, \x1b[01;35m\x1b[K_u32 customCode\x1b[m\x1b[K, const void* data, size_t size) {}\n'}
[23.029182] (sllidar_ros2) StderrLine: {'line': b'      |                                                             \x1b[01;35m\x1b[K~~~~~^~~~~~~~~~\x1b[m\x1b[K\n'}
[23.030592] (sllidar_ros2) StderrLine: {'line': b'\x1b[01m\x1b[K/home/rospi/aug_2024/src/sllidar_ros2/sdk/src/dataunpacker/unpacker/../dataunpacker.h:54:90:\x1b[m\x1b[K \x1b[01;35m\x1b[Kwarning: \x1b[m\x1b[Kunused parameter \xe2\x80\x98\x1b[01m\x1b[Kdata\x1b[m\x1b[K\xe2\x80\x99 [\x1b[01;35m\x1b[K\x1b]8;;https://gcc.gnu.org/onlinedocs/gcc/Warning-Options.html#index-Wunused-parameter\x07-Wunused-parameter\x1b]8;;\x07\x1b[m\x1b[K]\n'}
[23.031717] (sllidar_ros2) StderrLine: {'line': b'   54 |         virtual void onCustomSampleDataDecoded(_u8 ansType, _u32 customCode, \x1b[01;35m\x1b[Kconst void* data\x1b[m\x1b[K, size_t size) {}\n'}
[23.032858] (sllidar_ros2) StderrLine: {'line': b'      |                                                                              \x1b[01;35m\x1b[K~~~~~~~~~~~~^~~~\x1b[m\x1b[K\n'}
[23.034237] (sllidar_ros2) StderrLine: {'line': b'\x1b[01m\x1b[K/home/rospi/aug_2024/src/sllidar_ros2/sdk/src/dataunpacker/unpacker/../dataunpacker.h:54:103:\x1b[m\x1b[K \x1b[01;35m\x1b[Kwarning: \x1b[m\x1b[Kunused parameter \xe2\x80\x98\x1b[01m\x1b[Ksize\x1b[m\x1b[K\xe2\x80\x99 [\x1b[01;35m\x1b[K\x1b]8;;https://gcc.gnu.org/onlinedocs/gcc/Warning-Options.html#index-Wunused-parameter\x07-Wunused-parameter\x1b]8;;\x07\x1b[m\x1b[K]\n'}
[23.036966] (sllidar_ros2) StderrLine: {'line': b'   54 |         virtual void onCustomSampleDataDecoded(_u8 ansType, _u32 customCode, const void* data, \x1b[01;35m\x1b[Ksize_t size\x1b[m\x1b[K) {}\n'}
[23.037898] (sllidar_ros2) StderrLine: {'line': b'      |                                                                                                \x1b[01;35m\x1b[K~~~~~~~^~~~\x1b[m\x1b[K\n'}
[23.038582] (sllidar_ros2) StderrLine: {'line': b'\x1b[01m\x1b[K/home/rospi/aug_2024/src/sllidar_ros2/sdk/src/dataunpacker/unpacker/../dataunpacker.h:\x1b[m\x1b[K In member function \xe2\x80\x98\x1b[01m\x1b[Kvirtual void sl::internal::LIDARSampleDataListener::onDecodingError(int, _u8, const void*, size_t)\x1b[m\x1b[K\xe2\x80\x99:\n'}
[23.039280] (sllidar_ros2) StderrLine: {'line': b'\x1b[01m\x1b[K/home/rospi/aug_2024/src/sllidar_ros2/sdk/src/dataunpacker/unpacker/../dataunpacker.h:56:42:\x1b[m\x1b[K \x1b[01;35m\x1b[Kwarning: \x1b[m\x1b[Kunused parameter \xe2\x80\x98\x1b[01m\x1b[KerrMsg\x1b[m\x1b[K\xe2\x80\x99 [\x1b[01;35m\x1b[K\x1b]8;;https://gcc.gnu.org/onlinedocs/gcc/Warning-Options.html#index-Wunused-parameter\x07-Wunused-parameter\x1b]8;;\x07\x1b[m\x1b[K]\n'}
[23.039962] (sllidar_ros2) StderrLine: {'line': b'   56 |         virtual void onDecodingError(\x1b[01;35m\x1b[Kint errMsg\x1b[m\x1b[K, _u8 ansType, const void* payload, size_t size) {}\n'}
[23.040690] (sllidar_ros2) StderrLine: {'line': b'      |                                      \x1b[01;35m\x1b[K~~~~^~~~~~\x1b[m\x1b[K\n'}
[23.041497] (sllidar_ros2) StderrLine: {'line': b'\x1b[01m\x1b[K/home/rospi/aug_2024/src/sllidar_ros2/sdk/src/dataunpacker/unpacker/../dataunpacker.h:56:54:\x1b[m\x1b[K \x1b[01;35m\x1b[Kwarning: \x1b[m\x1b[Kunused parameter \xe2\x80\x98\x1b[01m\x1b[KansType\x1b[m\x1b[K\xe2\x80\x99 [\x1b[01;35m\x1b[K\x1b]8;;https://gcc.gnu.org/onlinedocs/gcc/Warning-Options.html#index-Wunused-parameter\x07-Wunused-parameter\x1b]8;;\x07\x1b[m\x1b[K]\n'}
[23.051685] (sllidar_ros2) StderrLine: {'line': b'   56 |         virtual void onDecodingError(int errMsg, \x1b[01;35m\x1b[K_u8 ansType\x1b[m\x1b[K, const void* payload, size_t size) {}\n'}
[23.052569] (sllidar_ros2) StderrLine: {'line': b'      |                                                  \x1b[01;35m\x1b[K~~~~^~~~~~~\x1b[m\x1b[K\n'}
[23.053166] (sllidar_ros2) StderrLine: {'line': b'\x1b[01m\x1b[K/home/rospi/aug_2024/src/sllidar_ros2/sdk/src/dataunpacker/unpacker/../dataunpacker.h:56:75:\x1b[m\x1b[K \x1b[01;35m\x1b[Kwarning: \x1b[m\x1b[Kunused parameter \xe2\x80\x98\x1b[01m\x1b[Kpayload\x1b[m\x1b[K\xe2\x80\x99 [\x1b[01;35m\x1b[K\x1b]8;;https://gcc.gnu.org/onlinedocs/gcc/Warning-Options.html#index-Wunused-parameter\x07-Wunused-parameter\x1b]8;;\x07\x1b[m\x1b[K]\n'}
[23.053768] (sllidar_ros2) StderrLine: {'line': b'   56 |         virtual void onDecodingError(int errMsg, _u8 ansType, \x1b[01;35m\x1b[Kconst void* payload\x1b[m\x1b[K, size_t size) {}\n'}
[23.054326] (sllidar_ros2) StderrLine: {'line': b'      |                                                               \x1b[01;35m\x1b[K~~~~~~~~~~~~^~~~~~~\x1b[m\x1b[K\n'}
[23.054853] (sllidar_ros2) StderrLine: {'line': b'\x1b[01m\x1b[K/home/rospi/aug_2024/src/sllidar_ros2/sdk/src/dataunpacker/unpacker/../dataunpacker.h:56:91:\x1b[m\x1b[K \x1b[01;35m\x1b[Kwarning: \x1b[m\x1b[Kunused parameter \xe2\x80\x98\x1b[01m\x1b[Ksize\x1b[m\x1b[K\xe2\x80\x99 [\x1b[01;35m\x1b[K\x1b]8;;https://gcc.gnu.org/onlinedocs/gcc/Warning-Options.html#index-Wunused-parameter\x07-Wunused-parameter\x1b]8;;\x07\x1b[m\x1b[K]\n'}
[23.055431] (sllidar_ros2) StderrLine: {'line': b'   56 |         virtual void onDecodingError(int errMsg, _u8 ansType, const void* payload, \x1b[01;35m\x1b[Ksize_t size\x1b[m\x1b[K) {}\n'}
[23.056004] (sllidar_ros2) StderrLine: {'line': b'      |                                                                                    \x1b[01;35m\x1b[K~~~~~~~^~~~\x1b[m\x1b[K\n'}
[23.111758] (-) TimerEvent: {}
[23.127410] (sllidar_ros2) StderrLine: {'line': b'\x1b[01m\x1b[K/home/rospi/aug_2024/src/sllidar_ros2/sdk/src/dataunpacker/unpacker/handler_capsules.cpp:\x1b[m\x1b[K In member function \xe2\x80\x98\x1b[01m\x1b[Kvoid sl::internal::unpacker::UnpackerHandler_DenseCapsuleNode::_onScanNodeDenseCapsuleData(rplidar_response_dense_capsule_measurement_nodes_t&, sl::internal::LIDARSampleDataUnpackerInner*)\x1b[m\x1b[K\xe2\x80\x99:\n'}
[23.129537] (sllidar_ros2) StderrLine: {'line': b'\x1b[01m\x1b[K/home/rospi/aug_2024/src/sllidar_ros2/sdk/src/dataunpacker/unpacker/handler_capsules.cpp:763:30:\x1b[m\x1b[K \x1b[01;35m\x1b[Kwarning: \x1b[m\x1b[Ktype qualifiers ignored on cast result type [\x1b[01;35m\x1b[K\x1b]8;;https://gcc.gnu.org/onlinedocs/gcc/Warning-Options.html#index-Wignored-qualifiers\x07-Wignored-qualifiers\x1b]8;;\x07\x1b[m\x1b[K]\n'}
[23.131179] (sllidar_ros2) StderrLine: {'line': b'  763 |             const int dist = \x1b[01;35m\x1b[Kstatic_cast<const int>(_cached_previous_dense_capsuledata.cabins[pos].distance)\x1b[m\x1b[K;\n'}
[23.132359] (sllidar_ros2) StderrLine: {'line': b'      |                              \x1b[01;35m\x1b[K^~~~~~~~~~~~~~~~~~~~~~~~~~~~~~~~~~~~~~~~~~~~~~~~~~~~~~~~~~~~~~~~~~~~~~~~~~~~~~~\x1b[m\x1b[K\n'}
[23.212011] (-) TimerEvent: {}
[23.313053] (-) TimerEvent: {}
[23.413933] (-) TimerEvent: {}
[23.514830] (-) TimerEvent: {}
[23.615741] (-) TimerEvent: {}
[23.716665] (-) TimerEvent: {}
[23.820244] (-) TimerEvent: {}
[23.928417] (-) TimerEvent: {}
[24.029857] (-) TimerEvent: {}
[24.136773] (-) TimerEvent: {}
[24.238388] (-) TimerEvent: {}
[24.246608] (sllidar_ros2) StdoutLine: {'line': b'[ 45%] \x1b[32mBuilding CXX object CMakeFiles/sllidar_node.dir/sdk/src/dataunpacker/unpacker/handler_normalnode.cpp.o\x1b[0m\n'}
[24.338640] (-) TimerEvent: {}
[24.439685] (-) TimerEvent: {}
[24.540777] (-) TimerEvent: {}
[24.642160] (-) TimerEvent: {}
[24.743313] (-) TimerEvent: {}
[24.844495] (-) TimerEvent: {}
[24.945490] (-) TimerEvent: {}
[25.046551] (-) TimerEvent: {}
[25.147669] (-) TimerEvent: {}
[25.248992] (-) TimerEvent: {}
[25.350285] (-) TimerEvent: {}
[25.453520] (-) TimerEvent: {}
[25.555245] (-) TimerEvent: {}
[25.660287] (-) TimerEvent: {}
[25.761069] (sllidar_ros2) StderrLine: {'line': b'In file included from \x1b[01m\x1b[K/home/rospi/aug_2024/src/sllidar_ros2/./sdk/include/rplidar_protocol.h:36\x1b[m\x1b[K,\n'}
[25.761936] (-) TimerEvent: {}
[25.763303] (sllidar_ros2) StderrLine: {'line': b'                 from \x1b[01m\x1b[K/home/rospi/aug_2024/src/sllidar_ros2/./sdk/include/rplidar.h:39\x1b[m\x1b[K,\n'}
[25.764383] (sllidar_ros2) StderrLine: {'line': b'                 from \x1b[01m\x1b[K/home/rospi/aug_2024/src/sllidar_ros2/./sdk/src/sdkcommon.h:49\x1b[m\x1b[K,\n'}
[25.765202] (sllidar_ros2) StderrLine: {'line': b'                 from \x1b[01m\x1b[K/home/rospi/aug_2024/src/sllidar_ros2/sdk/src/dataunpacker/unpacker/../dataunnpacker_commondef.h:41\x1b[m\x1b[K,\n'}
[25.765864] (sllidar_ros2) StderrLine: {'line': b'                 from \x1b[01m\x1b[K/home/rospi/aug_2024/src/sllidar_ros2/sdk/src/dataunpacker/unpacker/handler_hqnode.cpp:39\x1b[m\x1b[K:\n'}
[25.766564] (sllidar_ros2) StderrLine: {'line': b'\x1b[01m\x1b[K/home/rospi/aug_2024/src/sllidar_ros2/./sdk/include/sl_lidar_protocol.h:66:16:\x1b[m\x1b[K \x1b[01;35m\x1b[Kwarning: \x1b[m\x1b[KISO C++ forbids zero-size array \xe2\x80\x98\x1b[01m\x1b[Kdata\x1b[m\x1b[K\xe2\x80\x99 [\x1b[01;35m\x1b[K\x1b]8;;https://gcc.gnu.org/onlinedocs/gcc/Warning-Options.html#index-Wpedantic\x07-Wpedantic\x1b]8;;\x07\x1b[m\x1b[K]\n'}
[25.767237] (sllidar_ros2) StderrLine: {'line': b'   66 |     sl_u8 data[\x1b[01;35m\x1b[K0\x1b[m\x1b[K];\n'}
[25.767956] (sllidar_ros2) StderrLine: {'line': b'      |                \x1b[01;35m\x1b[K^\x1b[m\x1b[K\n'}
[25.769194] (sllidar_ros2) StderrLine: {'line': b'In file included from \x1b[01m\x1b[K/home/rospi/aug_2024/src/sllidar_ros2/./sdk/include/rplidar_cmd.h:36\x1b[m\x1b[K,\n'}
[25.769989] (sllidar_ros2) StderrLine: {'line': b'                 from \x1b[01m\x1b[K/home/rospi/aug_2024/src/sllidar_ros2/./sdk/include/rplidar.h:40\x1b[m\x1b[K,\n'}
[25.770879] (sllidar_ros2) StderrLine: {'line': b'                 from \x1b[01m\x1b[K/home/rospi/aug_2024/src/sllidar_ros2/./sdk/src/sdkcommon.h:49\x1b[m\x1b[K,\n'}
[25.771778] (sllidar_ros2) StderrLine: {'line': b'                 from \x1b[01m\x1b[K/home/rospi/aug_2024/src/sllidar_ros2/sdk/src/dataunpacker/unpacker/../dataunnpacker_commondef.h:41\x1b[m\x1b[K,\n'}
[25.772598] (sllidar_ros2) StderrLine: {'line': b'                 from \x1b[01m\x1b[K/home/rospi/aug_2024/src/sllidar_ros2/sdk/src/dataunpacker/unpacker/handler_hqnode.cpp:39\x1b[m\x1b[K:\n'}
[25.773445] (sllidar_ros2) StderrLine: {'line': b'\x1b[01m\x1b[K/home/rospi/aug_2024/src/sllidar_ros2/./sdk/include/sl_lidar_cmd.h:324:20:\x1b[m\x1b[K \x1b[01;35m\x1b[Kwarning: \x1b[m\x1b[KISO C++ forbids zero-size array \xe2\x80\x98\x1b[01m\x1b[Kpayload\x1b[m\x1b[K\xe2\x80\x99 [\x1b[01;35m\x1b[K\x1b]8;;https://gcc.gnu.org/onlinedocs/gcc/Warning-Options.html#index-Wpedantic\x07-Wpedantic\x1b]8;;\x07\x1b[m\x1b[K]\n'}
[25.774277] (sllidar_ros2) StderrLine: {'line': b'  324 |     sl_u8  payload[\x1b[01;35m\x1b[K0\x1b[m\x1b[K];\n'}
[25.774995] (sllidar_ros2) StderrLine: {'line': b'      |                    \x1b[01;35m\x1b[K^\x1b[m\x1b[K\n'}
[25.862258] (-) TimerEvent: {}
[25.963396] (-) TimerEvent: {}
[26.064581] (-) TimerEvent: {}
[26.165660] (-) TimerEvent: {}
[26.266745] (-) TimerEvent: {}
[26.367846] (-) TimerEvent: {}
[26.469074] (-) TimerEvent: {}
[26.570173] (-) TimerEvent: {}
[26.671426] (-) TimerEvent: {}
[26.772702] (-) TimerEvent: {}
[26.873915] (-) TimerEvent: {}
[26.897696] (sllidar_ros2) StderrLine: {'line': b'In file included from \x1b[01m\x1b[K/home/rospi/aug_2024/src/sllidar_ros2/sdk/src/dataunpacker/unpacker/handler_hqnode.cpp:40\x1b[m\x1b[K:\n'}
[26.899363] (sllidar_ros2) StderrLine: {'line': b'\x1b[01m\x1b[K/home/rospi/aug_2024/src/sllidar_ros2/sdk/src/dataunpacker/unpacker/../dataunpacker.h:\x1b[m\x1b[K In member function \xe2\x80\x98\x1b[01m\x1b[Kvirtual void sl::internal::LIDARSampleDataListener::onCustomSampleDataDecoded(_u8, _u32, const void*, size_t)\x1b[m\x1b[K\xe2\x80\x99:\n'}
[26.901050] (sllidar_ros2) StderrLine: {'line': b'\x1b[01m\x1b[K/home/rospi/aug_2024/src/sllidar_ros2/sdk/src/dataunpacker/unpacker/../dataunpacker.h:54:52:\x1b[m\x1b[K \x1b[01;35m\x1b[Kwarning: \x1b[m\x1b[Kunused parameter \xe2\x80\x98\x1b[01m\x1b[KansType\x1b[m\x1b[K\xe2\x80\x99 [\x1b[01;35m\x1b[K\x1b]8;;https://gcc.gnu.org/onlinedocs/gcc/Warning-Options.html#index-Wunused-parameter\x07-Wunused-parameter\x1b]8;;\x07\x1b[m\x1b[K]\n'}
[26.902140] (sllidar_ros2) StderrLine: {'line': b'   54 |         virtual void onCustomSampleDataDecoded(\x1b[01;35m\x1b[K_u8 ansType\x1b[m\x1b[K, _u32 customCode, const void* data, size_t size) {}\n'}
[26.902981] (sllidar_ros2) StderrLine: {'line': b'      |                                                \x1b[01;35m\x1b[K~~~~^~~~~~~\x1b[m\x1b[K\n'}
[26.903792] (sllidar_ros2) StderrLine: {'line': b'\x1b[01m\x1b[K/home/rospi/aug_2024/src/sllidar_ros2/sdk/src/dataunpacker/unpacker/../dataunpacker.h:54:66:\x1b[m\x1b[K \x1b[01;35m\x1b[Kwarning: \x1b[m\x1b[Kunused parameter \xe2\x80\x98\x1b[01m\x1b[KcustomCode\x1b[m\x1b[K\xe2\x80\x99 [\x1b[01;35m\x1b[K\x1b]8;;https://gcc.gnu.org/onlinedocs/gcc/Warning-Options.html#index-Wunused-parameter\x07-Wunused-parameter\x1b]8;;\x07\x1b[m\x1b[K]\n'}
[26.904786] (sllidar_ros2) StderrLine: {'line': b'   54 |         virtual void onCustomSampleDataDecoded(_u8 ansType, \x1b[01;35m\x1b[K_u32 customCode\x1b[m\x1b[K, const void* data, size_t size) {}\n'}
[26.905600] (sllidar_ros2) StderrLine: {'line': b'      |                                                             \x1b[01;35m\x1b[K~~~~~^~~~~~~~~~\x1b[m\x1b[K\n'}
[26.906433] (sllidar_ros2) StderrLine: {'line': b'\x1b[01m\x1b[K/home/rospi/aug_2024/src/sllidar_ros2/sdk/src/dataunpacker/unpacker/../dataunpacker.h:54:90:\x1b[m\x1b[K \x1b[01;35m\x1b[Kwarning: \x1b[m\x1b[Kunused parameter \xe2\x80\x98\x1b[01m\x1b[Kdata\x1b[m\x1b[K\xe2\x80\x99 [\x1b[01;35m\x1b[K\x1b]8;;https://gcc.gnu.org/onlinedocs/gcc/Warning-Options.html#index-Wunused-parameter\x07-Wunused-parameter\x1b]8;;\x07\x1b[m\x1b[K]\n'}
[26.907252] (sllidar_ros2) StderrLine: {'line': b'   54 |         virtual void onCustomSampleDataDecoded(_u8 ansType, _u32 customCode, \x1b[01;35m\x1b[Kconst void* data\x1b[m\x1b[K, size_t size) {}\n'}
[26.908011] (sllidar_ros2) StderrLine: {'line': b'      |                                                                              \x1b[01;35m\x1b[K~~~~~~~~~~~~^~~~\x1b[m\x1b[K\n'}
[26.908967] (sllidar_ros2) StderrLine: {'line': b'\x1b[01m\x1b[K/home/rospi/aug_2024/src/sllidar_ros2/sdk/src/dataunpacker/unpacker/../dataunpacker.h:54:103:\x1b[m\x1b[K \x1b[01;35m\x1b[Kwarning: \x1b[m\x1b[Kunused parameter \xe2\x80\x98\x1b[01m\x1b[Ksize\x1b[m\x1b[K\xe2\x80\x99 [\x1b[01;35m\x1b[K\x1b]8;;https://gcc.gnu.org/onlinedocs/gcc/Warning-Options.html#index-Wunused-parameter\x07-Wunused-parameter\x1b]8;;\x07\x1b[m\x1b[K]\n'}
[26.909885] (sllidar_ros2) StderrLine: {'line': b'   54 |         virtual void onCustomSampleDataDecoded(_u8 ansType, _u32 customCode, const void* data, \x1b[01;35m\x1b[Ksize_t size\x1b[m\x1b[K) {}\n'}
[26.910757] (sllidar_ros2) StderrLine: {'line': b'      |                                                                                                \x1b[01;35m\x1b[K~~~~~~~^~~~\x1b[m\x1b[K\n'}
[26.911498] (sllidar_ros2) StderrLine: {'line': b'\x1b[01m\x1b[K/home/rospi/aug_2024/src/sllidar_ros2/sdk/src/dataunpacker/unpacker/../dataunpacker.h:\x1b[m\x1b[K In member function \xe2\x80\x98\x1b[01m\x1b[Kvirtual void sl::internal::LIDARSampleDataListener::onDecodingError(int, _u8, const void*, size_t)\x1b[m\x1b[K\xe2\x80\x99:\n'}
[26.912325] (sllidar_ros2) StderrLine: {'line': b'\x1b[01m\x1b[K/home/rospi/aug_2024/src/sllidar_ros2/sdk/src/dataunpacker/unpacker/../dataunpacker.h:56:42:\x1b[m\x1b[K \x1b[01;35m\x1b[Kwarning: \x1b[m\x1b[Kunused parameter \xe2\x80\x98\x1b[01m\x1b[KerrMsg\x1b[m\x1b[K\xe2\x80\x99 [\x1b[01;35m\x1b[K\x1b]8;;https://gcc.gnu.org/onlinedocs/gcc/Warning-Options.html#index-Wunused-parameter\x07-Wunused-parameter\x1b]8;;\x07\x1b[m\x1b[K]\n'}
[26.913104] (sllidar_ros2) StderrLine: {'line': b'   56 |         virtual void onDecodingError(\x1b[01;35m\x1b[Kint errMsg\x1b[m\x1b[K, _u8 ansType, const void* payload, size_t size) {}\n'}
[26.913885] (sllidar_ros2) StderrLine: {'line': b'      |                                      \x1b[01;35m\x1b[K~~~~^~~~~~\x1b[m\x1b[K\n'}
[26.914662] (sllidar_ros2) StderrLine: {'line': b'\x1b[01m\x1b[K/home/rospi/aug_2024/src/sllidar_ros2/sdk/src/dataunpacker/unpacker/../dataunpacker.h:56:54:\x1b[m\x1b[K \x1b[01;35m\x1b[Kwarning: \x1b[m\x1b[Kunused parameter \xe2\x80\x98\x1b[01m\x1b[KansType\x1b[m\x1b[K\xe2\x80\x99 [\x1b[01;35m\x1b[K\x1b]8;;https://gcc.gnu.org/onlinedocs/gcc/Warning-Options.html#index-Wunused-parameter\x07-Wunused-parameter\x1b]8;;\x07\x1b[m\x1b[K]\n'}
[26.915571] (sllidar_ros2) StderrLine: {'line': b'   56 |         virtual void onDecodingError(int errMsg, \x1b[01;35m\x1b[K_u8 ansType\x1b[m\x1b[K, const void* payload, size_t size) {}\n'}
[26.916440] (sllidar_ros2) StderrLine: {'line': b'      |                                                  \x1b[01;35m\x1b[K~~~~^~~~~~~\x1b[m\x1b[K\n'}
[26.917227] (sllidar_ros2) StderrLine: {'line': b'\x1b[01m\x1b[K/home/rospi/aug_2024/src/sllidar_ros2/sdk/src/dataunpacker/unpacker/../dataunpacker.h:56:75:\x1b[m\x1b[K \x1b[01;35m\x1b[Kwarning: \x1b[m\x1b[Kunused parameter \xe2\x80\x98\x1b[01m\x1b[Kpayload\x1b[m\x1b[K\xe2\x80\x99 [\x1b[01;35m\x1b[K\x1b]8;;https://gcc.gnu.org/onlinedocs/gcc/Warning-Options.html#index-Wunused-parameter\x07-Wunused-parameter\x1b]8;;\x07\x1b[m\x1b[K]\n'}
[26.918041] (sllidar_ros2) StderrLine: {'line': b'   56 |         virtual void onDecodingError(int errMsg, _u8 ansType, \x1b[01;35m\x1b[Kconst void* payload\x1b[m\x1b[K, size_t size) {}\n'}
[26.918773] (sllidar_ros2) StderrLine: {'line': b'      |                                                               \x1b[01;35m\x1b[K~~~~~~~~~~~~^~~~~~~\x1b[m\x1b[K\n'}
[26.919506] (sllidar_ros2) StderrLine: {'line': b'\x1b[01m\x1b[K/home/rospi/aug_2024/src/sllidar_ros2/sdk/src/dataunpacker/unpacker/../dataunpacker.h:56:91:\x1b[m\x1b[K \x1b[01;35m\x1b[Kwarning: \x1b[m\x1b[Kunused parameter \xe2\x80\x98\x1b[01m\x1b[Ksize\x1b[m\x1b[K\xe2\x80\x99 [\x1b[01;35m\x1b[K\x1b]8;;https://gcc.gnu.org/onlinedocs/gcc/Warning-Options.html#index-Wunused-parameter\x07-Wunused-parameter\x1b]8;;\x07\x1b[m\x1b[K]\n'}
[26.932513] (sllidar_ros2) StderrLine: {'line': b'   56 |         virtual void onDecodingError(int errMsg, _u8 ansType, const void* payload, \x1b[01;35m\x1b[Ksize_t size\x1b[m\x1b[K) {}\n'}
[26.945087] (sllidar_ros2) StderrLine: {'line': b'      |                                                                                    \x1b[01;35m\x1b[K~~~~~~~^~~~\x1b[m\x1b[K\n'}
[26.946314] (sllidar_ros2) StderrLine: {'line': b'In file included from \x1b[01m\x1b[K/home/rospi/aug_2024/src/sllidar_ros2/./sdk/include/sl_lidar_cmd.h:41\x1b[m\x1b[K,\n'}
[26.947210] (sllidar_ros2) StderrLine: {'line': b'                 from \x1b[01m\x1b[K/home/rospi/aug_2024/src/sllidar_ros2/./sdk/include/sl_lidar_driver.h:54\x1b[m\x1b[K,\n'}
[26.948109] (sllidar_ros2) StderrLine: {'line': b'                 from \x1b[01m\x1b[K/home/rospi/aug_2024/src/sllidar_ros2/./sdk/include/sl_lidar.h:36\x1b[m\x1b[K,\n'}
[26.948953] (sllidar_ros2) StderrLine: {'line': b'                 from \x1b[01m\x1b[K/home/rospi/aug_2024/src/sllidar_ros2/src/sllidar_node.cpp:38\x1b[m\x1b[K:\n'}
[26.949710] (sllidar_ros2) StderrLine: {'line': b'\x1b[01m\x1b[K/home/rospi/aug_2024/src/sllidar_ros2/./sdk/include/sl_lidar_protocol.h:66:16:\x1b[m\x1b[K \x1b[01;35m\x1b[Kwarning: \x1b[m\x1b[KISO C++ forbids zero-size array \xe2\x80\x98\x1b[01m\x1b[Kdata\x1b[m\x1b[K\xe2\x80\x99 [\x1b[01;35m\x1b[K\x1b]8;;https://gcc.gnu.org/onlinedocs/gcc/Warning-Options.html#index-Wpedantic\x07-Wpedantic\x1b]8;;\x07\x1b[m\x1b[K]\n'}
[26.950541] (sllidar_ros2) StderrLine: {'line': b'   66 |     sl_u8 data[\x1b[01;35m\x1b[K0\x1b[m\x1b[K];\n'}
[26.951305] (sllidar_ros2) StderrLine: {'line': b'      |                \x1b[01;35m\x1b[K^\x1b[m\x1b[K\n'}
[26.952269] (sllidar_ros2) StderrLine: {'line': b'In file included from \x1b[01m\x1b[K/home/rospi/aug_2024/src/sllidar_ros2/./sdk/include/sl_lidar_driver.h:54\x1b[m\x1b[K,\n'}
[26.953070] (sllidar_ros2) StderrLine: {'line': b'                 from \x1b[01m\x1b[K/home/rospi/aug_2024/src/sllidar_ros2/./sdk/include/sl_lidar.h:36\x1b[m\x1b[K,\n'}
[26.953840] (sllidar_ros2) StderrLine: {'line': b'                 from \x1b[01m\x1b[K/home/rospi/aug_2024/src/sllidar_ros2/src/sllidar_node.cpp:38\x1b[m\x1b[K:\n'}
[26.954624] (sllidar_ros2) StderrLine: {'line': b'\x1b[01m\x1b[K/home/rospi/aug_2024/src/sllidar_ros2/./sdk/include/sl_lidar_cmd.h:324:20:\x1b[m\x1b[K \x1b[01;35m\x1b[Kwarning: \x1b[m\x1b[KISO C++ forbids zero-size array \xe2\x80\x98\x1b[01m\x1b[Kpayload\x1b[m\x1b[K\xe2\x80\x99 [\x1b[01;35m\x1b[K\x1b]8;;https://gcc.gnu.org/onlinedocs/gcc/Warning-Options.html#index-Wpedantic\x07-Wpedantic\x1b]8;;\x07\x1b[m\x1b[K]\n'}
[26.955387] (sllidar_ros2) StderrLine: {'line': b'  324 |     sl_u8  payload[\x1b[01;35m\x1b[K0\x1b[m\x1b[K];\n'}
[26.968260] (sllidar_ros2) StderrLine: {'line': b'      |                    \x1b[01;35m\x1b[K^\x1b[m\x1b[K\n'}
[26.974164] (-) TimerEvent: {}
[27.075207] (-) TimerEvent: {}
[27.176238] (-) TimerEvent: {}
[27.277230] (-) TimerEvent: {}
[27.341578] (sllidar_ros2) StderrLine: {'line': b'In file included from \x1b[01m\x1b[K/home/rospi/aug_2024/src/sllidar_ros2/./sdk/include/rplidar_protocol.h:36\x1b[m\x1b[K,\n'}
[27.342788] (sllidar_ros2) StderrLine: {'line': b'                 from \x1b[01m\x1b[K/home/rospi/aug_2024/src/sllidar_ros2/./sdk/include/rplidar.h:39\x1b[m\x1b[K,\n'}
[27.343609] (sllidar_ros2) StderrLine: {'line': b'                 from \x1b[01m\x1b[K/home/rospi/aug_2024/src/sllidar_ros2/./sdk/src/sdkcommon.h:49\x1b[m\x1b[K,\n'}
[27.344584] (sllidar_ros2) StderrLine: {'line': b'                 from \x1b[01m\x1b[K/home/rospi/aug_2024/src/sllidar_ros2/sdk/src/dataunpacker/unpacker/../dataunnpacker_commondef.h:41\x1b[m\x1b[K,\n'}
[27.345439] (sllidar_ros2) StderrLine: {'line': b'                 from \x1b[01m\x1b[K/home/rospi/aug_2024/src/sllidar_ros2/sdk/src/dataunpacker/unpacker/handler_normalnode.cpp:39\x1b[m\x1b[K:\n'}
[27.346100] (sllidar_ros2) StderrLine: {'line': b'\x1b[01m\x1b[K/home/rospi/aug_2024/src/sllidar_ros2/./sdk/include/sl_lidar_protocol.h:66:16:\x1b[m\x1b[K \x1b[01;35m\x1b[Kwarning: \x1b[m\x1b[KISO C++ forbids zero-size array \xe2\x80\x98\x1b[01m\x1b[Kdata\x1b[m\x1b[K\xe2\x80\x99 [\x1b[01;35m\x1b[K\x1b]8;;https://gcc.gnu.org/onlinedocs/gcc/Warning-Options.html#index-Wpedantic\x07-Wpedantic\x1b]8;;\x07\x1b[m\x1b[K]\n'}
[27.347269] (sllidar_ros2) StderrLine: {'line': b'   66 |     sl_u8 data[\x1b[01;35m\x1b[K0\x1b[m\x1b[K];\n'}
[27.347913] (sllidar_ros2) StderrLine: {'line': b'      |                \x1b[01;35m\x1b[K^\x1b[m\x1b[K\n'}
[27.351599] (sllidar_ros2) StderrLine: {'line': b'In file included from \x1b[01m\x1b[K/home/rospi/aug_2024/src/sllidar_ros2/./sdk/include/rplidar_cmd.h:36\x1b[m\x1b[K,\n'}
[27.352844] (sllidar_ros2) StderrLine: {'line': b'                 from \x1b[01m\x1b[K/home/rospi/aug_2024/src/sllidar_ros2/./sdk/include/rplidar.h:40\x1b[m\x1b[K,\n'}
[27.353480] (sllidar_ros2) StderrLine: {'line': b'                 from \x1b[01m\x1b[K/home/rospi/aug_2024/src/sllidar_ros2/./sdk/src/sdkcommon.h:49\x1b[m\x1b[K,\n'}
[27.354114] (sllidar_ros2) StderrLine: {'line': b'                 from \x1b[01m\x1b[K/home/rospi/aug_2024/src/sllidar_ros2/sdk/src/dataunpacker/unpacker/../dataunnpacker_commondef.h:41\x1b[m\x1b[K,\n'}
[27.354996] (sllidar_ros2) StderrLine: {'line': b'                 from \x1b[01m\x1b[K/home/rospi/aug_2024/src/sllidar_ros2/sdk/src/dataunpacker/unpacker/handler_normalnode.cpp:39\x1b[m\x1b[K:\n'}
[27.355754] (sllidar_ros2) StderrLine: {'line': b'\x1b[01m\x1b[K/home/rospi/aug_2024/src/sllidar_ros2/./sdk/include/sl_lidar_cmd.h:324:20:\x1b[m\x1b[K \x1b[01;35m\x1b[Kwarning: \x1b[m\x1b[KISO C++ forbids zero-size array \xe2\x80\x98\x1b[01m\x1b[Kpayload\x1b[m\x1b[K\xe2\x80\x99 [\x1b[01;35m\x1b[K\x1b]8;;https://gcc.gnu.org/onlinedocs/gcc/Warning-Options.html#index-Wpedantic\x07-Wpedantic\x1b]8;;\x07\x1b[m\x1b[K]\n'}
[27.356766] (sllidar_ros2) StderrLine: {'line': b'  324 |     sl_u8  payload[\x1b[01;35m\x1b[K0\x1b[m\x1b[K];\n'}
[27.357563] (sllidar_ros2) StderrLine: {'line': b'      |                    \x1b[01;35m\x1b[K^\x1b[m\x1b[K\n'}
[27.377493] (-) TimerEvent: {}
[27.478709] (-) TimerEvent: {}
[27.579822] (-) TimerEvent: {}
[27.629051] (sllidar_ros2) StdoutLine: {'line': b'[ 50%] \x1b[32mBuilding CXX object CMakeFiles/sllidar_node.dir/sdk/src/hal/thread.cpp.o\x1b[0m\n'}
[27.680134] (-) TimerEvent: {}
[27.781109] (-) TimerEvent: {}
[27.889975] (-) TimerEvent: {}
[27.996320] (-) TimerEvent: {}
[28.103699] (-) TimerEvent: {}
[28.209348] (-) TimerEvent: {}
[28.311056] (-) TimerEvent: {}
[28.412620] (-) TimerEvent: {}
[28.514173] (-) TimerEvent: {}
[28.615771] (-) TimerEvent: {}
[28.664186] (sllidar_ros2) StderrLine: {'line': b'In file included from \x1b[01m\x1b[K/home/rospi/aug_2024/src/sllidar_ros2/sdk/src/dataunpacker/unpacker/handler_normalnode.cpp:40\x1b[m\x1b[K:\n'}
[28.665489] (sllidar_ros2) StderrLine: {'line': b'\x1b[01m\x1b[K/home/rospi/aug_2024/src/sllidar_ros2/sdk/src/dataunpacker/unpacker/../dataunpacker.h:\x1b[m\x1b[K In member function \xe2\x80\x98\x1b[01m\x1b[Kvirtual void sl::internal::LIDARSampleDataListener::onCustomSampleDataDecoded(_u8, _u32, const void*, size_t)\x1b[m\x1b[K\xe2\x80\x99:\n'}
[28.666715] (sllidar_ros2) StderrLine: {'line': b'\x1b[01m\x1b[K/home/rospi/aug_2024/src/sllidar_ros2/sdk/src/dataunpacker/unpacker/../dataunpacker.h:54:52:\x1b[m\x1b[K \x1b[01;35m\x1b[Kwarning: \x1b[m\x1b[Kunused parameter \xe2\x80\x98\x1b[01m\x1b[KansType\x1b[m\x1b[K\xe2\x80\x99 [\x1b[01;35m\x1b[K\x1b]8;;https://gcc.gnu.org/onlinedocs/gcc/Warning-Options.html#index-Wunused-parameter\x07-Wunused-parameter\x1b]8;;\x07\x1b[m\x1b[K]\n'}
[28.667939] (sllidar_ros2) StderrLine: {'line': b'   54 |         virtual void onCustomSampleDataDecoded(\x1b[01;35m\x1b[K_u8 ansType\x1b[m\x1b[K, _u32 customCode, const void* data, size_t size) {}\n'}
[28.669140] (sllidar_ros2) StderrLine: {'line': b'      |                                                \x1b[01;35m\x1b[K~~~~^~~~~~~\x1b[m\x1b[K\n'}
[28.670435] (sllidar_ros2) StderrLine: {'line': b'\x1b[01m\x1b[K/home/rospi/aug_2024/src/sllidar_ros2/sdk/src/dataunpacker/unpacker/../dataunpacker.h:54:66:\x1b[m\x1b[K \x1b[01;35m\x1b[Kwarning: \x1b[m\x1b[Kunused parameter \xe2\x80\x98\x1b[01m\x1b[KcustomCode\x1b[m\x1b[K\xe2\x80\x99 [\x1b[01;35m\x1b[K\x1b]8;;https://gcc.gnu.org/onlinedocs/gcc/Warning-Options.html#index-Wunused-parameter\x07-Wunused-parameter\x1b]8;;\x07\x1b[m\x1b[K]\n'}
[28.671625] (sllidar_ros2) StderrLine: {'line': b'   54 |         virtual void onCustomSampleDataDecoded(_u8 ansType, \x1b[01;35m\x1b[K_u32 customCode\x1b[m\x1b[K, const void* data, size_t size) {}\n'}
[28.672950] (sllidar_ros2) StderrLine: {'line': b'      |                                                             \x1b[01;35m\x1b[K~~~~~^~~~~~~~~~\x1b[m\x1b[K\n'}
[28.674369] (sllidar_ros2) StderrLine: {'line': b'\x1b[01m\x1b[K/home/rospi/aug_2024/src/sllidar_ros2/sdk/src/dataunpacker/unpacker/../dataunpacker.h:54:90:\x1b[m\x1b[K \x1b[01;35m\x1b[Kwarning: \x1b[m\x1b[Kunused parameter \xe2\x80\x98\x1b[01m\x1b[Kdata\x1b[m\x1b[K\xe2\x80\x99 [\x1b[01;35m\x1b[K\x1b]8;;https://gcc.gnu.org/onlinedocs/gcc/Warning-Options.html#index-Wunused-parameter\x07-Wunused-parameter\x1b]8;;\x07\x1b[m\x1b[K]\n'}
[28.675560] (sllidar_ros2) StderrLine: {'line': b'   54 |         virtual void onCustomSampleDataDecoded(_u8 ansType, _u32 customCode, \x1b[01;35m\x1b[Kconst void* data\x1b[m\x1b[K, size_t size) {}\n'}
[28.676738] (sllidar_ros2) StderrLine: {'line': b'      |                                                                              \x1b[01;35m\x1b[K~~~~~~~~~~~~^~~~\x1b[m\x1b[K\n'}
[28.678047] (sllidar_ros2) StderrLine: {'line': b'\x1b[01m\x1b[K/home/rospi/aug_2024/src/sllidar_ros2/sdk/src/dataunpacker/unpacker/../dataunpacker.h:54:103:\x1b[m\x1b[K \x1b[01;35m\x1b[Kwarning: \x1b[m\x1b[Kunused parameter \xe2\x80\x98\x1b[01m\x1b[Ksize\x1b[m\x1b[K\xe2\x80\x99 [\x1b[01;35m\x1b[K\x1b]8;;https://gcc.gnu.org/onlinedocs/gcc/Warning-Options.html#index-Wunused-parameter\x07-Wunused-parameter\x1b]8;;\x07\x1b[m\x1b[K]\n'}
[28.680930] (sllidar_ros2) StderrLine: {'line': b'   54 |         virtual void onCustomSampleDataDecoded(_u8 ansType, _u32 customCode, const void* data, \x1b[01;35m\x1b[Ksize_t size\x1b[m\x1b[K) {}\n'}
[28.681661] (sllidar_ros2) StderrLine: {'line': b'      |                                                                                                \x1b[01;35m\x1b[K~~~~~~~^~~~\x1b[m\x1b[K\n'}
[28.682284] (sllidar_ros2) StderrLine: {'line': b'\x1b[01m\x1b[K/home/rospi/aug_2024/src/sllidar_ros2/sdk/src/dataunpacker/unpacker/../dataunpacker.h:\x1b[m\x1b[K In member function \xe2\x80\x98\x1b[01m\x1b[Kvirtual void sl::internal::LIDARSampleDataListener::onDecodingError(int, _u8, const void*, size_t)\x1b[m\x1b[K\xe2\x80\x99:\n'}
[28.682903] (sllidar_ros2) StderrLine: {'line': b'\x1b[01m\x1b[K/home/rospi/aug_2024/src/sllidar_ros2/sdk/src/dataunpacker/unpacker/../dataunpacker.h:56:42:\x1b[m\x1b[K \x1b[01;35m\x1b[Kwarning: \x1b[m\x1b[Kunused parameter \xe2\x80\x98\x1b[01m\x1b[KerrMsg\x1b[m\x1b[K\xe2\x80\x99 [\x1b[01;35m\x1b[K\x1b]8;;https://gcc.gnu.org/onlinedocs/gcc/Warning-Options.html#index-Wunused-parameter\x07-Wunused-parameter\x1b]8;;\x07\x1b[m\x1b[K]\n'}
[28.683529] (sllidar_ros2) StderrLine: {'line': b'   56 |         virtual void onDecodingError(\x1b[01;35m\x1b[Kint errMsg\x1b[m\x1b[K, _u8 ansType, const void* payload, size_t size) {}\n'}
[28.684297] (sllidar_ros2) StderrLine: {'line': b'      |                                      \x1b[01;35m\x1b[K~~~~^~~~~~\x1b[m\x1b[K\n'}
[28.685005] (sllidar_ros2) StderrLine: {'line': b'\x1b[01m\x1b[K/home/rospi/aug_2024/src/sllidar_ros2/sdk/src/dataunpacker/unpacker/../dataunpacker.h:56:54:\x1b[m\x1b[K \x1b[01;35m\x1b[Kwarning: \x1b[m\x1b[Kunused parameter \xe2\x80\x98\x1b[01m\x1b[KansType\x1b[m\x1b[K\xe2\x80\x99 [\x1b[01;35m\x1b[K\x1b]8;;https://gcc.gnu.org/onlinedocs/gcc/Warning-Options.html#index-Wunused-parameter\x07-Wunused-parameter\x1b]8;;\x07\x1b[m\x1b[K]\n'}
[28.700263] (sllidar_ros2) StderrLine: {'line': b'   56 |         virtual void onDecodingError(int errMsg, \x1b[01;35m\x1b[K_u8 ansType\x1b[m\x1b[K, const void* payload, size_t size) {}\n'}
[28.701119] (sllidar_ros2) StderrLine: {'line': b'      |                                                  \x1b[01;35m\x1b[K~~~~^~~~~~~\x1b[m\x1b[K\n'}
[28.701809] (sllidar_ros2) StderrLine: {'line': b'\x1b[01m\x1b[K/home/rospi/aug_2024/src/sllidar_ros2/sdk/src/dataunpacker/unpacker/../dataunpacker.h:56:75:\x1b[m\x1b[K \x1b[01;35m\x1b[Kwarning: \x1b[m\x1b[Kunused parameter \xe2\x80\x98\x1b[01m\x1b[Kpayload\x1b[m\x1b[K\xe2\x80\x99 [\x1b[01;35m\x1b[K\x1b]8;;https://gcc.gnu.org/onlinedocs/gcc/Warning-Options.html#index-Wunused-parameter\x07-Wunused-parameter\x1b]8;;\x07\x1b[m\x1b[K]\n'}
[28.702665] (sllidar_ros2) StderrLine: {'line': b'   56 |         virtual void onDecodingError(int errMsg, _u8 ansType, \x1b[01;35m\x1b[Kconst void* payload\x1b[m\x1b[K, size_t size) {}\n'}
[28.703367] (sllidar_ros2) StderrLine: {'line': b'      |                                                               \x1b[01;35m\x1b[K~~~~~~~~~~~~^~~~~~~\x1b[m\x1b[K\n'}
[28.703976] (sllidar_ros2) StderrLine: {'line': b'\x1b[01m\x1b[K/home/rospi/aug_2024/src/sllidar_ros2/sdk/src/dataunpacker/unpacker/../dataunpacker.h:56:91:\x1b[m\x1b[K \x1b[01;35m\x1b[Kwarning: \x1b[m\x1b[Kunused parameter \xe2\x80\x98\x1b[01m\x1b[Ksize\x1b[m\x1b[K\xe2\x80\x99 [\x1b[01;35m\x1b[K\x1b]8;;https://gcc.gnu.org/onlinedocs/gcc/Warning-Options.html#index-Wunused-parameter\x07-Wunused-parameter\x1b]8;;\x07\x1b[m\x1b[K]\n'}
[28.704726] (sllidar_ros2) StderrLine: {'line': b'   56 |         virtual void onDecodingError(int errMsg, _u8 ansType, const void* payload, \x1b[01;35m\x1b[Ksize_t size\x1b[m\x1b[K) {}\n'}
[28.705348] (sllidar_ros2) StderrLine: {'line': b'      |                                                                                    \x1b[01;35m\x1b[K~~~~~~~^~~~\x1b[m\x1b[K\n'}
[28.716015] (-) TimerEvent: {}
[28.817610] (-) TimerEvent: {}
[28.919136] (-) TimerEvent: {}
[29.020762] (-) TimerEvent: {}
[29.122505] (-) TimerEvent: {}
[29.224308] (-) TimerEvent: {}
[29.325927] (-) TimerEvent: {}
[29.428271] (-) TimerEvent: {}
[29.481325] (sllidar_ros2) StdoutLine: {'line': b'[ 55%] \x1b[32mBuilding CXX object CMakeFiles/sllidar_node.dir/sdk/src/rplidar_driver.cpp.o\x1b[0m\n'}
[29.528466] (-) TimerEvent: {}
[29.631557] (-) TimerEvent: {}
[29.733335] (-) TimerEvent: {}
[29.834837] (-) TimerEvent: {}
[29.936354] (-) TimerEvent: {}
[30.038935] (-) TimerEvent: {}
[30.140955] (-) TimerEvent: {}
[30.242014] (-) TimerEvent: {}
[30.343039] (-) TimerEvent: {}
[30.444511] (-) TimerEvent: {}
[30.545691] (-) TimerEvent: {}
[30.571644] (sllidar_ros2) StderrLine: {'line': b'In file included from \x1b[01m\x1b[K/home/rospi/aug_2024/src/sllidar_ros2/./sdk/include/rplidar_protocol.h:36\x1b[m\x1b[K,\n'}
[30.572925] (sllidar_ros2) StderrLine: {'line': b'                 from \x1b[01m\x1b[K/home/rospi/aug_2024/src/sllidar_ros2/./sdk/include/rplidar.h:39\x1b[m\x1b[K,\n'}
[30.573811] (sllidar_ros2) StderrLine: {'line': b'                 from \x1b[01m\x1b[K/home/rospi/aug_2024/src/sllidar_ros2/./sdk/src/sdkcommon.h:49\x1b[m\x1b[K,\n'}
[30.574930] (sllidar_ros2) StderrLine: {'line': b'                 from \x1b[01m\x1b[K/home/rospi/aug_2024/src/sllidar_ros2/sdk/src/hal/thread.cpp:35\x1b[m\x1b[K:\n'}
[30.576301] (sllidar_ros2) StderrLine: {'line': b'\x1b[01m\x1b[K/home/rospi/aug_2024/src/sllidar_ros2/./sdk/include/sl_lidar_protocol.h:66:16:\x1b[m\x1b[K \x1b[01;35m\x1b[Kwarning: \x1b[m\x1b[KISO C++ forbids zero-size array \xe2\x80\x98\x1b[01m\x1b[Kdata\x1b[m\x1b[K\xe2\x80\x99 [\x1b[01;35m\x1b[K\x1b]8;;https://gcc.gnu.org/onlinedocs/gcc/Warning-Options.html#index-Wpedantic\x07-Wpedantic\x1b]8;;\x07\x1b[m\x1b[K]\n'}
[30.577236] (sllidar_ros2) StderrLine: {'line': b'   66 |     sl_u8 data[\x1b[01;35m\x1b[K0\x1b[m\x1b[K];\n'}
[30.578149] (sllidar_ros2) StderrLine: {'line': b'      |                \x1b[01;35m\x1b[K^\x1b[m\x1b[K\n'}
[30.579326] (sllidar_ros2) StderrLine: {'line': b'In file included from \x1b[01m\x1b[K/home/rospi/aug_2024/src/sllidar_ros2/./sdk/include/rplidar_cmd.h:36\x1b[m\x1b[K,\n'}
[30.580256] (sllidar_ros2) StderrLine: {'line': b'                 from \x1b[01m\x1b[K/home/rospi/aug_2024/src/sllidar_ros2/./sdk/include/rplidar.h:40\x1b[m\x1b[K,\n'}
[30.581217] (sllidar_ros2) StderrLine: {'line': b'                 from \x1b[01m\x1b[K/home/rospi/aug_2024/src/sllidar_ros2/./sdk/src/sdkcommon.h:49\x1b[m\x1b[K,\n'}
[30.582067] (sllidar_ros2) StderrLine: {'line': b'                 from \x1b[01m\x1b[K/home/rospi/aug_2024/src/sllidar_ros2/sdk/src/hal/thread.cpp:35\x1b[m\x1b[K:\n'}
[30.582885] (sllidar_ros2) StderrLine: {'line': b'\x1b[01m\x1b[K/home/rospi/aug_2024/src/sllidar_ros2/./sdk/include/sl_lidar_cmd.h:324:20:\x1b[m\x1b[K \x1b[01;35m\x1b[Kwarning: \x1b[m\x1b[KISO C++ forbids zero-size array \xe2\x80\x98\x1b[01m\x1b[Kpayload\x1b[m\x1b[K\xe2\x80\x99 [\x1b[01;35m\x1b[K\x1b]8;;https://gcc.gnu.org/onlinedocs/gcc/Warning-Options.html#index-Wpedantic\x07-Wpedantic\x1b]8;;\x07\x1b[m\x1b[K]\n'}
[30.583904] (sllidar_ros2) StderrLine: {'line': b'  324 |     sl_u8  payload[\x1b[01;35m\x1b[K0\x1b[m\x1b[K];\n'}
[30.597340] (sllidar_ros2) StderrLine: {'line': b'      |                    \x1b[01;35m\x1b[K^\x1b[m\x1b[K\n'}
[30.645981] (-) TimerEvent: {}
[30.747124] (-) TimerEvent: {}
[30.848491] (-) TimerEvent: {}
[30.849812] (sllidar_ros2) StderrLine: {'line': b'In file included from \x1b[01m\x1b[K/home/rospi/aug_2024/src/sllidar_ros2/sdk/src/hal/thread.cpp:43\x1b[m\x1b[K:\n'}
[30.850776] (sllidar_ros2) StderrLine: {'line': b'\x1b[01m\x1b[K/home/rospi/aug_2024/src/sllidar_ros2/./sdk/src/arch/linux/thread.hpp:\x1b[m\x1b[K In static member function \xe2\x80\x98\x1b[01m\x1b[Kstatic rp::hal::Thread rp::hal::Thread::create(thread_proc_t, void*)\x1b[m\x1b[K\xe2\x80\x99:\n'}
[30.851658] (sllidar_ros2) StderrLine: {'line': b'\x1b[01m\x1b[K/home/rospi/aug_2024/src/sllidar_ros2/./sdk/src/arch/linux/thread.hpp:52:57:\x1b[m\x1b[K \x1b[01;35m\x1b[Kwarning: \x1b[m\x1b[Kcast between incompatible function types from \xe2\x80\x98\x1b[01m\x1b[Kthread_proc_t\x1b[m\x1b[K\xe2\x80\x99 {aka \xe2\x80\x98\x1b[01m\x1b[Klong unsigned int (*)(void*)\x1b[m\x1b[K\xe2\x80\x99} to \xe2\x80\x98\x1b[01m\x1b[Kvoid* (*)(void*)\x1b[m\x1b[K\xe2\x80\x99 [\x1b[01;35m\x1b[K\x1b]8;;https://gcc.gnu.org/onlinedocs/gcc/Warning-Options.html#index-Wcast-function-type\x07-Wcast-function-type\x1b]8;;\x07\x1b[m\x1b[K]\n'}
[30.852619] (sllidar_ros2) StderrLine: {'line': b'   52 |     pthread_create((pthread_t *)&newborn._handle, NULL, \x1b[01;35m\x1b[K(void * (*)(void *))proc\x1b[m\x1b[K, data);\n'}
[30.853515] (sllidar_ros2) StderrLine: {'line': b'      |                                                         \x1b[01;35m\x1b[K^~~~~~~~~~~~~~~~~~~~~~~~\x1b[m\x1b[K\n'}
[30.855054] (sllidar_ros2) StderrLine: {'line': b'\x1b[01m\x1b[K/home/rospi/aug_2024/src/sllidar_ros2/./sdk/src/arch/linux/thread.hpp:\x1b[m\x1b[K In member function \xe2\x80\x98\x1b[01m\x1b[Ku_result rp::hal::Thread::join(long unsigned int)\x1b[m\x1b[K\xe2\x80\x99:\n'}
[30.855924] (sllidar_ros2) StderrLine: {'line': b'\x1b[01m\x1b[K/home/rospi/aug_2024/src/sllidar_ros2/./sdk/src/arch/linux/thread.hpp:176:37:\x1b[m\x1b[K \x1b[01;35m\x1b[Kwarning: \x1b[m\x1b[Kunused parameter \xe2\x80\x98\x1b[01m\x1b[Ktimeout\x1b[m\x1b[K\xe2\x80\x99 [\x1b[01;35m\x1b[K\x1b]8;;https://gcc.gnu.org/onlinedocs/gcc/Warning-Options.html#index-Wunused-parameter\x07-Wunused-parameter\x1b]8;;\x07\x1b[m\x1b[K]\n'}
[30.856900] (sllidar_ros2) StderrLine: {'line': b'  176 | u_result Thread::join(\x1b[01;35m\x1b[Kunsigned long timeout\x1b[m\x1b[K)\n'}
[30.857739] (sllidar_ros2) StderrLine: {'line': b'      |                       \x1b[01;35m\x1b[K~~~~~~~~~~~~~~^~~~~~~\x1b[m\x1b[K\n'}
[30.948753] (-) TimerEvent: {}
[31.049849] (-) TimerEvent: {}
[31.150896] (-) TimerEvent: {}
[31.252016] (-) TimerEvent: {}
[31.309641] (sllidar_ros2) StdoutLine: {'line': b'[ 60%] \x1b[32mBuilding CXX object CMakeFiles/sllidar_node.dir/sdk/src/sl_async_transceiver.cpp.o\x1b[0m\n'}
[31.352316] (-) TimerEvent: {}
[31.453525] (-) TimerEvent: {}
[31.554583] (-) TimerEvent: {}
[31.655644] (-) TimerEvent: {}
[31.757030] (-) TimerEvent: {}
[31.858582] (-) TimerEvent: {}
[31.960278] (-) TimerEvent: {}
[32.061367] (-) TimerEvent: {}
[32.168679] (-) TimerEvent: {}
[32.269686] (-) TimerEvent: {}
[32.370835] (-) TimerEvent: {}
[32.471997] (-) TimerEvent: {}
[32.573360] (-) TimerEvent: {}
[32.674379] (-) TimerEvent: {}
[32.749624] (sllidar_ros2) StderrLine: {'line': b'In file included from \x1b[01m\x1b[K/home/rospi/aug_2024/src/sllidar_ros2/./sdk/include/rplidar_protocol.h:36\x1b[m\x1b[K,\n'}
[32.751051] (sllidar_ros2) StderrLine: {'line': b'                 from \x1b[01m\x1b[K/home/rospi/aug_2024/src/sllidar_ros2/./sdk/include/rplidar.h:39\x1b[m\x1b[K,\n'}
[32.752575] (sllidar_ros2) StderrLine: {'line': b'                 from \x1b[01m\x1b[K/home/rospi/aug_2024/src/sllidar_ros2/sdk/src/sdkcommon.h:49\x1b[m\x1b[K,\n'}
[32.754127] (sllidar_ros2) StderrLine: {'line': b'                 from \x1b[01m\x1b[K/home/rospi/aug_2024/src/sllidar_ros2/sdk/src/rplidar_driver.cpp:33\x1b[m\x1b[K:\n'}
[32.755611] (sllidar_ros2) StderrLine: {'line': b'\x1b[01m\x1b[K/home/rospi/aug_2024/src/sllidar_ros2/./sdk/include/sl_lidar_protocol.h:66:16:\x1b[m\x1b[K \x1b[01;35m\x1b[Kwarning: \x1b[m\x1b[KISO C++ forbids zero-size array \xe2\x80\x98\x1b[01m\x1b[Kdata\x1b[m\x1b[K\xe2\x80\x99 [\x1b[01;35m\x1b[K\x1b]8;;https://gcc.gnu.org/onlinedocs/gcc/Warning-Options.html#index-Wpedantic\x07-Wpedantic\x1b]8;;\x07\x1b[m\x1b[K]\n'}
[32.757009] (sllidar_ros2) StderrLine: {'line': b'   66 |     sl_u8 data[\x1b[01;35m\x1b[K0\x1b[m\x1b[K];\n'}
[32.758370] (sllidar_ros2) StderrLine: {'line': b'      |                \x1b[01;35m\x1b[K^\x1b[m\x1b[K\n'}
[32.762686] (sllidar_ros2) StderrLine: {'line': b'In file included from \x1b[01m\x1b[K/home/rospi/aug_2024/src/sllidar_ros2/./sdk/include/rplidar_cmd.h:36\x1b[m\x1b[K,\n'}
[32.763830] (sllidar_ros2) StderrLine: {'line': b'                 from \x1b[01m\x1b[K/home/rospi/aug_2024/src/sllidar_ros2/./sdk/include/rplidar.h:40\x1b[m\x1b[K,\n'}
[32.764931] (sllidar_ros2) StderrLine: {'line': b'                 from \x1b[01m\x1b[K/home/rospi/aug_2024/src/sllidar_ros2/sdk/src/sdkcommon.h:49\x1b[m\x1b[K,\n'}
[32.765742] (sllidar_ros2) StderrLine: {'line': b'                 from \x1b[01m\x1b[K/home/rospi/aug_2024/src/sllidar_ros2/sdk/src/rplidar_driver.cpp:33\x1b[m\x1b[K:\n'}
[32.766547] (sllidar_ros2) StderrLine: {'line': b'\x1b[01m\x1b[K/home/rospi/aug_2024/src/sllidar_ros2/./sdk/include/sl_lidar_cmd.h:324:20:\x1b[m\x1b[K \x1b[01;35m\x1b[Kwarning: \x1b[m\x1b[KISO C++ forbids zero-size array \xe2\x80\x98\x1b[01m\x1b[Kpayload\x1b[m\x1b[K\xe2\x80\x99 [\x1b[01;35m\x1b[K\x1b]8;;https://gcc.gnu.org/onlinedocs/gcc/Warning-Options.html#index-Wpedantic\x07-Wpedantic\x1b]8;;\x07\x1b[m\x1b[K]\n'}
[32.767379] (sllidar_ros2) StderrLine: {'line': b'  324 |     sl_u8  payload[\x1b[01;35m\x1b[K0\x1b[m\x1b[K];\n'}
[32.768420] (sllidar_ros2) StderrLine: {'line': b'      |                    \x1b[01;35m\x1b[K^\x1b[m\x1b[K\n'}
[32.774663] (-) TimerEvent: {}
[32.875733] (-) TimerEvent: {}
[32.976839] (-) TimerEvent: {}
[33.077967] (-) TimerEvent: {}
[33.179115] (-) TimerEvent: {}
[33.282975] (-) TimerEvent: {}
[33.384166] (-) TimerEvent: {}
[33.489830] (-) TimerEvent: {}
[33.591478] (-) TimerEvent: {}
[33.692558] (-) TimerEvent: {}
[33.793531] (-) TimerEvent: {}
[33.894759] (-) TimerEvent: {}
[33.976315] (sllidar_ros2) StderrLine: {'line': b'\x1b[01m\x1b[K/home/rospi/aug_2024/src/sllidar_ros2/sdk/src/rplidar_driver.cpp:\x1b[m\x1b[K In member function \xe2\x80\x98\x1b[01m\x1b[Ku_result rp::standalone::rplidar::RPlidarDriver::connect(const char*, _u32, _u32)\x1b[m\x1b[K\xe2\x80\x99:\n'}
[33.979038] (sllidar_ros2) StderrLine: {'line': b'\x1b[01m\x1b[K/home/rospi/aug_2024/src/sllidar_ros2/sdk/src/rplidar_driver.cpp:67:77:\x1b[m\x1b[K \x1b[01;35m\x1b[Kwarning: \x1b[m\x1b[Kunused parameter \xe2\x80\x98\x1b[01m\x1b[Kflag\x1b[m\x1b[K\xe2\x80\x99 [\x1b[01;35m\x1b[K\x1b]8;;https://gcc.gnu.org/onlinedocs/gcc/Warning-Options.html#index-Wunused-parameter\x07-Wunused-parameter\x1b]8;;\x07\x1b[m\x1b[K]\n'}
[33.982404] (sllidar_ros2) StderrLine: {'line': b'   67 |     u_result RPlidarDriver::connect(const char *path, _u32 portOrBaud, \x1b[01;35m\x1b[K_u32 flag\x1b[m\x1b[K)\n'}
[33.984879] (sllidar_ros2) StderrLine: {'line': b'      |                                                                        \x1b[01;35m\x1b[K~~~~~^~~~\x1b[m\x1b[K\n'}
[33.989297] (sllidar_ros2) StderrLine: {'line': b'\x1b[01m\x1b[K/home/rospi/aug_2024/src/sllidar_ros2/sdk/src/rplidar_driver.cpp:\x1b[m\x1b[K In member function \xe2\x80\x98\x1b[01m\x1b[Ku_result rp::standalone::rplidar::RPlidarDriver::reset(_u32)\x1b[m\x1b[K\xe2\x80\x99:\n'}
[33.992960] (sllidar_ros2) StderrLine: {'line': b'\x1b[01m\x1b[K/home/rospi/aug_2024/src/sllidar_ros2/sdk/src/rplidar_driver.cpp:101:40:\x1b[m\x1b[K \x1b[01;35m\x1b[Kwarning: \x1b[m\x1b[Kunused parameter \xe2\x80\x98\x1b[01m\x1b[Ktimeout\x1b[m\x1b[K\xe2\x80\x99 [\x1b[01;35m\x1b[K\x1b]8;;https://gcc.gnu.org/onlinedocs/gcc/Warning-Options.html#index-Wunused-parameter\x07-Wunused-parameter\x1b]8;;\x07\x1b[m\x1b[K]\n'}
[34.006415] (sllidar_ros2) StderrLine: {'line': b'  101 |     u_result RPlidarDriver::reset(\x1b[01;35m\x1b[K_u32 timeout\x1b[m\x1b[K)\n'}
[34.008374] (-) TimerEvent: {}
[34.009834] (sllidar_ros2) StderrLine: {'line': b'      |                                   \x1b[01;35m\x1b[K~~~~~^~~~~~~\x1b[m\x1b[K\n'}
[34.010996] (sllidar_ros2) StderrLine: {'line': b'\x1b[01m\x1b[K/home/rospi/aug_2024/src/sllidar_ros2/sdk/src/rplidar_driver.cpp:\x1b[m\x1b[K In member function \xe2\x80\x98\x1b[01m\x1b[Ku_result rp::standalone::rplidar::RPlidarDriver::getScanDataWithInterval(rplidar_response_measurement_node_t*, size_t&)\x1b[m\x1b[K\xe2\x80\x99:\n'}
[34.012990] (sllidar_ros2) StderrLine: {'line': b'\x1b[01m\x1b[K/home/rospi/aug_2024/src/sllidar_ros2/sdk/src/rplidar_driver.cpp:180:91:\x1b[m\x1b[K \x1b[01;35m\x1b[Kwarning: \x1b[m\x1b[Kunused parameter \xe2\x80\x98\x1b[01m\x1b[Knodebuffer\x1b[m\x1b[K\xe2\x80\x99 [\x1b[01;35m\x1b[K\x1b]8;;https://gcc.gnu.org/onlinedocs/gcc/Warning-Options.html#index-Wunused-parameter\x07-Wunused-parameter\x1b]8;;\x07\x1b[m\x1b[K]\n'}
[34.015531] (sllidar_ros2) StderrLine: {'line': b'  180 |     u_result RPlidarDriver::getScanDataWithInterval(\x1b[01;35m\x1b[Krplidar_response_measurement_node_t * nodebuffer\x1b[m\x1b[K, size_t & count)\n'}
[34.032341] (sllidar_ros2) StderrLine: {'line': b'      |                                                     \x1b[01;35m\x1b[K~~~~~~~~~~~~~~~~~~~~~~~~~~~~~~~~~~~~~~^~~~~~~~~~\x1b[m\x1b[K\n'}
[34.033880] (sllidar_ros2) StderrLine: {'line': b'\x1b[01m\x1b[K/home/rospi/aug_2024/src/sllidar_ros2/sdk/src/rplidar_driver.cpp:180:112:\x1b[m\x1b[K \x1b[01;35m\x1b[Kwarning: \x1b[m\x1b[Kunused parameter \xe2\x80\x98\x1b[01m\x1b[Kcount\x1b[m\x1b[K\xe2\x80\x99 [\x1b[01;35m\x1b[K\x1b]8;;https://gcc.gnu.org/onlinedocs/gcc/Warning-Options.html#index-Wunused-parameter\x07-Wunused-parameter\x1b]8;;\x07\x1b[m\x1b[K]\n'}
[34.035279] (sllidar_ros2) StderrLine: {'line': b'  180 |     u_result RPlidarDriver::getScanDataWithInterval(rplidar_response_measurement_node_t * nodebuffer, \x1b[01;35m\x1b[Ksize_t & count\x1b[m\x1b[K)\n'}
[34.036963] (sllidar_ros2) StderrLine: {'line': b'      |                                                                                                       \x1b[01;35m\x1b[K~~~~~~~~~^~~~~\x1b[m\x1b[K\n'}
[34.108849] (-) TimerEvent: {}
[34.211152] (-) TimerEvent: {}
[34.312670] (-) TimerEvent: {}
[34.414003] (-) TimerEvent: {}
[34.515278] (-) TimerEvent: {}
[34.551177] (sllidar_ros2) StderrLine: {'line': b'In file included from \x1b[01m\x1b[K/home/rospi/aug_2024/src/sllidar_ros2/./sdk/include/rplidar_protocol.h:36\x1b[m\x1b[K,\n'}
[34.553204] (sllidar_ros2) StderrLine: {'line': b'                 from \x1b[01m\x1b[K/home/rospi/aug_2024/src/sllidar_ros2/./sdk/include/rplidar.h:39\x1b[m\x1b[K,\n'}
[34.554668] (sllidar_ros2) StderrLine: {'line': b'                 from \x1b[01m\x1b[K/home/rospi/aug_2024/src/sllidar_ros2/sdk/src/sdkcommon.h:49\x1b[m\x1b[K,\n'}
[34.556833] (sllidar_ros2) StderrLine: {'line': b'                 from \x1b[01m\x1b[K/home/rospi/aug_2024/src/sllidar_ros2/sdk/src/sl_async_transceiver.cpp:35\x1b[m\x1b[K:\n'}
[34.559195] (sllidar_ros2) StderrLine: {'line': b'\x1b[01m\x1b[K/home/rospi/aug_2024/src/sllidar_ros2/./sdk/include/sl_lidar_protocol.h:66:16:\x1b[m\x1b[K \x1b[01;35m\x1b[Kwarning: \x1b[m\x1b[KISO C++ forbids zero-size array \xe2\x80\x98\x1b[01m\x1b[Kdata\x1b[m\x1b[K\xe2\x80\x99 [\x1b[01;35m\x1b[K\x1b]8;;https://gcc.gnu.org/onlinedocs/gcc/Warning-Options.html#index-Wpedantic\x07-Wpedantic\x1b]8;;\x07\x1b[m\x1b[K]\n'}
[34.562253] (sllidar_ros2) StderrLine: {'line': b'   66 |     sl_u8 data[\x1b[01;35m\x1b[K0\x1b[m\x1b[K];\n'}
[34.563601] (sllidar_ros2) StderrLine: {'line': b'      |                \x1b[01;35m\x1b[K^\x1b[m\x1b[K\n'}
[34.571288] (sllidar_ros2) StderrLine: {'line': b'In file included from \x1b[01m\x1b[K/home/rospi/aug_2024/src/sllidar_ros2/./sdk/include/rplidar_cmd.h:36\x1b[m\x1b[K,\n'}
[34.572730] (sllidar_ros2) StderrLine: {'line': b'                 from \x1b[01m\x1b[K/home/rospi/aug_2024/src/sllidar_ros2/./sdk/include/rplidar.h:40\x1b[m\x1b[K,\n'}
[34.573859] (sllidar_ros2) StderrLine: {'line': b'                 from \x1b[01m\x1b[K/home/rospi/aug_2024/src/sllidar_ros2/sdk/src/sdkcommon.h:49\x1b[m\x1b[K,\n'}
[34.574991] (sllidar_ros2) StderrLine: {'line': b'                 from \x1b[01m\x1b[K/home/rospi/aug_2024/src/sllidar_ros2/sdk/src/sl_async_transceiver.cpp:35\x1b[m\x1b[K:\n'}
[34.576156] (sllidar_ros2) StderrLine: {'line': b'\x1b[01m\x1b[K/home/rospi/aug_2024/src/sllidar_ros2/./sdk/include/sl_lidar_cmd.h:324:20:\x1b[m\x1b[K \x1b[01;35m\x1b[Kwarning: \x1b[m\x1b[KISO C++ forbids zero-size array \xe2\x80\x98\x1b[01m\x1b[Kpayload\x1b[m\x1b[K\xe2\x80\x99 [\x1b[01;35m\x1b[K\x1b]8;;https://gcc.gnu.org/onlinedocs/gcc/Warning-Options.html#index-Wpedantic\x07-Wpedantic\x1b]8;;\x07\x1b[m\x1b[K]\n'}
[34.577320] (sllidar_ros2) StderrLine: {'line': b'  324 |     sl_u8  payload[\x1b[01;35m\x1b[K0\x1b[m\x1b[K];\n'}
[34.578336] (sllidar_ros2) StderrLine: {'line': b'      |                    \x1b[01;35m\x1b[K^\x1b[m\x1b[K\n'}
[34.615562] (-) TimerEvent: {}
[34.716810] (-) TimerEvent: {}
[34.818070] (-) TimerEvent: {}
[34.832967] (sllidar_ros2) StdoutLine: {'line': b'[ 65%] \x1b[32mBuilding CXX object CMakeFiles/sllidar_node.dir/sdk/src/sl_crc.cpp.o\x1b[0m\n'}
[34.918316] (-) TimerEvent: {}
[34.994160] (sllidar_ros2) StderrLine: {'line': b'In file included from \x1b[01m\x1b[K/home/rospi/aug_2024/src/sllidar_ros2/./sdk/include/sl_lidar_cmd.h:41\x1b[m\x1b[K,\n'}
[34.996959] (sllidar_ros2) StderrLine: {'line': b'                 from \x1b[01m\x1b[K/home/rospi/aug_2024/src/sllidar_ros2/./sdk/include/sl_crc.h:36\x1b[m\x1b[K,\n'}
[34.997961] (sllidar_ros2) StderrLine: {'line': b'                 from \x1b[01m\x1b[K/home/rospi/aug_2024/src/sllidar_ros2/sdk/src/sl_crc.cpp:33\x1b[m\x1b[K:\n'}
[34.999197] (sllidar_ros2) StderrLine: {'line': b'\x1b[01m\x1b[K/home/rospi/aug_2024/src/sllidar_ros2/./sdk/include/sl_lidar_protocol.h:66:16:\x1b[m\x1b[K \x1b[01;35m\x1b[Kwarning: \x1b[m\x1b[KISO C++ forbids zero-size array \xe2\x80\x98\x1b[01m\x1b[Kdata\x1b[m\x1b[K\xe2\x80\x99 [\x1b[01;35m\x1b[K\x1b]8;;https://gcc.gnu.org/onlinedocs/gcc/Warning-Options.html#index-Wpedantic\x07-Wpedantic\x1b]8;;\x07\x1b[m\x1b[K]\n'}
[35.000598] (sllidar_ros2) StderrLine: {'line': b'   66 |     sl_u8 data[\x1b[01;35m\x1b[K0\x1b[m\x1b[K];\n'}
[35.001691] (sllidar_ros2) StderrLine: {'line': b'      |                \x1b[01;35m\x1b[K^\x1b[m\x1b[K\n'}
[35.007318] (sllidar_ros2) StderrLine: {'line': b'In file included from \x1b[01m\x1b[K/home/rospi/aug_2024/src/sllidar_ros2/./sdk/include/sl_crc.h:36\x1b[m\x1b[K,\n'}
[35.009319] (sllidar_ros2) StderrLine: {'line': b'                 from \x1b[01m\x1b[K/home/rospi/aug_2024/src/sllidar_ros2/sdk/src/sl_crc.cpp:33\x1b[m\x1b[K:\n'}
[35.010663] (sllidar_ros2) StderrLine: {'line': b'\x1b[01m\x1b[K/home/rospi/aug_2024/src/sllidar_ros2/./sdk/include/sl_lidar_cmd.h:324:20:\x1b[m\x1b[K \x1b[01;35m\x1b[Kwarning: \x1b[m\x1b[KISO C++ forbids zero-size array \xe2\x80\x98\x1b[01m\x1b[Kpayload\x1b[m\x1b[K\xe2\x80\x99 [\x1b[01;35m\x1b[K\x1b]8;;https://gcc.gnu.org/onlinedocs/gcc/Warning-Options.html#index-Wpedantic\x07-Wpedantic\x1b]8;;\x07\x1b[m\x1b[K]\n'}
[35.012235] (sllidar_ros2) StderrLine: {'line': b'  324 |     sl_u8  payload[\x1b[01;35m\x1b[K0\x1b[m\x1b[K];\n'}
[35.013893] (sllidar_ros2) StderrLine: {'line': b'      |                    \x1b[01;35m\x1b[K^\x1b[m\x1b[K\n'}
[35.018653] (-) TimerEvent: {}
[35.120255] (-) TimerEvent: {}
[35.149266] (sllidar_ros2) StdoutLine: {'line': b'[ 70%] \x1b[32mBuilding CXX object CMakeFiles/sllidar_node.dir/sdk/src/sl_lidar_driver.cpp.o\x1b[0m\n'}
[35.220522] (-) TimerEvent: {}
[35.283621] (sllidar_ros2) StderrLine: {'line': b'In file included from \x1b[01m\x1b[K/home/rospi/aug_2024/src/sllidar_ros2/sdk/src/sl_async_transceiver.cpp:44\x1b[m\x1b[K:\n'}
[35.285113] (sllidar_ros2) StderrLine: {'line': b'\x1b[01m\x1b[K/home/rospi/aug_2024/src/sllidar_ros2/sdk/src/sl_async_transceiver.h:\x1b[m\x1b[K In member function \xe2\x80\x98\x1b[01m\x1b[Kvirtual void sl::internal::IAsyncProtocolCodec::onChannelError(u_result)\x1b[m\x1b[K\xe2\x80\x99:\n'}
[35.286007] (sllidar_ros2) StderrLine: {'line': b'\x1b[01m\x1b[K/home/rospi/aug_2024/src/sllidar_ros2/sdk/src/sl_async_transceiver.h:90:48:\x1b[m\x1b[K \x1b[01;35m\x1b[Kwarning: \x1b[m\x1b[Kunused parameter \xe2\x80\x98\x1b[01m\x1b[KerrCode\x1b[m\x1b[K\xe2\x80\x99 [\x1b[01;35m\x1b[K\x1b]8;;https://gcc.gnu.org/onlinedocs/gcc/Warning-Options.html#index-Wunused-parameter\x07-Wunused-parameter\x1b]8;;\x07\x1b[m\x1b[K]\n'}
[35.286850] (sllidar_ros2) StderrLine: {'line': b'   90 |         virtual void   onChannelError(\x1b[01;35m\x1b[Ku_result errCode\x1b[m\x1b[K) {}\n'}
[35.287937] (sllidar_ros2) StderrLine: {'line': b'      |                                       \x1b[01;35m\x1b[K~~~~~~~~~^~~~~~~\x1b[m\x1b[K\n'}
[35.320767] (-) TimerEvent: {}
[35.421847] (-) TimerEvent: {}
[35.523152] (-) TimerEvent: {}
[35.625205] (-) TimerEvent: {}
[35.726218] (-) TimerEvent: {}
[35.827266] (-) TimerEvent: {}
[35.928796] (-) TimerEvent: {}
[36.039345] (-) TimerEvent: {}
[36.132198] (sllidar_ros2) StdoutLine: {'line': b'[ 75%] \x1b[32mBuilding CXX object CMakeFiles/sllidar_node.dir/sdk/src/sl_lidarprotocol_codec.cpp.o\x1b[0m\n'}
[36.139596] (-) TimerEvent: {}
[36.245630] (-) TimerEvent: {}
[36.347476] (-) TimerEvent: {}
[36.449178] (-) TimerEvent: {}
[36.550802] (-) TimerEvent: {}
[36.652656] (-) TimerEvent: {}
[36.754630] (-) TimerEvent: {}
[36.856552] (-) TimerEvent: {}
[36.958450] (-) TimerEvent: {}
[37.060194] (-) TimerEvent: {}
[37.161960] (-) TimerEvent: {}
[37.263765] (-) TimerEvent: {}
[37.371208] (-) TimerEvent: {}
[37.473112] (-) TimerEvent: {}
[37.575032] (-) TimerEvent: {}
[37.680283] (-) TimerEvent: {}
[37.781168] (-) TimerEvent: {}
[37.893272] (-) TimerEvent: {}
[37.994856] (-) TimerEvent: {}
[38.096360] (-) TimerEvent: {}
[38.198073] (-) TimerEvent: {}
[38.299624] (-) TimerEvent: {}
[38.400853] (-) TimerEvent: {}
[38.502181] (-) TimerEvent: {}
[38.603651] (-) TimerEvent: {}
[38.705179] (-) TimerEvent: {}
[38.773679] (sllidar_ros2) StderrLine: {'line': b'In file included from \x1b[01m\x1b[K/home/rospi/aug_2024/src/sllidar_ros2/./sdk/include/rplidar_protocol.h:36\x1b[m\x1b[K,\n'}
[38.775636] (sllidar_ros2) StderrLine: {'line': b'                 from \x1b[01m\x1b[K/home/rospi/aug_2024/src/sllidar_ros2/./sdk/include/rplidar.h:39\x1b[m\x1b[K,\n'}
[38.776946] (sllidar_ros2) StderrLine: {'line': b'                 from \x1b[01m\x1b[K/home/rospi/aug_2024/src/sllidar_ros2/sdk/src/sdkcommon.h:49\x1b[m\x1b[K,\n'}
[38.778084] (sllidar_ros2) StderrLine: {'line': b'                 from \x1b[01m\x1b[K/home/rospi/aug_2024/src/sllidar_ros2/sdk/src/sl_lidar_driver.cpp:33\x1b[m\x1b[K:\n'}
[38.779729] (sllidar_ros2) StderrLine: {'line': b'\x1b[01m\x1b[K/home/rospi/aug_2024/src/sllidar_ros2/./sdk/include/sl_lidar_protocol.h:66:16:\x1b[m\x1b[K \x1b[01;35m\x1b[Kwarning: \x1b[m\x1b[KISO C++ forbids zero-size array \xe2\x80\x98\x1b[01m\x1b[Kdata\x1b[m\x1b[K\xe2\x80\x99 [\x1b[01;35m\x1b[K\x1b]8;;https://gcc.gnu.org/onlinedocs/gcc/Warning-Options.html#index-Wpedantic\x07-Wpedantic\x1b]8;;\x07\x1b[m\x1b[K]\n'}
[38.780912] (sllidar_ros2) StderrLine: {'line': b'   66 |     sl_u8 data[\x1b[01;35m\x1b[K0\x1b[m\x1b[K];\n'}
[38.781812] (sllidar_ros2) StderrLine: {'line': b'      |                \x1b[01;35m\x1b[K^\x1b[m\x1b[K\n'}
[38.782726] (sllidar_ros2) StderrLine: {'line': b'In file included from \x1b[01m\x1b[K/home/rospi/aug_2024/src/sllidar_ros2/./sdk/include/rplidar_cmd.h:36\x1b[m\x1b[K,\n'}
[38.783850] (sllidar_ros2) StderrLine: {'line': b'                 from \x1b[01m\x1b[K/home/rospi/aug_2024/src/sllidar_ros2/./sdk/include/rplidar.h:40\x1b[m\x1b[K,\n'}
[38.784889] (sllidar_ros2) StderrLine: {'line': b'                 from \x1b[01m\x1b[K/home/rospi/aug_2024/src/sllidar_ros2/sdk/src/sdkcommon.h:49\x1b[m\x1b[K,\n'}
[38.786003] (sllidar_ros2) StderrLine: {'line': b'                 from \x1b[01m\x1b[K/home/rospi/aug_2024/src/sllidar_ros2/sdk/src/sl_lidar_driver.cpp:33\x1b[m\x1b[K:\n'}
[38.786857] (sllidar_ros2) StderrLine: {'line': b'\x1b[01m\x1b[K/home/rospi/aug_2024/src/sllidar_ros2/./sdk/include/sl_lidar_cmd.h:324:20:\x1b[m\x1b[K \x1b[01;35m\x1b[Kwarning: \x1b[m\x1b[KISO C++ forbids zero-size array \xe2\x80\x98\x1b[01m\x1b[Kpayload\x1b[m\x1b[K\xe2\x80\x99 [\x1b[01;35m\x1b[K\x1b]8;;https://gcc.gnu.org/onlinedocs/gcc/Warning-Options.html#index-Wpedantic\x07-Wpedantic\x1b]8;;\x07\x1b[m\x1b[K]\n'}
[38.787889] (sllidar_ros2) StderrLine: {'line': b'  324 |     sl_u8  payload[\x1b[01;35m\x1b[K0\x1b[m\x1b[K];\n'}
[38.788946] (sllidar_ros2) StderrLine: {'line': b'      |                    \x1b[01;35m\x1b[K^\x1b[m\x1b[K\n'}
[38.805437] (-) TimerEvent: {}
[38.906515] (-) TimerEvent: {}
[39.007822] (-) TimerEvent: {}
[39.109116] (-) TimerEvent: {}
[39.210263] (-) TimerEvent: {}
[39.312828] (-) TimerEvent: {}
[39.380407] (sllidar_ros2) StderrLine: {'line': b'In file included from \x1b[01m\x1b[K/home/rospi/aug_2024/src/sllidar_ros2/./sdk/include/rplidar_protocol.h:36\x1b[m\x1b[K,\n'}
[39.381850] (sllidar_ros2) StderrLine: {'line': b'                 from \x1b[01m\x1b[K/home/rospi/aug_2024/src/sllidar_ros2/./sdk/include/rplidar.h:39\x1b[m\x1b[K,\n'}
[39.382764] (sllidar_ros2) StderrLine: {'line': b'                 from \x1b[01m\x1b[K/home/rospi/aug_2024/src/sllidar_ros2/sdk/src/sdkcommon.h:49\x1b[m\x1b[K,\n'}
[39.383603] (sllidar_ros2) StderrLine: {'line': b'                 from \x1b[01m\x1b[K/home/rospi/aug_2024/src/sllidar_ros2/sdk/src/sl_lidarprotocol_codec.cpp:35\x1b[m\x1b[K:\n'}
[39.385133] (sllidar_ros2) StderrLine: {'line': b'\x1b[01m\x1b[K/home/rospi/aug_2024/src/sllidar_ros2/./sdk/include/sl_lidar_protocol.h:66:16:\x1b[m\x1b[K \x1b[01;35m\x1b[Kwarning: \x1b[m\x1b[KISO C++ forbids zero-size array \xe2\x80\x98\x1b[01m\x1b[Kdata\x1b[m\x1b[K\xe2\x80\x99 [\x1b[01;35m\x1b[K\x1b]8;;https://gcc.gnu.org/onlinedocs/gcc/Warning-Options.html#index-Wpedantic\x07-Wpedantic\x1b]8;;\x07\x1b[m\x1b[K]\n'}
[39.386040] (sllidar_ros2) StderrLine: {'line': b'   66 |     sl_u8 data[\x1b[01;35m\x1b[K0\x1b[m\x1b[K];\n'}
[39.387001] (sllidar_ros2) StderrLine: {'line': b'      |                \x1b[01;35m\x1b[K^\x1b[m\x1b[K\n'}
[39.388191] (sllidar_ros2) StderrLine: {'line': b'In file included from \x1b[01m\x1b[K/home/rospi/aug_2024/src/sllidar_ros2/./sdk/include/rplidar_cmd.h:36\x1b[m\x1b[K,\n'}
[39.389542] (sllidar_ros2) StderrLine: {'line': b'                 from \x1b[01m\x1b[K/home/rospi/aug_2024/src/sllidar_ros2/./sdk/include/rplidar.h:40\x1b[m\x1b[K,\n'}
[39.390520] (sllidar_ros2) StderrLine: {'line': b'                 from \x1b[01m\x1b[K/home/rospi/aug_2024/src/sllidar_ros2/sdk/src/sdkcommon.h:49\x1b[m\x1b[K,\n'}
[39.391652] (sllidar_ros2) StderrLine: {'line': b'                 from \x1b[01m\x1b[K/home/rospi/aug_2024/src/sllidar_ros2/sdk/src/sl_lidarprotocol_codec.cpp:35\x1b[m\x1b[K:\n'}
[39.392632] (sllidar_ros2) StderrLine: {'line': b'\x1b[01m\x1b[K/home/rospi/aug_2024/src/sllidar_ros2/./sdk/include/sl_lidar_cmd.h:324:20:\x1b[m\x1b[K \x1b[01;35m\x1b[Kwarning: \x1b[m\x1b[KISO C++ forbids zero-size array \xe2\x80\x98\x1b[01m\x1b[Kpayload\x1b[m\x1b[K\xe2\x80\x99 [\x1b[01;35m\x1b[K\x1b]8;;https://gcc.gnu.org/onlinedocs/gcc/Warning-Options.html#index-Wpedantic\x07-Wpedantic\x1b]8;;\x07\x1b[m\x1b[K]\n'}
[39.393493] (sllidar_ros2) StderrLine: {'line': b'  324 |     sl_u8  payload[\x1b[01;35m\x1b[K0\x1b[m\x1b[K];\n'}
[39.394322] (sllidar_ros2) StderrLine: {'line': b'      |                    \x1b[01;35m\x1b[K^\x1b[m\x1b[K\n'}
[39.413069] (-) TimerEvent: {}
[39.514187] (-) TimerEvent: {}
[39.615251] (-) TimerEvent: {}
[39.744327] (-) TimerEvent: {}
[39.845623] (-) TimerEvent: {}
[39.952259] (-) TimerEvent: {}
[40.053244] (-) TimerEvent: {}
[40.154305] (-) TimerEvent: {}
[40.261012] (-) TimerEvent: {}
[40.361861] (-) TimerEvent: {}
[40.393624] (sllidar_ros2) StderrLine: {'line': b'In file included from \x1b[01m\x1b[K/home/rospi/aug_2024/src/sllidar_ros2/sdk/src/sl_lidar_driver.cpp:50\x1b[m\x1b[K:\n'}
[40.395243] (sllidar_ros2) StderrLine: {'line': b'\x1b[01m\x1b[K/home/rospi/aug_2024/src/sllidar_ros2/sdk/src/dataunpacker/dataunpacker.h:\x1b[m\x1b[K In member function \xe2\x80\x98\x1b[01m\x1b[Kvirtual void sl::internal::LIDARSampleDataListener::onCustomSampleDataDecoded(_u8, _u32, const void*, size_t)\x1b[m\x1b[K\xe2\x80\x99:\n'}
[40.396705] (sllidar_ros2) StderrLine: {'line': b'\x1b[01m\x1b[K/home/rospi/aug_2024/src/sllidar_ros2/sdk/src/dataunpacker/dataunpacker.h:54:52:\x1b[m\x1b[K \x1b[01;35m\x1b[Kwarning: \x1b[m\x1b[Kunused parameter \xe2\x80\x98\x1b[01m\x1b[KansType\x1b[m\x1b[K\xe2\x80\x99 [\x1b[01;35m\x1b[K\x1b]8;;https://gcc.gnu.org/onlinedocs/gcc/Warning-Options.html#index-Wunused-parameter\x07-Wunused-parameter\x1b]8;;\x07\x1b[m\x1b[K]\n'}
[40.397987] (sllidar_ros2) StderrLine: {'line': b'   54 |         virtual void onCustomSampleDataDecoded(\x1b[01;35m\x1b[K_u8 ansType\x1b[m\x1b[K, _u32 customCode, const void* data, size_t size) {}\n'}
[40.399351] (sllidar_ros2) StderrLine: {'line': b'      |                                                \x1b[01;35m\x1b[K~~~~^~~~~~~\x1b[m\x1b[K\n'}
[40.401081] (sllidar_ros2) StderrLine: {'line': b'\x1b[01m\x1b[K/home/rospi/aug_2024/src/sllidar_ros2/sdk/src/dataunpacker/dataunpacker.h:54:66:\x1b[m\x1b[K \x1b[01;35m\x1b[Kwarning: \x1b[m\x1b[Kunused parameter \xe2\x80\x98\x1b[01m\x1b[KcustomCode\x1b[m\x1b[K\xe2\x80\x99 [\x1b[01;35m\x1b[K\x1b]8;;https://gcc.gnu.org/onlinedocs/gcc/Warning-Options.html#index-Wunused-parameter\x07-Wunused-parameter\x1b]8;;\x07\x1b[m\x1b[K]\n'}
[40.402468] (sllidar_ros2) StderrLine: {'line': b'   54 |         virtual void onCustomSampleDataDecoded(_u8 ansType, \x1b[01;35m\x1b[K_u32 customCode\x1b[m\x1b[K, const void* data, size_t size) {}\n'}
[40.403729] (sllidar_ros2) StderrLine: {'line': b'      |                                                             \x1b[01;35m\x1b[K~~~~~^~~~~~~~~~\x1b[m\x1b[K\n'}
[40.405527] (sllidar_ros2) StderrLine: {'line': b'\x1b[01m\x1b[K/home/rospi/aug_2024/src/sllidar_ros2/sdk/src/dataunpacker/dataunpacker.h:54:90:\x1b[m\x1b[K \x1b[01;35m\x1b[Kwarning: \x1b[m\x1b[Kunused parameter \xe2\x80\x98\x1b[01m\x1b[Kdata\x1b[m\x1b[K\xe2\x80\x99 [\x1b[01;35m\x1b[K\x1b]8;;https://gcc.gnu.org/onlinedocs/gcc/Warning-Options.html#index-Wunused-parameter\x07-Wunused-parameter\x1b]8;;\x07\x1b[m\x1b[K]\n'}
[40.407052] (sllidar_ros2) StderrLine: {'line': b'   54 |         virtual void onCustomSampleDataDecoded(_u8 ansType, _u32 customCode, \x1b[01;35m\x1b[Kconst void* data\x1b[m\x1b[K, size_t size) {}\n'}
[40.409973] (sllidar_ros2) StderrLine: {'line': b'      |                                                                              \x1b[01;35m\x1b[K~~~~~~~~~~~~^~~~\x1b[m\x1b[K\n'}
[40.411026] (sllidar_ros2) StderrLine: {'line': b'\x1b[01m\x1b[K/home/rospi/aug_2024/src/sllidar_ros2/sdk/src/dataunpacker/dataunpacker.h:54:103:\x1b[m\x1b[K \x1b[01;35m\x1b[Kwarning: \x1b[m\x1b[Kunused parameter \xe2\x80\x98\x1b[01m\x1b[Ksize\x1b[m\x1b[K\xe2\x80\x99 [\x1b[01;35m\x1b[K\x1b]8;;https://gcc.gnu.org/onlinedocs/gcc/Warning-Options.html#index-Wunused-parameter\x07-Wunused-parameter\x1b]8;;\x07\x1b[m\x1b[K]\n'}
[40.411808] (sllidar_ros2) StderrLine: {'line': b'   54 |         virtual void onCustomSampleDataDecoded(_u8 ansType, _u32 customCode, const void* data, \x1b[01;35m\x1b[Ksize_t size\x1b[m\x1b[K) {}\n'}
[40.412793] (sllidar_ros2) StderrLine: {'line': b'      |                                                                                                \x1b[01;35m\x1b[K~~~~~~~^~~~\x1b[m\x1b[K\n'}
[40.413595] (sllidar_ros2) StderrLine: {'line': b'\x1b[01m\x1b[K/home/rospi/aug_2024/src/sllidar_ros2/sdk/src/dataunpacker/dataunpacker.h:\x1b[m\x1b[K In member function \xe2\x80\x98\x1b[01m\x1b[Kvirtual void sl::internal::LIDARSampleDataListener::onDecodingError(int, _u8, const void*, size_t)\x1b[m\x1b[K\xe2\x80\x99:\n'}
[40.428297] (sllidar_ros2) StderrLine: {'line': b'\x1b[01m\x1b[K/home/rospi/aug_2024/src/sllidar_ros2/sdk/src/dataunpacker/dataunpacker.h:56:42:\x1b[m\x1b[K \x1b[01;35m\x1b[Kwarning: \x1b[m\x1b[Kunused parameter \xe2\x80\x98\x1b[01m\x1b[KerrMsg\x1b[m\x1b[K\xe2\x80\x99 [\x1b[01;35m\x1b[K\x1b]8;;https://gcc.gnu.org/onlinedocs/gcc/Warning-Options.html#index-Wunused-parameter\x07-Wunused-parameter\x1b]8;;\x07\x1b[m\x1b[K]\n'}
[40.429299] (sllidar_ros2) StderrLine: {'line': b'   56 |         virtual void onDecodingError(\x1b[01;35m\x1b[Kint errMsg\x1b[m\x1b[K, _u8 ansType, const void* payload, size_t size) {}\n'}
[40.430270] (sllidar_ros2) StderrLine: {'line': b'      |                                      \x1b[01;35m\x1b[K~~~~^~~~~~\x1b[m\x1b[K\n'}
[40.431205] (sllidar_ros2) StderrLine: {'line': b'\x1b[01m\x1b[K/home/rospi/aug_2024/src/sllidar_ros2/sdk/src/dataunpacker/dataunpacker.h:56:54:\x1b[m\x1b[K \x1b[01;35m\x1b[Kwarning: \x1b[m\x1b[Kunused parameter \xe2\x80\x98\x1b[01m\x1b[KansType\x1b[m\x1b[K\xe2\x80\x99 [\x1b[01;35m\x1b[K\x1b]8;;https://gcc.gnu.org/onlinedocs/gcc/Warning-Options.html#index-Wunused-parameter\x07-Wunused-parameter\x1b]8;;\x07\x1b[m\x1b[K]\n'}
[40.432214] (sllidar_ros2) StderrLine: {'line': b'   56 |         virtual void onDecodingError(int errMsg, \x1b[01;35m\x1b[K_u8 ansType\x1b[m\x1b[K, const void* payload, size_t size) {}\n'}
[40.433252] (sllidar_ros2) StderrLine: {'line': b'      |                                                  \x1b[01;35m\x1b[K~~~~^~~~~~~\x1b[m\x1b[K\n'}
[40.434017] (sllidar_ros2) StderrLine: {'line': b'\x1b[01m\x1b[K/home/rospi/aug_2024/src/sllidar_ros2/sdk/src/dataunpacker/dataunpacker.h:56:75:\x1b[m\x1b[K \x1b[01;35m\x1b[Kwarning: \x1b[m\x1b[Kunused parameter \xe2\x80\x98\x1b[01m\x1b[Kpayload\x1b[m\x1b[K\xe2\x80\x99 [\x1b[01;35m\x1b[K\x1b]8;;https://gcc.gnu.org/onlinedocs/gcc/Warning-Options.html#index-Wunused-parameter\x07-Wunused-parameter\x1b]8;;\x07\x1b[m\x1b[K]\n'}
[40.434804] (sllidar_ros2) StderrLine: {'line': b'   56 |         virtual void onDecodingError(int errMsg, _u8 ansType, \x1b[01;35m\x1b[Kconst void* payload\x1b[m\x1b[K, size_t size) {}\n'}
[40.435539] (sllidar_ros2) StderrLine: {'line': b'      |                                                               \x1b[01;35m\x1b[K~~~~~~~~~~~~^~~~~~~\x1b[m\x1b[K\n'}
[40.436470] (sllidar_ros2) StderrLine: {'line': b'\x1b[01m\x1b[K/home/rospi/aug_2024/src/sllidar_ros2/sdk/src/dataunpacker/dataunpacker.h:56:91:\x1b[m\x1b[K \x1b[01;35m\x1b[Kwarning: \x1b[m\x1b[Kunused parameter \xe2\x80\x98\x1b[01m\x1b[Ksize\x1b[m\x1b[K\xe2\x80\x99 [\x1b[01;35m\x1b[K\x1b]8;;https://gcc.gnu.org/onlinedocs/gcc/Warning-Options.html#index-Wunused-parameter\x07-Wunused-parameter\x1b]8;;\x07\x1b[m\x1b[K]\n'}
[40.437292] (sllidar_ros2) StderrLine: {'line': b'   56 |         virtual void onDecodingError(int errMsg, _u8 ansType, const void* payload, \x1b[01;35m\x1b[Ksize_t size\x1b[m\x1b[K) {}\n'}
[40.438314] (sllidar_ros2) StderrLine: {'line': b'      |                                                                                    \x1b[01;35m\x1b[K~~~~~~~^~~~\x1b[m\x1b[K\n'}
[40.462138] (-) TimerEvent: {}
[40.485566] (sllidar_ros2) StderrLine: {'line': b'In file included from \x1b[01m\x1b[K/home/rospi/aug_2024/src/sllidar_ros2/sdk/src/sl_lidar_driver.cpp:51\x1b[m\x1b[K:\n'}
[40.487178] (sllidar_ros2) StderrLine: {'line': b'\x1b[01m\x1b[K/home/rospi/aug_2024/src/sllidar_ros2/sdk/src/sl_async_transceiver.h:\x1b[m\x1b[K In member function \xe2\x80\x98\x1b[01m\x1b[Kvirtual void sl::internal::IAsyncProtocolCodec::onChannelError(u_result)\x1b[m\x1b[K\xe2\x80\x99:\n'}
[40.488936] (sllidar_ros2) StderrLine: {'line': b'\x1b[01m\x1b[K/home/rospi/aug_2024/src/sllidar_ros2/sdk/src/sl_async_transceiver.h:90:48:\x1b[m\x1b[K \x1b[01;35m\x1b[Kwarning: \x1b[m\x1b[Kunused parameter \xe2\x80\x98\x1b[01m\x1b[KerrCode\x1b[m\x1b[K\xe2\x80\x99 [\x1b[01;35m\x1b[K\x1b]8;;https://gcc.gnu.org/onlinedocs/gcc/Warning-Options.html#index-Wunused-parameter\x07-Wunused-parameter\x1b]8;;\x07\x1b[m\x1b[K]\n'}
[40.490328] (sllidar_ros2) StderrLine: {'line': b'   90 |         virtual void   onChannelError(\x1b[01;35m\x1b[Ku_result errCode\x1b[m\x1b[K) {}\n'}
[40.491622] (sllidar_ros2) StderrLine: {'line': b'      |                                       \x1b[01;35m\x1b[K~~~~~~~~~^~~~~~~\x1b[m\x1b[K\n'}
[40.562422] (-) TimerEvent: {}
[40.622608] (sllidar_ros2) StderrLine: {'line': b'\x1b[01m\x1b[K/home/rospi/aug_2024/src/sllidar_ros2/sdk/src/sl_lidar_driver.cpp:\x1b[m\x1b[K In member function \xe2\x80\x98\x1b[01m\x1b[Kvirtual sl_result sl::SlamtecLidarDriver::reset(sl_u32)\x1b[m\x1b[K\xe2\x80\x99:\n'}
[40.624107] (sllidar_ros2) StderrLine: {'line': b'\x1b[01m\x1b[K/home/rospi/aug_2024/src/sllidar_ros2/sdk/src/sl_lidar_driver.cpp:511:32:\x1b[m\x1b[K \x1b[01;35m\x1b[Kwarning: \x1b[m\x1b[Kunused parameter \xe2\x80\x98\x1b[01m\x1b[KtimeoutInMs\x1b[m\x1b[K\xe2\x80\x99 [\x1b[01;35m\x1b[K\x1b]8;;https://gcc.gnu.org/onlinedocs/gcc/Warning-Options.html#index-Wunused-parameter\x07-Wunused-parameter\x1b]8;;\x07\x1b[m\x1b[K]\n'}
[40.625781] (sllidar_ros2) StderrLine: {'line': b'  511 |         sl_result reset(\x1b[01;35m\x1b[Ksl_u32 timeoutInMs = DEFAULT_TIMEOUT\x1b[m\x1b[K)\n'}
[40.627177] (sllidar_ros2) StderrLine: {'line': b'      |                         \x1b[01;35m\x1b[K~~~~~~~^~~~~~~~~~~~~~~~~~~~~~~~~~~~~\x1b[m\x1b[K\n'}
[40.649302] (sllidar_ros2) StderrLine: {'line': b'\x1b[01m\x1b[K/home/rospi/aug_2024/src/sllidar_ros2/sdk/src/sl_lidar_driver.cpp:\x1b[m\x1b[K In member function \xe2\x80\x98\x1b[01m\x1b[Kvirtual sl_result sl::SlamtecLidarDriver::startScan(bool, bool, sl_u32, sl::LidarScanMode*)\x1b[m\x1b[K\xe2\x80\x99:\n'}
[40.650846] (sllidar_ros2) StderrLine: {'line': b'\x1b[01m\x1b[K/home/rospi/aug_2024/src/sllidar_ros2/sdk/src/sl_lidar_driver.cpp:586:69:\x1b[m\x1b[K \x1b[01;35m\x1b[Kwarning: \x1b[m\x1b[Kunused parameter \xe2\x80\x98\x1b[01m\x1b[Koptions\x1b[m\x1b[K\xe2\x80\x99 [\x1b[01;35m\x1b[K\x1b]8;;https://gcc.gnu.org/onlinedocs/gcc/Warning-Options.html#index-Wunused-parameter\x07-Wunused-parameter\x1b]8;;\x07\x1b[m\x1b[K]\n'}
[40.652563] (sllidar_ros2) StderrLine: {'line': b'  586 |         sl_result startScan(bool force, bool useTypicalScan, \x1b[01;35m\x1b[Ksl_u32 options = 0\x1b[m\x1b[K, LidarScanMode* outUsedScanMode = nullptr)\n'}
[40.654073] (sllidar_ros2) StderrLine: {'line': b'      |                                                              \x1b[01;35m\x1b[K~~~~~~~^~~~~~~~~~~\x1b[m\x1b[K\n'}
[40.662661] (-) TimerEvent: {}
[40.673459] (sllidar_ros2) StderrLine: {'line': b'\x1b[01m\x1b[K/home/rospi/aug_2024/src/sllidar_ros2/sdk/src/sl_lidar_driver.cpp:\x1b[m\x1b[K In member function \xe2\x80\x98\x1b[01m\x1b[Kvirtual sl_result sl::SlamtecLidarDriver::stop(sl_u32)\x1b[m\x1b[K\xe2\x80\x99:\n'}
[40.675357] (sllidar_ros2) StderrLine: {'line': b'\x1b[01m\x1b[K/home/rospi/aug_2024/src/sllidar_ros2/sdk/src/sl_lidar_driver.cpp:763:31:\x1b[m\x1b[K \x1b[01;35m\x1b[Kwarning: \x1b[m\x1b[Kunused parameter \xe2\x80\x98\x1b[01m\x1b[Ktimeout\x1b[m\x1b[K\xe2\x80\x99 [\x1b[01;35m\x1b[K\x1b]8;;https://gcc.gnu.org/onlinedocs/gcc/Warning-Options.html#index-Wunused-parameter\x07-Wunused-parameter\x1b]8;;\x07\x1b[m\x1b[K]\n'}
[40.676470] (sllidar_ros2) StderrLine: {'line': b'  763 |         sl_result stop(\x1b[01;35m\x1b[Ksl_u32 timeout = DEFAULT_TIMEOUT\x1b[m\x1b[K)\n'}
[40.677364] (sllidar_ros2) StderrLine: {'line': b'      |                        \x1b[01;35m\x1b[K~~~~~~~^~~~~~~~~~~~~~~~~~~~~~~~~\x1b[m\x1b[K\n'}
[40.688983] (sllidar_ros2) StderrLine: {'line': b'\x1b[01m\x1b[K/home/rospi/aug_2024/src/sllidar_ros2/sdk/src/sl_lidar_driver.cpp:\x1b[m\x1b[K In member function \xe2\x80\x98\x1b[01m\x1b[Kvirtual sl_result sl::SlamtecLidarDriver::getFrequency(const sl::LidarScanMode&, const sl_lidar_response_measurement_node_hq_t*, size_t, float&)\x1b[m\x1b[K\xe2\x80\x99:\n'}
[40.689999] (sllidar_ros2) StderrLine: {'line': b'\x1b[01m\x1b[K/home/rospi/aug_2024/src/sllidar_ros2/sdk/src/sl_lidar_driver.cpp:880:110:\x1b[m\x1b[K \x1b[01;35m\x1b[Kwarning: \x1b[m\x1b[Kunused parameter \xe2\x80\x98\x1b[01m\x1b[Knodes\x1b[m\x1b[K\xe2\x80\x99 [\x1b[01;35m\x1b[K\x1b]8;;https://gcc.gnu.org/onlinedocs/gcc/Warning-Options.html#index-Wunused-parameter\x07-Wunused-parameter\x1b]8;;\x07\x1b[m\x1b[K]\n'}
[40.690837] (sllidar_ros2) StderrLine: {'line': b'  880 |         sl_result getFrequency(const LidarScanMode& scanMode, \x1b[01;35m\x1b[Kconst sl_lidar_response_measurement_node_hq_t* nodes\x1b[m\x1b[K, size_t count, float& frequency)\n'}
[40.691704] (sllidar_ros2) StderrLine: {'line': b'      |                                                               \x1b[01;35m\x1b[K~~~~~~~~~~~~~~~~~~~~~~~~~~~~~~~~~~~~~~~~~~~~~~~^~~~~\x1b[m\x1b[K\n'}
[40.709341] (sllidar_ros2) StderrLine: {'line': b'\x1b[01m\x1b[K/home/rospi/aug_2024/src/sllidar_ros2/sdk/src/sl_lidar_driver.cpp:\x1b[m\x1b[K In member function \xe2\x80\x98\x1b[01m\x1b[Kvirtual sl_result sl::SlamtecLidarDriver::getMotorInfo(sl::LidarMotorInfo&, sl_u32)\x1b[m\x1b[K\xe2\x80\x99:\n'}
[40.710281] (sllidar_ros2) StderrLine: {'line': b'\x1b[01m\x1b[K/home/rospi/aug_2024/src/sllidar_ros2/sdk/src/sl_lidar_driver.cpp:1023:66:\x1b[m\x1b[K \x1b[01;35m\x1b[Kwarning: \x1b[m\x1b[Kunused parameter \xe2\x80\x98\x1b[01m\x1b[KtimeoutInMs\x1b[m\x1b[K\xe2\x80\x99 [\x1b[01;35m\x1b[K\x1b]8;;https://gcc.gnu.org/onlinedocs/gcc/Warning-Options.html#index-Wunused-parameter\x07-Wunused-parameter\x1b]8;;\x07\x1b[m\x1b[K]\n'}
[40.711143] (sllidar_ros2) StderrLine: {'line': b' 1023 |         sl_result getMotorInfo(LidarMotorInfo &motorInfo, \x1b[01;35m\x1b[Ksl_u32 timeoutInMs\x1b[m\x1b[K)\n'}
[40.711902] (sllidar_ros2) StderrLine: {'line': b'      |                                                           \x1b[01;35m\x1b[K~~~~~~~^~~~~~~~~~~\x1b[m\x1b[K\n'}
[40.721093] (sllidar_ros2) StderrLine: {'line': b'\x1b[01m\x1b[K/home/rospi/aug_2024/src/sllidar_ros2/sdk/src/sl_lidar_driver.cpp:\x1b[m\x1b[K In member function \xe2\x80\x98\x1b[01m\x1b[Ku_result sl::SlamtecLidarDriver::getScanModeCount(sl_u16&, sl_u32)\x1b[m\x1b[K\xe2\x80\x99:\n'}
[40.722191] (sllidar_ros2) StderrLine: {'line': b'\x1b[01m\x1b[K/home/rospi/aug_2024/src/sllidar_ros2/sdk/src/sl_lidar_driver.cpp:1199:61:\x1b[m\x1b[K \x1b[01;35m\x1b[Kwarning: \x1b[m\x1b[Kunused parameter \xe2\x80\x98\x1b[01m\x1b[KtimeoutInMs\x1b[m\x1b[K\xe2\x80\x99 [\x1b[01;35m\x1b[K\x1b]8;;https://gcc.gnu.org/onlinedocs/gcc/Warning-Options.html#index-Wunused-parameter\x07-Wunused-parameter\x1b]8;;\x07\x1b[m\x1b[K]\n'}
[40.723169] (sllidar_ros2) StderrLine: {'line': b' 1199 |         u_result getScanModeCount(sl_u16& modeCount, \x1b[01;35m\x1b[Ksl_u32 timeoutInMs = DEFAULT_TIMEOUT\x1b[m\x1b[K)\n'}
[40.724174] (sllidar_ros2) StderrLine: {'line': b'      |                                                      \x1b[01;35m\x1b[K~~~~~~~^~~~~~~~~~~~~~~~~~~~~~~~~~~~~\x1b[m\x1b[K\n'}
[40.763032] (-) TimerEvent: {}
[40.806723] (sllidar_ros2) StderrLine: {'line': b'In file included from \x1b[01m\x1b[K/home/rospi/aug_2024/src/sllidar_ros2/sdk/src/sl_lidarprotocol_codec.cpp:49\x1b[m\x1b[K:\n'}
[40.808594] (sllidar_ros2) StderrLine: {'line': b'\x1b[01m\x1b[K/home/rospi/aug_2024/src/sllidar_ros2/sdk/src/sl_async_transceiver.h:\x1b[m\x1b[K In member function \xe2\x80\x98\x1b[01m\x1b[Kvirtual void sl::internal::IAsyncProtocolCodec::onChannelError(u_result)\x1b[m\x1b[K\xe2\x80\x99:\n'}
[40.809687] (sllidar_ros2) StderrLine: {'line': b'\x1b[01m\x1b[K/home/rospi/aug_2024/src/sllidar_ros2/sdk/src/sl_async_transceiver.h:90:48:\x1b[m\x1b[K \x1b[01;35m\x1b[Kwarning: \x1b[m\x1b[Kunused parameter \xe2\x80\x98\x1b[01m\x1b[KerrCode\x1b[m\x1b[K\xe2\x80\x99 [\x1b[01;35m\x1b[K\x1b]8;;https://gcc.gnu.org/onlinedocs/gcc/Warning-Options.html#index-Wunused-parameter\x07-Wunused-parameter\x1b]8;;\x07\x1b[m\x1b[K]\n'}
[40.810431] (sllidar_ros2) StderrLine: {'line': b'   90 |         virtual void   onChannelError(\x1b[01;35m\x1b[Ku_result errCode\x1b[m\x1b[K) {}\n'}
[40.811119] (sllidar_ros2) StderrLine: {'line': b'      |                                       \x1b[01;35m\x1b[K~~~~~~~~~^~~~~~~\x1b[m\x1b[K\n'}
[40.863275] (-) TimerEvent: {}
[40.964251] (-) TimerEvent: {}
[40.990033] (sllidar_ros2) StderrLine: {'line': b'/home/rospi/aug_2024/src/sllidar_ros2/sdk/src/sl_lidar_driver.cpp: In instantiation of \xe2\x80\x98\x1b[01m\x1b[Kvoid sl::RawSampleNodeHolder<T>::pushNode(_u64, const T*) [with T = sl_lidar_response_measurement_node_hq_t; _u64 = long unsigned int]\x1b[m\x1b[K\xe2\x80\x99:\n'}
[40.990851] (sllidar_ros2) StderrLine: {'line': b'\x1b[01m\x1b[K/home/rospi/aug_2024/src/sllidar_ros2/sdk/src/sl_lidar_driver.cpp:1648:42:\x1b[m\x1b[K   required from here\n'}
[40.991491] (sllidar_ros2) StderrLine: {'line': b'\x1b[01m\x1b[K/home/rospi/aug_2024/src/sllidar_ros2/sdk/src/sl_lidar_driver.cpp:202:28:\x1b[m\x1b[K \x1b[01;35m\x1b[Kwarning: \x1b[m\x1b[Kunused parameter \xe2\x80\x98\x1b[01m\x1b[Ktimestamp_uS\x1b[m\x1b[K\xe2\x80\x99 [\x1b[01;35m\x1b[K\x1b]8;;https://gcc.gnu.org/onlinedocs/gcc/Warning-Options.html#index-Wunused-parameter\x07-Wunused-parameter\x1b]8;;\x07\x1b[m\x1b[K]\n'}
[40.992147] (sllidar_ros2) StderrLine: {'line': b'  202 |         void pushNode(\x1b[01;35m\x1b[K_u64 timestamp_uS\x1b[m\x1b[K, const T* node)\n'}
[40.992859] (sllidar_ros2) StderrLine: {'line': b'      |                       \x1b[01;35m\x1b[K~~~~~^~~~~~~~~~~~\x1b[m\x1b[K\n'}
[41.064500] (-) TimerEvent: {}
[41.165468] (-) TimerEvent: {}
[41.266439] (-) TimerEvent: {}
[41.367438] (-) TimerEvent: {}
[41.386488] (sllidar_ros2) StdoutLine: {'line': b'[ 80%] \x1b[32mBuilding CXX object CMakeFiles/sllidar_node.dir/sdk/src/sl_serial_channel.cpp.o\x1b[0m\n'}
[41.467647] (-) TimerEvent: {}
[41.569237] (-) TimerEvent: {}
[41.670904] (-) TimerEvent: {}
[41.765749] (sllidar_ros2) StderrLine: {'line': b'\x1b[01m\x1b[K/home/rospi/aug_2024/src/sllidar_ros2/sdk/src/sl_lidar_driver.cpp:\x1b[m\x1b[K At global scope:\n'}
[41.766494] (sllidar_ros2) StderrLine: {'line': b'\x1b[01m\x1b[K/home/rospi/aug_2024/src/sllidar_ros2/sdk/src/sl_lidar_driver.cpp:83:17:\x1b[m\x1b[K \x1b[01;35m\x1b[Kwarning: \x1b[m\x1b[K\xe2\x80\x98\x1b[01m\x1b[Kvoid sl::convert(const sl_lidar_response_measurement_node_hq_t&, sl_lidar_response_measurement_node_t&)\x1b[m\x1b[K\xe2\x80\x99 defined but not used [\x1b[01;35m\x1b[K\x1b]8;;https://gcc.gnu.org/onlinedocs/gcc/Warning-Options.html#index-Wunused-function\x07-Wunused-function\x1b]8;;\x07\x1b[m\x1b[K]\n'}
[41.767285] (sllidar_ros2) StderrLine: {'line': b'   83 |     static void \x1b[01;35m\x1b[Kconvert\x1b[m\x1b[K(const sl_lidar_response_measurement_node_hq_t& from, sl_lidar_response_measurement_node_t& to)\n'}
[41.767968] (sllidar_ros2) StderrLine: {'line': b'      |                 \x1b[01;35m\x1b[K^~~~~~~\x1b[m\x1b[K\n'}
[41.768685] (sllidar_ros2) StderrLine: {'line': b'\x1b[01m\x1b[K/home/rospi/aug_2024/src/sllidar_ros2/sdk/src/sl_lidar_driver.cpp:75:17:\x1b[m\x1b[K \x1b[01;35m\x1b[Kwarning: \x1b[m\x1b[K\xe2\x80\x98\x1b[01m\x1b[Kvoid sl::convert(const sl_lidar_response_measurement_node_t&, sl_lidar_response_measurement_node_hq_t&)\x1b[m\x1b[K\xe2\x80\x99 defined but not used [\x1b[01;35m\x1b[K\x1b]8;;https://gcc.gnu.org/onlinedocs/gcc/Warning-Options.html#index-Wunused-function\x07-Wunused-function\x1b]8;;\x07\x1b[m\x1b[K]\n'}
[41.769353] (sllidar_ros2) StderrLine: {'line': b'   75 |     static void \x1b[01;35m\x1b[Kconvert\x1b[m\x1b[K(const sl_lidar_response_measurement_node_t& from, sl_lidar_response_measurement_node_hq_t& to)\n'}
[41.769971] (sllidar_ros2) StderrLine: {'line': b'      |                 \x1b[01;35m\x1b[K^~~~~~~\x1b[m\x1b[K\n'}
[41.770559] (sllidar_ros2) StderrLine: {'line': b'\x1b[01m\x1b[K/home/rospi/aug_2024/src/sllidar_ros2/sdk/src/sl_lidar_driver.cpp:70:17:\x1b[m\x1b[K \x1b[01;35m\x1b[Kwarning: \x1b[m\x1b[K\xe2\x80\x98\x1b[01m\x1b[Kvoid sl::printDeprecationWarn(const char*, const char*)\x1b[m\x1b[K\xe2\x80\x99 defined but not used [\x1b[01;35m\x1b[K\x1b]8;;https://gcc.gnu.org/onlinedocs/gcc/Warning-Options.html#index-Wunused-function\x07-Wunused-function\x1b]8;;\x07\x1b[m\x1b[K]\n'}
[41.771208] (-) TimerEvent: {}
[41.773193] (sllidar_ros2) StderrLine: {'line': b'   70 |     static void \x1b[01;35m\x1b[KprintDeprecationWarn\x1b[m\x1b[K(const char* fn, const char* replacement)\n'}
[41.773947] (sllidar_ros2) StderrLine: {'line': b'      |                 \x1b[01;35m\x1b[K^~~~~~~~~~~~~~~~~~~~\x1b[m\x1b[K\n'}
[41.871475] (-) TimerEvent: {}
[41.972326] (-) TimerEvent: {}
[42.073410] (-) TimerEvent: {}
[42.174492] (-) TimerEvent: {}
[42.275638] (-) TimerEvent: {}
[42.376698] (-) TimerEvent: {}
[42.477698] (-) TimerEvent: {}
[42.578983] (-) TimerEvent: {}
[42.680540] (-) TimerEvent: {}
[42.781808] (-) TimerEvent: {}
[42.882790] (-) TimerEvent: {}
[42.983869] (-) TimerEvent: {}
[43.084935] (-) TimerEvent: {}
[43.186051] (-) TimerEvent: {}
[43.287036] (-) TimerEvent: {}
[43.388204] (-) TimerEvent: {}
[43.478556] (sllidar_ros2) StderrLine: {'line': b'In file included from \x1b[01m\x1b[K/home/rospi/aug_2024/src/sllidar_ros2/./sdk/include/sl_lidar_cmd.h:41\x1b[m\x1b[K,\n'}
[43.479858] (sllidar_ros2) StderrLine: {'line': b'                 from \x1b[01m\x1b[K/home/rospi/aug_2024/src/sllidar_ros2/./sdk/include/sl_lidar_driver.h:54\x1b[m\x1b[K,\n'}
[43.480810] (sllidar_ros2) StderrLine: {'line': b'                 from \x1b[01m\x1b[K/home/rospi/aug_2024/src/sllidar_ros2/sdk/src/sl_serial_channel.cpp:33\x1b[m\x1b[K:\n'}
[43.481697] (sllidar_ros2) StderrLine: {'line': b'\x1b[01m\x1b[K/home/rospi/aug_2024/src/sllidar_ros2/./sdk/include/sl_lidar_protocol.h:66:16:\x1b[m\x1b[K \x1b[01;35m\x1b[Kwarning: \x1b[m\x1b[KISO C++ forbids zero-size array \xe2\x80\x98\x1b[01m\x1b[Kdata\x1b[m\x1b[K\xe2\x80\x99 [\x1b[01;35m\x1b[K\x1b]8;;https://gcc.gnu.org/onlinedocs/gcc/Warning-Options.html#index-Wpedantic\x07-Wpedantic\x1b]8;;\x07\x1b[m\x1b[K]\n'}
[43.483174] (sllidar_ros2) StderrLine: {'line': b'   66 |     sl_u8 data[\x1b[01;35m\x1b[K0\x1b[m\x1b[K];\n'}
[43.485011] (sllidar_ros2) StderrLine: {'line': b'      |                \x1b[01;35m\x1b[K^\x1b[m\x1b[K\n'}
[43.486319] (sllidar_ros2) StderrLine: {'line': b'In file included from \x1b[01m\x1b[K/home/rospi/aug_2024/src/sllidar_ros2/./sdk/include/sl_lidar_driver.h:54\x1b[m\x1b[K,\n'}
[43.487720] (sllidar_ros2) StderrLine: {'line': b'                 from \x1b[01m\x1b[K/home/rospi/aug_2024/src/sllidar_ros2/sdk/src/sl_serial_channel.cpp:33\x1b[m\x1b[K:\n'}
[43.489406] (-) TimerEvent: {}
[43.500582] (sllidar_ros2) StderrLine: {'line': b'\x1b[01m\x1b[K/home/rospi/aug_2024/src/sllidar_ros2/./sdk/include/sl_lidar_cmd.h:324:20:\x1b[m\x1b[K \x1b[01;35m\x1b[Kwarning: \x1b[m\x1b[KISO C++ forbids zero-size array \xe2\x80\x98\x1b[01m\x1b[Kpayload\x1b[m\x1b[K\xe2\x80\x99 [\x1b[01;35m\x1b[K\x1b]8;;https://gcc.gnu.org/onlinedocs/gcc/Warning-Options.html#index-Wpedantic\x07-Wpedantic\x1b]8;;\x07\x1b[m\x1b[K]\n'}
[43.501888] (sllidar_ros2) StderrLine: {'line': b'  324 |     sl_u8  payload[\x1b[01;35m\x1b[K0\x1b[m\x1b[K];\n'}
[43.503531] (sllidar_ros2) StderrLine: {'line': b'      |                    \x1b[01;35m\x1b[K^\x1b[m\x1b[K\n'}
[43.589851] (-) TimerEvent: {}
[43.691995] (-) TimerEvent: {}
[43.794626] (-) TimerEvent: {}
[43.896637] (-) TimerEvent: {}
[44.000239] (-) TimerEvent: {}
[44.104669] (-) TimerEvent: {}
[44.155412] (sllidar_ros2) StdoutLine: {'line': b'[ 85%] \x1b[32mBuilding CXX object CMakeFiles/sllidar_node.dir/sdk/src/sl_tcp_channel.cpp.o\x1b[0m\n'}
[44.208285] (-) TimerEvent: {}
[44.268127] (sllidar_ros2) StdoutLine: {'line': b'[ 90%] \x1b[32mBuilding CXX object CMakeFiles/sllidar_node.dir/sdk/src/sl_udp_channel.cpp.o\x1b[0m\n'}
[44.312276] (-) TimerEvent: {}
[44.413269] (-) TimerEvent: {}
[44.514175] (-) TimerEvent: {}
[44.615075] (-) TimerEvent: {}
[44.715945] (-) TimerEvent: {}
[44.816779] (-) TimerEvent: {}
[44.917760] (-) TimerEvent: {}
[45.019190] (-) TimerEvent: {}
[45.120571] (-) TimerEvent: {}
[45.221798] (-) TimerEvent: {}
[45.323058] (-) TimerEvent: {}
[45.428318] (-) TimerEvent: {}
[45.530117] (-) TimerEvent: {}
[45.632913] (-) TimerEvent: {}
[45.734464] (-) TimerEvent: {}
[45.836139] (-) TimerEvent: {}
[45.938027] (-) TimerEvent: {}
[46.039818] (-) TimerEvent: {}
[46.061698] (sllidar_ros2) StderrLine: {'line': b'In file included from \x1b[01m\x1b[K/home/rospi/aug_2024/src/sllidar_ros2/./sdk/include/sl_lidar_cmd.h:41\x1b[m\x1b[K,\n'}
[46.062571] (sllidar_ros2) StderrLine: {'line': b'                 from \x1b[01m\x1b[K/home/rospi/aug_2024/src/sllidar_ros2/./sdk/include/sl_lidar_driver.h:54\x1b[m\x1b[K,\n'}
[46.063318] (sllidar_ros2) StderrLine: {'line': b'                 from \x1b[01m\x1b[K/home/rospi/aug_2024/src/sllidar_ros2/sdk/src/sl_tcp_channel.cpp:33\x1b[m\x1b[K:\n'}
[46.064925] (sllidar_ros2) StderrLine: {'line': b'\x1b[01m\x1b[K/home/rospi/aug_2024/src/sllidar_ros2/./sdk/include/sl_lidar_protocol.h:66:16:\x1b[m\x1b[K \x1b[01;35m\x1b[Kwarning: \x1b[m\x1b[KISO C++ forbids zero-size array \xe2\x80\x98\x1b[01m\x1b[Kdata\x1b[m\x1b[K\xe2\x80\x99 [\x1b[01;35m\x1b[K\x1b]8;;https://gcc.gnu.org/onlinedocs/gcc/Warning-Options.html#index-Wpedantic\x07-Wpedantic\x1b]8;;\x07\x1b[m\x1b[K]\n'}
[46.066016] (sllidar_ros2) StderrLine: {'line': b'   66 |     sl_u8 data[\x1b[01;35m\x1b[K0\x1b[m\x1b[K];\n'}
[46.066801] (sllidar_ros2) StderrLine: {'line': b'      |                \x1b[01;35m\x1b[K^\x1b[m\x1b[K\n'}
[46.067514] (sllidar_ros2) StderrLine: {'line': b'In file included from \x1b[01m\x1b[K/home/rospi/aug_2024/src/sllidar_ros2/./sdk/include/sl_lidar_driver.h:54\x1b[m\x1b[K,\n'}
[46.068337] (sllidar_ros2) StderrLine: {'line': b'                 from \x1b[01m\x1b[K/home/rospi/aug_2024/src/sllidar_ros2/sdk/src/sl_tcp_channel.cpp:33\x1b[m\x1b[K:\n'}
[46.069092] (sllidar_ros2) StderrLine: {'line': b'\x1b[01m\x1b[K/home/rospi/aug_2024/src/sllidar_ros2/./sdk/include/sl_lidar_cmd.h:324:20:\x1b[m\x1b[K \x1b[01;35m\x1b[Kwarning: \x1b[m\x1b[KISO C++ forbids zero-size array \xe2\x80\x98\x1b[01m\x1b[Kpayload\x1b[m\x1b[K\xe2\x80\x99 [\x1b[01;35m\x1b[K\x1b]8;;https://gcc.gnu.org/onlinedocs/gcc/Warning-Options.html#index-Wpedantic\x07-Wpedantic\x1b]8;;\x07\x1b[m\x1b[K]\n'}
[46.069920] (sllidar_ros2) StderrLine: {'line': b'  324 |     sl_u8  payload[\x1b[01;35m\x1b[K0\x1b[m\x1b[K];\n'}
[46.070835] (sllidar_ros2) StderrLine: {'line': b'      |                    \x1b[01;35m\x1b[K^\x1b[m\x1b[K\n'}
[46.089270] (sllidar_ros2) StderrLine: {'line': b'\x1b[01m\x1b[K/home/rospi/aug_2024/src/sllidar_ros2/sdk/src/sl_tcp_channel.cpp:\x1b[m\x1b[K In member function \xe2\x80\x98\x1b[01m\x1b[Kvoid sl::TcpChannel::setStatus(_u32)\x1b[m\x1b[K\xe2\x80\x99:\n'}
[46.090280] (sllidar_ros2) StderrLine: {'line': b'\x1b[01m\x1b[K/home/rospi/aug_2024/src/sllidar_ros2/sdk/src/sl_tcp_channel.cpp:109:29:\x1b[m\x1b[K \x1b[01;35m\x1b[Kwarning: \x1b[m\x1b[Kunused parameter \xe2\x80\x98\x1b[01m\x1b[Kflag\x1b[m\x1b[K\xe2\x80\x99 [\x1b[01;35m\x1b[K\x1b]8;;https://gcc.gnu.org/onlinedocs/gcc/Warning-Options.html#index-Wunused-parameter\x07-Wunused-parameter\x1b]8;;\x07\x1b[m\x1b[K]\n'}
[46.091469] (sllidar_ros2) StderrLine: {'line': b'  109 |         void setStatus(\x1b[01;35m\x1b[K_u32 flag\x1b[m\x1b[K){}\n'}
[46.092781] (sllidar_ros2) StderrLine: {'line': b'      |                        \x1b[01;35m\x1b[K~~~~~^~~~\x1b[m\x1b[K\n'}
[46.125808] (sllidar_ros2) StderrLine: {'line': b'In file included from \x1b[01m\x1b[K/home/rospi/aug_2024/src/sllidar_ros2/./sdk/include/sl_lidar_cmd.h:41\x1b[m\x1b[K,\n'}
[46.126592] (sllidar_ros2) StderrLine: {'line': b'                 from \x1b[01m\x1b[K/home/rospi/aug_2024/src/sllidar_ros2/./sdk/include/sl_lidar_driver.h:54\x1b[m\x1b[K,\n'}
[46.127299] (sllidar_ros2) StderrLine: {'line': b'                 from \x1b[01m\x1b[K/home/rospi/aug_2024/src/sllidar_ros2/sdk/src/sl_udp_channel.cpp:33\x1b[m\x1b[K:\n'}
[46.128178] (sllidar_ros2) StderrLine: {'line': b'\x1b[01m\x1b[K/home/rospi/aug_2024/src/sllidar_ros2/./sdk/include/sl_lidar_protocol.h:66:16:\x1b[m\x1b[K \x1b[01;35m\x1b[Kwarning: \x1b[m\x1b[KISO C++ forbids zero-size array \xe2\x80\x98\x1b[01m\x1b[Kdata\x1b[m\x1b[K\xe2\x80\x99 [\x1b[01;35m\x1b[K\x1b]8;;https://gcc.gnu.org/onlinedocs/gcc/Warning-Options.html#index-Wpedantic\x07-Wpedantic\x1b]8;;\x07\x1b[m\x1b[K]\n'}
[46.129467] (sllidar_ros2) StderrLine: {'line': b'   66 |     sl_u8 data[\x1b[01;35m\x1b[K0\x1b[m\x1b[K];\n'}
[46.130362] (sllidar_ros2) StderrLine: {'line': b'      |                \x1b[01;35m\x1b[K^\x1b[m\x1b[K\n'}
[46.131159] (sllidar_ros2) StderrLine: {'line': b'In file included from \x1b[01m\x1b[K/home/rospi/aug_2024/src/sllidar_ros2/./sdk/include/sl_lidar_driver.h:54\x1b[m\x1b[K,\n'}
[46.131885] (sllidar_ros2) StderrLine: {'line': b'                 from \x1b[01m\x1b[K/home/rospi/aug_2024/src/sllidar_ros2/sdk/src/sl_udp_channel.cpp:33\x1b[m\x1b[K:\n'}
[46.132643] (sllidar_ros2) StderrLine: {'line': b'\x1b[01m\x1b[K/home/rospi/aug_2024/src/sllidar_ros2/./sdk/include/sl_lidar_cmd.h:324:20:\x1b[m\x1b[K \x1b[01;35m\x1b[Kwarning: \x1b[m\x1b[KISO C++ forbids zero-size array \xe2\x80\x98\x1b[01m\x1b[Kpayload\x1b[m\x1b[K\xe2\x80\x99 [\x1b[01;35m\x1b[K\x1b]8;;https://gcc.gnu.org/onlinedocs/gcc/Warning-Options.html#index-Wpedantic\x07-Wpedantic\x1b]8;;\x07\x1b[m\x1b[K]\n'}
[46.133471] (sllidar_ros2) StderrLine: {'line': b'  324 |     sl_u8  payload[\x1b[01;35m\x1b[K0\x1b[m\x1b[K];\n'}
[46.134151] (sllidar_ros2) StderrLine: {'line': b'      |                    \x1b[01;35m\x1b[K^\x1b[m\x1b[K\n'}
[46.140026] (-) TimerEvent: {}
[46.151969] (sllidar_ros2) StderrLine: {'line': b'\x1b[01m\x1b[K/home/rospi/aug_2024/src/sllidar_ros2/sdk/src/sl_udp_channel.cpp:\x1b[m\x1b[K In member function \xe2\x80\x98\x1b[01m\x1b[Kvoid sl::UdpChannel::setStatus(_u32)\x1b[m\x1b[K\xe2\x80\x99:\n'}
[46.152904] (sllidar_ros2) StderrLine: {'line': b'\x1b[01m\x1b[K/home/rospi/aug_2024/src/sllidar_ros2/sdk/src/sl_udp_channel.cpp:112:29:\x1b[m\x1b[K \x1b[01;35m\x1b[Kwarning: \x1b[m\x1b[Kunused parameter \xe2\x80\x98\x1b[01m\x1b[Kflag\x1b[m\x1b[K\xe2\x80\x99 [\x1b[01;35m\x1b[K\x1b]8;;https://gcc.gnu.org/onlinedocs/gcc/Warning-Options.html#index-Wunused-parameter\x07-Wunused-parameter\x1b]8;;\x07\x1b[m\x1b[K]\n'}
[46.153740] (sllidar_ros2) StderrLine: {'line': b'  112 |         void setStatus(\x1b[01;35m\x1b[K_u32 flag\x1b[m\x1b[K){}\n'}
[46.154459] (sllidar_ros2) StderrLine: {'line': b'      |                        \x1b[01;35m\x1b[K~~~~~^~~~\x1b[m\x1b[K\n'}
[46.240236] (-) TimerEvent: {}
[46.341905] (-) TimerEvent: {}
[46.429367] (sllidar_ros2) StdoutLine: {'line': b'[ 95%] \x1b[32m\x1b[1mLinking CXX executable sllidar_node\x1b[0m\n'}
[46.442114] (-) TimerEvent: {}
[46.542905] (-) TimerEvent: {}
[46.643698] (-) TimerEvent: {}
[46.744721] (-) TimerEvent: {}
[46.845734] (-) TimerEvent: {}
[46.946893] (-) TimerEvent: {}
[47.048086] (-) TimerEvent: {}
[47.149058] (-) TimerEvent: {}
[47.250240] (-) TimerEvent: {}
[47.351184] (-) TimerEvent: {}
[47.452209] (-) TimerEvent: {}
[47.553148] (-) TimerEvent: {}
[47.654429] (-) TimerEvent: {}
[47.755453] (-) TimerEvent: {}
[47.856893] (-) TimerEvent: {}
[47.957758] (-) TimerEvent: {}
[47.983135] (sllidar_ros2) StdoutLine: {'line': b'[ 95%] Built target sllidar_node\n'}
[48.057995] (-) TimerEvent: {}
[48.158823] (-) TimerEvent: {}
[48.259578] (-) TimerEvent: {}
[48.360366] (-) TimerEvent: {}
[48.461140] (-) TimerEvent: {}
[48.561922] (-) TimerEvent: {}
[48.662652] (-) TimerEvent: {}
[48.763359] (-) TimerEvent: {}
[48.864130] (-) TimerEvent: {}
[48.964838] (-) TimerEvent: {}
[49.065547] (-) TimerEvent: {}
[49.166259] (-) TimerEvent: {}
[49.266986] (-) TimerEvent: {}
[49.367749] (-) TimerEvent: {}
[49.468634] (-) TimerEvent: {}
[49.569425] (-) TimerEvent: {}
[49.670350] (-) TimerEvent: {}
[49.771198] (-) TimerEvent: {}
[49.871953] (-) TimerEvent: {}
[49.972761] (-) TimerEvent: {}
[50.073509] (-) TimerEvent: {}
[50.174259] (-) TimerEvent: {}
[50.274990] (-) TimerEvent: {}
[50.375712] (-) TimerEvent: {}
[50.476441] (-) TimerEvent: {}
[50.577197] (-) TimerEvent: {}
[50.677926] (-) TimerEvent: {}
[50.778651] (-) TimerEvent: {}
[50.879362] (-) TimerEvent: {}
[50.980121] (-) TimerEvent: {}
[51.080839] (-) TimerEvent: {}
[51.181556] (-) TimerEvent: {}
[51.282227] (-) TimerEvent: {}
[51.382947] (-) TimerEvent: {}
[51.483685] (-) TimerEvent: {}
[51.584435] (-) TimerEvent: {}
[51.685128] (-) TimerEvent: {}
[51.785828] (-) TimerEvent: {}
[51.886544] (-) TimerEvent: {}
[51.987271] (-) TimerEvent: {}
[52.088096] (-) TimerEvent: {}
[52.190003] (-) TimerEvent: {}
[52.291504] (-) TimerEvent: {}
[52.392261] (-) TimerEvent: {}
[52.493015] (-) TimerEvent: {}
[52.593714] (-) TimerEvent: {}
[52.694447] (-) TimerEvent: {}
[52.795191] (-) TimerEvent: {}
[52.895932] (-) TimerEvent: {}
[52.996680] (-) TimerEvent: {}
[53.097406] (-) TimerEvent: {}
[53.198156] (-) TimerEvent: {}
[53.298854] (-) TimerEvent: {}
[53.399542] (-) TimerEvent: {}
[53.500275] (-) TimerEvent: {}
[53.601017] (-) TimerEvent: {}
[53.701751] (-) TimerEvent: {}
[53.802590] (-) TimerEvent: {}
[53.903383] (-) TimerEvent: {}
[54.004154] (-) TimerEvent: {}
[54.104866] (-) TimerEvent: {}
[54.205568] (-) TimerEvent: {}
[54.306308] (-) TimerEvent: {}
[54.407047] (-) TimerEvent: {}
[54.507773] (-) TimerEvent: {}
[54.608534] (-) TimerEvent: {}
[54.709248] (-) TimerEvent: {}
[54.809976] (-) TimerEvent: {}
[54.910705] (-) TimerEvent: {}
[55.011422] (-) TimerEvent: {}
[55.112197] (-) TimerEvent: {}
[55.212929] (-) TimerEvent: {}
[55.313646] (-) TimerEvent: {}
[55.414341] (-) TimerEvent: {}
[55.515079] (-) TimerEvent: {}
[55.615837] (-) TimerEvent: {}
[55.716622] (-) TimerEvent: {}
[55.817334] (-) TimerEvent: {}
[55.918116] (-) TimerEvent: {}
[56.018992] (-) TimerEvent: {}
[56.119913] (-) TimerEvent: {}
[56.220890] (-) TimerEvent: {}
[56.321620] (-) TimerEvent: {}
[56.422354] (-) TimerEvent: {}
[56.523079] (-) TimerEvent: {}
[56.623875] (-) TimerEvent: {}
[56.724653] (-) TimerEvent: {}
[56.825412] (-) TimerEvent: {}
[56.926156] (-) TimerEvent: {}
[57.026909] (-) TimerEvent: {}
[57.127655] (-) TimerEvent: {}
[57.228413] (-) TimerEvent: {}
[57.329144] (-) TimerEvent: {}
[57.429910] (-) TimerEvent: {}
[57.552345] (-) TimerEvent: {}
[57.653259] (-) TimerEvent: {}
[57.754115] (-) TimerEvent: {}
[57.854958] (-) TimerEvent: {}
[57.955804] (-) TimerEvent: {}
[58.056602] (-) TimerEvent: {}
[58.157358] (-) TimerEvent: {}
[58.258172] (-) TimerEvent: {}
[58.359110] (-) TimerEvent: {}
[58.460078] (-) TimerEvent: {}
[58.560834] (-) TimerEvent: {}
[58.661666] (-) TimerEvent: {}
[58.762704] (-) TimerEvent: {}
[58.864170] (-) TimerEvent: {}
[58.965219] (-) TimerEvent: {}
[59.019183] (sllidar_ros2) StdoutLine: {'line': b'[100%] \x1b[32m\x1b[1mLinking CXX executable sllidar_client\x1b[0m\n'}
[59.065399] (-) TimerEvent: {}
[59.166183] (-) TimerEvent: {}
[59.267046] (-) TimerEvent: {}
[59.367867] (-) TimerEvent: {}
[59.468934] (-) TimerEvent: {}
[59.569926] (-) TimerEvent: {}
[59.671103] (-) TimerEvent: {}
[59.772223] (-) TimerEvent: {}
[59.873202] (-) TimerEvent: {}
[59.974402] (-) TimerEvent: {}
[60.075445] (-) TimerEvent: {}
[60.176728] (-) TimerEvent: {}
[60.277747] (-) TimerEvent: {}
[60.378997] (-) TimerEvent: {}
[60.479699] (-) TimerEvent: {}
[60.580416] (-) TimerEvent: {}
[60.681148] (-) TimerEvent: {}
[60.781958] (-) TimerEvent: {}
[60.882800] (-) TimerEvent: {}
[60.983517] (-) TimerEvent: {}
[61.078257] (sllidar_ros2) StdoutLine: {'line': b'[100%] Built target sllidar_client\n'}
[61.083701] (-) TimerEvent: {}
[61.121938] (sllidar_ros2) CommandEnded: {'returncode': 0}
[61.124130] (sllidar_ros2) JobProgress: {'identifier': 'sllidar_ros2', 'progress': 'install'}
[61.125029] (sllidar_ros2) Command: {'cmd': ['/usr/bin/cmake', '--install', '/home/rospi/aug_2024/build/sllidar_ros2'], 'cwd': '/home/rospi/aug_2024/build/sllidar_ros2', 'env': OrderedDict([('LESSOPEN', '| /usr/bin/lesspipe %s'), ('USER', 'rospi'), ('SSH_CLIENT', '10.150.42.143 57984 22'), ('XDG_SESSION_TYPE', 'tty'), ('SHLVL', '1'), ('LD_LIBRARY_PATH', '/home/rospi/aug_2024/install/BMC_2024/lib:/home/rospi/aug_2024/install/pigpio/lib:/opt/ros/humble/opt/rviz_ogre_vendor/lib:/opt/ros/humble/lib/aarch64-linux-gnu:/opt/ros/humble/lib'), ('MOTD_SHOWN', 'pam'), ('HOME', '/home/rospi'), ('OLDPWD', '/home/rospi'), ('SSH_TTY', '/dev/pts/0'), ('ROS_PYTHON_VERSION', '3'), ('DBUS_SESSION_BUS_ADDRESS', 'unix:path=/run/user/1000/bus'), ('COLCON_PREFIX_PATH', '/home/rospi/aug_2024/install'), ('ROS_DISTRO', 'humble'), ('LOGNAME', 'rospi'), ('_', '/usr/bin/colcon'), ('ROS_VERSION', '2'), ('XDG_SESSION_CLASS', 'user'), ('TERM', 'xterm-256color'), ('XDG_SESSION_ID', '26'), ('ROS_LOCALHOST_ONLY', '0'), ('PATH', '/home/rospi/aug_2024/install/pigpio/bin:/opt/ros/humble/bin:/usr/local/sbin:/usr/local/bin:/usr/sbin:/usr/bin:/sbin:/bin:/usr/games:/usr/local/games:/snap/bin'), ('XDG_RUNTIME_DIR', '/run/user/1000'), ('LANG', 'en_US.UTF-8'), ('LS_COLORS', 'rs=0:di=01;34:ln=01;36:mh=00:pi=40;33:so=01;35:do=01;35:bd=40;33;01:cd=40;33;01:or=40;31;01:mi=00:su=37;41:sg=30;43:ca=30;41:tw=30;42:ow=34;42:st=37;44:ex=01;32:*.tar=01;31:*.tgz=01;31:*.arc=01;31:*.arj=01;31:*.taz=01;31:*.lha=01;31:*.lz4=01;31:*.lzh=01;31:*.lzma=01;31:*.tlz=01;31:*.txz=01;31:*.tzo=01;31:*.t7z=01;31:*.zip=01;31:*.z=01;31:*.dz=01;31:*.gz=01;31:*.lrz=01;31:*.lz=01;31:*.lzo=01;31:*.xz=01;31:*.zst=01;31:*.tzst=01;31:*.bz2=01;31:*.bz=01;31:*.tbz=01;31:*.tbz2=01;31:*.tz=01;31:*.deb=01;31:*.rpm=01;31:*.jar=01;31:*.war=01;31:*.ear=01;31:*.sar=01;31:*.rar=01;31:*.alz=01;31:*.ace=01;31:*.zoo=01;31:*.cpio=01;31:*.7z=01;31:*.rz=01;31:*.cab=01;31:*.wim=01;31:*.swm=01;31:*.dwm=01;31:*.esd=01;31:*.jpg=01;35:*.jpeg=01;35:*.mjpg=01;35:*.mjpeg=01;35:*.gif=01;35:*.bmp=01;35:*.pbm=01;35:*.pgm=01;35:*.ppm=01;35:*.tga=01;35:*.xbm=01;35:*.xpm=01;35:*.tif=01;35:*.tiff=01;35:*.png=01;35:*.svg=01;35:*.svgz=01;35:*.mng=01;35:*.pcx=01;35:*.mov=01;35:*.mpg=01;35:*.mpeg=01;35:*.m2v=01;35:*.mkv=01;35:*.webm=01;35:*.webp=01;35:*.ogm=01;35:*.mp4=01;35:*.m4v=01;35:*.mp4v=01;35:*.vob=01;35:*.qt=01;35:*.nuv=01;35:*.wmv=01;35:*.asf=01;35:*.rm=01;35:*.rmvb=01;35:*.flc=01;35:*.avi=01;35:*.fli=01;35:*.flv=01;35:*.gl=01;35:*.dl=01;35:*.xcf=01;35:*.xwd=01;35:*.yuv=01;35:*.cgm=01;35:*.emf=01;35:*.ogv=01;35:*.ogx=01;35:*.aac=00;36:*.au=00;36:*.flac=00;36:*.m4a=00;36:*.mid=00;36:*.midi=00;36:*.mka=00;36:*.mp3=00;36:*.mpc=00;36:*.ogg=00;36:*.ra=00;36:*.wav=00;36:*.oga=00;36:*.opus=00;36:*.spx=00;36:*.xspf=00;36:'), ('AMENT_PREFIX_PATH', '/home/rospi/aug_2024/install/aug_2024:/home/rospi/aug_2024/install/BMC_2024:/home/rospi/aug_2024/install/sllidar_ros2:/home/rospi/aug_2024/install/my_robot_nav2:/opt/ros/humble'), ('SHELL', '/bin/bash'), ('LESSCLOSE', '/usr/bin/lesspipe %s %s'), ('PWD', '/home/rospi/aug_2024/build/sllidar_ros2'), ('LC_ALL', 'en_US.UTF-8'), ('SSH_CONNECTION', '10.150.42.143 57984 10.6.102.87 22'), ('XDG_DATA_DIRS', '/usr/local/share:/usr/share:/var/lib/snapd/desktop'), ('PYTHONPATH', '/opt/ros/humble/lib/python3.10/site-packages:/opt/ros/humble/local/lib/python3.10/dist-packages'), ('COLCON', '1'), ('CMAKE_PREFIX_PATH', '/home/rospi/aug_2024/install/aug_2024:/home/rospi/aug_2024/install/BMC_2024:/home/rospi/aug_2024/install/sllidar_ros2:/home/rospi/aug_2024/install/pigpio:/home/rospi/aug_2024/install/my_robot_nav2:/opt/ros/humble')]), 'shell': False}
[61.158915] (sllidar_ros2) StdoutLine: {'line': b'-- Install configuration: ""\n'}
[61.159570] (sllidar_ros2) StdoutLine: {'line': b'-- Installing: /home/rospi/aug_2024/install/sllidar_ros2/share/sllidar_ros2/launch\n'}
[61.160367] (sllidar_ros2) StdoutLine: {'line': b'-- Installing: /home/rospi/aug_2024/install/sllidar_ros2/share/sllidar_ros2/launch/view_sllidar_s1_tcp_launch.py\n'}
[61.161553] (sllidar_ros2) StdoutLine: {'line': b'-- Installing: /home/rospi/aug_2024/install/sllidar_ros2/share/sllidar_ros2/launch/sllidar_a2m12_launch .py\n'}
[61.162563] (sllidar_ros2) StdoutLine: {'line': b'-- Installing: /home/rospi/aug_2024/install/sllidar_ros2/share/sllidar_ros2/launch/view_sllidar_s1_launch.py\n'}
[61.163613] (sllidar_ros2) StdoutLine: {'line': b'-- Installing: /home/rospi/aug_2024/install/sllidar_ros2/share/sllidar_ros2/launch/sllidar_s3_launch.py\n'}
[61.164651] (sllidar_ros2) StdoutLine: {'line': b'-- Installing: /home/rospi/aug_2024/install/sllidar_ros2/share/sllidar_ros2/launch/view_sllidar_a2m7_launch.py\n'}
[61.165676] (sllidar_ros2) StdoutLine: {'line': b'-- Installing: /home/rospi/aug_2024/install/sllidar_ros2/share/sllidar_ros2/launch/sllidar_a2m8_launch.py\n'}
[61.166674] (sllidar_ros2) StdoutLine: {'line': b'-- Installing: /home/rospi/aug_2024/install/sllidar_ros2/share/sllidar_ros2/launch/view_sllidar_s2_launch.py\n'}
[61.167661] (sllidar_ros2) StdoutLine: {'line': b'-- Installing: /home/rospi/aug_2024/install/sllidar_ros2/share/sllidar_ros2/launch/view_sllidar_s2e_launch.py\n'}
[61.168720] (sllidar_ros2) StdoutLine: {'line': b'-- Installing: /home/rospi/aug_2024/install/sllidar_ros2/share/sllidar_ros2/launch/view_sllidar_a2m12_launch.py\n'}
[61.169749] (sllidar_ros2) StdoutLine: {'line': b'-- Installing: /home/rospi/aug_2024/install/sllidar_ros2/share/sllidar_ros2/launch/sllidar_s1_launch.py\n'}
[61.170749] (sllidar_ros2) StdoutLine: {'line': b'-- Installing: /home/rospi/aug_2024/install/sllidar_ros2/share/sllidar_ros2/launch/view_sllidar_s3_launch.py\n'}
[61.171747] (sllidar_ros2) StdoutLine: {'line': b'-- Installing: /home/rospi/aug_2024/install/sllidar_ros2/share/sllidar_ros2/launch/view_sllidar_a2m8_launch.py\n'}
[61.173061] (sllidar_ros2) StdoutLine: {'line': b'-- Installing: /home/rospi/aug_2024/install/sllidar_ros2/share/sllidar_ros2/launch/view_sllidar_t1_launch.py\n'}
[61.174187] (sllidar_ros2) StdoutLine: {'line': b'-- Installing: /home/rospi/aug_2024/install/sllidar_ros2/share/sllidar_ros2/launch/view_sllidar_a1_launch.py\n'}
[61.175207] (sllidar_ros2) StdoutLine: {'line': b'-- Installing: /home/rospi/aug_2024/install/sllidar_ros2/share/sllidar_ros2/launch/sllidar_s2_launch.py\n'}
[61.176237] (sllidar_ros2) StdoutLine: {'line': b'-- Installing: /home/rospi/aug_2024/install/sllidar_ros2/share/sllidar_ros2/launch/sllidar_t1_launch.py\n'}
[61.177257] (sllidar_ros2) StdoutLine: {'line': b'-- Installing: /home/rospi/aug_2024/install/sllidar_ros2/share/sllidar_ros2/launch/sllidar_a1_launch.py\n'}
[61.178276] (sllidar_ros2) StdoutLine: {'line': b'-- Installing: /home/rospi/aug_2024/install/sllidar_ros2/share/sllidar_ros2/launch/sllidar_c1_launch.py\n'}
[61.179271] (sllidar_ros2) StdoutLine: {'line': b'-- Installing: /home/rospi/aug_2024/install/sllidar_ros2/share/sllidar_ros2/launch/view_sllidar_c1_launch.py\n'}
[61.180341] (sllidar_ros2) StdoutLine: {'line': b'-- Installing: /home/rospi/aug_2024/install/sllidar_ros2/share/sllidar_ros2/launch/view_sllidar_a3_launch.py\n'}
[61.181346] (sllidar_ros2) StdoutLine: {'line': b'-- Installing: /home/rospi/aug_2024/install/sllidar_ros2/share/sllidar_ros2/launch/sllidar_s1_tcp_launch.py\n'}
[61.182341] (sllidar_ros2) StdoutLine: {'line': b'-- Installing: /home/rospi/aug_2024/install/sllidar_ros2/share/sllidar_ros2/launch/sllidar_a2m7_launch.py\n'}
[61.183336] (sllidar_ros2) StdoutLine: {'line': b'-- Installing: /home/rospi/aug_2024/install/sllidar_ros2/share/sllidar_ros2/launch/sllidar_a3_launch.py\n'}
[61.183700] (-) TimerEvent: {}
[61.184462] (sllidar_ros2) StdoutLine: {'line': b'-- Installing: /home/rospi/aug_2024/install/sllidar_ros2/share/sllidar_ros2/launch/sllidar_s2e_launch.py\n'}
[61.185448] (sllidar_ros2) StdoutLine: {'line': b'-- Installing: /home/rospi/aug_2024/install/sllidar_ros2/share/sllidar_ros2/rviz\n'}
[61.186061] (sllidar_ros2) StdoutLine: {'line': b'-- Installing: /home/rospi/aug_2024/install/sllidar_ros2/share/sllidar_ros2/rviz/sllidar_ros2.rviz\n'}
[61.187717] (sllidar_ros2) StdoutLine: {'line': b'-- Installing: /home/rospi/aug_2024/install/sllidar_ros2/lib/sllidar_ros2/sllidar_node\n'}
[61.205116] (sllidar_ros2) StdoutLine: {'line': b'-- Set runtime path of "/home/rospi/aug_2024/install/sllidar_ros2/lib/sllidar_ros2/sllidar_node" to ""\n'}
[61.205732] (sllidar_ros2) StdoutLine: {'line': b'-- Installing: /home/rospi/aug_2024/install/sllidar_ros2/lib/sllidar_ros2/sllidar_client\n'}
[61.235201] (sllidar_ros2) StdoutLine: {'line': b'-- Set runtime path of "/home/rospi/aug_2024/install/sllidar_ros2/lib/sllidar_ros2/sllidar_client" to ""\n'}
[61.236083] (sllidar_ros2) StdoutLine: {'line': b'-- Installing: /home/rospi/aug_2024/install/sllidar_ros2/share/ament_index/resource_index/package_run_dependencies/sllidar_ros2\n'}
[61.237914] (sllidar_ros2) StdoutLine: {'line': b'-- Installing: /home/rospi/aug_2024/install/sllidar_ros2/share/ament_index/resource_index/parent_prefix_path/sllidar_ros2\n'}
[61.239526] (sllidar_ros2) StdoutLine: {'line': b'-- Installing: /home/rospi/aug_2024/install/sllidar_ros2/share/sllidar_ros2/environment/ament_prefix_path.sh\n'}
[61.240812] (sllidar_ros2) StdoutLine: {'line': b'-- Installing: /home/rospi/aug_2024/install/sllidar_ros2/share/sllidar_ros2/environment/ament_prefix_path.dsv\n'}
[61.242094] (sllidar_ros2) StdoutLine: {'line': b'-- Installing: /home/rospi/aug_2024/install/sllidar_ros2/share/sllidar_ros2/environment/path.sh\n'}
[61.243310] (sllidar_ros2) StdoutLine: {'line': b'-- Installing: /home/rospi/aug_2024/install/sllidar_ros2/share/sllidar_ros2/environment/path.dsv\n'}
[61.244538] (sllidar_ros2) StdoutLine: {'line': b'-- Installing: /home/rospi/aug_2024/install/sllidar_ros2/share/sllidar_ros2/local_setup.bash\n'}
[61.245700] (sllidar_ros2) StdoutLine: {'line': b'-- Installing: /home/rospi/aug_2024/install/sllidar_ros2/share/sllidar_ros2/local_setup.sh\n'}
[61.246919] (sllidar_ros2) StdoutLine: {'line': b'-- Installing: /home/rospi/aug_2024/install/sllidar_ros2/share/sllidar_ros2/local_setup.zsh\n'}
[61.248100] (sllidar_ros2) StdoutLine: {'line': b'-- Installing: /home/rospi/aug_2024/install/sllidar_ros2/share/sllidar_ros2/local_setup.dsv\n'}
[61.249292] (sllidar_ros2) StdoutLine: {'line': b'-- Installing: /home/rospi/aug_2024/install/sllidar_ros2/share/sllidar_ros2/package.dsv\n'}
[61.250815] (sllidar_ros2) StdoutLine: {'line': b'-- Installing: /home/rospi/aug_2024/install/sllidar_ros2/share/ament_index/resource_index/packages/sllidar_ros2\n'}
[61.252447] (sllidar_ros2) StdoutLine: {'line': b'-- Installing: /home/rospi/aug_2024/install/sllidar_ros2/share/sllidar_ros2/cmake/ament_cmake_export_dependencies-extras.cmake\n'}
[61.253826] (sllidar_ros2) StdoutLine: {'line': b'-- Installing: /home/rospi/aug_2024/install/sllidar_ros2/share/sllidar_ros2/cmake/ament_cmake_export_include_directories-extras.cmake\n'}
[61.255167] (sllidar_ros2) StdoutLine: {'line': b'-- Installing: /home/rospi/aug_2024/install/sllidar_ros2/share/sllidar_ros2/cmake/sllidar_ros2Config.cmake\n'}
[61.256280] (sllidar_ros2) StdoutLine: {'line': b'-- Installing: /home/rospi/aug_2024/install/sllidar_ros2/share/sllidar_ros2/cmake/sllidar_ros2Config-version.cmake\n'}
[61.257495] (sllidar_ros2) StdoutLine: {'line': b'-- Installing: /home/rospi/aug_2024/install/sllidar_ros2/share/sllidar_ros2/package.xml\n'}
[61.263647] (sllidar_ros2) CommandEnded: {'returncode': 0}
[61.284677] (-) TimerEvent: {}
[61.323818] (sllidar_ros2) JobEnded: {'identifier': 'sllidar_ros2', 'rc': 0}
[61.331981] (BMC_2024) JobStarted: {'identifier': 'BMC_2024'}
[61.363662] (BMC_2024) JobProgress: {'identifier': 'BMC_2024', 'progress': 'cmake'}
[61.365575] (BMC_2024) Command: {'cmd': ['/usr/bin/cmake', '/home/rospi/aug_2024/src/BMC_2024', '-DCMAKE_INSTALL_PREFIX=/home/rospi/aug_2024/install/BMC_2024'], 'cwd': '/home/rospi/aug_2024/build/BMC_2024', 'env': OrderedDict([('LESSOPEN', '| /usr/bin/lesspipe %s'), ('USER', 'rospi'), ('SSH_CLIENT', '10.150.42.143 57984 22'), ('XDG_SESSION_TYPE', 'tty'), ('SHLVL', '1'), ('LD_LIBRARY_PATH', '/home/rospi/aug_2024/install/BMC_2024/lib:/home/rospi/aug_2024/install/pigpio/lib:/opt/ros/humble/opt/rviz_ogre_vendor/lib:/opt/ros/humble/lib/aarch64-linux-gnu:/opt/ros/humble/lib'), ('MOTD_SHOWN', 'pam'), ('HOME', '/home/rospi'), ('OLDPWD', '/home/rospi'), ('SSH_TTY', '/dev/pts/0'), ('ROS_PYTHON_VERSION', '3'), ('DBUS_SESSION_BUS_ADDRESS', 'unix:path=/run/user/1000/bus'), ('COLCON_PREFIX_PATH', '/home/rospi/aug_2024/install'), ('ROS_DISTRO', 'humble'), ('LOGNAME', 'rospi'), ('_', '/usr/bin/colcon'), ('ROS_VERSION', '2'), ('XDG_SESSION_CLASS', 'user'), ('TERM', 'xterm-256color'), ('XDG_SESSION_ID', '26'), ('ROS_LOCALHOST_ONLY', '0'), ('PATH', '/home/rospi/aug_2024/install/pigpio/bin:/opt/ros/humble/bin:/usr/local/sbin:/usr/local/bin:/usr/sbin:/usr/bin:/sbin:/bin:/usr/games:/usr/local/games:/snap/bin'), ('XDG_RUNTIME_DIR', '/run/user/1000'), ('LANG', 'en_US.UTF-8'), ('LS_COLORS', 'rs=0:di=01;34:ln=01;36:mh=00:pi=40;33:so=01;35:do=01;35:bd=40;33;01:cd=40;33;01:or=40;31;01:mi=00:su=37;41:sg=30;43:ca=30;41:tw=30;42:ow=34;42:st=37;44:ex=01;32:*.tar=01;31:*.tgz=01;31:*.arc=01;31:*.arj=01;31:*.taz=01;31:*.lha=01;31:*.lz4=01;31:*.lzh=01;31:*.lzma=01;31:*.tlz=01;31:*.txz=01;31:*.tzo=01;31:*.t7z=01;31:*.zip=01;31:*.z=01;31:*.dz=01;31:*.gz=01;31:*.lrz=01;31:*.lz=01;31:*.lzo=01;31:*.xz=01;31:*.zst=01;31:*.tzst=01;31:*.bz2=01;31:*.bz=01;31:*.tbz=01;31:*.tbz2=01;31:*.tz=01;31:*.deb=01;31:*.rpm=01;31:*.jar=01;31:*.war=01;31:*.ear=01;31:*.sar=01;31:*.rar=01;31:*.alz=01;31:*.ace=01;31:*.zoo=01;31:*.cpio=01;31:*.7z=01;31:*.rz=01;31:*.cab=01;31:*.wim=01;31:*.swm=01;31:*.dwm=01;31:*.esd=01;31:*.jpg=01;35:*.jpeg=01;35:*.mjpg=01;35:*.mjpeg=01;35:*.gif=01;35:*.bmp=01;35:*.pbm=01;35:*.pgm=01;35:*.ppm=01;35:*.tga=01;35:*.xbm=01;35:*.xpm=01;35:*.tif=01;35:*.tiff=01;35:*.png=01;35:*.svg=01;35:*.svgz=01;35:*.mng=01;35:*.pcx=01;35:*.mov=01;35:*.mpg=01;35:*.mpeg=01;35:*.m2v=01;35:*.mkv=01;35:*.webm=01;35:*.webp=01;35:*.ogm=01;35:*.mp4=01;35:*.m4v=01;35:*.mp4v=01;35:*.vob=01;35:*.qt=01;35:*.nuv=01;35:*.wmv=01;35:*.asf=01;35:*.rm=01;35:*.rmvb=01;35:*.flc=01;35:*.avi=01;35:*.fli=01;35:*.flv=01;35:*.gl=01;35:*.dl=01;35:*.xcf=01;35:*.xwd=01;35:*.yuv=01;35:*.cgm=01;35:*.emf=01;35:*.ogv=01;35:*.ogx=01;35:*.aac=00;36:*.au=00;36:*.flac=00;36:*.m4a=00;36:*.mid=00;36:*.midi=00;36:*.mka=00;36:*.mp3=00;36:*.mpc=00;36:*.ogg=00;36:*.ra=00;36:*.wav=00;36:*.oga=00;36:*.opus=00;36:*.spx=00;36:*.xspf=00;36:'), ('AMENT_PREFIX_PATH', '/home/rospi/aug_2024/install/aug_2024:/home/rospi/aug_2024/install/BMC_2024:/home/rospi/aug_2024/install/sllidar_ros2:/home/rospi/aug_2024/install/my_robot_nav2:/opt/ros/humble'), ('SHELL', '/bin/bash'), ('LESSCLOSE', '/usr/bin/lesspipe %s %s'), ('PWD', '/home/rospi/aug_2024/build/BMC_2024'), ('LC_ALL', 'en_US.UTF-8'), ('SSH_CONNECTION', '10.150.42.143 57984 10.6.102.87 22'), ('XDG_DATA_DIRS', '/usr/local/share:/usr/share:/var/lib/snapd/desktop'), ('PYTHONPATH', '/opt/ros/humble/lib/python3.10/site-packages:/opt/ros/humble/local/lib/python3.10/dist-packages'), ('COLCON', '1'), ('CMAKE_PREFIX_PATH', '/home/rospi/aug_2024/install/sllidar_ros2:/home/rospi/aug_2024/install/aug_2024:/home/rospi/aug_2024/install/BMC_2024:/home/rospi/aug_2024/install/pigpio:/home/rospi/aug_2024/install/my_robot_nav2:/opt/ros/humble')]), 'shell': False}
[61.384914] (-) TimerEvent: {}
[61.485718] (-) TimerEvent: {}
[61.586643] (-) TimerEvent: {}
[61.637403] (BMC_2024) StdoutLine: {'line': b'-- The C compiler identification is GNU 11.4.0\n'}
[61.686815] (-) TimerEvent: {}
[61.787557] (-) TimerEvent: {}
[61.888446] (-) TimerEvent: {}
[61.934825] (BMC_2024) StdoutLine: {'line': b'-- The CXX compiler identification is GNU 11.4.0\n'}
[61.967782] (BMC_2024) StdoutLine: {'line': b'-- Detecting C compiler ABI info\n'}
[61.988614] (-) TimerEvent: {}
[62.089349] (-) TimerEvent: {}
[62.190201] (-) TimerEvent: {}
[62.290988] (-) TimerEvent: {}
[62.302780] (BMC_2024) StdoutLine: {'line': b'-- Detecting C compiler ABI info - done\n'}
[62.331084] (BMC_2024) StdoutLine: {'line': b'-- Check for working C compiler: /usr/bin/cc - skipped\n'}
[62.332028] (BMC_2024) StdoutLine: {'line': b'-- Detecting C compile features\n'}
[62.333605] (BMC_2024) StdoutLine: {'line': b'-- Detecting C compile features - done\n'}
[62.346164] (BMC_2024) StdoutLine: {'line': b'-- Detecting CXX compiler ABI info\n'}
[62.391177] (-) TimerEvent: {}
[62.492026] (-) TimerEvent: {}
[62.593053] (-) TimerEvent: {}
[62.693944] (-) TimerEvent: {}
[62.713824] (BMC_2024) StdoutLine: {'line': b'-- Detecting CXX compiler ABI info - done\n'}
[62.743085] (BMC_2024) StdoutLine: {'line': b'-- Check for working CXX compiler: /usr/bin/c++ - skipped\n'}
[62.744131] (BMC_2024) StdoutLine: {'line': b'-- Detecting CXX compile features\n'}
[62.745979] (BMC_2024) StdoutLine: {'line': b'-- Detecting CXX compile features - done\n'}
[62.787414] (BMC_2024) StdoutLine: {'line': b'-- Found ament_cmake: 1.3.11 (/opt/ros/humble/share/ament_cmake/cmake)\n'}
[62.794054] (-) TimerEvent: {}
[62.894628] (-) TimerEvent: {}
[62.995334] (-) TimerEvent: {}
[63.096079] (-) TimerEvent: {}
[63.196784] (-) TimerEvent: {}
[63.297506] (-) TimerEvent: {}
[63.398179] (-) TimerEvent: {}
[63.500008] (-) TimerEvent: {}
[63.592352] (BMC_2024) StdoutLine: {'line': b'-- Found Python3: /usr/bin/python3 (found version "3.10.12") found components: Interpreter \n'}
[63.600190] (-) TimerEvent: {}
[63.700846] (-) TimerEvent: {}
[63.801466] (-) TimerEvent: {}
[63.902156] (-) TimerEvent: {}
[64.002822] (-) TimerEvent: {}
[64.103535] (-) TimerEvent: {}
[64.204317] (-) TimerEvent: {}
[64.305045] (-) TimerEvent: {}
[64.383926] (BMC_2024) StdoutLine: {'line': b'-- Found hardware_interface: 2.49.0 (/opt/ros/humble/share/hardware_interface/cmake)\n'}
[64.405223] (-) TimerEvent: {}
[64.505890] (-) TimerEvent: {}
[64.606552] (-) TimerEvent: {}
[64.707247] (-) TimerEvent: {}
[64.807905] (-) TimerEvent: {}
[64.888569] (BMC_2024) StdoutLine: {'line': b'-- Found rosidl_generator_c: 3.1.6 (/opt/ros/humble/share/rosidl_generator_c/cmake)\n'}
[64.908087] (-) TimerEvent: {}
[64.962697] (BMC_2024) StdoutLine: {'line': b'-- Found rosidl_adapter: 3.1.6 (/opt/ros/humble/share/rosidl_adapter/cmake)\n'}
[65.008230] (-) TimerEvent: {}
[65.051961] (BMC_2024) StdoutLine: {'line': b'-- Found rosidl_generator_cpp: 3.1.6 (/opt/ros/humble/share/rosidl_generator_cpp/cmake)\n'}
[65.108411] (-) TimerEvent: {}
[65.160199] (BMC_2024) StdoutLine: {'line': b'-- Using all available rosidl_typesupport_c: rosidl_typesupport_fastrtps_c;rosidl_typesupport_introspection_c\n'}
[65.208570] (-) TimerEvent: {}
[65.309474] (-) TimerEvent: {}
[65.312253] (BMC_2024) StdoutLine: {'line': b'-- Using all available rosidl_typesupport_cpp: rosidl_typesupport_fastrtps_cpp;rosidl_typesupport_introspection_cpp\n'}
[65.409637] (-) TimerEvent: {}
[65.510337] (-) TimerEvent: {}
[65.611088] (-) TimerEvent: {}
[65.711809] (-) TimerEvent: {}
[65.813119] (-) TimerEvent: {}
[65.913828] (-) TimerEvent: {}
[66.014551] (-) TimerEvent: {}
[66.115258] (-) TimerEvent: {}
[66.215909] (-) TimerEvent: {}
[66.316581] (-) TimerEvent: {}
[66.417237] (-) TimerEvent: {}
[66.517888] (-) TimerEvent: {}
[66.618560] (-) TimerEvent: {}
[66.719203] (-) TimerEvent: {}
[66.819838] (-) TimerEvent: {}
[66.920522] (-) TimerEvent: {}
[67.021172] (-) TimerEvent: {}
[67.066642] (BMC_2024) StdoutLine: {'line': b'-- Found rmw_implementation_cmake: 6.1.2 (/opt/ros/humble/share/rmw_implementation_cmake/cmake)\n'}
[67.104353] (BMC_2024) StdoutLine: {'line': b'-- Found rmw_fastrtps_cpp: 6.2.7 (/opt/ros/humble/share/rmw_fastrtps_cpp/cmake)\n'}
[67.121325] (-) TimerEvent: {}
[67.221970] (-) TimerEvent: {}
[67.322631] (-) TimerEvent: {}
[67.341219] (BMC_2024) StdoutLine: {'line': b'-- Found TinyXML2 via Config file: TinyXML2_DIR-NOTFOUND\n'}
[67.422825] (-) TimerEvent: {}
[67.523561] (-) TimerEvent: {}
[67.579738] (BMC_2024) StdoutLine: {'line': b'-- Found OpenSSL: /usr/lib/aarch64-linux-gnu/libcrypto.so (found version "3.0.2")  \n'}
[67.594241] (BMC_2024) StdoutLine: {'line': b'-- Found TinyXML2 via Config file: TinyXML2_DIR-NOTFOUND\n'}
[67.623760] (-) TimerEvent: {}
[67.681036] (BMC_2024) StdoutLine: {'line': b'-- Found FastRTPS: /opt/ros/humble/include  \n'}
[67.694247] (BMC_2024) StdoutLine: {'line': b'-- Found TinyXML2 via Config file: TinyXML2_DIR-NOTFOUND\n'}
[67.723968] (-) TimerEvent: {}
[67.727240] (BMC_2024) StdoutLine: {'line': b'-- Found TinyXML2 via Config file: TinyXML2_DIR-NOTFOUND\n'}
[67.765521] (BMC_2024) StdoutLine: {'line': b"-- Using RMW implementation 'rmw_fastrtps_cpp' as default\n"}
[67.824150] (-) TimerEvent: {}
[67.881945] (BMC_2024) StdoutLine: {'line': b'-- Looking for pthread.h\n'}
[67.924342] (-) TimerEvent: {}
[68.025481] (-) TimerEvent: {}
[68.126331] (-) TimerEvent: {}
[68.227911] (-) TimerEvent: {}
[68.259742] (BMC_2024) StdoutLine: {'line': b'-- Looking for pthread.h - found\n'}
[68.261387] (BMC_2024) StdoutLine: {'line': b'-- Performing Test CMAKE_HAVE_LIBC_PTHREAD\n'}
[68.328130] (-) TimerEvent: {}
[68.428897] (-) TimerEvent: {}
[68.529663] (-) TimerEvent: {}
[68.630417] (-) TimerEvent: {}
[68.635243] (BMC_2024) StdoutLine: {'line': b'-- Performing Test CMAKE_HAVE_LIBC_PTHREAD - Success\n'}
[68.639545] (BMC_2024) StdoutLine: {'line': b'-- Found Threads: TRUE  \n'}
[68.730592] (-) TimerEvent: {}
[68.831303] (-) TimerEvent: {}
[68.931998] (-) TimerEvent: {}
[68.947391] (BMC_2024) StdoutLine: {'line': b'-- Found sllidar_ros2: 1.0.1 (/home/rospi/aug_2024/install/sllidar_ros2/share/sllidar_ros2/cmake)\n'}
[68.958913] (BMC_2024) StderrLine: {'line': b'\x1b[33mCMake Warning at /home/rospi/aug_2024/install/sllidar_ros2/share/sllidar_ros2/cmake/ament_cmake_export_include_directories-extras.cmake:11 (message):\n'}
[68.959527] (BMC_2024) StderrLine: {'line': b"  Package 'sllidar_ros2' exports the include directory\n"}
[68.959877] (BMC_2024) StderrLine: {'line': b"  '/home/rospi/aug_2024/install/sllidar_ros2/share/sllidar_ros2/cmake/../../../include'\n"}
[68.960320] (BMC_2024) StderrLine: {'line': b"  which doesn't exist\n"}
[68.960653] (BMC_2024) StderrLine: {'line': b'Call Stack (most recent call first):\n'}
[68.960966] (BMC_2024) StderrLine: {'line': b'  /home/rospi/aug_2024/install/sllidar_ros2/share/sllidar_ros2/cmake/sllidar_ros2Config.cmake:41 (include)\n'}
[68.961314] (BMC_2024) StderrLine: {'line': b'  CMakeLists.txt:19 (find_package)\n'}
[68.961666] (BMC_2024) StderrLine: {'line': b'\n'}
[68.961995] (BMC_2024) StderrLine: {'line': b'\x1b[0m\n'}
[69.032166] (-) TimerEvent: {}
[69.132795] (-) TimerEvent: {}
[69.233447] (-) TimerEvent: {}
[69.263090] (BMC_2024) StderrLine: {'line': b'WARNING: Package name "BMC_2024" does not follow the naming conventions. It should start with a lower case letter and only contain lower case letters, digits, underscores, and dashes.\n'}
[69.333664] (-) TimerEvent: {}
[69.340766] (BMC_2024) StdoutLine: {'line': b'-- Configuring done\n'}
[69.433844] (-) TimerEvent: {}
[69.526687] (BMC_2024) StdoutLine: {'line': b'-- Generating done\n'}
[69.534021] (-) TimerEvent: {}
[69.549154] (BMC_2024) StdoutLine: {'line': b'-- Build files have been written to: /home/rospi/aug_2024/build/BMC_2024\n'}
[69.603887] (BMC_2024) CommandEnded: {'returncode': 0}
[69.605553] (BMC_2024) JobProgress: {'identifier': 'BMC_2024', 'progress': 'build'}
[69.608427] (BMC_2024) Command: {'cmd': ['/usr/bin/cmake', '--build', '/home/rospi/aug_2024/build/BMC_2024', '--', '-j4', '-l4'], 'cwd': '/home/rospi/aug_2024/build/BMC_2024', 'env': OrderedDict([('LESSOPEN', '| /usr/bin/lesspipe %s'), ('USER', 'rospi'), ('SSH_CLIENT', '10.150.42.143 57984 22'), ('XDG_SESSION_TYPE', 'tty'), ('SHLVL', '1'), ('LD_LIBRARY_PATH', '/home/rospi/aug_2024/install/BMC_2024/lib:/home/rospi/aug_2024/install/pigpio/lib:/opt/ros/humble/opt/rviz_ogre_vendor/lib:/opt/ros/humble/lib/aarch64-linux-gnu:/opt/ros/humble/lib'), ('MOTD_SHOWN', 'pam'), ('HOME', '/home/rospi'), ('OLDPWD', '/home/rospi'), ('SSH_TTY', '/dev/pts/0'), ('ROS_PYTHON_VERSION', '3'), ('DBUS_SESSION_BUS_ADDRESS', 'unix:path=/run/user/1000/bus'), ('COLCON_PREFIX_PATH', '/home/rospi/aug_2024/install'), ('ROS_DISTRO', 'humble'), ('LOGNAME', 'rospi'), ('_', '/usr/bin/colcon'), ('ROS_VERSION', '2'), ('XDG_SESSION_CLASS', 'user'), ('TERM', 'xterm-256color'), ('XDG_SESSION_ID', '26'), ('ROS_LOCALHOST_ONLY', '0'), ('PATH', '/home/rospi/aug_2024/install/pigpio/bin:/opt/ros/humble/bin:/usr/local/sbin:/usr/local/bin:/usr/sbin:/usr/bin:/sbin:/bin:/usr/games:/usr/local/games:/snap/bin'), ('XDG_RUNTIME_DIR', '/run/user/1000'), ('LANG', 'en_US.UTF-8'), ('LS_COLORS', 'rs=0:di=01;34:ln=01;36:mh=00:pi=40;33:so=01;35:do=01;35:bd=40;33;01:cd=40;33;01:or=40;31;01:mi=00:su=37;41:sg=30;43:ca=30;41:tw=30;42:ow=34;42:st=37;44:ex=01;32:*.tar=01;31:*.tgz=01;31:*.arc=01;31:*.arj=01;31:*.taz=01;31:*.lha=01;31:*.lz4=01;31:*.lzh=01;31:*.lzma=01;31:*.tlz=01;31:*.txz=01;31:*.tzo=01;31:*.t7z=01;31:*.zip=01;31:*.z=01;31:*.dz=01;31:*.gz=01;31:*.lrz=01;31:*.lz=01;31:*.lzo=01;31:*.xz=01;31:*.zst=01;31:*.tzst=01;31:*.bz2=01;31:*.bz=01;31:*.tbz=01;31:*.tbz2=01;31:*.tz=01;31:*.deb=01;31:*.rpm=01;31:*.jar=01;31:*.war=01;31:*.ear=01;31:*.sar=01;31:*.rar=01;31:*.alz=01;31:*.ace=01;31:*.zoo=01;31:*.cpio=01;31:*.7z=01;31:*.rz=01;31:*.cab=01;31:*.wim=01;31:*.swm=01;31:*.dwm=01;31:*.esd=01;31:*.jpg=01;35:*.jpeg=01;35:*.mjpg=01;35:*.mjpeg=01;35:*.gif=01;35:*.bmp=01;35:*.pbm=01;35:*.pgm=01;35:*.ppm=01;35:*.tga=01;35:*.xbm=01;35:*.xpm=01;35:*.tif=01;35:*.tiff=01;35:*.png=01;35:*.svg=01;35:*.svgz=01;35:*.mng=01;35:*.pcx=01;35:*.mov=01;35:*.mpg=01;35:*.mpeg=01;35:*.m2v=01;35:*.mkv=01;35:*.webm=01;35:*.webp=01;35:*.ogm=01;35:*.mp4=01;35:*.m4v=01;35:*.mp4v=01;35:*.vob=01;35:*.qt=01;35:*.nuv=01;35:*.wmv=01;35:*.asf=01;35:*.rm=01;35:*.rmvb=01;35:*.flc=01;35:*.avi=01;35:*.fli=01;35:*.flv=01;35:*.gl=01;35:*.dl=01;35:*.xcf=01;35:*.xwd=01;35:*.yuv=01;35:*.cgm=01;35:*.emf=01;35:*.ogv=01;35:*.ogx=01;35:*.aac=00;36:*.au=00;36:*.flac=00;36:*.m4a=00;36:*.mid=00;36:*.midi=00;36:*.mka=00;36:*.mp3=00;36:*.mpc=00;36:*.ogg=00;36:*.ra=00;36:*.wav=00;36:*.oga=00;36:*.opus=00;36:*.spx=00;36:*.xspf=00;36:'), ('AMENT_PREFIX_PATH', '/home/rospi/aug_2024/install/aug_2024:/home/rospi/aug_2024/install/BMC_2024:/home/rospi/aug_2024/install/sllidar_ros2:/home/rospi/aug_2024/install/my_robot_nav2:/opt/ros/humble'), ('SHELL', '/bin/bash'), ('LESSCLOSE', '/usr/bin/lesspipe %s %s'), ('PWD', '/home/rospi/aug_2024/build/BMC_2024'), ('LC_ALL', 'en_US.UTF-8'), ('SSH_CONNECTION', '10.150.42.143 57984 10.6.102.87 22'), ('XDG_DATA_DIRS', '/usr/local/share:/usr/share:/var/lib/snapd/desktop'), ('PYTHONPATH', '/opt/ros/humble/lib/python3.10/site-packages:/opt/ros/humble/local/lib/python3.10/dist-packages'), ('COLCON', '1'), ('CMAKE_PREFIX_PATH', '/home/rospi/aug_2024/install/sllidar_ros2:/home/rospi/aug_2024/install/aug_2024:/home/rospi/aug_2024/install/BMC_2024:/home/rospi/aug_2024/install/pigpio:/home/rospi/aug_2024/install/my_robot_nav2:/opt/ros/humble')]), 'shell': False}
[69.634232] (-) TimerEvent: {}
[69.735012] (-) TimerEvent: {}
[69.835777] (-) TimerEvent: {}
[69.859834] (BMC_2024) StdoutLine: {'line': b'[ 66%] \x1b[32mBuilding CXX object CMakeFiles/BMC_2024.dir/src/aug_2024_system.cpp.o\x1b[0m\n'}
[69.861044] (BMC_2024) StdoutLine: {'line': b'[ 66%] \x1b[32mBuilding CXX object CMakeFiles/BMC_2024.dir/src/bmc_comms.cpp.o\x1b[0m\n'}
[69.935981] (-) TimerEvent: {}
[70.036738] (-) TimerEvent: {}
[70.137448] (-) TimerEvent: {}
[70.238116] (-) TimerEvent: {}
[70.338993] (-) TimerEvent: {}
[70.439686] (-) TimerEvent: {}
[70.540393] (-) TimerEvent: {}
[70.641090] (-) TimerEvent: {}
[70.741793] (-) TimerEvent: {}
[70.842487] (-) TimerEvent: {}
[70.943175] (-) TimerEvent: {}
[71.043860] (-) TimerEvent: {}
[71.144667] (-) TimerEvent: {}
[71.245375] (-) TimerEvent: {}
[71.346081] (-) TimerEvent: {}
[71.446772] (-) TimerEvent: {}
[71.547493] (-) TimerEvent: {}
[71.648204] (-) TimerEvent: {}
[71.748912] (-) TimerEvent: {}
[71.849627] (-) TimerEvent: {}
[71.950309] (-) TimerEvent: {}
[72.051067] (-) TimerEvent: {}
[72.151851] (-) TimerEvent: {}
[72.252926] (-) TimerEvent: {}
[72.354422] (-) TimerEvent: {}
[72.455789] (-) TimerEvent: {}
[72.556736] (-) TimerEvent: {}
[72.657636] (-) TimerEvent: {}
[72.758538] (-) TimerEvent: {}
[72.859479] (-) TimerEvent: {}
[72.960438] (-) TimerEvent: {}
[73.061420] (-) TimerEvent: {}
[73.162332] (-) TimerEvent: {}
[73.263311] (-) TimerEvent: {}
[73.364236] (-) TimerEvent: {}
[73.465288] (-) TimerEvent: {}
[73.566256] (-) TimerEvent: {}
[73.667158] (-) TimerEvent: {}
[73.768119] (-) TimerEvent: {}
[73.869222] (-) TimerEvent: {}
[73.970224] (-) TimerEvent: {}
[74.071242] (-) TimerEvent: {}
[74.172231] (-) TimerEvent: {}
[74.273055] (-) TimerEvent: {}
[74.373914] (-) TimerEvent: {}
[74.474831] (-) TimerEvent: {}
[74.575763] (-) TimerEvent: {}
[74.676731] (-) TimerEvent: {}
[74.777663] (-) TimerEvent: {}
[74.878464] (-) TimerEvent: {}
[74.979238] (-) TimerEvent: {}
[75.080105] (-) TimerEvent: {}
[75.180907] (-) TimerEvent: {}
[75.281795] (-) TimerEvent: {}
[75.382812] (-) TimerEvent: {}
[75.483733] (-) TimerEvent: {}
[75.584626] (-) TimerEvent: {}
[75.685510] (-) TimerEvent: {}
[75.786281] (-) TimerEvent: {}
[75.887122] (-) TimerEvent: {}
[75.988031] (-) TimerEvent: {}
[76.089036] (-) TimerEvent: {}
[76.192256] (-) TimerEvent: {}
[76.300861] (-) TimerEvent: {}
[76.403228] (-) TimerEvent: {}
[76.504277] (-) TimerEvent: {}
[76.605207] (-) TimerEvent: {}
[76.706074] (-) TimerEvent: {}
[76.806873] (-) TimerEvent: {}
[76.907709] (-) TimerEvent: {}
[77.008569] (-) TimerEvent: {}
[77.109387] (-) TimerEvent: {}
[77.210262] (-) TimerEvent: {}
[77.311108] (-) TimerEvent: {}
[77.411983] (-) TimerEvent: {}
[77.513046] (-) TimerEvent: {}
[77.613849] (-) TimerEvent: {}
[77.714653] (-) TimerEvent: {}
[77.815484] (-) TimerEvent: {}
[77.916683] (-) TimerEvent: {}
[78.017600] (-) TimerEvent: {}
[78.118914] (-) TimerEvent: {}
[78.219812] (-) TimerEvent: {}
[78.320772] (-) TimerEvent: {}
[78.421916] (-) TimerEvent: {}
[78.523357] (-) TimerEvent: {}
[78.624231] (-) TimerEvent: {}
[78.725068] (-) TimerEvent: {}
[78.825948] (-) TimerEvent: {}
[78.926811] (-) TimerEvent: {}
[79.027656] (-) TimerEvent: {}
[79.128591] (-) TimerEvent: {}
[79.229526] (-) TimerEvent: {}
[79.330395] (-) TimerEvent: {}
[79.431250] (-) TimerEvent: {}
[79.532161] (-) TimerEvent: {}
[79.633553] (-) TimerEvent: {}
[79.734436] (-) TimerEvent: {}
[79.835343] (-) TimerEvent: {}
[79.936312] (-) TimerEvent: {}
[80.037184] (-) TimerEvent: {}
[80.138037] (-) TimerEvent: {}
[80.240357] (-) TimerEvent: {}
[80.342166] (-) TimerEvent: {}
[80.443068] (-) TimerEvent: {}
[80.548873] (-) TimerEvent: {}
[80.649881] (-) TimerEvent: {}
[80.750728] (-) TimerEvent: {}
[80.852153] (-) TimerEvent: {}
[80.953554] (-) TimerEvent: {}
[81.055001] (-) TimerEvent: {}
[81.156443] (-) TimerEvent: {}
[81.257886] (-) TimerEvent: {}
[81.359334] (-) TimerEvent: {}
[81.460936] (-) TimerEvent: {}
[81.562590] (-) TimerEvent: {}
[81.664283] (-) TimerEvent: {}
[81.768300] (-) TimerEvent: {}
[81.870029] (-) TimerEvent: {}
[81.972264] (-) TimerEvent: {}
[82.073187] (-) TimerEvent: {}
[82.174473] (-) TimerEvent: {}
[82.275622] (-) TimerEvent: {}
[82.376486] (-) TimerEvent: {}
[82.477289] (-) TimerEvent: {}
[82.578121] (-) TimerEvent: {}
[82.678943] (-) TimerEvent: {}
[82.779748] (-) TimerEvent: {}
[82.880607] (-) TimerEvent: {}
[82.981464] (-) TimerEvent: {}
[83.082339] (-) TimerEvent: {}
[83.183155] (-) TimerEvent: {}
[83.268379] (BMC_2024) StderrLine: {'line': b'\x1b[01m\x1b[K/home/rospi/aug_2024/src/BMC_2024/src/aug_2024_system.cpp:\x1b[m\x1b[K In member function \xe2\x80\x98\x1b[01m\x1b[Kvirtual hardware_interface::return_type BMC_2024::AUG2024Hardware::read(const rclcpp::Time&, const rclcpp::Duration&)\x1b[m\x1b[K\xe2\x80\x99:\n'}
[83.269217] (BMC_2024) StderrLine: {'line': b'\x1b[01m\x1b[K/home/rospi/aug_2024/src/BMC_2024/src/aug_2024_system.cpp:278:59:\x1b[m\x1b[K \x1b[01;35m\x1b[Kwarning: \x1b[m\x1b[Kunused parameter \xe2\x80\x98\x1b[01m\x1b[Kperiod\x1b[m\x1b[K\xe2\x80\x99 [\x1b[01;35m\x1b[K\x1b]8;;https://gcc.gnu.org/onlinedocs/gcc/Warning-Options.html#index-Wunused-parameter\x07-Wunused-parameter\x1b]8;;\x07\x1b[m\x1b[K]\n'}
[83.269909] (BMC_2024) StderrLine: {'line': b'  278 |   const rclcpp::Time & /*time*/, \x1b[01;35m\x1b[Kconst rclcpp::Duration & period\x1b[m\x1b[K)\n'}
[83.270536] (BMC_2024) StderrLine: {'line': b'      |                                  \x1b[01;35m\x1b[K~~~~~~~~~~~~~~~~~~~~~~~~~^~~~~~\x1b[m\x1b[K\n'}
[83.283366] (-) TimerEvent: {}
[83.384262] (-) TimerEvent: {}
[83.485177] (-) TimerEvent: {}
[83.586073] (-) TimerEvent: {}
[83.686909] (-) TimerEvent: {}
[83.787831] (-) TimerEvent: {}
[83.888728] (-) TimerEvent: {}
[83.989575] (-) TimerEvent: {}
[84.090429] (-) TimerEvent: {}
[84.191524] (-) TimerEvent: {}
[84.292509] (-) TimerEvent: {}
[84.394687] (-) TimerEvent: {}
[84.495630] (-) TimerEvent: {}
[84.597041] (-) TimerEvent: {}
[84.698203] (-) TimerEvent: {}
[84.799012] (-) TimerEvent: {}
[84.899834] (-) TimerEvent: {}
[85.000704] (-) TimerEvent: {}
[85.101555] (-) TimerEvent: {}
[85.202364] (-) TimerEvent: {}
[85.303101] (-) TimerEvent: {}
[85.403832] (-) TimerEvent: {}
[85.504613] (-) TimerEvent: {}
[85.605862] (-) TimerEvent: {}
[85.706575] (-) TimerEvent: {}
[85.807947] (-) TimerEvent: {}
[85.908965] (-) TimerEvent: {}
[86.010206] (-) TimerEvent: {}
[86.111017] (-) TimerEvent: {}
[86.211831] (-) TimerEvent: {}
[86.312676] (-) TimerEvent: {}
[86.413403] (-) TimerEvent: {}
[86.514072] (-) TimerEvent: {}
[86.614778] (-) TimerEvent: {}
[86.715474] (-) TimerEvent: {}
[86.816188] (-) TimerEvent: {}
[86.916911] (-) TimerEvent: {}
[87.017581] (-) TimerEvent: {}
[87.118277] (-) TimerEvent: {}
[87.218991] (-) TimerEvent: {}
[87.319701] (-) TimerEvent: {}
[87.420545] (-) TimerEvent: {}
[87.521264] (-) TimerEvent: {}
[87.621998] (-) TimerEvent: {}
[87.722779] (-) TimerEvent: {}
[87.823485] (-) TimerEvent: {}
[87.924204] (-) TimerEvent: {}
[88.024928] (-) TimerEvent: {}
[88.111503] (BMC_2024) StdoutLine: {'line': b'[100%] \x1b[32m\x1b[1mLinking CXX shared library libBMC_2024.so\x1b[0m\n'}
[88.125136] (-) TimerEvent: {}
[88.225968] (-) TimerEvent: {}
[88.326890] (-) TimerEvent: {}
[88.427952] (-) TimerEvent: {}
[88.528971] (-) TimerEvent: {}
[88.630271] (-) TimerEvent: {}
[88.731322] (-) TimerEvent: {}
[88.832236] (-) TimerEvent: {}
[88.933174] (-) TimerEvent: {}
[89.034058] (-) TimerEvent: {}
[89.134874] (-) TimerEvent: {}
[89.190794] (BMC_2024) StdoutLine: {'line': b'[100%] Built target BMC_2024\n'}
[89.232864] (BMC_2024) CommandEnded: {'returncode': 0}
[89.235063] (BMC_2024) JobProgress: {'identifier': 'BMC_2024', 'progress': 'install'}
[89.235259] (-) TimerEvent: {}
[89.236528] (BMC_2024) Command: {'cmd': ['/usr/bin/cmake', '--install', '/home/rospi/aug_2024/build/BMC_2024'], 'cwd': '/home/rospi/aug_2024/build/BMC_2024', 'env': OrderedDict([('LESSOPEN', '| /usr/bin/lesspipe %s'), ('USER', 'rospi'), ('SSH_CLIENT', '10.150.42.143 57984 22'), ('XDG_SESSION_TYPE', 'tty'), ('SHLVL', '1'), ('LD_LIBRARY_PATH', '/home/rospi/aug_2024/install/BMC_2024/lib:/home/rospi/aug_2024/install/pigpio/lib:/opt/ros/humble/opt/rviz_ogre_vendor/lib:/opt/ros/humble/lib/aarch64-linux-gnu:/opt/ros/humble/lib'), ('MOTD_SHOWN', 'pam'), ('HOME', '/home/rospi'), ('OLDPWD', '/home/rospi'), ('SSH_TTY', '/dev/pts/0'), ('ROS_PYTHON_VERSION', '3'), ('DBUS_SESSION_BUS_ADDRESS', 'unix:path=/run/user/1000/bus'), ('COLCON_PREFIX_PATH', '/home/rospi/aug_2024/install'), ('ROS_DISTRO', 'humble'), ('LOGNAME', 'rospi'), ('_', '/usr/bin/colcon'), ('ROS_VERSION', '2'), ('XDG_SESSION_CLASS', 'user'), ('TERM', 'xterm-256color'), ('XDG_SESSION_ID', '26'), ('ROS_LOCALHOST_ONLY', '0'), ('PATH', '/home/rospi/aug_2024/install/pigpio/bin:/opt/ros/humble/bin:/usr/local/sbin:/usr/local/bin:/usr/sbin:/usr/bin:/sbin:/bin:/usr/games:/usr/local/games:/snap/bin'), ('XDG_RUNTIME_DIR', '/run/user/1000'), ('LANG', 'en_US.UTF-8'), ('LS_COLORS', 'rs=0:di=01;34:ln=01;36:mh=00:pi=40;33:so=01;35:do=01;35:bd=40;33;01:cd=40;33;01:or=40;31;01:mi=00:su=37;41:sg=30;43:ca=30;41:tw=30;42:ow=34;42:st=37;44:ex=01;32:*.tar=01;31:*.tgz=01;31:*.arc=01;31:*.arj=01;31:*.taz=01;31:*.lha=01;31:*.lz4=01;31:*.lzh=01;31:*.lzma=01;31:*.tlz=01;31:*.txz=01;31:*.tzo=01;31:*.t7z=01;31:*.zip=01;31:*.z=01;31:*.dz=01;31:*.gz=01;31:*.lrz=01;31:*.lz=01;31:*.lzo=01;31:*.xz=01;31:*.zst=01;31:*.tzst=01;31:*.bz2=01;31:*.bz=01;31:*.tbz=01;31:*.tbz2=01;31:*.tz=01;31:*.deb=01;31:*.rpm=01;31:*.jar=01;31:*.war=01;31:*.ear=01;31:*.sar=01;31:*.rar=01;31:*.alz=01;31:*.ace=01;31:*.zoo=01;31:*.cpio=01;31:*.7z=01;31:*.rz=01;31:*.cab=01;31:*.wim=01;31:*.swm=01;31:*.dwm=01;31:*.esd=01;31:*.jpg=01;35:*.jpeg=01;35:*.mjpg=01;35:*.mjpeg=01;35:*.gif=01;35:*.bmp=01;35:*.pbm=01;35:*.pgm=01;35:*.ppm=01;35:*.tga=01;35:*.xbm=01;35:*.xpm=01;35:*.tif=01;35:*.tiff=01;35:*.png=01;35:*.svg=01;35:*.svgz=01;35:*.mng=01;35:*.pcx=01;35:*.mov=01;35:*.mpg=01;35:*.mpeg=01;35:*.m2v=01;35:*.mkv=01;35:*.webm=01;35:*.webp=01;35:*.ogm=01;35:*.mp4=01;35:*.m4v=01;35:*.mp4v=01;35:*.vob=01;35:*.qt=01;35:*.nuv=01;35:*.wmv=01;35:*.asf=01;35:*.rm=01;35:*.rmvb=01;35:*.flc=01;35:*.avi=01;35:*.fli=01;35:*.flv=01;35:*.gl=01;35:*.dl=01;35:*.xcf=01;35:*.xwd=01;35:*.yuv=01;35:*.cgm=01;35:*.emf=01;35:*.ogv=01;35:*.ogx=01;35:*.aac=00;36:*.au=00;36:*.flac=00;36:*.m4a=00;36:*.mid=00;36:*.midi=00;36:*.mka=00;36:*.mp3=00;36:*.mpc=00;36:*.ogg=00;36:*.ra=00;36:*.wav=00;36:*.oga=00;36:*.opus=00;36:*.spx=00;36:*.xspf=00;36:'), ('AMENT_PREFIX_PATH', '/home/rospi/aug_2024/install/aug_2024:/home/rospi/aug_2024/install/BMC_2024:/home/rospi/aug_2024/install/sllidar_ros2:/home/rospi/aug_2024/install/my_robot_nav2:/opt/ros/humble'), ('SHELL', '/bin/bash'), ('LESSCLOSE', '/usr/bin/lesspipe %s %s'), ('PWD', '/home/rospi/aug_2024/build/BMC_2024'), ('LC_ALL', 'en_US.UTF-8'), ('SSH_CONNECTION', '10.150.42.143 57984 10.6.102.87 22'), ('XDG_DATA_DIRS', '/usr/local/share:/usr/share:/var/lib/snapd/desktop'), ('PYTHONPATH', '/opt/ros/humble/lib/python3.10/site-packages:/opt/ros/humble/local/lib/python3.10/dist-packages'), ('COLCON', '1'), ('CMAKE_PREFIX_PATH', '/home/rospi/aug_2024/install/sllidar_ros2:/home/rospi/aug_2024/install/aug_2024:/home/rospi/aug_2024/install/BMC_2024:/home/rospi/aug_2024/install/pigpio:/home/rospi/aug_2024/install/my_robot_nav2:/opt/ros/humble')]), 'shell': False}
[89.270799] (BMC_2024) StdoutLine: {'line': b'-- Install configuration: ""\n'}
[89.271588] (BMC_2024) StdoutLine: {'line': b'-- Installing: /home/rospi/aug_2024/install/BMC_2024/lib/libBMC_2024.so\n'}
[89.279577] (BMC_2024) StdoutLine: {'line': b'-- Set runtime path of "/home/rospi/aug_2024/install/BMC_2024/lib/libBMC_2024.so" to ""\n'}
[89.280246] (BMC_2024) StdoutLine: {'line': b'-- Installing: /home/rospi/aug_2024/install/BMC_2024/include\n'}
[89.280770] (BMC_2024) StdoutLine: {'line': b'-- Installing: /home/rospi/aug_2024/install/BMC_2024/include/BMC_2024\n'}
[89.281208] (BMC_2024) StdoutLine: {'line': b'-- Installing: /home/rospi/aug_2024/install/BMC_2024/include/BMC_2024/aug_2024_system.hpp\n'}
[89.281952] (BMC_2024) StdoutLine: {'line': b'-- Installing: /home/rospi/aug_2024/install/BMC_2024/include/BMC_2024/bmc_comms.hpp\n'}
[89.282903] (BMC_2024) StdoutLine: {'line': b'-- Installing: /home/rospi/aug_2024/install/BMC_2024/include/BMC_2024/visibility_control.h\n'}
[89.284375] (BMC_2024) StdoutLine: {'line': b'-- Installing: /home/rospi/aug_2024/install/BMC_2024/share/BMC_2024/aug_2024_hardware.xml\n'}
[89.286400] (BMC_2024) StdoutLine: {'line': b'-- Up-to-date: /home/rospi/aug_2024/install/BMC_2024/lib/libBMC_2024.so\n'}
[89.288084] (BMC_2024) StdoutLine: {'line': b'-- Installing: /home/rospi/aug_2024/install/BMC_2024/share/BMC_2024/environment/library_path.sh\n'}
[89.289388] (BMC_2024) StdoutLine: {'line': b'-- Installing: /home/rospi/aug_2024/install/BMC_2024/share/BMC_2024/environment/library_path.dsv\n'}
[89.291068] (BMC_2024) StdoutLine: {'line': b'-- Installing: /home/rospi/aug_2024/install/BMC_2024/share/ament_index/resource_index/package_run_dependencies/BMC_2024\n'}
[89.292801] (BMC_2024) StdoutLine: {'line': b'-- Installing: /home/rospi/aug_2024/install/BMC_2024/share/ament_index/resource_index/parent_prefix_path/BMC_2024\n'}
[89.294164] (BMC_2024) StdoutLine: {'line': b'-- Installing: /home/rospi/aug_2024/install/BMC_2024/share/BMC_2024/environment/ament_prefix_path.sh\n'}
[89.295359] (BMC_2024) StdoutLine: {'line': b'-- Installing: /home/rospi/aug_2024/install/BMC_2024/share/BMC_2024/environment/ament_prefix_path.dsv\n'}
[89.296617] (BMC_2024) StdoutLine: {'line': b'-- Installing: /home/rospi/aug_2024/install/BMC_2024/share/BMC_2024/environment/path.sh\n'}
[89.297792] (BMC_2024) StdoutLine: {'line': b'-- Installing: /home/rospi/aug_2024/install/BMC_2024/share/BMC_2024/environment/path.dsv\n'}
[89.298933] (BMC_2024) StdoutLine: {'line': b'-- Installing: /home/rospi/aug_2024/install/BMC_2024/share/BMC_2024/local_setup.bash\n'}
[89.300101] (BMC_2024) StdoutLine: {'line': b'-- Installing: /home/rospi/aug_2024/install/BMC_2024/share/BMC_2024/local_setup.sh\n'}
[89.301417] (BMC_2024) StdoutLine: {'line': b'-- Installing: /home/rospi/aug_2024/install/BMC_2024/share/BMC_2024/local_setup.zsh\n'}
[89.302534] (BMC_2024) StdoutLine: {'line': b'-- Installing: /home/rospi/aug_2024/install/BMC_2024/share/BMC_2024/local_setup.dsv\n'}
[89.303676] (BMC_2024) StdoutLine: {'line': b'-- Installing: /home/rospi/aug_2024/install/BMC_2024/share/BMC_2024/package.dsv\n'}
[89.305247] (BMC_2024) StdoutLine: {'line': b'-- Installing: /home/rospi/aug_2024/install/BMC_2024/share/ament_index/resource_index/packages/BMC_2024\n'}
[89.306822] (BMC_2024) StdoutLine: {'line': b'-- Installing: /home/rospi/aug_2024/install/BMC_2024/share/ament_index/resource_index/hardware_interface__pluginlib__plugin/BMC_2024\n'}
[89.308513] (BMC_2024) StdoutLine: {'line': b'-- Installing: /home/rospi/aug_2024/install/BMC_2024/share/BMC_2024/cmake/ament_cmake_export_include_directories-extras.cmake\n'}
[89.309839] (BMC_2024) StdoutLine: {'line': b'-- Installing: /home/rospi/aug_2024/install/BMC_2024/share/BMC_2024/cmake/ament_cmake_export_libraries-extras.cmake\n'}
[89.311192] (BMC_2024) StdoutLine: {'line': b'-- Installing: /home/rospi/aug_2024/install/BMC_2024/share/BMC_2024/cmake/ament_cmake_export_dependencies-extras.cmake\n'}
[89.312674] (BMC_2024) StdoutLine: {'line': b'-- Installing: /home/rospi/aug_2024/install/BMC_2024/share/BMC_2024/cmake/BMC_2024Config.cmake\n'}
[89.313690] (BMC_2024) StdoutLine: {'line': b'-- Installing: /home/rospi/aug_2024/install/BMC_2024/share/BMC_2024/cmake/BMC_2024Config-version.cmake\n'}
[89.314826] (BMC_2024) StdoutLine: {'line': b'-- Installing: /home/rospi/aug_2024/install/BMC_2024/share/BMC_2024/package.xml\n'}
[89.321104] (BMC_2024) CommandEnded: {'returncode': 0}
[89.335424] (-) TimerEvent: {}
[89.398894] (BMC_2024) JobEnded: {'identifier': 'BMC_2024', 'rc': 0}
[89.403431] (aug_2024) JobStarted: {'identifier': 'aug_2024'}
[89.435646] (-) TimerEvent: {}
[89.447445] (aug_2024) JobProgress: {'identifier': 'aug_2024', 'progress': 'cmake'}
[89.449396] (aug_2024) Command: {'cmd': ['/usr/bin/cmake', '/home/rospi/aug_2024/src/aug_2024', '-DCMAKE_INSTALL_PREFIX=/home/rospi/aug_2024/install/aug_2024'], 'cwd': '/home/rospi/aug_2024/build/aug_2024', 'env': OrderedDict([('LESSOPEN', '| /usr/bin/lesspipe %s'), ('USER', 'rospi'), ('SSH_CLIENT', '10.150.42.143 57984 22'), ('XDG_SESSION_TYPE', 'tty'), ('SHLVL', '1'), ('LD_LIBRARY_PATH', '/home/rospi/aug_2024/install/BMC_2024/lib:/home/rospi/aug_2024/install/pigpio/lib:/opt/ros/humble/opt/rviz_ogre_vendor/lib:/opt/ros/humble/lib/aarch64-linux-gnu:/opt/ros/humble/lib'), ('MOTD_SHOWN', 'pam'), ('HOME', '/home/rospi'), ('OLDPWD', '/home/rospi'), ('SSH_TTY', '/dev/pts/0'), ('ROS_PYTHON_VERSION', '3'), ('DBUS_SESSION_BUS_ADDRESS', 'unix:path=/run/user/1000/bus'), ('COLCON_PREFIX_PATH', '/home/rospi/aug_2024/install'), ('ROS_DISTRO', 'humble'), ('LOGNAME', 'rospi'), ('_', '/usr/bin/colcon'), ('ROS_VERSION', '2'), ('XDG_SESSION_CLASS', 'user'), ('TERM', 'xterm-256color'), ('XDG_SESSION_ID', '26'), ('ROS_LOCALHOST_ONLY', '0'), ('PATH', '/home/rospi/aug_2024/install/pigpio/bin:/opt/ros/humble/bin:/usr/local/sbin:/usr/local/bin:/usr/sbin:/usr/bin:/sbin:/bin:/usr/games:/usr/local/games:/snap/bin'), ('XDG_RUNTIME_DIR', '/run/user/1000'), ('LANG', 'en_US.UTF-8'), ('LS_COLORS', 'rs=0:di=01;34:ln=01;36:mh=00:pi=40;33:so=01;35:do=01;35:bd=40;33;01:cd=40;33;01:or=40;31;01:mi=00:su=37;41:sg=30;43:ca=30;41:tw=30;42:ow=34;42:st=37;44:ex=01;32:*.tar=01;31:*.tgz=01;31:*.arc=01;31:*.arj=01;31:*.taz=01;31:*.lha=01;31:*.lz4=01;31:*.lzh=01;31:*.lzma=01;31:*.tlz=01;31:*.txz=01;31:*.tzo=01;31:*.t7z=01;31:*.zip=01;31:*.z=01;31:*.dz=01;31:*.gz=01;31:*.lrz=01;31:*.lz=01;31:*.lzo=01;31:*.xz=01;31:*.zst=01;31:*.tzst=01;31:*.bz2=01;31:*.bz=01;31:*.tbz=01;31:*.tbz2=01;31:*.tz=01;31:*.deb=01;31:*.rpm=01;31:*.jar=01;31:*.war=01;31:*.ear=01;31:*.sar=01;31:*.rar=01;31:*.alz=01;31:*.ace=01;31:*.zoo=01;31:*.cpio=01;31:*.7z=01;31:*.rz=01;31:*.cab=01;31:*.wim=01;31:*.swm=01;31:*.dwm=01;31:*.esd=01;31:*.jpg=01;35:*.jpeg=01;35:*.mjpg=01;35:*.mjpeg=01;35:*.gif=01;35:*.bmp=01;35:*.pbm=01;35:*.pgm=01;35:*.ppm=01;35:*.tga=01;35:*.xbm=01;35:*.xpm=01;35:*.tif=01;35:*.tiff=01;35:*.png=01;35:*.svg=01;35:*.svgz=01;35:*.mng=01;35:*.pcx=01;35:*.mov=01;35:*.mpg=01;35:*.mpeg=01;35:*.m2v=01;35:*.mkv=01;35:*.webm=01;35:*.webp=01;35:*.ogm=01;35:*.mp4=01;35:*.m4v=01;35:*.mp4v=01;35:*.vob=01;35:*.qt=01;35:*.nuv=01;35:*.wmv=01;35:*.asf=01;35:*.rm=01;35:*.rmvb=01;35:*.flc=01;35:*.avi=01;35:*.fli=01;35:*.flv=01;35:*.gl=01;35:*.dl=01;35:*.xcf=01;35:*.xwd=01;35:*.yuv=01;35:*.cgm=01;35:*.emf=01;35:*.ogv=01;35:*.ogx=01;35:*.aac=00;36:*.au=00;36:*.flac=00;36:*.m4a=00;36:*.mid=00;36:*.midi=00;36:*.mka=00;36:*.mp3=00;36:*.mpc=00;36:*.ogg=00;36:*.ra=00;36:*.wav=00;36:*.oga=00;36:*.opus=00;36:*.spx=00;36:*.xspf=00;36:'), ('AMENT_PREFIX_PATH', '/home/rospi/aug_2024/install/aug_2024:/home/rospi/aug_2024/install/BMC_2024:/home/rospi/aug_2024/install/sllidar_ros2:/home/rospi/aug_2024/install/my_robot_nav2:/opt/ros/humble'), ('SHELL', '/bin/bash'), ('LESSCLOSE', '/usr/bin/lesspipe %s %s'), ('PWD', '/home/rospi/aug_2024/build/aug_2024'), ('LC_ALL', 'en_US.UTF-8'), ('SSH_CONNECTION', '10.150.42.143 57984 10.6.102.87 22'), ('XDG_DATA_DIRS', '/usr/local/share:/usr/share:/var/lib/snapd/desktop'), ('PYTHONPATH', '/opt/ros/humble/lib/python3.10/site-packages:/opt/ros/humble/local/lib/python3.10/dist-packages'), ('COLCON', '1'), ('CMAKE_PREFIX_PATH', '/home/rospi/aug_2024/install/BMC_2024:/home/rospi/aug_2024/install/sllidar_ros2:/home/rospi/aug_2024/install/aug_2024:/home/rospi/aug_2024/install/pigpio:/home/rospi/aug_2024/install/my_robot_nav2:/opt/ros/humble')]), 'shell': False}
[89.535848] (-) TimerEvent: {}
[89.636641] (-) TimerEvent: {}
[89.723989] (aug_2024) StdoutLine: {'line': b'-- The C compiler identification is GNU 11.4.0\n'}
[89.736784] (-) TimerEvent: {}
[89.837517] (-) TimerEvent: {}
[89.938962] (-) TimerEvent: {}
[90.006441] (aug_2024) StdoutLine: {'line': b'-- The CXX compiler identification is GNU 11.4.0\n'}
[90.039219] (-) TimerEvent: {}
[90.044015] (aug_2024) StdoutLine: {'line': b'-- Detecting C compiler ABI info\n'}
[90.139430] (-) TimerEvent: {}
[90.240245] (-) TimerEvent: {}
[90.341078] (-) TimerEvent: {}
[90.386262] (aug_2024) StdoutLine: {'line': b'-- Detecting C compiler ABI info - done\n'}
[90.414427] (aug_2024) StdoutLine: {'line': b'-- Check for working C compiler: /usr/bin/cc - skipped\n'}
[90.415350] (aug_2024) StdoutLine: {'line': b'-- Detecting C compile features\n'}
[90.417142] (aug_2024) StdoutLine: {'line': b'-- Detecting C compile features - done\n'}
[90.429606] (aug_2024) StdoutLine: {'line': b'-- Detecting CXX compiler ABI info\n'}
[90.441232] (-) TimerEvent: {}
[90.541965] (-) TimerEvent: {}
[90.642785] (-) TimerEvent: {}
[90.743679] (-) TimerEvent: {}
[90.796312] (aug_2024) StdoutLine: {'line': b'-- Detecting CXX compiler ABI info - done\n'}
[90.825588] (aug_2024) StdoutLine: {'line': b'-- Check for working CXX compiler: /usr/bin/c++ - skipped\n'}
[90.826613] (aug_2024) StdoutLine: {'line': b'-- Detecting CXX compile features\n'}
[90.828503] (aug_2024) StdoutLine: {'line': b'-- Detecting CXX compile features - done\n'}
[90.843818] (-) TimerEvent: {}
[90.865902] (aug_2024) StdoutLine: {'line': b'-- Found ament_cmake: 1.3.11 (/opt/ros/humble/share/ament_cmake/cmake)\n'}
[90.943997] (-) TimerEvent: {}
[91.044663] (-) TimerEvent: {}
[91.145347] (-) TimerEvent: {}
[91.246009] (-) TimerEvent: {}
[91.346659] (-) TimerEvent: {}
[91.447395] (-) TimerEvent: {}
[91.548198] (-) TimerEvent: {}
[91.649006] (-) TimerEvent: {}
[91.664556] (aug_2024) StdoutLine: {'line': b'-- Found Python3: /usr/bin/python3 (found version "3.10.12") found components: Interpreter \n'}
[91.749135] (-) TimerEvent: {}
[91.849764] (-) TimerEvent: {}
[91.950534] (-) TimerEvent: {}
[92.051480] (-) TimerEvent: {}
[92.152163] (-) TimerEvent: {}
[92.252869] (-) TimerEvent: {}
[92.354252] (-) TimerEvent: {}
[92.418530] (aug_2024) StdoutLine: {'line': b'-- Found rclcpp: 16.0.12 (/opt/ros/humble/share/rclcpp/cmake)\n'}
[92.454449] (-) TimerEvent: {}
[92.555180] (-) TimerEvent: {}
[92.655850] (-) TimerEvent: {}
[92.756544] (-) TimerEvent: {}
[92.857209] (-) TimerEvent: {}
[92.892937] (aug_2024) StdoutLine: {'line': b'-- Found rosidl_generator_c: 3.1.6 (/opt/ros/humble/share/rosidl_generator_c/cmake)\n'}
[92.957376] (-) TimerEvent: {}
[92.959236] (aug_2024) StdoutLine: {'line': b'-- Found rosidl_adapter: 3.1.6 (/opt/ros/humble/share/rosidl_adapter/cmake)\n'}
[93.040442] (aug_2024) StdoutLine: {'line': b'-- Found rosidl_generator_cpp: 3.1.6 (/opt/ros/humble/share/rosidl_generator_cpp/cmake)\n'}
[93.057530] (-) TimerEvent: {}
[93.140841] (aug_2024) StdoutLine: {'line': b'-- Using all available rosidl_typesupport_c: rosidl_typesupport_fastrtps_c;rosidl_typesupport_introspection_c\n'}
[93.157678] (-) TimerEvent: {}
[93.258306] (-) TimerEvent: {}
[93.280710] (aug_2024) StdoutLine: {'line': b'-- Using all available rosidl_typesupport_cpp: rosidl_typesupport_fastrtps_cpp;rosidl_typesupport_introspection_cpp\n'}
[93.358478] (-) TimerEvent: {}
[93.459143] (-) TimerEvent: {}
[93.559814] (-) TimerEvent: {}
[93.660490] (-) TimerEvent: {}
[93.677012] (aug_2024) StdoutLine: {'line': b'-- Found rmw_implementation_cmake: 6.1.2 (/opt/ros/humble/share/rmw_implementation_cmake/cmake)\n'}
[93.710842] (aug_2024) StdoutLine: {'line': b'-- Found rmw_fastrtps_cpp: 6.2.7 (/opt/ros/humble/share/rmw_fastrtps_cpp/cmake)\n'}
[93.760651] (-) TimerEvent: {}
[93.861345] (-) TimerEvent: {}
[93.962080] (-) TimerEvent: {}
[94.062802] (-) TimerEvent: {}
[94.163603] (-) TimerEvent: {}
[94.265245] (-) TimerEvent: {}
[94.366020] (-) TimerEvent: {}
[94.376797] (aug_2024) StdoutLine: {'line': b'-- Found OpenSSL: /usr/lib/aarch64-linux-gnu/libcrypto.so (found version "3.0.2")  \n'}
[94.466209] (-) TimerEvent: {}
[94.566888] (-) TimerEvent: {}
[94.667567] (-) TimerEvent: {}
[94.675478] (aug_2024) StdoutLine: {'line': b'-- Found FastRTPS: /opt/ros/humble/include  \n'}
[94.767756] (-) TimerEvent: {}
[94.868490] (-) TimerEvent: {}
[94.969179] (-) TimerEvent: {}
[95.069867] (-) TimerEvent: {}
[95.158008] (aug_2024) StdoutLine: {'line': b"-- Using RMW implementation 'rmw_fastrtps_cpp' as default\n"}
[95.170034] (-) TimerEvent: {}
[95.268226] (aug_2024) StdoutLine: {'line': b'-- Looking for pthread.h\n'}
[95.270194] (-) TimerEvent: {}
[95.370912] (-) TimerEvent: {}
[95.471747] (-) TimerEvent: {}
[95.572764] (-) TimerEvent: {}
[95.621776] (aug_2024) StdoutLine: {'line': b'-- Looking for pthread.h - found\n'}
[95.623738] (aug_2024) StdoutLine: {'line': b'-- Performing Test CMAKE_HAVE_LIBC_PTHREAD\n'}
[95.672910] (-) TimerEvent: {}
[95.773999] (-) TimerEvent: {}
[95.875620] (-) TimerEvent: {}
[95.976417] (-) TimerEvent: {}
[95.981229] (aug_2024) StdoutLine: {'line': b'-- Performing Test CMAKE_HAVE_LIBC_PTHREAD - Success\n'}
[95.985511] (aug_2024) StdoutLine: {'line': b'-- Found Threads: TRUE  \n'}
[96.076601] (-) TimerEvent: {}
[96.177315] (-) TimerEvent: {}
[96.278050] (-) TimerEvent: {}
[96.359973] (aug_2024) StdoutLine: {'line': b'-- Found rclpy: 3.3.16 (/opt/ros/humble/share/rclpy/cmake)\n'}
[96.378249] (-) TimerEvent: {}
[96.390949] (aug_2024) StdoutLine: {'line': b'-- Found cv_bridge: 3.2.1 (/opt/ros/humble/share/cv_bridge/cmake)\n'}
[96.478482] (-) TimerEvent: {}
[96.579306] (-) TimerEvent: {}
[96.680002] (-) TimerEvent: {}
[96.688210] (aug_2024) StdoutLine: {'line': b'-- Found robot_state_publisher: 3.0.3 (/opt/ros/humble/share/robot_state_publisher/cmake)\n'}
[96.780179] (-) TimerEvent: {}
[96.880843] (-) TimerEvent: {}
[96.943444] (aug_2024) StdoutLine: {'line': b'-- Found eigen3_cmake_module: 0.1.1 (/opt/ros/humble/share/eigen3_cmake_module/cmake)\n'}
[96.948701] (aug_2024) StdoutLine: {'line': b'-- Found Eigen3: TRUE (found version "3.4.0") \n'}
[96.949412] (aug_2024) StdoutLine: {'line': b'-- Ensuring Eigen3 include directory is part of orocos-kdl CMake target\n'}
[96.981004] (-) TimerEvent: {}
[97.081673] (-) TimerEvent: {}
[97.182345] (-) TimerEvent: {}
[97.283102] (-) TimerEvent: {}
[97.383782] (-) TimerEvent: {}
[97.484446] (-) TimerEvent: {}
[97.585116] (-) TimerEvent: {}
[97.685770] (-) TimerEvent: {}
[97.786444] (-) TimerEvent: {}
[97.887124] (-) TimerEvent: {}
[97.987794] (-) TimerEvent: {}
[98.088539] (-) TimerEvent: {}
[98.189238] (-) TimerEvent: {}
[98.191422] (aug_2024) StdoutLine: {'line': b'-- Found xacro: 2.0.13 (/opt/ros/humble/share/xacro/cmake)\n'}
[98.220754] (aug_2024) StdoutLine: {'line': b'-- Found controller_manager: 2.49.0 (/opt/ros/humble/share/controller_manager/cmake)\n'}
[98.289402] (-) TimerEvent: {}
[98.390077] (-) TimerEvent: {}
[98.490804] (-) TimerEvent: {}
[98.591518] (-) TimerEvent: {}
[98.692199] (-) TimerEvent: {}
[98.792942] (-) TimerEvent: {}
[98.890515] (aug_2024) StdoutLine: {'line': b'-- Found joint_state_broadcaster: 2.43.0 (/opt/ros/humble/share/joint_state_broadcaster/cmake)\n'}
[98.893080] (-) TimerEvent: {}
[98.993697] (-) TimerEvent: {}
[99.094337] (-) TimerEvent: {}
[99.149995] (aug_2024) StdoutLine: {'line': b'-- Found diff_drive_controller: 2.43.0 (/opt/ros/humble/share/diff_drive_controller/cmake)\n'}
[99.194503] (-) TimerEvent: {}
[99.295183] (-) TimerEvent: {}
[99.331949] (aug_2024) StdoutLine: {'line': b'-- Found ros2_control: 2.49.0 (/opt/ros/humble/share/ros2_control/cmake)\n'}
[99.359991] (aug_2024) StdoutLine: {'line': b'-- Found ros2_controllers: 2.43.0 (/opt/ros/humble/share/ros2_controllers/cmake)\n'}
[99.389836] (aug_2024) StdoutLine: {'line': b'-- Found BMC_2024: 0.0.0 (/home/rospi/aug_2024/install/BMC_2024/share/BMC_2024/cmake)\n'}
[99.395332] (-) TimerEvent: {}
[99.443299] (aug_2024) StdoutLine: {'line': b'-- Found sllidar_ros2: 1.0.1 (/home/rospi/aug_2024/install/sllidar_ros2/share/sllidar_ros2/cmake)\n'}
[99.454473] (aug_2024) StderrLine: {'line': b'\x1b[33mCMake Warning at /home/rospi/aug_2024/install/sllidar_ros2/share/sllidar_ros2/cmake/ament_cmake_export_include_directories-extras.cmake:11 (message):\n'}
[99.455067] (aug_2024) StderrLine: {'line': b"  Package 'sllidar_ros2' exports the include directory\n"}
[99.455408] (aug_2024) StderrLine: {'line': b"  '/home/rospi/aug_2024/install/sllidar_ros2/share/sllidar_ros2/cmake/../../../include'\n"}
[99.455720] (aug_2024) StderrLine: {'line': b"  which doesn't exist\n"}
[99.456024] (aug_2024) StderrLine: {'line': b'Call Stack (most recent call first):\n'}
[99.456433] (aug_2024) StderrLine: {'line': b'  /home/rospi/aug_2024/install/sllidar_ros2/share/sllidar_ros2/cmake/sllidar_ros2Config.cmake:41 (include)\n'}
[99.456828] (aug_2024) StderrLine: {'line': b'  CMakeLists.txt:34 (find_package)\n'}
[99.457161] (aug_2024) StderrLine: {'line': b'\n'}
[99.457503] (aug_2024) StderrLine: {'line': b'\x1b[0m\n'}
[99.495487] (-) TimerEvent: {}
[99.596167] (-) TimerEvent: {}
[99.696805] (-) TimerEvent: {}
[99.777193] (aug_2024) StdoutLine: {'line': b'-- Configuring done\n'}
[99.796977] (-) TimerEvent: {}
[99.855826] (aug_2024) StdoutLine: {'line': b'-- Generating done\n'}
[99.873841] (aug_2024) StdoutLine: {'line': b'-- Build files have been written to: /home/rospi/aug_2024/build/aug_2024\n'}
[99.897212] (-) TimerEvent: {}
[99.927051] (aug_2024) CommandEnded: {'returncode': 0}
[99.928927] (aug_2024) JobProgress: {'identifier': 'aug_2024', 'progress': 'build'}
[99.930049] (aug_2024) Command: {'cmd': ['/usr/bin/cmake', '--build', '/home/rospi/aug_2024/build/aug_2024', '--', '-j4', '-l4'], 'cwd': '/home/rospi/aug_2024/build/aug_2024', 'env': OrderedDict([('LESSOPEN', '| /usr/bin/lesspipe %s'), ('USER', 'rospi'), ('SSH_CLIENT', '10.150.42.143 57984 22'), ('XDG_SESSION_TYPE', 'tty'), ('SHLVL', '1'), ('LD_LIBRARY_PATH', '/home/rospi/aug_2024/install/BMC_2024/lib:/home/rospi/aug_2024/install/pigpio/lib:/opt/ros/humble/opt/rviz_ogre_vendor/lib:/opt/ros/humble/lib/aarch64-linux-gnu:/opt/ros/humble/lib'), ('MOTD_SHOWN', 'pam'), ('HOME', '/home/rospi'), ('OLDPWD', '/home/rospi'), ('SSH_TTY', '/dev/pts/0'), ('ROS_PYTHON_VERSION', '3'), ('DBUS_SESSION_BUS_ADDRESS', 'unix:path=/run/user/1000/bus'), ('COLCON_PREFIX_PATH', '/home/rospi/aug_2024/install'), ('ROS_DISTRO', 'humble'), ('LOGNAME', 'rospi'), ('_', '/usr/bin/colcon'), ('ROS_VERSION', '2'), ('XDG_SESSION_CLASS', 'user'), ('TERM', 'xterm-256color'), ('XDG_SESSION_ID', '26'), ('ROS_LOCALHOST_ONLY', '0'), ('PATH', '/home/rospi/aug_2024/install/pigpio/bin:/opt/ros/humble/bin:/usr/local/sbin:/usr/local/bin:/usr/sbin:/usr/bin:/sbin:/bin:/usr/games:/usr/local/games:/snap/bin'), ('XDG_RUNTIME_DIR', '/run/user/1000'), ('LANG', 'en_US.UTF-8'), ('LS_COLORS', 'rs=0:di=01;34:ln=01;36:mh=00:pi=40;33:so=01;35:do=01;35:bd=40;33;01:cd=40;33;01:or=40;31;01:mi=00:su=37;41:sg=30;43:ca=30;41:tw=30;42:ow=34;42:st=37;44:ex=01;32:*.tar=01;31:*.tgz=01;31:*.arc=01;31:*.arj=01;31:*.taz=01;31:*.lha=01;31:*.lz4=01;31:*.lzh=01;31:*.lzma=01;31:*.tlz=01;31:*.txz=01;31:*.tzo=01;31:*.t7z=01;31:*.zip=01;31:*.z=01;31:*.dz=01;31:*.gz=01;31:*.lrz=01;31:*.lz=01;31:*.lzo=01;31:*.xz=01;31:*.zst=01;31:*.tzst=01;31:*.bz2=01;31:*.bz=01;31:*.tbz=01;31:*.tbz2=01;31:*.tz=01;31:*.deb=01;31:*.rpm=01;31:*.jar=01;31:*.war=01;31:*.ear=01;31:*.sar=01;31:*.rar=01;31:*.alz=01;31:*.ace=01;31:*.zoo=01;31:*.cpio=01;31:*.7z=01;31:*.rz=01;31:*.cab=01;31:*.wim=01;31:*.swm=01;31:*.dwm=01;31:*.esd=01;31:*.jpg=01;35:*.jpeg=01;35:*.mjpg=01;35:*.mjpeg=01;35:*.gif=01;35:*.bmp=01;35:*.pbm=01;35:*.pgm=01;35:*.ppm=01;35:*.tga=01;35:*.xbm=01;35:*.xpm=01;35:*.tif=01;35:*.tiff=01;35:*.png=01;35:*.svg=01;35:*.svgz=01;35:*.mng=01;35:*.pcx=01;35:*.mov=01;35:*.mpg=01;35:*.mpeg=01;35:*.m2v=01;35:*.mkv=01;35:*.webm=01;35:*.webp=01;35:*.ogm=01;35:*.mp4=01;35:*.m4v=01;35:*.mp4v=01;35:*.vob=01;35:*.qt=01;35:*.nuv=01;35:*.wmv=01;35:*.asf=01;35:*.rm=01;35:*.rmvb=01;35:*.flc=01;35:*.avi=01;35:*.fli=01;35:*.flv=01;35:*.gl=01;35:*.dl=01;35:*.xcf=01;35:*.xwd=01;35:*.yuv=01;35:*.cgm=01;35:*.emf=01;35:*.ogv=01;35:*.ogx=01;35:*.aac=00;36:*.au=00;36:*.flac=00;36:*.m4a=00;36:*.mid=00;36:*.midi=00;36:*.mka=00;36:*.mp3=00;36:*.mpc=00;36:*.ogg=00;36:*.ra=00;36:*.wav=00;36:*.oga=00;36:*.opus=00;36:*.spx=00;36:*.xspf=00;36:'), ('AMENT_PREFIX_PATH', '/home/rospi/aug_2024/install/aug_2024:/home/rospi/aug_2024/install/BMC_2024:/home/rospi/aug_2024/install/sllidar_ros2:/home/rospi/aug_2024/install/my_robot_nav2:/opt/ros/humble'), ('SHELL', '/bin/bash'), ('LESSCLOSE', '/usr/bin/lesspipe %s %s'), ('PWD', '/home/rospi/aug_2024/build/aug_2024'), ('LC_ALL', 'en_US.UTF-8'), ('SSH_CONNECTION', '10.150.42.143 57984 10.6.102.87 22'), ('XDG_DATA_DIRS', '/usr/local/share:/usr/share:/var/lib/snapd/desktop'), ('PYTHONPATH', '/opt/ros/humble/lib/python3.10/site-packages:/opt/ros/humble/local/lib/python3.10/dist-packages'), ('COLCON', '1'), ('CMAKE_PREFIX_PATH', '/home/rospi/aug_2024/install/BMC_2024:/home/rospi/aug_2024/install/sllidar_ros2:/home/rospi/aug_2024/install/aug_2024:/home/rospi/aug_2024/install/pigpio:/home/rospi/aug_2024/install/my_robot_nav2:/opt/ros/humble')]), 'shell': False}
[99.997411] (-) TimerEvent: {}
[100.098181] (-) TimerEvent: {}
[100.171932] (aug_2024) StdoutLine: {'line': b'[ 50%] \x1b[32mBuilding CXX object CMakeFiles/gpio_controller.dir/src/gpio_controller.cpp.o\x1b[0m\n'}
[100.198377] (-) TimerEvent: {}
[100.299115] (-) TimerEvent: {}
[100.399821] (-) TimerEvent: {}
[100.500618] (-) TimerEvent: {}
[100.601466] (-) TimerEvent: {}
[100.702267] (-) TimerEvent: {}
[100.802973] (-) TimerEvent: {}
[100.903656] (-) TimerEvent: {}
[101.004352] (-) TimerEvent: {}
[101.105049] (-) TimerEvent: {}
[101.205727] (-) TimerEvent: {}
[101.306385] (-) TimerEvent: {}
[101.407043] (-) TimerEvent: {}
[101.507712] (-) TimerEvent: {}
[101.608440] (-) TimerEvent: {}
[101.709103] (-) TimerEvent: {}
[101.809757] (-) TimerEvent: {}
[101.910446] (-) TimerEvent: {}
[102.011218] (-) TimerEvent: {}
[102.112139] (-) TimerEvent: {}
[102.212955] (-) TimerEvent: {}
[102.313700] (-) TimerEvent: {}
[102.414442] (-) TimerEvent: {}
[102.515198] (-) TimerEvent: {}
[102.615923] (-) TimerEvent: {}
[102.716653] (-) TimerEvent: {}
[102.817379] (-) TimerEvent: {}
[102.918120] (-) TimerEvent: {}
[103.018954] (-) TimerEvent: {}
[103.119675] (-) TimerEvent: {}
[103.220437] (-) TimerEvent: {}
[103.321178] (-) TimerEvent: {}
[103.421903] (-) TimerEvent: {}
[103.522645] (-) TimerEvent: {}
[103.623424] (-) TimerEvent: {}
[103.724223] (-) TimerEvent: {}
[103.825012] (-) TimerEvent: {}
[103.925743] (-) TimerEvent: {}
[104.026581] (-) TimerEvent: {}
[104.127313] (-) TimerEvent: {}
[104.228121] (-) TimerEvent: {}
[104.329032] (-) TimerEvent: {}
[104.429908] (-) TimerEvent: {}
[104.530792] (-) TimerEvent: {}
[104.631725] (-) TimerEvent: {}
[104.732644] (-) TimerEvent: {}
[104.833409] (-) TimerEvent: {}
[104.934171] (-) TimerEvent: {}
[105.034911] (-) TimerEvent: {}
[105.135677] (-) TimerEvent: {}
[105.236488] (-) TimerEvent: {}
[105.337246] (-) TimerEvent: {}
[105.438016] (-) TimerEvent: {}
[105.538890] (-) TimerEvent: {}
[105.639644] (-) TimerEvent: {}
[105.740435] (-) TimerEvent: {}
[105.841383] (-) TimerEvent: {}
[105.944340] (-) TimerEvent: {}
[106.045414] (-) TimerEvent: {}
[106.146231] (-) TimerEvent: {}
[106.247094] (-) TimerEvent: {}
[106.347958] (-) TimerEvent: {}
[106.448783] (-) TimerEvent: {}
[106.549525] (-) TimerEvent: {}
[106.650274] (-) TimerEvent: {}
[106.751051] (-) TimerEvent: {}
[106.851805] (-) TimerEvent: {}
[106.952591] (-) TimerEvent: {}
[107.053360] (-) TimerEvent: {}
[107.154104] (-) TimerEvent: {}
[107.254886] (-) TimerEvent: {}
[107.355672] (-) TimerEvent: {}
[107.456473] (-) TimerEvent: {}
[107.557228] (-) TimerEvent: {}
[107.657978] (-) TimerEvent: {}
[107.758726] (-) TimerEvent: {}
[107.859484] (-) TimerEvent: {}
[107.960271] (-) TimerEvent: {}
[108.061023] (-) TimerEvent: {}
[108.161771] (-) TimerEvent: {}
[108.262525] (-) TimerEvent: {}
[108.363311] (-) TimerEvent: {}
[108.464187] (-) TimerEvent: {}
[108.565106] (-) TimerEvent: {}
[108.666009] (-) TimerEvent: {}
[108.766837] (-) TimerEvent: {}
[108.867637] (-) TimerEvent: {}
[108.968476] (-) TimerEvent: {}
[109.069294] (-) TimerEvent: {}
[109.170057] (-) TimerEvent: {}
[109.270818] (-) TimerEvent: {}
[109.371565] (-) TimerEvent: {}
[109.472431] (-) TimerEvent: {}
[109.573413] (-) TimerEvent: {}
[109.674188] (-) TimerEvent: {}
[109.774954] (-) TimerEvent: {}
[109.875713] (-) TimerEvent: {}
[109.976495] (-) TimerEvent: {}
[110.077255] (-) TimerEvent: {}
[110.178080] (-) TimerEvent: {}
[110.278895] (-) TimerEvent: {}
[110.379860] (-) TimerEvent: {}
[110.480692] (-) TimerEvent: {}
[110.581523] (-) TimerEvent: {}
[110.682684] (-) TimerEvent: {}
[110.783444] (-) TimerEvent: {}
[110.884815] (-) TimerEvent: {}
[110.985567] (-) TimerEvent: {}
[111.086321] (-) TimerEvent: {}
[111.187071] (-) TimerEvent: {}
[111.287814] (-) TimerEvent: {}
[111.388607] (-) TimerEvent: {}
[111.489384] (-) TimerEvent: {}
[111.590145] (-) TimerEvent: {}
[111.690935] (-) TimerEvent: {}
[111.791684] (-) TimerEvent: {}
[111.892505] (-) TimerEvent: {}
[111.993284] (-) TimerEvent: {}
[112.094039] (-) TimerEvent: {}
[112.194781] (-) TimerEvent: {}
[112.295544] (-) TimerEvent: {}
[112.396484] (-) TimerEvent: {}
[112.497658] (-) TimerEvent: {}
[112.598625] (-) TimerEvent: {}
[112.699674] (-) TimerEvent: {}
[112.800489] (-) TimerEvent: {}
[112.901295] (-) TimerEvent: {}
[113.002066] (-) TimerEvent: {}
[113.102827] (-) TimerEvent: {}
[113.203578] (-) TimerEvent: {}
[113.304344] (-) TimerEvent: {}
[113.405093] (-) TimerEvent: {}
[113.505856] (-) TimerEvent: {}
[113.606611] (-) TimerEvent: {}
[113.707355] (-) TimerEvent: {}
[113.808139] (-) TimerEvent: {}
[113.908915] (-) TimerEvent: {}
[114.009805] (-) TimerEvent: {}
[114.110617] (-) TimerEvent: {}
[114.211460] (-) TimerEvent: {}
[114.312268] (-) TimerEvent: {}
[114.413050] (-) TimerEvent: {}
[114.513817] (-) TimerEvent: {}
[114.614584] (-) TimerEvent: {}
[114.715358] (-) TimerEvent: {}
[114.816181] (-) TimerEvent: {}
[114.916941] (-) TimerEvent: {}
[115.017699] (-) TimerEvent: {}
[115.118456] (-) TimerEvent: {}
[115.219293] (-) TimerEvent: {}
[115.320211] (-) TimerEvent: {}
[115.421012] (-) TimerEvent: {}
[115.521778] (-) TimerEvent: {}
[115.622543] (-) TimerEvent: {}
[115.723302] (-) TimerEvent: {}
[115.824092] (-) TimerEvent: {}
[115.925527] (-) TimerEvent: {}
[116.026282] (-) TimerEvent: {}
[116.127030] (-) TimerEvent: {}
[116.227771] (-) TimerEvent: {}
[116.328662] (-) TimerEvent: {}
[116.429426] (-) TimerEvent: {}
[116.530212] (-) TimerEvent: {}
[116.631031] (-) TimerEvent: {}
[116.731944] (-) TimerEvent: {}
[116.832882] (-) TimerEvent: {}
[116.933699] (-) TimerEvent: {}
[117.034469] (-) TimerEvent: {}
[117.135250] (-) TimerEvent: {}
[117.236079] (-) TimerEvent: {}
[117.336867] (-) TimerEvent: {}
[117.437688] (-) TimerEvent: {}
[117.538528] (-) TimerEvent: {}
[117.639336] (-) TimerEvent: {}
[117.740162] (-) TimerEvent: {}
[117.840928] (-) TimerEvent: {}
[117.941704] (-) TimerEvent: {}
[118.042501] (-) TimerEvent: {}
[118.143349] (-) TimerEvent: {}
[118.244641] (-) TimerEvent: {}
[118.345455] (-) TimerEvent: {}
[118.446235] (-) TimerEvent: {}
[118.547039] (-) TimerEvent: {}
[118.647841] (-) TimerEvent: {}
[118.748627] (-) TimerEvent: {}
[118.849341] (-) TimerEvent: {}
[118.950108] (-) TimerEvent: {}
[119.050813] (-) TimerEvent: {}
[119.151514] (-) TimerEvent: {}
[119.252197] (-) TimerEvent: {}
[119.352856] (-) TimerEvent: {}
[119.453507] (-) TimerEvent: {}
[119.554154] (-) TimerEvent: {}
[119.654844] (-) TimerEvent: {}
[119.755560] (-) TimerEvent: {}
[119.856288] (-) TimerEvent: {}
[119.957003] (-) TimerEvent: {}
[120.057739] (-) TimerEvent: {}
[120.158458] (-) TimerEvent: {}
[120.259180] (-) TimerEvent: {}
[120.359997] (-) TimerEvent: {}
[120.461405] (-) TimerEvent: {}
[120.562152] (-) TimerEvent: {}
[120.662961] (-) TimerEvent: {}
[120.763850] (-) TimerEvent: {}
[120.864770] (-) TimerEvent: {}
[120.965597] (-) TimerEvent: {}
[121.066473] (-) TimerEvent: {}
[121.167552] (-) TimerEvent: {}
[121.268535] (-) TimerEvent: {}
[121.369303] (-) TimerEvent: {}
[121.470056] (-) TimerEvent: {}
[121.570964] (-) TimerEvent: {}
[121.671686] (-) TimerEvent: {}
[121.772443] (-) TimerEvent: {}
[121.873131] (-) TimerEvent: {}
[121.973884] (-) TimerEvent: {}
[122.074629] (-) TimerEvent: {}
[122.175511] (-) TimerEvent: {}
[122.276309] (-) TimerEvent: {}
[122.377174] (-) TimerEvent: {}
[122.477974] (-) TimerEvent: {}
[122.578708] (-) TimerEvent: {}
[122.679415] (-) TimerEvent: {}
[122.780160] (-) TimerEvent: {}
[122.880874] (-) TimerEvent: {}
[122.981735] (-) TimerEvent: {}
[123.082440] (-) TimerEvent: {}
[123.183138] (-) TimerEvent: {}
[123.283819] (-) TimerEvent: {}
[123.384545] (-) TimerEvent: {}
[123.485223] (-) TimerEvent: {}
[123.585925] (-) TimerEvent: {}
[123.686617] (-) TimerEvent: {}
[123.787327] (-) TimerEvent: {}
[123.888022] (-) TimerEvent: {}
[123.988746] (-) TimerEvent: {}
[124.089411] (-) TimerEvent: {}
[124.190104] (-) TimerEvent: {}
[124.290792] (-) TimerEvent: {}
[124.391510] (-) TimerEvent: {}
[124.492238] (-) TimerEvent: {}
[124.593104] (-) TimerEvent: {}
[124.694021] (-) TimerEvent: {}
[124.794894] (-) TimerEvent: {}
[124.895599] (-) TimerEvent: {}
[124.996348] (-) TimerEvent: {}
[125.097060] (-) TimerEvent: {}
[125.197737] (-) TimerEvent: {}
[125.298442] (-) TimerEvent: {}
[125.399132] (-) TimerEvent: {}
[125.499834] (-) TimerEvent: {}
[125.600539] (-) TimerEvent: {}
[125.701251] (-) TimerEvent: {}
[125.801959] (-) TimerEvent: {}
[125.902663] (-) TimerEvent: {}
[126.003345] (-) TimerEvent: {}
[126.104140] (-) TimerEvent: {}
[126.204904] (-) TimerEvent: {}
[126.305849] (-) TimerEvent: {}
[126.406646] (-) TimerEvent: {}
[126.507504] (-) TimerEvent: {}
[126.608454] (-) TimerEvent: {}
[126.709188] (-) TimerEvent: {}
[126.809918] (-) TimerEvent: {}
[126.910686] (-) TimerEvent: {}
[127.011409] (-) TimerEvent: {}
[127.112158] (-) TimerEvent: {}
[127.212839] (-) TimerEvent: {}
[127.313565] (-) TimerEvent: {}
[127.414277] (-) TimerEvent: {}
[127.515009] (-) TimerEvent: {}
[127.615724] (-) TimerEvent: {}
[127.716465] (-) TimerEvent: {}
[127.817182] (-) TimerEvent: {}
[127.917894] (-) TimerEvent: {}
[128.018585] (-) TimerEvent: {}
[128.119281] (-) TimerEvent: {}
[128.220023] (-) TimerEvent: {}
[128.320772] (-) TimerEvent: {}
[128.421481] (-) TimerEvent: {}
[128.522194] (-) TimerEvent: {}
[128.622947] (-) TimerEvent: {}
[128.723779] (-) TimerEvent: {}
[128.824641] (-) TimerEvent: {}
[128.925388] (-) TimerEvent: {}
[129.026124] (-) TimerEvent: {}
[129.126843] (-) TimerEvent: {}
[129.227591] (-) TimerEvent: {}
[129.328322] (-) TimerEvent: {}
[129.429037] (-) TimerEvent: {}
[129.529761] (-) TimerEvent: {}
[129.630478] (-) TimerEvent: {}
[129.731194] (-) TimerEvent: {}
[129.831922] (-) TimerEvent: {}
[129.932712] (-) TimerEvent: {}
[130.033446] (-) TimerEvent: {}
[130.134177] (-) TimerEvent: {}
[130.234908] (-) TimerEvent: {}
[130.335713] (-) TimerEvent: {}
[130.436651] (-) TimerEvent: {}
[130.537408] (-) TimerEvent: {}
[130.638114] (-) TimerEvent: {}
[130.738838] (-) TimerEvent: {}
[130.839545] (-) TimerEvent: {}
[130.940223] (-) TimerEvent: {}
[131.040900] (-) TimerEvent: {}
[131.141635] (-) TimerEvent: {}
[131.242352] (-) TimerEvent: {}
[131.343050] (-) TimerEvent: {}
[131.443777] (-) TimerEvent: {}
[131.544568] (-) TimerEvent: {}
[131.645289] (-) TimerEvent: {}
[131.745995] (-) TimerEvent: {}
[131.846718] (-) TimerEvent: {}
[131.947491] (-) TimerEvent: {}
[132.048376] (-) TimerEvent: {}
[132.149126] (-) TimerEvent: {}
[132.249855] (-) TimerEvent: {}
[132.350596] (-) TimerEvent: {}
[132.451298] (-) TimerEvent: {}
[132.552061] (-) TimerEvent: {}
[132.652837] (-) TimerEvent: {}
[132.753781] (-) TimerEvent: {}
[132.854662] (-) TimerEvent: {}
[132.955647] (-) TimerEvent: {}
[133.056475] (-) TimerEvent: {}
[133.157238] (-) TimerEvent: {}
[133.257986] (-) TimerEvent: {}
[133.358715] (-) TimerEvent: {}
[133.459469] (-) TimerEvent: {}
[133.560230] (-) TimerEvent: {}
[133.660989] (-) TimerEvent: {}
[133.761748] (-) TimerEvent: {}
[133.862528] (-) TimerEvent: {}
[133.963271] (-) TimerEvent: {}
[134.064075] (-) TimerEvent: {}
[134.165386] (-) TimerEvent: {}
[134.267681] (-) TimerEvent: {}
[134.368801] (-) TimerEvent: {}
[134.469633] (-) TimerEvent: {}
[134.570553] (-) TimerEvent: {}
[134.671425] (-) TimerEvent: {}
[134.772240] (-) TimerEvent: {}
[134.873142] (-) TimerEvent: {}
[134.882712] (aug_2024) StdoutLine: {'line': b'[100%] \x1b[32m\x1b[1mLinking CXX executable gpio_controller\x1b[0m\n'}
[134.973411] (-) TimerEvent: {}
[135.074398] (-) TimerEvent: {}
[135.175698] (-) TimerEvent: {}
[135.276825] (-) TimerEvent: {}
[135.377845] (-) TimerEvent: {}
[135.479002] (-) TimerEvent: {}
[135.579958] (-) TimerEvent: {}
[135.680931] (-) TimerEvent: {}
[135.781760] (-) TimerEvent: {}
[135.882576] (-) TimerEvent: {}
[135.983654] (-) TimerEvent: {}
[136.084471] (-) TimerEvent: {}
[136.185157] (-) TimerEvent: {}
[136.285924] (-) TimerEvent: {}
[136.386990] (-) TimerEvent: {}
[136.487804] (-) TimerEvent: {}
[136.588562] (-) TimerEvent: {}
[136.683207] (aug_2024) StdoutLine: {'line': b'[100%] Built target gpio_controller\n'}
[136.688721] (-) TimerEvent: {}
[136.735831] (aug_2024) CommandEnded: {'returncode': 0}
[136.739667] (aug_2024) JobProgress: {'identifier': 'aug_2024', 'progress': 'install'}
[136.739854] (aug_2024) Command: {'cmd': ['/usr/bin/cmake', '--install', '/home/rospi/aug_2024/build/aug_2024'], 'cwd': '/home/rospi/aug_2024/build/aug_2024', 'env': OrderedDict([('LESSOPEN', '| /usr/bin/lesspipe %s'), ('USER', 'rospi'), ('SSH_CLIENT', '10.150.42.143 57984 22'), ('XDG_SESSION_TYPE', 'tty'), ('SHLVL', '1'), ('LD_LIBRARY_PATH', '/home/rospi/aug_2024/install/BMC_2024/lib:/home/rospi/aug_2024/install/pigpio/lib:/opt/ros/humble/opt/rviz_ogre_vendor/lib:/opt/ros/humble/lib/aarch64-linux-gnu:/opt/ros/humble/lib'), ('MOTD_SHOWN', 'pam'), ('HOME', '/home/rospi'), ('OLDPWD', '/home/rospi'), ('SSH_TTY', '/dev/pts/0'), ('ROS_PYTHON_VERSION', '3'), ('DBUS_SESSION_BUS_ADDRESS', 'unix:path=/run/user/1000/bus'), ('COLCON_PREFIX_PATH', '/home/rospi/aug_2024/install'), ('ROS_DISTRO', 'humble'), ('LOGNAME', 'rospi'), ('_', '/usr/bin/colcon'), ('ROS_VERSION', '2'), ('XDG_SESSION_CLASS', 'user'), ('TERM', 'xterm-256color'), ('XDG_SESSION_ID', '26'), ('ROS_LOCALHOST_ONLY', '0'), ('PATH', '/home/rospi/aug_2024/install/pigpio/bin:/opt/ros/humble/bin:/usr/local/sbin:/usr/local/bin:/usr/sbin:/usr/bin:/sbin:/bin:/usr/games:/usr/local/games:/snap/bin'), ('XDG_RUNTIME_DIR', '/run/user/1000'), ('LANG', 'en_US.UTF-8'), ('LS_COLORS', 'rs=0:di=01;34:ln=01;36:mh=00:pi=40;33:so=01;35:do=01;35:bd=40;33;01:cd=40;33;01:or=40;31;01:mi=00:su=37;41:sg=30;43:ca=30;41:tw=30;42:ow=34;42:st=37;44:ex=01;32:*.tar=01;31:*.tgz=01;31:*.arc=01;31:*.arj=01;31:*.taz=01;31:*.lha=01;31:*.lz4=01;31:*.lzh=01;31:*.lzma=01;31:*.tlz=01;31:*.txz=01;31:*.tzo=01;31:*.t7z=01;31:*.zip=01;31:*.z=01;31:*.dz=01;31:*.gz=01;31:*.lrz=01;31:*.lz=01;31:*.lzo=01;31:*.xz=01;31:*.zst=01;31:*.tzst=01;31:*.bz2=01;31:*.bz=01;31:*.tbz=01;31:*.tbz2=01;31:*.tz=01;31:*.deb=01;31:*.rpm=01;31:*.jar=01;31:*.war=01;31:*.ear=01;31:*.sar=01;31:*.rar=01;31:*.alz=01;31:*.ace=01;31:*.zoo=01;31:*.cpio=01;31:*.7z=01;31:*.rz=01;31:*.cab=01;31:*.wim=01;31:*.swm=01;31:*.dwm=01;31:*.esd=01;31:*.jpg=01;35:*.jpeg=01;35:*.mjpg=01;35:*.mjpeg=01;35:*.gif=01;35:*.bmp=01;35:*.pbm=01;35:*.pgm=01;35:*.ppm=01;35:*.tga=01;35:*.xbm=01;35:*.xpm=01;35:*.tif=01;35:*.tiff=01;35:*.png=01;35:*.svg=01;35:*.svgz=01;35:*.mng=01;35:*.pcx=01;35:*.mov=01;35:*.mpg=01;35:*.mpeg=01;35:*.m2v=01;35:*.mkv=01;35:*.webm=01;35:*.webp=01;35:*.ogm=01;35:*.mp4=01;35:*.m4v=01;35:*.mp4v=01;35:*.vob=01;35:*.qt=01;35:*.nuv=01;35:*.wmv=01;35:*.asf=01;35:*.rm=01;35:*.rmvb=01;35:*.flc=01;35:*.avi=01;35:*.fli=01;35:*.flv=01;35:*.gl=01;35:*.dl=01;35:*.xcf=01;35:*.xwd=01;35:*.yuv=01;35:*.cgm=01;35:*.emf=01;35:*.ogv=01;35:*.ogx=01;35:*.aac=00;36:*.au=00;36:*.flac=00;36:*.m4a=00;36:*.mid=00;36:*.midi=00;36:*.mka=00;36:*.mp3=00;36:*.mpc=00;36:*.ogg=00;36:*.ra=00;36:*.wav=00;36:*.oga=00;36:*.opus=00;36:*.spx=00;36:*.xspf=00;36:'), ('AMENT_PREFIX_PATH', '/home/rospi/aug_2024/install/aug_2024:/home/rospi/aug_2024/install/BMC_2024:/home/rospi/aug_2024/install/sllidar_ros2:/home/rospi/aug_2024/install/my_robot_nav2:/opt/ros/humble'), ('SHELL', '/bin/bash'), ('LESSCLOSE', '/usr/bin/lesspipe %s %s'), ('PWD', '/home/rospi/aug_2024/build/aug_2024'), ('LC_ALL', 'en_US.UTF-8'), ('SSH_CONNECTION', '10.150.42.143 57984 10.6.102.87 22'), ('XDG_DATA_DIRS', '/usr/local/share:/usr/share:/var/lib/snapd/desktop'), ('PYTHONPATH', '/opt/ros/humble/lib/python3.10/site-packages:/opt/ros/humble/local/lib/python3.10/dist-packages'), ('COLCON', '1'), ('CMAKE_PREFIX_PATH', '/home/rospi/aug_2024/install/BMC_2024:/home/rospi/aug_2024/install/sllidar_ros2:/home/rospi/aug_2024/install/aug_2024:/home/rospi/aug_2024/install/pigpio:/home/rospi/aug_2024/install/my_robot_nav2:/opt/ros/humble')]), 'shell': False}
[136.767505] (aug_2024) StdoutLine: {'line': b'-- Install configuration: ""\n'}
[136.768538] (aug_2024) StdoutLine: {'line': b'-- Installing: /home/rospi/aug_2024/install/aug_2024/share/aug_2024//config\n'}
[136.769316] (aug_2024) StdoutLine: {'line': b'-- Installing: /home/rospi/aug_2024/install/aug_2024/share/aug_2024//config/ekf.yaml\n'}
[136.770113] (aug_2024) StdoutLine: {'line': b'-- Installing: /home/rospi/aug_2024/install/aug_2024/share/aug_2024//config/backup\n'}
[136.770780] (aug_2024) StdoutLine: {'line': b'-- Installing: /home/rospi/aug_2024/install/aug_2024/share/aug_2024//config/backup/map1.pgm\n'}
[136.780526] (aug_2024) StdoutLine: {'line': b'-- Installing: /home/rospi/aug_2024/install/aug_2024/share/aug_2024//config/backup/map1.yaml\n'}
[136.781267] (aug_2024) StdoutLine: {'line': b'-- Installing: /home/rospi/aug_2024/install/aug_2024/share/aug_2024//config/twist_mux.yaml\n'}
[136.781886] (aug_2024) StdoutLine: {'line': b'-- Installing: /home/rospi/aug_2024/install/aug_2024/share/aug_2024//config/nav2_params.yaml\n'}
[136.782393] (aug_2024) StdoutLine: {'line': b'-- Installing: /home/rospi/aug_2024/install/aug_2024/share/aug_2024//config/ps4_controller.yaml\n'}
[136.782876] (aug_2024) StdoutLine: {'line': b'-- Installing: /home/rospi/aug_2024/install/aug_2024/share/aug_2024//config/map1.pgm\n'}
[136.783736] (aug_2024) StdoutLine: {'line': b'-- Installing: /home/rospi/aug_2024/install/aug_2024/share/aug_2024//config/validate_yaml.py\n'}
[136.784616] (aug_2024) StdoutLine: {'line': b'-- Installing: /home/rospi/aug_2024/install/aug_2024/share/aug_2024//config/direct_controllers.yaml\n'}
[136.788514] (aug_2024) StdoutLine: {'line': b'-- Installing: /home/rospi/aug_2024/install/aug_2024/share/aug_2024//config/map1.yaml\n'}
[136.789202] (-) TimerEvent: {}
[136.792340] (aug_2024) StdoutLine: {'line': b'-- Installing: /home/rospi/aug_2024/install/aug_2024/share/aug_2024//config/gazebo_ros2_control_params.yaml\n'}
[136.792991] (aug_2024) StdoutLine: {'line': b'-- Installing: /home/rospi/aug_2024/install/aug_2024/share/aug_2024//config/amcl_config.yaml\n'}
[136.793936] (aug_2024) StdoutLine: {'line': b'-- Installing: /home/rospi/aug_2024/install/aug_2024/share/aug_2024//config/flippo_controllers.yaml\n'}
[136.794947] (aug_2024) StdoutLine: {'line': b'-- Installing: /home/rospi/aug_2024/install/aug_2024/share/aug_2024//description\n'}
[136.796201] (aug_2024) StdoutLine: {'line': b'-- Installing: /home/rospi/aug_2024/install/aug_2024/share/aug_2024//description/meshes\n'}
[136.797014] (aug_2024) StdoutLine: {'line': b'-- Installing: /home/rospi/aug_2024/install/aug_2024/share/aug_2024//description/meshes/rear_right_wheel_link.STL\n'}
[136.799233] (aug_2024) StdoutLine: {'line': b'-- Installing: /home/rospi/aug_2024/install/aug_2024/share/aug_2024//description/meshes/front_right_wheel_link.STL\n'}
[136.802142] (aug_2024) StdoutLine: {'line': b'-- Installing: /home/rospi/aug_2024/install/aug_2024/share/aug_2024//description/meshes/chassis_link.STL\n'}
[136.810472] (aug_2024) StdoutLine: {'line': b'-- Installing: /home/rospi/aug_2024/install/aug_2024/share/aug_2024//description/meshes/rear_left_wheel_link.STL\n'}
[136.813457] (aug_2024) StdoutLine: {'line': b'-- Installing: /home/rospi/aug_2024/install/aug_2024/share/aug_2024//description/meshes/front_left_wheel_link.STL\n'}
[136.817391] (aug_2024) StdoutLine: {'line': b'-- Installing: /home/rospi/aug_2024/install/aug_2024/share/aug_2024//description/rviz\n'}
[136.819110] (aug_2024) StdoutLine: {'line': b'-- Installing: /home/rospi/aug_2024/install/aug_2024/share/aug_2024//description/rviz/urdf_config.rviz\n'}
[136.821443] (aug_2024) StdoutLine: {'line': b'-- Installing: /home/rospi/aug_2024/install/aug_2024/share/aug_2024//description/config\n'}
[136.823191] (aug_2024) StdoutLine: {'line': b'-- Installing: /home/rospi/aug_2024/install/aug_2024/share/aug_2024//description/config/ekf.yaml\n'}
[136.825678] (aug_2024) StdoutLine: {'line': b'-- Installing: /home/rospi/aug_2024/install/aug_2024/share/aug_2024//description/config/aug_2024_joint_names.yaml\n'}
[136.827866] (aug_2024) StdoutLine: {'line': b'-- Installing: /home/rospi/aug_2024/install/aug_2024/share/aug_2024//description/urdf\n'}
[136.829936] (aug_2024) StdoutLine: {'line': b'-- Installing: /home/rospi/aug_2024/install/aug_2024/share/aug_2024//description/urdf/aug_2024.urdf\n'}
[136.832303] (aug_2024) StdoutLine: {'line': b'-- Installing: /home/rospi/aug_2024/install/aug_2024/share/aug_2024//description/urdf/aug_2024-cast.urdf\n'}
[136.833827] (aug_2024) StdoutLine: {'line': b'-- Installing: /home/rospi/aug_2024/install/aug_2024/share/aug_2024//description/urdf/aug_2024_old.xacro\n'}
[136.835355] (aug_2024) StdoutLine: {'line': b'-- Installing: /home/rospi/aug_2024/install/aug_2024/share/aug_2024//description/urdf/aug_2024 _no_caster.xacro\n'}
[136.837462] (aug_2024) StdoutLine: {'line': b'-- Installing: /home/rospi/aug_2024/install/aug_2024/share/aug_2024//description/urdf/aug_2024-1.xacro\n'}
[136.838992] (aug_2024) StdoutLine: {'line': b'-- Installing: /home/rospi/aug_2024/install/aug_2024/share/aug_2024//description/urdf/aug_2024-nocaster.urdf\n'}
[136.840495] (aug_2024) StdoutLine: {'line': b'-- Installing: /home/rospi/aug_2024/install/aug_2024/share/aug_2024//launch\n'}
[136.841583] (aug_2024) StdoutLine: {'line': b'-- Installing: /home/rospi/aug_2024/install/aug_2024/share/aug_2024//launch/sllidar_a2m12_launch .py\n'}
[136.842994] (aug_2024) StdoutLine: {'line': b'-- Installing: /home/rospi/aug_2024/install/aug_2024/share/aug_2024//launch/min_launch.py\n'}
[136.844562] (aug_2024) StdoutLine: {'line': b'-- Installing: /home/rospi/aug_2024/install/aug_2024/share/aug_2024//launch/test_launch.py\n'}
[136.845809] (aug_2024) StdoutLine: {'line': b'-- Installing: /home/rospi/aug_2024/install/aug_2024/share/aug_2024//launch/aug_2024_launch.py\n'}
[136.847396] (aug_2024) StdoutLine: {'line': b'-- Installing: /home/rospi/aug_2024/install/aug_2024/share/aug_2024//launch/aug_2024_rospi_launch.py\n'}
[136.849368] (aug_2024) StdoutLine: {'line': b'-- Installing: /home/rospi/aug_2024/install/aug_2024/share/aug_2024//launch/ros2_control_debug.launch.py\n'}
[136.850558] (aug_2024) StdoutLine: {'line': b'-- Installing: /home/rospi/aug_2024/install/aug_2024/share/aug_2024//launch/aug_2024_sim_launch.py\n'}
[136.852115] (aug_2024) StdoutLine: {'line': b'-- Installing: /home/rospi/aug_2024/install/aug_2024/share/aug_2024//launch/rospi_cam_launch.py\n'}
[136.853599] (aug_2024) StdoutLine: {'line': b'-- Installing: /home/rospi/aug_2024/install/aug_2024/share/aug_2024//launch/aug_2024_sim_launch1.py\n'}
[136.855237] (aug_2024) StdoutLine: {'line': b'-- Installing: /home/rospi/aug_2024/install/aug_2024/share/aug_2024//launch/aug_2024_rospi_launch_broken.py\n'}
[136.856892] (aug_2024) StdoutLine: {'line': b'-- Installing: /home/rospi/aug_2024/install/aug_2024/share/aug_2024//launch/simple.py\n'}
[136.858228] (aug_2024) StdoutLine: {'line': b'-- Installing: /home/rospi/aug_2024/install/aug_2024/share/aug_2024//worlds\n'}
[136.859245] (aug_2024) StdoutLine: {'line': b'-- Installing: /home/rospi/aug_2024/install/aug_2024/share/aug_2024//worlds/usda_rough_dim.sdf\n'}
[136.861687] (aug_2024) StdoutLine: {'line': b'-- Installing: /home/rospi/aug_2024/install/aug_2024/share/aug_2024//worlds/usda_build_full\n'}
[136.862669] (aug_2024) StdoutLine: {'line': b'-- Installing: /home/rospi/aug_2024/install/aug_2024/share/aug_2024//worlds/usda_build_full/model.sdf\n'}
[136.865062] (aug_2024) StdoutLine: {'line': b'-- Installing: /home/rospi/aug_2024/install/aug_2024/share/aug_2024//worlds/usda_build_full/model.config\n'}
[136.866545] (aug_2024) StdoutLine: {'line': b'-- Installing: /home/rospi/aug_2024/install/aug_2024/share/aug_2024//worlds/gaz_goof_001\n'}
[136.868378] (aug_2024) StdoutLine: {'line': b'-- Installing: /home/rospi/aug_2024/install/aug_2024/share/aug_2024//src\n'}
[136.869394] (aug_2024) StdoutLine: {'line': b'-- Installing: /home/rospi/aug_2024/install/aug_2024/share/aug_2024//src/waypoint_navigator.py\n'}
[136.870964] (aug_2024) StdoutLine: {'line': b'-- Installing: /home/rospi/aug_2024/install/aug_2024/share/aug_2024//src/skunk_aug.cpp\n'}
[136.872369] (aug_2024) StdoutLine: {'line': b'-- Installing: /home/rospi/aug_2024/install/aug_2024/share/aug_2024//src/gpio_controller.cpp\n'}
[136.873772] (aug_2024) StdoutLine: {'line': b'-- Installing: /home/rospi/aug_2024/install/aug_2024/share/aug_2024//src/gpio_controller.py\n'}
[136.875294] (aug_2024) StdoutLine: {'line': b'-- Installing: /home/rospi/aug_2024/install/aug_2024/share/aug_2024//src/image_annotator.py\n'}
[136.877484] (aug_2024) StdoutLine: {'line': b'-- Installing: /home/rospi/aug_2024/install/aug_2024/lib/aug_2024/image_annotator.py\n'}
[136.879531] (aug_2024) StdoutLine: {'line': b'-- Installing: /home/rospi/aug_2024/install/aug_2024/lib/aug_2024/gpio_controller\n'}
[136.889447] (-) TimerEvent: {}
[136.917229] (aug_2024) StdoutLine: {'line': b'-- Set runtime path of "/home/rospi/aug_2024/install/aug_2024/lib/aug_2024/gpio_controller" to ""\n'}
[136.921048] (aug_2024) StdoutLine: {'line': b'-- Installing: /home/rospi/aug_2024/install/aug_2024/share/ament_index/resource_index/package_run_dependencies/aug_2024\n'}
[136.921717] (aug_2024) StdoutLine: {'line': b'-- Installing: /home/rospi/aug_2024/install/aug_2024/share/ament_index/resource_index/parent_prefix_path/aug_2024\n'}
[136.922540] (aug_2024) StdoutLine: {'line': b'-- Installing: /home/rospi/aug_2024/install/aug_2024/share/aug_2024/environment/ament_prefix_path.sh\n'}
[136.924176] (aug_2024) StdoutLine: {'line': b'-- Installing: /home/rospi/aug_2024/install/aug_2024/share/aug_2024/environment/ament_prefix_path.dsv\n'}
[136.925746] (aug_2024) StdoutLine: {'line': b'-- Installing: /home/rospi/aug_2024/install/aug_2024/share/aug_2024/environment/path.sh\n'}
[136.927353] (aug_2024) StdoutLine: {'line': b'-- Installing: /home/rospi/aug_2024/install/aug_2024/share/aug_2024/environment/path.dsv\n'}
[136.928938] (aug_2024) StdoutLine: {'line': b'-- Installing: /home/rospi/aug_2024/install/aug_2024/share/aug_2024/local_setup.bash\n'}
[136.930422] (aug_2024) StdoutLine: {'line': b'-- Installing: /home/rospi/aug_2024/install/aug_2024/share/aug_2024/local_setup.sh\n'}
[136.931843] (aug_2024) StdoutLine: {'line': b'-- Installing: /home/rospi/aug_2024/install/aug_2024/share/aug_2024/local_setup.zsh\n'}
[136.933264] (aug_2024) StdoutLine: {'line': b'-- Installing: /home/rospi/aug_2024/install/aug_2024/share/aug_2024/local_setup.dsv\n'}
[136.934712] (aug_2024) StdoutLine: {'line': b'-- Installing: /home/rospi/aug_2024/install/aug_2024/share/aug_2024/package.dsv\n'}
[136.936737] (aug_2024) StdoutLine: {'line': b'-- Installing: /home/rospi/aug_2024/install/aug_2024/share/ament_index/resource_index/packages/aug_2024\n'}
[136.938766] (aug_2024) StdoutLine: {'line': b'-- Installing: /home/rospi/aug_2024/install/aug_2024/share/aug_2024/cmake/aug_2024Config.cmake\n'}
[136.940254] (aug_2024) StdoutLine: {'line': b'-- Installing: /home/rospi/aug_2024/install/aug_2024/share/aug_2024/cmake/aug_2024Config-version.cmake\n'}
[136.941814] (aug_2024) StdoutLine: {'line': b'-- Installing: /home/rospi/aug_2024/install/aug_2024/share/aug_2024/package.xml\n'}
[136.968088] (aug_2024) CommandEnded: {'returncode': 0}
[136.989970] (-) TimerEvent: {}
[137.033753] (aug_2024) JobEnded: {'identifier': 'aug_2024', 'rc': 0}
[137.037756] (-) EventReactorShutdown: {}
