[0.172s] DEBUG:colcon:Command line arguments: ['/usr/bin/colcon', 'build']
[0.172s] DEBUG:colcon:Parsed command line arguments: Namespace(log_base=None, log_level=None, verb_name='build', build_base='build', install_base='install', merge_install=False, symlink_install=False, test_result_base=None, continue_on_error=False, executor='parallel', parallel_workers=12, event_handlers=None, ignore_user_meta=False, metas=['./colcon.meta'], base_paths=['.'], packages_ignore=None, packages_ignore_regex=None, paths=None, packages_up_to=None, packages_up_to_regex=None, packages_above=None, packages_above_and_dependencies=None, packages_above_depth=None, packages_select_by_dep=None, packages_skip_by_dep=None, packages_skip_up_to=None, packages_select_build_failed=False, packages_skip_build_finished=False, packages_select_test_failures=False, packages_skip_test_passed=False, packages_select=None, packages_skip=None, packages_select_regex=None, packages_skip_regex=None, packages_start=None, packages_end=None, allow_overriding=[], cmake_args=None, cmake_target=None, cmake_target_skip_unavailable=False, cmake_clean_cache=False, cmake_clean_first=False, cmake_force_configure=False, ament_cmake_args=None, catkin_cmake_args=None, catkin_skip_building_tests=False, mixin_files=None, mixin=None, verb_parser=<colcon_mixin.mixin.mixin_argument.MixinArgumentDecorator object at 0x75956f897fa0>, verb_extension=<colcon_core.verb.build.BuildVerb object at 0x75956f897970>, main=<bound method BuildVerb.main of <colcon_core.verb.build.BuildVerb object at 0x75956f897970>>, mixin_verb=('build',))
[0.405s] Level 1:colcon.colcon_core.package_discovery:discover_packages(colcon_meta) check parameters
[0.405s] Level 1:colcon.colcon_core.package_discovery:discover_packages(recursive) check parameters
[0.405s] Level 1:colcon.colcon_core.package_discovery:discover_packages(ignore) check parameters
[0.405s] Level 1:colcon.colcon_core.package_discovery:discover_packages(path) check parameters
[0.405s] Level 1:colcon.colcon_core.package_discovery:discover_packages(colcon_meta) discover
[0.405s] Level 1:colcon.colcon_core.package_discovery:discover_packages(recursive) discover
[0.405s] INFO:colcon.colcon_core.package_discovery:Crawling recursively for packages in '/home/dkflippo/aug2024'
[0.405s] Level 1:colcon.colcon_core.package_identification:_identify(.) by extensions ['ignore', 'ignore_ament_install']
[0.405s] Level 1:colcon.colcon_core.package_identification:_identify(.) by extension 'ignore'
[0.405s] Level 1:colcon.colcon_core.package_identification:_identify(.) by extension 'ignore_ament_install'
[0.405s] Level 1:colcon.colcon_core.package_identification:_identify(.) by extensions ['colcon_pkg']
[0.406s] Level 1:colcon.colcon_core.package_identification:_identify(.) by extension 'colcon_pkg'
[0.406s] Level 1:colcon.colcon_core.package_identification:_identify(.) by extensions ['colcon_meta']
[0.406s] Level 1:colcon.colcon_core.package_identification:_identify(.) by extension 'colcon_meta'
[0.406s] Level 1:colcon.colcon_core.package_identification:_identify(.) by extensions ['ros']
[0.406s] Level 1:colcon.colcon_core.package_identification:_identify(.) by extension 'ros'
[0.421s] Level 1:colcon.colcon_core.package_identification:_identify(.) by extensions ['cmake', 'python']
[0.421s] Level 1:colcon.colcon_core.package_identification:_identify(.) by extension 'cmake'
[0.421s] Level 1:colcon.colcon_core.package_identification:_identify(.) by extension 'python'
[0.421s] Level 1:colcon.colcon_core.package_identification:_identify(.) by extensions ['python_setup_py']
[0.421s] Level 1:colcon.colcon_core.package_identification:_identify(.) by extension 'python_setup_py'
[0.421s] Level 1:colcon.colcon_core.package_identification:_identify(build) by extensions ['ignore', 'ignore_ament_install']
[0.421s] Level 1:colcon.colcon_core.package_identification:_identify(build) by extension 'ignore'
[0.421s] Level 1:colcon.colcon_core.package_identification:_identify(build) ignored
[0.421s] Level 1:colcon.colcon_core.package_identification:_identify(install) by extensions ['ignore', 'ignore_ament_install']
[0.421s] Level 1:colcon.colcon_core.package_identification:_identify(install) by extension 'ignore'
[0.422s] Level 1:colcon.colcon_core.package_identification:_identify(install) ignored
[0.422s] Level 1:colcon.colcon_core.package_identification:_identify(log) by extensions ['ignore', 'ignore_ament_install']
[0.422s] Level 1:colcon.colcon_core.package_identification:_identify(log) by extension 'ignore'
[0.422s] Level 1:colcon.colcon_core.package_identification:_identify(log) ignored
[0.422s] Level 1:colcon.colcon_core.package_identification:_identify(pigpio-master) by extensions ['ignore', 'ignore_ament_install']
[0.422s] Level 1:colcon.colcon_core.package_identification:_identify(pigpio-master) by extension 'ignore'
[0.422s] Level 1:colcon.colcon_core.package_identification:_identify(pigpio-master) by extension 'ignore_ament_install'
[0.422s] Level 1:colcon.colcon_core.package_identification:_identify(pigpio-master) by extensions ['colcon_pkg']
[0.422s] Level 1:colcon.colcon_core.package_identification:_identify(pigpio-master) by extension 'colcon_pkg'
[0.422s] Level 1:colcon.colcon_core.package_identification:_identify(pigpio-master) by extensions ['colcon_meta']
[0.422s] Level 1:colcon.colcon_core.package_identification:_identify(pigpio-master) by extension 'colcon_meta'
[0.422s] Level 1:colcon.colcon_core.package_identification:_identify(pigpio-master) by extensions ['ros']
[0.422s] Level 1:colcon.colcon_core.package_identification:_identify(pigpio-master) by extension 'ros'
[0.422s] Level 1:colcon.colcon_core.package_identification:_identify(pigpio-master) by extensions ['cmake', 'python']
[0.422s] Level 1:colcon.colcon_core.package_identification:_identify(pigpio-master) by extension 'cmake'
[0.425s] Level 1:colcon.colcon_core.package_identification:_identify(pigpio-master) by extension 'python'
[0.425s] DEBUG:colcon.colcon_core.package_identification:Package 'pigpio-master' with type 'cmake' and name 'pigpio'
[0.425s] Level 1:colcon.colcon_core.package_identification:_identify(src) by extensions ['ignore', 'ignore_ament_install']
[0.425s] Level 1:colcon.colcon_core.package_identification:_identify(src) by extension 'ignore'
[0.425s] Level 1:colcon.colcon_core.package_identification:_identify(src) by extension 'ignore_ament_install'
[0.426s] Level 1:colcon.colcon_core.package_identification:_identify(src) by extensions ['colcon_pkg']
[0.426s] Level 1:colcon.colcon_core.package_identification:_identify(src) by extension 'colcon_pkg'
[0.426s] Level 1:colcon.colcon_core.package_identification:_identify(src) by extensions ['colcon_meta']
[0.426s] Level 1:colcon.colcon_core.package_identification:_identify(src) by extension 'colcon_meta'
[0.426s] Level 1:colcon.colcon_core.package_identification:_identify(src) by extensions ['ros']
[0.426s] Level 1:colcon.colcon_core.package_identification:_identify(src) by extension 'ros'
[0.426s] Level 1:colcon.colcon_core.package_identification:_identify(src) by extensions ['cmake', 'python']
[0.426s] Level 1:colcon.colcon_core.package_identification:_identify(src) by extension 'cmake'
[0.426s] Level 1:colcon.colcon_core.package_identification:_identify(src) by extension 'python'
[0.426s] Level 1:colcon.colcon_core.package_identification:_identify(src) by extensions ['python_setup_py']
[0.426s] Level 1:colcon.colcon_core.package_identification:_identify(src) by extension 'python_setup_py'
[0.426s] Level 1:colcon.colcon_core.package_identification:_identify(src/BMC_2024) by extensions ['ignore', 'ignore_ament_install']
[0.426s] Level 1:colcon.colcon_core.package_identification:_identify(src/BMC_2024) by extension 'ignore'
[0.426s] Level 1:colcon.colcon_core.package_identification:_identify(src/BMC_2024) by extension 'ignore_ament_install'
[0.426s] Level 1:colcon.colcon_core.package_identification:_identify(src/BMC_2024) by extensions ['colcon_pkg']
[0.426s] Level 1:colcon.colcon_core.package_identification:_identify(src/BMC_2024) by extension 'colcon_pkg'
[0.426s] Level 1:colcon.colcon_core.package_identification:_identify(src/BMC_2024) by extensions ['colcon_meta']
[0.426s] Level 1:colcon.colcon_core.package_identification:_identify(src/BMC_2024) by extension 'colcon_meta'
[0.427s] Level 1:colcon.colcon_core.package_identification:_identify(src/BMC_2024) by extensions ['ros']
[0.427s] Level 1:colcon.colcon_core.package_identification:_identify(src/BMC_2024) by extension 'ros'
[0.432s] DEBUG:colcon.colcon_core.package_identification:Package 'src/BMC_2024' with type 'ros.ament_cmake' and name 'BMC_2024'
[0.432s] Level 1:colcon.colcon_core.package_identification:_identify(src/aug_2024) by extensions ['ignore', 'ignore_ament_install']
[0.432s] Level 1:colcon.colcon_core.package_identification:_identify(src/aug_2024) by extension 'ignore'
[0.432s] Level 1:colcon.colcon_core.package_identification:_identify(src/aug_2024) by extension 'ignore_ament_install'
[0.432s] Level 1:colcon.colcon_core.package_identification:_identify(src/aug_2024) by extensions ['colcon_pkg']
[0.432s] Level 1:colcon.colcon_core.package_identification:_identify(src/aug_2024) by extension 'colcon_pkg'
[0.432s] Level 1:colcon.colcon_core.package_identification:_identify(src/aug_2024) by extensions ['colcon_meta']
[0.432s] Level 1:colcon.colcon_core.package_identification:_identify(src/aug_2024) by extension 'colcon_meta'
[0.432s] Level 1:colcon.colcon_core.package_identification:_identify(src/aug_2024) by extensions ['ros']
[0.432s] Level 1:colcon.colcon_core.package_identification:_identify(src/aug_2024) by extension 'ros'
[0.434s] DEBUG:colcon.colcon_core.package_identification:Package 'src/aug_2024' with type 'ros.ament_cmake' and name 'aug_2024'
[0.434s] Level 1:colcon.colcon_core.package_identification:_identify(src/bmc_2024) by extensions ['ignore', 'ignore_ament_install']
[0.435s] Level 1:colcon.colcon_core.package_identification:_identify(src/bmc_2024) by extension 'ignore'
[0.435s] Level 1:colcon.colcon_core.package_identification:_identify(src/bmc_2024) by extension 'ignore_ament_install'
[0.435s] Level 1:colcon.colcon_core.package_identification:_identify(src/bmc_2024) by extensions ['colcon_pkg']
[0.435s] Level 1:colcon.colcon_core.package_identification:_identify(src/bmc_2024) by extension 'colcon_pkg'
[0.435s] Level 1:colcon.colcon_core.package_identification:_identify(src/bmc_2024) by extensions ['colcon_meta']
[0.435s] Level 1:colcon.colcon_core.package_identification:_identify(src/bmc_2024) by extension 'colcon_meta'
[0.435s] Level 1:colcon.colcon_core.package_identification:_identify(src/bmc_2024) by extensions ['ros']
[0.435s] Level 1:colcon.colcon_core.package_identification:_identify(src/bmc_2024) by extension 'ros'
[0.435s] Level 1:colcon.colcon_core.package_identification:_identify(src/bmc_2024) by extensions ['cmake', 'python']
[0.435s] Level 1:colcon.colcon_core.package_identification:_identify(src/bmc_2024) by extension 'cmake'
[0.435s] Level 1:colcon.colcon_core.package_identification:_identify(src/bmc_2024) by extension 'python'
[0.435s] Level 1:colcon.colcon_core.package_identification:_identify(src/bmc_2024) by extensions ['python_setup_py']
[0.435s] Level 1:colcon.colcon_core.package_identification:_identify(src/bmc_2024) by extension 'python_setup_py'
[0.435s] Level 1:colcon.colcon_core.package_identification:_identify(src/bmc_2024/hardware) by extensions ['ignore', 'ignore_ament_install']
[0.435s] Level 1:colcon.colcon_core.package_identification:_identify(src/bmc_2024/hardware) by extension 'ignore'
[0.435s] Level 1:colcon.colcon_core.package_identification:_identify(src/bmc_2024/hardware) by extension 'ignore_ament_install'
[0.435s] Level 1:colcon.colcon_core.package_identification:_identify(src/bmc_2024/hardware) by extensions ['colcon_pkg']
[0.435s] Level 1:colcon.colcon_core.package_identification:_identify(src/bmc_2024/hardware) by extension 'colcon_pkg'
[0.435s] Level 1:colcon.colcon_core.package_identification:_identify(src/bmc_2024/hardware) by extensions ['colcon_meta']
[0.435s] Level 1:colcon.colcon_core.package_identification:_identify(src/bmc_2024/hardware) by extension 'colcon_meta'
[0.435s] Level 1:colcon.colcon_core.package_identification:_identify(src/bmc_2024/hardware) by extensions ['ros']
[0.435s] Level 1:colcon.colcon_core.package_identification:_identify(src/bmc_2024/hardware) by extension 'ros'
[0.436s] Level 1:colcon.colcon_core.package_identification:_identify(src/bmc_2024/hardware) by extensions ['cmake', 'python']
[0.436s] Level 1:colcon.colcon_core.package_identification:_identify(src/bmc_2024/hardware) by extension 'cmake'
[0.436s] Level 1:colcon.colcon_core.package_identification:_identify(src/bmc_2024/hardware) by extension 'python'
[0.436s] Level 1:colcon.colcon_core.package_identification:_identify(src/bmc_2024/hardware) by extensions ['python_setup_py']
[0.436s] Level 1:colcon.colcon_core.package_identification:_identify(src/bmc_2024/hardware) by extension 'python_setup_py'
[0.436s] Level 1:colcon.colcon_core.package_identification:_identify(src/bmc_2024/hardware/include) by extensions ['ignore', 'ignore_ament_install']
[0.436s] Level 1:colcon.colcon_core.package_identification:_identify(src/bmc_2024/hardware/include) by extension 'ignore'
[0.436s] Level 1:colcon.colcon_core.package_identification:_identify(src/bmc_2024/hardware/include) by extension 'ignore_ament_install'
[0.436s] Level 1:colcon.colcon_core.package_identification:_identify(src/bmc_2024/hardware/include) by extensions ['colcon_pkg']
[0.436s] Level 1:colcon.colcon_core.package_identification:_identify(src/bmc_2024/hardware/include) by extension 'colcon_pkg'
[0.436s] Level 1:colcon.colcon_core.package_identification:_identify(src/bmc_2024/hardware/include) by extensions ['colcon_meta']
[0.436s] Level 1:colcon.colcon_core.package_identification:_identify(src/bmc_2024/hardware/include) by extension 'colcon_meta'
[0.436s] Level 1:colcon.colcon_core.package_identification:_identify(src/bmc_2024/hardware/include) by extensions ['ros']
[0.436s] Level 1:colcon.colcon_core.package_identification:_identify(src/bmc_2024/hardware/include) by extension 'ros'
[0.436s] Level 1:colcon.colcon_core.package_identification:_identify(src/bmc_2024/hardware/include) by extensions ['cmake', 'python']
[0.436s] Level 1:colcon.colcon_core.package_identification:_identify(src/bmc_2024/hardware/include) by extension 'cmake'
[0.436s] Level 1:colcon.colcon_core.package_identification:_identify(src/bmc_2024/hardware/include) by extension 'python'
[0.436s] Level 1:colcon.colcon_core.package_identification:_identify(src/bmc_2024/hardware/include) by extensions ['python_setup_py']
[0.436s] Level 1:colcon.colcon_core.package_identification:_identify(src/bmc_2024/hardware/include) by extension 'python_setup_py'
[0.436s] Level 1:colcon.colcon_core.package_identification:_identify(src/bmc_2024/hardware/include/rowbot_bmc) by extensions ['ignore', 'ignore_ament_install']
[0.437s] Level 1:colcon.colcon_core.package_identification:_identify(src/bmc_2024/hardware/include/rowbot_bmc) by extension 'ignore'
[0.437s] Level 1:colcon.colcon_core.package_identification:_identify(src/bmc_2024/hardware/include/rowbot_bmc) by extension 'ignore_ament_install'
[0.437s] Level 1:colcon.colcon_core.package_identification:_identify(src/bmc_2024/hardware/include/rowbot_bmc) by extensions ['colcon_pkg']
[0.437s] Level 1:colcon.colcon_core.package_identification:_identify(src/bmc_2024/hardware/include/rowbot_bmc) by extension 'colcon_pkg'
[0.437s] Level 1:colcon.colcon_core.package_identification:_identify(src/bmc_2024/hardware/include/rowbot_bmc) by extensions ['colcon_meta']
[0.437s] Level 1:colcon.colcon_core.package_identification:_identify(src/bmc_2024/hardware/include/rowbot_bmc) by extension 'colcon_meta'
[0.437s] Level 1:colcon.colcon_core.package_identification:_identify(src/bmc_2024/hardware/include/rowbot_bmc) by extensions ['ros']
[0.437s] Level 1:colcon.colcon_core.package_identification:_identify(src/bmc_2024/hardware/include/rowbot_bmc) by extension 'ros'
[0.437s] Level 1:colcon.colcon_core.package_identification:_identify(src/bmc_2024/hardware/include/rowbot_bmc) by extensions ['cmake', 'python']
[0.437s] Level 1:colcon.colcon_core.package_identification:_identify(src/bmc_2024/hardware/include/rowbot_bmc) by extension 'cmake'
[0.437s] Level 1:colcon.colcon_core.package_identification:_identify(src/bmc_2024/hardware/include/rowbot_bmc) by extension 'python'
[0.437s] Level 1:colcon.colcon_core.package_identification:_identify(src/bmc_2024/hardware/include/rowbot_bmc) by extensions ['python_setup_py']
[0.437s] Level 1:colcon.colcon_core.package_identification:_identify(src/bmc_2024/hardware/include/rowbot_bmc) by extension 'python_setup_py'
[0.437s] Level 1:colcon.colcon_core.package_identification:_identify(src/bmc_2024/include) by extensions ['ignore', 'ignore_ament_install']
[0.437s] Level 1:colcon.colcon_core.package_identification:_identify(src/bmc_2024/include) by extension 'ignore'
[0.437s] Level 1:colcon.colcon_core.package_identification:_identify(src/bmc_2024/include) by extension 'ignore_ament_install'
[0.437s] Level 1:colcon.colcon_core.package_identification:_identify(src/bmc_2024/include) by extensions ['colcon_pkg']
[0.437s] Level 1:colcon.colcon_core.package_identification:_identify(src/bmc_2024/include) by extension 'colcon_pkg'
[0.437s] Level 1:colcon.colcon_core.package_identification:_identify(src/bmc_2024/include) by extensions ['colcon_meta']
[0.437s] Level 1:colcon.colcon_core.package_identification:_identify(src/bmc_2024/include) by extension 'colcon_meta'
[0.437s] Level 1:colcon.colcon_core.package_identification:_identify(src/bmc_2024/include) by extensions ['ros']
[0.437s] Level 1:colcon.colcon_core.package_identification:_identify(src/bmc_2024/include) by extension 'ros'
[0.437s] Level 1:colcon.colcon_core.package_identification:_identify(src/bmc_2024/include) by extensions ['cmake', 'python']
[0.438s] Level 1:colcon.colcon_core.package_identification:_identify(src/bmc_2024/include) by extension 'cmake'
[0.438s] Level 1:colcon.colcon_core.package_identification:_identify(src/bmc_2024/include) by extension 'python'
[0.438s] Level 1:colcon.colcon_core.package_identification:_identify(src/bmc_2024/include) by extensions ['python_setup_py']
[0.438s] Level 1:colcon.colcon_core.package_identification:_identify(src/bmc_2024/include) by extension 'python_setup_py'
[0.438s] Level 1:colcon.colcon_core.package_identification:_identify(src/bmc_2024/include/bmc_2024) by extensions ['ignore', 'ignore_ament_install']
[0.438s] Level 1:colcon.colcon_core.package_identification:_identify(src/bmc_2024/include/bmc_2024) by extension 'ignore'
[0.438s] Level 1:colcon.colcon_core.package_identification:_identify(src/bmc_2024/include/bmc_2024) by extension 'ignore_ament_install'
[0.438s] Level 1:colcon.colcon_core.package_identification:_identify(src/bmc_2024/include/bmc_2024) by extensions ['colcon_pkg']
[0.438s] Level 1:colcon.colcon_core.package_identification:_identify(src/bmc_2024/include/bmc_2024) by extension 'colcon_pkg'
[0.438s] Level 1:colcon.colcon_core.package_identification:_identify(src/bmc_2024/include/bmc_2024) by extensions ['colcon_meta']
[0.438s] Level 1:colcon.colcon_core.package_identification:_identify(src/bmc_2024/include/bmc_2024) by extension 'colcon_meta'
[0.438s] Level 1:colcon.colcon_core.package_identification:_identify(src/bmc_2024/include/bmc_2024) by extensions ['ros']
[0.438s] Level 1:colcon.colcon_core.package_identification:_identify(src/bmc_2024/include/bmc_2024) by extension 'ros'
[0.438s] Level 1:colcon.colcon_core.package_identification:_identify(src/bmc_2024/include/bmc_2024) by extensions ['cmake', 'python']
[0.438s] Level 1:colcon.colcon_core.package_identification:_identify(src/bmc_2024/include/bmc_2024) by extension 'cmake'
[0.438s] Level 1:colcon.colcon_core.package_identification:_identify(src/bmc_2024/include/bmc_2024) by extension 'python'
[0.438s] Level 1:colcon.colcon_core.package_identification:_identify(src/bmc_2024/include/bmc_2024) by extensions ['python_setup_py']
[0.438s] Level 1:colcon.colcon_core.package_identification:_identify(src/bmc_2024/include/bmc_2024) by extension 'python_setup_py'
[0.438s] Level 1:colcon.colcon_core.package_identification:_identify(src/bmc_2024/src) by extensions ['ignore', 'ignore_ament_install']
[0.438s] Level 1:colcon.colcon_core.package_identification:_identify(src/bmc_2024/src) by extension 'ignore'
[0.438s] Level 1:colcon.colcon_core.package_identification:_identify(src/bmc_2024/src) by extension 'ignore_ament_install'
[0.439s] Level 1:colcon.colcon_core.package_identification:_identify(src/bmc_2024/src) by extensions ['colcon_pkg']
[0.439s] Level 1:colcon.colcon_core.package_identification:_identify(src/bmc_2024/src) by extension 'colcon_pkg'
[0.439s] Level 1:colcon.colcon_core.package_identification:_identify(src/bmc_2024/src) by extensions ['colcon_meta']
[0.439s] Level 1:colcon.colcon_core.package_identification:_identify(src/bmc_2024/src) by extension 'colcon_meta'
[0.439s] Level 1:colcon.colcon_core.package_identification:_identify(src/bmc_2024/src) by extensions ['ros']
[0.439s] Level 1:colcon.colcon_core.package_identification:_identify(src/bmc_2024/src) by extension 'ros'
[0.439s] Level 1:colcon.colcon_core.package_identification:_identify(src/bmc_2024/src) by extensions ['cmake', 'python']
[0.439s] Level 1:colcon.colcon_core.package_identification:_identify(src/bmc_2024/src) by extension 'cmake'
[0.439s] Level 1:colcon.colcon_core.package_identification:_identify(src/bmc_2024/src) by extension 'python'
[0.439s] Level 1:colcon.colcon_core.package_identification:_identify(src/bmc_2024/src) by extensions ['python_setup_py']
[0.439s] Level 1:colcon.colcon_core.package_identification:_identify(src/bmc_2024/src) by extension 'python_setup_py'
[0.439s] Level 1:colcon.colcon_core.package_identification:_identify(src/build) by extensions ['ignore', 'ignore_ament_install']
[0.439s] Level 1:colcon.colcon_core.package_identification:_identify(src/build) by extension 'ignore'
[0.439s] Level 1:colcon.colcon_core.package_identification:_identify(src/build) ignored
[0.439s] Level 1:colcon.colcon_core.package_identification:_identify(src/gazebo_ros2_control) by extensions ['ignore', 'ignore_ament_install']
[0.439s] Level 1:colcon.colcon_core.package_identification:_identify(src/gazebo_ros2_control) by extension 'ignore'
[0.439s] Level 1:colcon.colcon_core.package_identification:_identify(src/gazebo_ros2_control) by extension 'ignore_ament_install'
[0.439s] Level 1:colcon.colcon_core.package_identification:_identify(src/gazebo_ros2_control) by extensions ['colcon_pkg']
[0.439s] Level 1:colcon.colcon_core.package_identification:_identify(src/gazebo_ros2_control) by extension 'colcon_pkg'
[0.439s] Level 1:colcon.colcon_core.package_identification:_identify(src/gazebo_ros2_control) by extensions ['colcon_meta']
[0.439s] Level 1:colcon.colcon_core.package_identification:_identify(src/gazebo_ros2_control) by extension 'colcon_meta'
[0.440s] Level 1:colcon.colcon_core.package_identification:_identify(src/gazebo_ros2_control) by extensions ['ros']
[0.440s] Level 1:colcon.colcon_core.package_identification:_identify(src/gazebo_ros2_control) by extension 'ros'
[0.440s] Level 1:colcon.colcon_core.package_identification:_identify(src/gazebo_ros2_control) by extensions ['cmake', 'python']
[0.440s] Level 1:colcon.colcon_core.package_identification:_identify(src/gazebo_ros2_control) by extension 'cmake'
[0.440s] Level 1:colcon.colcon_core.package_identification:_identify(src/gazebo_ros2_control) by extension 'python'
[0.440s] Level 1:colcon.colcon_core.package_identification:_identify(src/gazebo_ros2_control) by extensions ['python_setup_py']
[0.440s] Level 1:colcon.colcon_core.package_identification:_identify(src/gazebo_ros2_control) by extension 'python_setup_py'
[0.440s] Level 1:colcon.colcon_core.package_identification:_identify(src/gazebo_ros2_control/Docker) by extensions ['ignore', 'ignore_ament_install']
[0.440s] Level 1:colcon.colcon_core.package_identification:_identify(src/gazebo_ros2_control/Docker) by extension 'ignore'
[0.440s] Level 1:colcon.colcon_core.package_identification:_identify(src/gazebo_ros2_control/Docker) by extension 'ignore_ament_install'
[0.440s] Level 1:colcon.colcon_core.package_identification:_identify(src/gazebo_ros2_control/Docker) by extensions ['colcon_pkg']
[0.441s] Level 1:colcon.colcon_core.package_identification:_identify(src/gazebo_ros2_control/Docker) by extension 'colcon_pkg'
[0.441s] Level 1:colcon.colcon_core.package_identification:_identify(src/gazebo_ros2_control/Docker) by extensions ['colcon_meta']
[0.441s] Level 1:colcon.colcon_core.package_identification:_identify(src/gazebo_ros2_control/Docker) by extension 'colcon_meta'
[0.441s] Level 1:colcon.colcon_core.package_identification:_identify(src/gazebo_ros2_control/Docker) by extensions ['ros']
[0.441s] Level 1:colcon.colcon_core.package_identification:_identify(src/gazebo_ros2_control/Docker) by extension 'ros'
[0.441s] Level 1:colcon.colcon_core.package_identification:_identify(src/gazebo_ros2_control/Docker) by extensions ['cmake', 'python']
[0.441s] Level 1:colcon.colcon_core.package_identification:_identify(src/gazebo_ros2_control/Docker) by extension 'cmake'
[0.441s] Level 1:colcon.colcon_core.package_identification:_identify(src/gazebo_ros2_control/Docker) by extension 'python'
[0.441s] Level 1:colcon.colcon_core.package_identification:_identify(src/gazebo_ros2_control/Docker) by extensions ['python_setup_py']
[0.441s] Level 1:colcon.colcon_core.package_identification:_identify(src/gazebo_ros2_control/Docker) by extension 'python_setup_py'
[0.441s] Level 1:colcon.colcon_core.package_identification:_identify(src/gazebo_ros2_control/doc) by extensions ['ignore', 'ignore_ament_install']
[0.442s] Level 1:colcon.colcon_core.package_identification:_identify(src/gazebo_ros2_control/doc) by extension 'ignore'
[0.442s] Level 1:colcon.colcon_core.package_identification:_identify(src/gazebo_ros2_control/doc) by extension 'ignore_ament_install'
[0.442s] Level 1:colcon.colcon_core.package_identification:_identify(src/gazebo_ros2_control/doc) by extensions ['colcon_pkg']
[0.442s] Level 1:colcon.colcon_core.package_identification:_identify(src/gazebo_ros2_control/doc) by extension 'colcon_pkg'
[0.442s] Level 1:colcon.colcon_core.package_identification:_identify(src/gazebo_ros2_control/doc) by extensions ['colcon_meta']
[0.442s] Level 1:colcon.colcon_core.package_identification:_identify(src/gazebo_ros2_control/doc) by extension 'colcon_meta'
[0.442s] Level 1:colcon.colcon_core.package_identification:_identify(src/gazebo_ros2_control/doc) by extensions ['ros']
[0.442s] Level 1:colcon.colcon_core.package_identification:_identify(src/gazebo_ros2_control/doc) by extension 'ros'
[0.442s] Level 1:colcon.colcon_core.package_identification:_identify(src/gazebo_ros2_control/doc) by extensions ['cmake', 'python']
[0.442s] Level 1:colcon.colcon_core.package_identification:_identify(src/gazebo_ros2_control/doc) by extension 'cmake'
[0.442s] Level 1:colcon.colcon_core.package_identification:_identify(src/gazebo_ros2_control/doc) by extension 'python'
[0.442s] Level 1:colcon.colcon_core.package_identification:_identify(src/gazebo_ros2_control/doc) by extensions ['python_setup_py']
[0.442s] Level 1:colcon.colcon_core.package_identification:_identify(src/gazebo_ros2_control/doc) by extension 'python_setup_py'
[0.442s] Level 1:colcon.colcon_core.package_identification:_identify(src/gazebo_ros2_control/doc/img) by extensions ['ignore', 'ignore_ament_install']
[0.442s] Level 1:colcon.colcon_core.package_identification:_identify(src/gazebo_ros2_control/doc/img) by extension 'ignore'
[0.442s] Level 1:colcon.colcon_core.package_identification:_identify(src/gazebo_ros2_control/doc/img) by extension 'ignore_ament_install'
[0.442s] Level 1:colcon.colcon_core.package_identification:_identify(src/gazebo_ros2_control/doc/img) by extensions ['colcon_pkg']
[0.442s] Level 1:colcon.colcon_core.package_identification:_identify(src/gazebo_ros2_control/doc/img) by extension 'colcon_pkg'
[0.443s] Level 1:colcon.colcon_core.package_identification:_identify(src/gazebo_ros2_control/doc/img) by extensions ['colcon_meta']
[0.443s] Level 1:colcon.colcon_core.package_identification:_identify(src/gazebo_ros2_control/doc/img) by extension 'colcon_meta'
[0.443s] Level 1:colcon.colcon_core.package_identification:_identify(src/gazebo_ros2_control/doc/img) by extensions ['ros']
[0.443s] Level 1:colcon.colcon_core.package_identification:_identify(src/gazebo_ros2_control/doc/img) by extension 'ros'
[0.443s] Level 1:colcon.colcon_core.package_identification:_identify(src/gazebo_ros2_control/doc/img) by extensions ['cmake', 'python']
[0.443s] Level 1:colcon.colcon_core.package_identification:_identify(src/gazebo_ros2_control/doc/img) by extension 'cmake'
[0.443s] Level 1:colcon.colcon_core.package_identification:_identify(src/gazebo_ros2_control/doc/img) by extension 'python'
[0.443s] Level 1:colcon.colcon_core.package_identification:_identify(src/gazebo_ros2_control/doc/img) by extensions ['python_setup_py']
[0.443s] Level 1:colcon.colcon_core.package_identification:_identify(src/gazebo_ros2_control/doc/img) by extension 'python_setup_py'
[0.443s] Level 1:colcon.colcon_core.package_identification:_identify(src/gazebo_ros2_control/gazebo_ros2_control) by extensions ['ignore', 'ignore_ament_install']
[0.443s] Level 1:colcon.colcon_core.package_identification:_identify(src/gazebo_ros2_control/gazebo_ros2_control) by extension 'ignore'
[0.443s] Level 1:colcon.colcon_core.package_identification:_identify(src/gazebo_ros2_control/gazebo_ros2_control) by extension 'ignore_ament_install'
[0.443s] Level 1:colcon.colcon_core.package_identification:_identify(src/gazebo_ros2_control/gazebo_ros2_control) by extensions ['colcon_pkg']
[0.443s] Level 1:colcon.colcon_core.package_identification:_identify(src/gazebo_ros2_control/gazebo_ros2_control) by extension 'colcon_pkg'
[0.443s] Level 1:colcon.colcon_core.package_identification:_identify(src/gazebo_ros2_control/gazebo_ros2_control) by extensions ['colcon_meta']
[0.443s] Level 1:colcon.colcon_core.package_identification:_identify(src/gazebo_ros2_control/gazebo_ros2_control) by extension 'colcon_meta'
[0.443s] Level 1:colcon.colcon_core.package_identification:_identify(src/gazebo_ros2_control/gazebo_ros2_control) by extensions ['ros']
[0.443s] Level 1:colcon.colcon_core.package_identification:_identify(src/gazebo_ros2_control/gazebo_ros2_control) by extension 'ros'
[0.446s] DEBUG:colcon.colcon_core.package_identification:Package 'src/gazebo_ros2_control/gazebo_ros2_control' with type 'ros.ament_cmake' and name 'gazebo_ros2_control'
[0.446s] Level 1:colcon.colcon_core.package_identification:_identify(src/gazebo_ros2_control/gazebo_ros2_control_demos) by extensions ['ignore', 'ignore_ament_install']
[0.446s] Level 1:colcon.colcon_core.package_identification:_identify(src/gazebo_ros2_control/gazebo_ros2_control_demos) by extension 'ignore'
[0.446s] Level 1:colcon.colcon_core.package_identification:_identify(src/gazebo_ros2_control/gazebo_ros2_control_demos) by extension 'ignore_ament_install'
[0.446s] Level 1:colcon.colcon_core.package_identification:_identify(src/gazebo_ros2_control/gazebo_ros2_control_demos) by extensions ['colcon_pkg']
[0.446s] Level 1:colcon.colcon_core.package_identification:_identify(src/gazebo_ros2_control/gazebo_ros2_control_demos) by extension 'colcon_pkg'
[0.446s] Level 1:colcon.colcon_core.package_identification:_identify(src/gazebo_ros2_control/gazebo_ros2_control_demos) by extensions ['colcon_meta']
[0.446s] Level 1:colcon.colcon_core.package_identification:_identify(src/gazebo_ros2_control/gazebo_ros2_control_demos) by extension 'colcon_meta'
[0.446s] Level 1:colcon.colcon_core.package_identification:_identify(src/gazebo_ros2_control/gazebo_ros2_control_demos) by extensions ['ros']
[0.446s] Level 1:colcon.colcon_core.package_identification:_identify(src/gazebo_ros2_control/gazebo_ros2_control_demos) by extension 'ros'
[0.448s] DEBUG:colcon.colcon_core.package_identification:Package 'src/gazebo_ros2_control/gazebo_ros2_control_demos' with type 'ros.ament_cmake' and name 'gazebo_ros2_control_demos'
[0.448s] Level 1:colcon.colcon_core.package_identification:_identify(src/install) by extensions ['ignore', 'ignore_ament_install']
[0.448s] Level 1:colcon.colcon_core.package_identification:_identify(src/install) by extension 'ignore'
[0.448s] Level 1:colcon.colcon_core.package_identification:_identify(src/install) ignored
[0.449s] Level 1:colcon.colcon_core.package_identification:_identify(src/log) by extensions ['ignore', 'ignore_ament_install']
[0.449s] Level 1:colcon.colcon_core.package_identification:_identify(src/log) by extension 'ignore'
[0.449s] Level 1:colcon.colcon_core.package_identification:_identify(src/log) ignored
[0.449s] Level 1:colcon.colcon_core.package_identification:_identify(src/my_robot_nav2) by extensions ['ignore', 'ignore_ament_install']
[0.449s] Level 1:colcon.colcon_core.package_identification:_identify(src/my_robot_nav2) by extension 'ignore'
[0.449s] Level 1:colcon.colcon_core.package_identification:_identify(src/my_robot_nav2) by extension 'ignore_ament_install'
[0.449s] Level 1:colcon.colcon_core.package_identification:_identify(src/my_robot_nav2) by extensions ['colcon_pkg']
[0.449s] Level 1:colcon.colcon_core.package_identification:_identify(src/my_robot_nav2) by extension 'colcon_pkg'
[0.449s] Level 1:colcon.colcon_core.package_identification:_identify(src/my_robot_nav2) by extensions ['colcon_meta']
[0.449s] Level 1:colcon.colcon_core.package_identification:_identify(src/my_robot_nav2) by extension 'colcon_meta'
[0.449s] Level 1:colcon.colcon_core.package_identification:_identify(src/my_robot_nav2) by extensions ['ros']
[0.450s] Level 1:colcon.colcon_core.package_identification:_identify(src/my_robot_nav2) by extension 'ros'
[0.450s] DEBUG:colcon.colcon_core.package_identification:Package 'src/my_robot_nav2' with type 'ros.ament_cmake' and name 'my_robot_nav2'
[0.450s] Level 1:colcon.colcon_core.package_identification:_identify(src/sllidar_ros2) by extensions ['ignore', 'ignore_ament_install']
[0.450s] Level 1:colcon.colcon_core.package_identification:_identify(src/sllidar_ros2) by extension 'ignore'
[0.451s] Level 1:colcon.colcon_core.package_identification:_identify(src/sllidar_ros2) by extension 'ignore_ament_install'
[0.451s] Level 1:colcon.colcon_core.package_identification:_identify(src/sllidar_ros2) by extensions ['colcon_pkg']
[0.451s] Level 1:colcon.colcon_core.package_identification:_identify(src/sllidar_ros2) by extension 'colcon_pkg'
[0.451s] Level 1:colcon.colcon_core.package_identification:_identify(src/sllidar_ros2) by extensions ['colcon_meta']
[0.451s] Level 1:colcon.colcon_core.package_identification:_identify(src/sllidar_ros2) by extension 'colcon_meta'
[0.451s] Level 1:colcon.colcon_core.package_identification:_identify(src/sllidar_ros2) by extensions ['ros']
[0.451s] Level 1:colcon.colcon_core.package_identification:_identify(src/sllidar_ros2) by extension 'ros'
[0.452s] DEBUG:colcon.colcon_core.package_identification:Package 'src/sllidar_ros2' with type 'ros.ament_cmake' and name 'sllidar_ros2'
[0.452s] Level 1:colcon.colcon_core.package_discovery:discover_packages(recursive) using defaults
[0.452s] Level 1:colcon.colcon_core.package_discovery:discover_packages(ignore) discover
[0.452s] Level 1:colcon.colcon_core.package_discovery:discover_packages(ignore) using defaults
[0.452s] Level 1:colcon.colcon_core.package_discovery:discover_packages(path) discover
[0.452s] Level 1:colcon.colcon_core.package_discovery:discover_packages(path) using defaults
[0.478s] Level 1:colcon.colcon_core.package_discovery:discover_packages(prefix_path) check parameters
[0.479s] Level 1:colcon.colcon_core.package_discovery:discover_packages(prefix_path) discover
[0.485s] DEBUG:colcon.colcon_installed_package_information.package_discovery:Found 7 installed packages in /home/dkflippo/aug2024/install
[0.487s] DEBUG:colcon.colcon_installed_package_information.package_discovery:Found 35 installed packages in /home/dkflippo/ros2_control_ws/install
[0.488s] DEBUG:colcon.colcon_installed_package_information.package_discovery:Found 3 installed packages in /home/dkflippo/aug2024/src/install
[0.490s] DEBUG:colcon.colcon_installed_package_information.package_discovery:Found 423 installed packages in /opt/ros/humble
[0.493s] Level 1:colcon.colcon_core.package_discovery:discover_packages(prefix_path) using defaults
[0.558s] Level 5:colcon.colcon_core.verb:set package 'gazebo_ros2_control' build argument 'cmake_args' from command line to 'None'
[0.558s] Level 5:colcon.colcon_core.verb:set package 'gazebo_ros2_control' build argument 'cmake_target' from command line to 'None'
[0.558s] Level 5:colcon.colcon_core.verb:set package 'gazebo_ros2_control' build argument 'cmake_target_skip_unavailable' from command line to 'False'
[0.558s] Level 5:colcon.colcon_core.verb:set package 'gazebo_ros2_control' build argument 'cmake_clean_cache' from command line to 'False'
[0.558s] Level 5:colcon.colcon_core.verb:set package 'gazebo_ros2_control' build argument 'cmake_clean_first' from command line to 'False'
[0.558s] Level 5:colcon.colcon_core.verb:set package 'gazebo_ros2_control' build argument 'cmake_force_configure' from command line to 'False'
[0.558s] Level 5:colcon.colcon_core.verb:set package 'gazebo_ros2_control' build argument 'ament_cmake_args' from command line to 'None'
[0.558s] Level 5:colcon.colcon_core.verb:set package 'gazebo_ros2_control' build argument 'catkin_cmake_args' from command line to 'None'
[0.558s] Level 5:colcon.colcon_core.verb:set package 'gazebo_ros2_control' build argument 'catkin_skip_building_tests' from command line to 'False'
[0.558s] DEBUG:colcon.colcon_core.verb:Building package 'gazebo_ros2_control' with the following arguments: {'ament_cmake_args': None, 'build_base': '/home/dkflippo/aug2024/build/gazebo_ros2_control', 'catkin_cmake_args': None, 'catkin_skip_building_tests': False, 'cmake_args': None, 'cmake_clean_cache': False, 'cmake_clean_first': False, 'cmake_force_configure': False, 'cmake_target': None, 'cmake_target_skip_unavailable': False, 'install_base': '/home/dkflippo/aug2024/install/gazebo_ros2_control', 'merge_install': False, 'path': '/home/dkflippo/aug2024/src/gazebo_ros2_control/gazebo_ros2_control', 'symlink_install': False, 'test_result_base': None}
[0.559s] Level 5:colcon.colcon_core.verb:set package 'my_robot_nav2' build argument 'cmake_args' from command line to 'None'
[0.559s] Level 5:colcon.colcon_core.verb:set package 'my_robot_nav2' build argument 'cmake_target' from command line to 'None'
[0.559s] Level 5:colcon.colcon_core.verb:set package 'my_robot_nav2' build argument 'cmake_target_skip_unavailable' from command line to 'False'
[0.559s] Level 5:colcon.colcon_core.verb:set package 'my_robot_nav2' build argument 'cmake_clean_cache' from command line to 'False'
[0.559s] Level 5:colcon.colcon_core.verb:set package 'my_robot_nav2' build argument 'cmake_clean_first' from command line to 'False'
[0.559s] Level 5:colcon.colcon_core.verb:set package 'my_robot_nav2' build argument 'cmake_force_configure' from command line to 'False'
[0.559s] Level 5:colcon.colcon_core.verb:set package 'my_robot_nav2' build argument 'ament_cmake_args' from command line to 'None'
[0.559s] Level 5:colcon.colcon_core.verb:set package 'my_robot_nav2' build argument 'catkin_cmake_args' from command line to 'None'
[0.559s] Level 5:colcon.colcon_core.verb:set package 'my_robot_nav2' build argument 'catkin_skip_building_tests' from command line to 'False'
[0.559s] DEBUG:colcon.colcon_core.verb:Building package 'my_robot_nav2' with the following arguments: {'ament_cmake_args': None, 'build_base': '/home/dkflippo/aug2024/build/my_robot_nav2', 'catkin_cmake_args': None, 'catkin_skip_building_tests': False, 'cmake_args': None, 'cmake_clean_cache': False, 'cmake_clean_first': False, 'cmake_force_configure': False, 'cmake_target': None, 'cmake_target_skip_unavailable': False, 'install_base': '/home/dkflippo/aug2024/install/my_robot_nav2', 'merge_install': False, 'path': '/home/dkflippo/aug2024/src/my_robot_nav2', 'symlink_install': False, 'test_result_base': None}
[0.559s] Level 5:colcon.colcon_core.verb:set package 'pigpio' build argument 'cmake_args' from command line to 'None'
[0.559s] Level 5:colcon.colcon_core.verb:set package 'pigpio' build argument 'cmake_target' from command line to 'None'
[0.559s] Level 5:colcon.colcon_core.verb:set package 'pigpio' build argument 'cmake_target_skip_unavailable' from command line to 'False'
[0.559s] Level 5:colcon.colcon_core.verb:set package 'pigpio' build argument 'cmake_clean_cache' from command line to 'False'
[0.559s] Level 5:colcon.colcon_core.verb:set package 'pigpio' build argument 'cmake_clean_first' from command line to 'False'
[0.559s] Level 5:colcon.colcon_core.verb:set package 'pigpio' build argument 'cmake_force_configure' from command line to 'False'
[0.559s] Level 5:colcon.colcon_core.verb:set package 'pigpio' build argument 'ament_cmake_args' from command line to 'None'
[0.560s] Level 5:colcon.colcon_core.verb:set package 'pigpio' build argument 'catkin_cmake_args' from command line to 'None'
[0.560s] Level 5:colcon.colcon_core.verb:set package 'pigpio' build argument 'catkin_skip_building_tests' from command line to 'False'
[0.560s] DEBUG:colcon.colcon_core.verb:Building package 'pigpio' with the following arguments: {'ament_cmake_args': None, 'build_base': '/home/dkflippo/aug2024/build/pigpio', 'catkin_cmake_args': None, 'catkin_skip_building_tests': False, 'cmake_args': None, 'cmake_clean_cache': False, 'cmake_clean_first': False, 'cmake_force_configure': False, 'cmake_target': None, 'cmake_target_skip_unavailable': False, 'install_base': '/home/dkflippo/aug2024/install/pigpio', 'merge_install': False, 'path': '/home/dkflippo/aug2024/pigpio-master', 'symlink_install': False, 'test_result_base': None}
[0.560s] Level 5:colcon.colcon_core.verb:set package 'sllidar_ros2' build argument 'cmake_args' from command line to 'None'
[0.560s] Level 5:colcon.colcon_core.verb:set package 'sllidar_ros2' build argument 'cmake_target' from command line to 'None'
[0.560s] Level 5:colcon.colcon_core.verb:set package 'sllidar_ros2' build argument 'cmake_target_skip_unavailable' from command line to 'False'
[0.560s] Level 5:colcon.colcon_core.verb:set package 'sllidar_ros2' build argument 'cmake_clean_cache' from command line to 'False'
[0.560s] Level 5:colcon.colcon_core.verb:set package 'sllidar_ros2' build argument 'cmake_clean_first' from command line to 'False'
[0.560s] Level 5:colcon.colcon_core.verb:set package 'sllidar_ros2' build argument 'cmake_force_configure' from command line to 'False'
[0.560s] Level 5:colcon.colcon_core.verb:set package 'sllidar_ros2' build argument 'ament_cmake_args' from command line to 'None'
[0.560s] Level 5:colcon.colcon_core.verb:set package 'sllidar_ros2' build argument 'catkin_cmake_args' from command line to 'None'
[0.560s] Level 5:colcon.colcon_core.verb:set package 'sllidar_ros2' build argument 'catkin_skip_building_tests' from command line to 'False'
[0.560s] DEBUG:colcon.colcon_core.verb:Building package 'sllidar_ros2' with the following arguments: {'ament_cmake_args': None, 'build_base': '/home/dkflippo/aug2024/build/sllidar_ros2', 'catkin_cmake_args': None, 'catkin_skip_building_tests': False, 'cmake_args': None, 'cmake_clean_cache': False, 'cmake_clean_first': False, 'cmake_force_configure': False, 'cmake_target': None, 'cmake_target_skip_unavailable': False, 'install_base': '/home/dkflippo/aug2024/install/sllidar_ros2', 'merge_install': False, 'path': '/home/dkflippo/aug2024/src/sllidar_ros2', 'symlink_install': False, 'test_result_base': None}
[0.560s] Level 5:colcon.colcon_core.verb:set package 'BMC_2024' build argument 'cmake_args' from command line to 'None'
[0.561s] Level 5:colcon.colcon_core.verb:set package 'BMC_2024' build argument 'cmake_target' from command line to 'None'
[0.561s] Level 5:colcon.colcon_core.verb:set package 'BMC_2024' build argument 'cmake_target_skip_unavailable' from command line to 'False'
[0.561s] Level 5:colcon.colcon_core.verb:set package 'BMC_2024' build argument 'cmake_clean_cache' from command line to 'False'
[0.561s] Level 5:colcon.colcon_core.verb:set package 'BMC_2024' build argument 'cmake_clean_first' from command line to 'False'
[0.561s] Level 5:colcon.colcon_core.verb:set package 'BMC_2024' build argument 'cmake_force_configure' from command line to 'False'
[0.561s] Level 5:colcon.colcon_core.verb:set package 'BMC_2024' build argument 'ament_cmake_args' from command line to 'None'
[0.561s] Level 5:colcon.colcon_core.verb:set package 'BMC_2024' build argument 'catkin_cmake_args' from command line to 'None'
[0.561s] Level 5:colcon.colcon_core.verb:set package 'BMC_2024' build argument 'catkin_skip_building_tests' from command line to 'False'
[0.561s] DEBUG:colcon.colcon_core.verb:Building package 'BMC_2024' with the following arguments: {'ament_cmake_args': None, 'build_base': '/home/dkflippo/aug2024/build/BMC_2024', 'catkin_cmake_args': None, 'catkin_skip_building_tests': False, 'cmake_args': None, 'cmake_clean_cache': False, 'cmake_clean_first': False, 'cmake_force_configure': False, 'cmake_target': None, 'cmake_target_skip_unavailable': False, 'install_base': '/home/dkflippo/aug2024/install/BMC_2024', 'merge_install': False, 'path': '/home/dkflippo/aug2024/src/BMC_2024', 'symlink_install': False, 'test_result_base': None}
[0.561s] Level 5:colcon.colcon_core.verb:set package 'gazebo_ros2_control_demos' build argument 'cmake_args' from command line to 'None'
[0.561s] Level 5:colcon.colcon_core.verb:set package 'gazebo_ros2_control_demos' build argument 'cmake_target' from command line to 'None'
[0.561s] Level 5:colcon.colcon_core.verb:set package 'gazebo_ros2_control_demos' build argument 'cmake_target_skip_unavailable' from command line to 'False'
[0.561s] Level 5:colcon.colcon_core.verb:set package 'gazebo_ros2_control_demos' build argument 'cmake_clean_cache' from command line to 'False'
[0.561s] Level 5:colcon.colcon_core.verb:set package 'gazebo_ros2_control_demos' build argument 'cmake_clean_first' from command line to 'False'
[0.561s] Level 5:colcon.colcon_core.verb:set package 'gazebo_ros2_control_demos' build argument 'cmake_force_configure' from command line to 'False'
[0.562s] Level 5:colcon.colcon_core.verb:set package 'gazebo_ros2_control_demos' build argument 'ament_cmake_args' from command line to 'None'
[0.562s] Level 5:colcon.colcon_core.verb:set package 'gazebo_ros2_control_demos' build argument 'catkin_cmake_args' from command line to 'None'
[0.562s] Level 5:colcon.colcon_core.verb:set package 'gazebo_ros2_control_demos' build argument 'catkin_skip_building_tests' from command line to 'False'
[0.562s] DEBUG:colcon.colcon_core.verb:Building package 'gazebo_ros2_control_demos' with the following arguments: {'ament_cmake_args': None, 'build_base': '/home/dkflippo/aug2024/build/gazebo_ros2_control_demos', 'catkin_cmake_args': None, 'catkin_skip_building_tests': False, 'cmake_args': None, 'cmake_clean_cache': False, 'cmake_clean_first': False, 'cmake_force_configure': False, 'cmake_target': None, 'cmake_target_skip_unavailable': False, 'install_base': '/home/dkflippo/aug2024/install/gazebo_ros2_control_demos', 'merge_install': False, 'path': '/home/dkflippo/aug2024/src/gazebo_ros2_control/gazebo_ros2_control_demos', 'symlink_install': False, 'test_result_base': None}
[0.562s] Level 5:colcon.colcon_core.verb:set package 'aug_2024' build argument 'cmake_args' from command line to 'None'
[0.562s] Level 5:colcon.colcon_core.verb:set package 'aug_2024' build argument 'cmake_target' from command line to 'None'
[0.562s] Level 5:colcon.colcon_core.verb:set package 'aug_2024' build argument 'cmake_target_skip_unavailable' from command line to 'False'
[0.562s] Level 5:colcon.colcon_core.verb:set package 'aug_2024' build argument 'cmake_clean_cache' from command line to 'False'
[0.562s] Level 5:colcon.colcon_core.verb:set package 'aug_2024' build argument 'cmake_clean_first' from command line to 'False'
[0.562s] Level 5:colcon.colcon_core.verb:set package 'aug_2024' build argument 'cmake_force_configure' from command line to 'False'
[0.562s] Level 5:colcon.colcon_core.verb:set package 'aug_2024' build argument 'ament_cmake_args' from command line to 'None'
[0.562s] Level 5:colcon.colcon_core.verb:set package 'aug_2024' build argument 'catkin_cmake_args' from command line to 'None'
[0.562s] Level 5:colcon.colcon_core.verb:set package 'aug_2024' build argument 'catkin_skip_building_tests' from command line to 'False'
[0.562s] DEBUG:colcon.colcon_core.verb:Building package 'aug_2024' with the following arguments: {'ament_cmake_args': None, 'build_base': '/home/dkflippo/aug2024/build/aug_2024', 'catkin_cmake_args': None, 'catkin_skip_building_tests': False, 'cmake_args': None, 'cmake_clean_cache': False, 'cmake_clean_first': False, 'cmake_force_configure': False, 'cmake_target': None, 'cmake_target_skip_unavailable': False, 'install_base': '/home/dkflippo/aug2024/install/aug_2024', 'merge_install': False, 'path': '/home/dkflippo/aug2024/src/aug_2024', 'symlink_install': False, 'test_result_base': None}
[0.562s] INFO:colcon.colcon_core.executor:Executing jobs using 'parallel' executor
[0.564s] DEBUG:colcon.colcon_parallel_executor.executor.parallel:run_until_complete
[0.565s] INFO:colcon.colcon_ros.task.ament_cmake.build:Building ROS package in '/home/dkflippo/aug2024/src/sllidar_ros2' with build type 'ament_cmake'
[0.565s] INFO:colcon.colcon_cmake.task.cmake.build:Building CMake package in '/home/dkflippo/aug2024/src/sllidar_ros2'
[0.569s] INFO:colcon.colcon_core.plugin_system:Skipping extension 'colcon_core.shell.bat': Not used on non-Windows systems
[0.569s] INFO:colcon.colcon_core.shell:Skip shell extension 'powershell' for command environment: Not usable outside of PowerShell
[0.569s] DEBUG:colcon.colcon_core.shell:Skip shell extension 'dsv' for command environment
[0.581s] INFO:colcon.colcon_ros.task.ament_cmake.build:Building ROS package in '/home/dkflippo/aug2024/src/gazebo_ros2_control/gazebo_ros2_control' with build type 'ament_cmake'
[0.581s] INFO:colcon.colcon_cmake.task.cmake.build:Building CMake package in '/home/dkflippo/aug2024/src/gazebo_ros2_control/gazebo_ros2_control'
[0.581s] INFO:colcon.colcon_core.shell:Skip shell extension 'powershell' for command environment: Not usable outside of PowerShell
[0.581s] DEBUG:colcon.colcon_core.shell:Skip shell extension 'dsv' for command environment
[0.599s] INFO:colcon.colcon_ros.task.ament_cmake.build:Building ROS package in '/home/dkflippo/aug2024/src/my_robot_nav2' with build type 'ament_cmake'
[0.599s] INFO:colcon.colcon_cmake.task.cmake.build:Building CMake package in '/home/dkflippo/aug2024/src/my_robot_nav2'
[0.600s] INFO:colcon.colcon_core.shell:Skip shell extension 'powershell' for command environment: Not usable outside of PowerShell
[0.600s] DEBUG:colcon.colcon_core.shell:Skip shell extension 'dsv' for command environment
[0.620s] INFO:colcon.colcon_cmake.task.cmake.build:Building CMake package in '/home/dkflippo/aug2024/pigpio-master'
[0.622s] INFO:colcon.colcon_core.shell:Skip shell extension 'powershell' for command environment: Not usable outside of PowerShell
[0.623s] DEBUG:colcon.colcon_core.shell:Skip shell extension 'dsv' for command environment
[0.651s] DEBUG:colcon.colcon_core.event_handler.log_command:Invoking command in '/home/dkflippo/aug2024/build/sllidar_ros2': CMAKE_PREFIX_PATH=${CMAKE_PREFIX_PATH}:/home/dkflippo/ros2_control_ws/install/rqt_joint_trajectory_controller:/home/dkflippo/ros2_control_ws/install/rqt_controller_manager:/home/dkflippo/ros2_control_ws/install/ros2controlcli:/home/dkflippo/ros2_control_ws/install/ros2_controllers_test_nodes:/opt/ros/humble /usr/bin/cmake --build /home/dkflippo/aug2024/build/sllidar_ros2 -- -j12 -l12
[0.667s] DEBUG:colcon.colcon_core.event_handler.log_command:Invoking command in '/home/dkflippo/aug2024/build/gazebo_ros2_control': CMAKE_PREFIX_PATH=${CMAKE_PREFIX_PATH}:/home/dkflippo/ros2_control_ws/install/rqt_joint_trajectory_controller:/home/dkflippo/ros2_control_ws/install/rqt_controller_manager:/home/dkflippo/ros2_control_ws/install/ros2controlcli:/home/dkflippo/ros2_control_ws/install/ros2_controllers_test_nodes:/opt/ros/humble /usr/bin/cmake --build /home/dkflippo/aug2024/build/gazebo_ros2_control -- -j12 -l12
[0.674s] DEBUG:colcon.colcon_core.event_handler.log_command:Invoking command in '/home/dkflippo/aug2024/build/my_robot_nav2': CMAKE_PREFIX_PATH=${CMAKE_PREFIX_PATH}:/home/dkflippo/ros2_control_ws/install/rqt_joint_trajectory_controller:/home/dkflippo/ros2_control_ws/install/rqt_controller_manager:/home/dkflippo/ros2_control_ws/install/ros2controlcli:/home/dkflippo/ros2_control_ws/install/ros2_controllers_test_nodes:/opt/ros/humble /usr/bin/cmake --build /home/dkflippo/aug2024/build/my_robot_nav2 -- -j12 -l12
[0.682s] DEBUG:colcon.colcon_core.event_handler.log_command:Invoking command in '/home/dkflippo/aug2024/build/pigpio': /usr/bin/cmake --build /home/dkflippo/aug2024/build/pigpio -- -j12 -l12
[0.809s] DEBUG:colcon.colcon_core.event_handler.log_command:Invoked command in '/home/dkflippo/aug2024/build/my_robot_nav2' returned '0': CMAKE_PREFIX_PATH=${CMAKE_PREFIX_PATH}:/home/dkflippo/ros2_control_ws/install/rqt_joint_trajectory_controller:/home/dkflippo/ros2_control_ws/install/rqt_controller_manager:/home/dkflippo/ros2_control_ws/install/ros2controlcli:/home/dkflippo/ros2_control_ws/install/ros2_controllers_test_nodes:/opt/ros/humble /usr/bin/cmake --build /home/dkflippo/aug2024/build/my_robot_nav2 -- -j12 -l12
[0.853s] DEBUG:colcon.colcon_core.event_handler.log_command:Invoking command in '/home/dkflippo/aug2024/build/my_robot_nav2': CMAKE_PREFIX_PATH=${CMAKE_PREFIX_PATH}:/home/dkflippo/ros2_control_ws/install/rqt_joint_trajectory_controller:/home/dkflippo/ros2_control_ws/install/rqt_controller_manager:/home/dkflippo/ros2_control_ws/install/ros2controlcli:/home/dkflippo/ros2_control_ws/install/ros2_controllers_test_nodes:/opt/ros/humble /usr/bin/cmake --install /home/dkflippo/aug2024/build/my_robot_nav2
[0.907s] DEBUG:colcon.colcon_core.event_handler.log_command:Invoked command in '/home/dkflippo/aug2024/build/sllidar_ros2' returned '0': CMAKE_PREFIX_PATH=${CMAKE_PREFIX_PATH}:/home/dkflippo/ros2_control_ws/install/rqt_joint_trajectory_controller:/home/dkflippo/ros2_control_ws/install/rqt_controller_manager:/home/dkflippo/ros2_control_ws/install/ros2controlcli:/home/dkflippo/ros2_control_ws/install/ros2_controllers_test_nodes:/opt/ros/humble /usr/bin/cmake --build /home/dkflippo/aug2024/build/sllidar_ros2 -- -j12 -l12
[0.908s] Level 1:colcon.colcon_core.environment:create_environment_scripts_only(my_robot_nav2)
[0.911s] DEBUG:colcon.colcon_core.event_handler.log_command:Invoking command in '/home/dkflippo/aug2024/build/sllidar_ros2': CMAKE_PREFIX_PATH=${CMAKE_PREFIX_PATH}:/home/dkflippo/ros2_control_ws/install/rqt_joint_trajectory_controller:/home/dkflippo/ros2_control_ws/install/rqt_controller_manager:/home/dkflippo/ros2_control_ws/install/ros2controlcli:/home/dkflippo/ros2_control_ws/install/ros2_controllers_test_nodes:/opt/ros/humble /usr/bin/cmake --install /home/dkflippo/aug2024/build/sllidar_ros2
[0.914s] DEBUG:colcon.colcon_core.event_handler.log_command:Invoked command in '/home/dkflippo/aug2024/build/my_robot_nav2' returned '0': CMAKE_PREFIX_PATH=${CMAKE_PREFIX_PATH}:/home/dkflippo/ros2_control_ws/install/rqt_joint_trajectory_controller:/home/dkflippo/ros2_control_ws/install/rqt_controller_manager:/home/dkflippo/ros2_control_ws/install/ros2controlcli:/home/dkflippo/ros2_control_ws/install/ros2_controllers_test_nodes:/opt/ros/humble /usr/bin/cmake --install /home/dkflippo/aug2024/build/my_robot_nav2
[0.924s] Level 1:colcon.colcon_core.environment:checking '/home/dkflippo/aug2024/install/my_robot_nav2' for CMake module files
[0.927s] Level 1:colcon.colcon_core.environment:checking '/home/dkflippo/aug2024/install/my_robot_nav2' for CMake config files
[0.928s] Level 1:colcon.colcon_core.shell:create_environment_hook('my_robot_nav2', 'cmake_prefix_path')
[0.929s] INFO:colcon.colcon_core.shell:Creating environment hook '/home/dkflippo/aug2024/install/my_robot_nav2/share/my_robot_nav2/hook/cmake_prefix_path.ps1'
[0.931s] INFO:colcon.colcon_core.shell:Creating environment descriptor '/home/dkflippo/aug2024/install/my_robot_nav2/share/my_robot_nav2/hook/cmake_prefix_path.dsv'
[0.934s] INFO:colcon.colcon_core.shell:Creating environment hook '/home/dkflippo/aug2024/install/my_robot_nav2/share/my_robot_nav2/hook/cmake_prefix_path.sh'
[0.938s] Level 1:colcon.colcon_core.environment:checking '/home/dkflippo/aug2024/install/my_robot_nav2/bin'
[0.938s] Level 1:colcon.colcon_core.environment:checking '/home/dkflippo/aug2024/install/my_robot_nav2/lib/pkgconfig/my_robot_nav2.pc'
[0.939s] Level 1:colcon.colcon_core.environment:checking '/home/dkflippo/aug2024/install/my_robot_nav2/lib/python3.10/site-packages'
[0.939s] Level 1:colcon.colcon_core.environment:checking '/home/dkflippo/aug2024/install/my_robot_nav2/bin'
[0.940s] INFO:colcon.colcon_core.shell:Creating package script '/home/dkflippo/aug2024/install/my_robot_nav2/share/my_robot_nav2/package.ps1'
[0.947s] INFO:colcon.colcon_core.shell:Creating package descriptor '/home/dkflippo/aug2024/install/my_robot_nav2/share/my_robot_nav2/package.dsv'
[0.951s] INFO:colcon.colcon_core.shell:Creating package script '/home/dkflippo/aug2024/install/my_robot_nav2/share/my_robot_nav2/package.sh'
[0.955s] INFO:colcon.colcon_core.shell:Creating package script '/home/dkflippo/aug2024/install/my_robot_nav2/share/my_robot_nav2/package.bash'
[0.957s] INFO:colcon.colcon_core.shell:Creating package script '/home/dkflippo/aug2024/install/my_robot_nav2/share/my_robot_nav2/package.zsh'
[0.958s] Level 1:colcon.colcon_core.environment:create_file_with_runtime_dependencies(/home/dkflippo/aug2024/install/my_robot_nav2/share/colcon-core/packages/my_robot_nav2)
[0.960s] Level 1:colcon.colcon_core.environment:create_environment_scripts_only(my_robot_nav2)
[0.960s] Level 1:colcon.colcon_core.environment:checking '/home/dkflippo/aug2024/install/my_robot_nav2' for CMake module files
[0.963s] Level 1:colcon.colcon_core.environment:checking '/home/dkflippo/aug2024/install/my_robot_nav2' for CMake config files
[0.963s] Level 1:colcon.colcon_core.shell:create_environment_hook('my_robot_nav2', 'cmake_prefix_path')
[0.964s] INFO:colcon.colcon_core.shell:Creating environment hook '/home/dkflippo/aug2024/install/my_robot_nav2/share/my_robot_nav2/hook/cmake_prefix_path.ps1'
[0.965s] INFO:colcon.colcon_core.shell:Creating environment descriptor '/home/dkflippo/aug2024/install/my_robot_nav2/share/my_robot_nav2/hook/cmake_prefix_path.dsv'
[0.966s] INFO:colcon.colcon_core.shell:Creating environment hook '/home/dkflippo/aug2024/install/my_robot_nav2/share/my_robot_nav2/hook/cmake_prefix_path.sh'
[0.969s] Level 1:colcon.colcon_core.environment:checking '/home/dkflippo/aug2024/install/my_robot_nav2/bin'
[0.969s] Level 1:colcon.colcon_core.environment:checking '/home/dkflippo/aug2024/install/my_robot_nav2/lib/pkgconfig/my_robot_nav2.pc'
[0.970s] Level 1:colcon.colcon_core.environment:checking '/home/dkflippo/aug2024/install/my_robot_nav2/lib/python3.10/site-packages'
[0.970s] Level 1:colcon.colcon_core.environment:checking '/home/dkflippo/aug2024/install/my_robot_nav2/bin'
[0.970s] INFO:colcon.colcon_core.shell:Creating package script '/home/dkflippo/aug2024/install/my_robot_nav2/share/my_robot_nav2/package.ps1'
[0.970s] INFO:colcon.colcon_core.shell:Creating package descriptor '/home/dkflippo/aug2024/install/my_robot_nav2/share/my_robot_nav2/package.dsv'
[0.971s] INFO:colcon.colcon_core.shell:Creating package script '/home/dkflippo/aug2024/install/my_robot_nav2/share/my_robot_nav2/package.sh'
[0.971s] INFO:colcon.colcon_core.shell:Creating package script '/home/dkflippo/aug2024/install/my_robot_nav2/share/my_robot_nav2/package.bash'
[0.972s] INFO:colcon.colcon_core.shell:Creating package script '/home/dkflippo/aug2024/install/my_robot_nav2/share/my_robot_nav2/package.zsh'
[0.972s] Level 1:colcon.colcon_core.environment:create_file_with_runtime_dependencies(/home/dkflippo/aug2024/install/my_robot_nav2/share/colcon-core/packages/my_robot_nav2)
[0.973s] Level 1:colcon.colcon_core.environment:create_environment_scripts_only(sllidar_ros2)
[0.974s] Level 1:colcon.colcon_core.environment:checking '/home/dkflippo/aug2024/install/sllidar_ros2' for CMake module files
[0.974s] DEBUG:colcon.colcon_core.event_handler.log_command:Invoked command in '/home/dkflippo/aug2024/build/sllidar_ros2' returned '0': CMAKE_PREFIX_PATH=${CMAKE_PREFIX_PATH}:/home/dkflippo/ros2_control_ws/install/rqt_joint_trajectory_controller:/home/dkflippo/ros2_control_ws/install/rqt_controller_manager:/home/dkflippo/ros2_control_ws/install/ros2controlcli:/home/dkflippo/ros2_control_ws/install/ros2_controllers_test_nodes:/opt/ros/humble /usr/bin/cmake --install /home/dkflippo/aug2024/build/sllidar_ros2
[0.975s] Level 1:colcon.colcon_core.environment:checking '/home/dkflippo/aug2024/install/sllidar_ros2' for CMake config files
[0.975s] Level 1:colcon.colcon_core.shell:create_environment_hook('sllidar_ros2', 'cmake_prefix_path')
[0.975s] INFO:colcon.colcon_core.shell:Creating environment hook '/home/dkflippo/aug2024/install/sllidar_ros2/share/sllidar_ros2/hook/cmake_prefix_path.ps1'
[0.976s] INFO:colcon.colcon_core.shell:Creating environment descriptor '/home/dkflippo/aug2024/install/sllidar_ros2/share/sllidar_ros2/hook/cmake_prefix_path.dsv'
[0.976s] INFO:colcon.colcon_core.shell:Creating environment hook '/home/dkflippo/aug2024/install/sllidar_ros2/share/sllidar_ros2/hook/cmake_prefix_path.sh'
[0.977s] Level 1:colcon.colcon_core.environment:checking '/home/dkflippo/aug2024/install/sllidar_ros2/lib'
[0.977s] Level 1:colcon.colcon_core.environment:checking '/home/dkflippo/aug2024/install/sllidar_ros2/bin'
[0.978s] Level 1:colcon.colcon_core.environment:checking '/home/dkflippo/aug2024/install/sllidar_ros2/lib/pkgconfig/sllidar_ros2.pc'
[0.978s] Level 1:colcon.colcon_core.environment:checking '/home/dkflippo/aug2024/install/sllidar_ros2/lib/python3.10/site-packages'
[0.978s] Level 1:colcon.colcon_core.environment:checking '/home/dkflippo/aug2024/install/sllidar_ros2/bin'
[0.979s] INFO:colcon.colcon_core.shell:Creating package script '/home/dkflippo/aug2024/install/sllidar_ros2/share/sllidar_ros2/package.ps1'
[0.980s] INFO:colcon.colcon_core.shell:Creating package descriptor '/home/dkflippo/aug2024/install/sllidar_ros2/share/sllidar_ros2/package.dsv'
[0.981s] INFO:colcon.colcon_core.shell:Creating package script '/home/dkflippo/aug2024/install/sllidar_ros2/share/sllidar_ros2/package.sh'
[0.982s] INFO:colcon.colcon_core.shell:Creating package script '/home/dkflippo/aug2024/install/sllidar_ros2/share/sllidar_ros2/package.bash'
[0.982s] INFO:colcon.colcon_core.shell:Creating package script '/home/dkflippo/aug2024/install/sllidar_ros2/share/sllidar_ros2/package.zsh'
[0.983s] Level 1:colcon.colcon_core.environment:create_file_with_runtime_dependencies(/home/dkflippo/aug2024/install/sllidar_ros2/share/colcon-core/packages/sllidar_ros2)
[0.983s] Level 1:colcon.colcon_core.environment:create_environment_scripts_only(sllidar_ros2)
[0.984s] Level 1:colcon.colcon_core.environment:checking '/home/dkflippo/aug2024/install/sllidar_ros2' for CMake module files
[0.984s] Level 1:colcon.colcon_core.environment:checking '/home/dkflippo/aug2024/install/sllidar_ros2' for CMake config files
[0.984s] Level 1:colcon.colcon_core.shell:create_environment_hook('sllidar_ros2', 'cmake_prefix_path')
[0.985s] INFO:colcon.colcon_core.shell:Creating environment hook '/home/dkflippo/aug2024/install/sllidar_ros2/share/sllidar_ros2/hook/cmake_prefix_path.ps1'
[0.985s] INFO:colcon.colcon_core.shell:Creating environment descriptor '/home/dkflippo/aug2024/install/sllidar_ros2/share/sllidar_ros2/hook/cmake_prefix_path.dsv'
[0.985s] INFO:colcon.colcon_core.shell:Creating environment hook '/home/dkflippo/aug2024/install/sllidar_ros2/share/sllidar_ros2/hook/cmake_prefix_path.sh'
[0.986s] Level 1:colcon.colcon_core.environment:checking '/home/dkflippo/aug2024/install/sllidar_ros2/lib'
[0.986s] Level 1:colcon.colcon_core.environment:checking '/home/dkflippo/aug2024/install/sllidar_ros2/bin'
[0.986s] Level 1:colcon.colcon_core.environment:checking '/home/dkflippo/aug2024/install/sllidar_ros2/lib/pkgconfig/sllidar_ros2.pc'
[0.986s] Level 1:colcon.colcon_core.environment:checking '/home/dkflippo/aug2024/install/sllidar_ros2/lib/python3.10/site-packages'
[0.987s] Level 1:colcon.colcon_core.environment:checking '/home/dkflippo/aug2024/install/sllidar_ros2/bin'
[0.987s] INFO:colcon.colcon_core.shell:Creating package script '/home/dkflippo/aug2024/install/sllidar_ros2/share/sllidar_ros2/package.ps1'
[0.987s] INFO:colcon.colcon_core.shell:Creating package descriptor '/home/dkflippo/aug2024/install/sllidar_ros2/share/sllidar_ros2/package.dsv'
[0.988s] INFO:colcon.colcon_core.shell:Creating package script '/home/dkflippo/aug2024/install/sllidar_ros2/share/sllidar_ros2/package.sh'
[0.988s] INFO:colcon.colcon_core.shell:Creating package script '/home/dkflippo/aug2024/install/sllidar_ros2/share/sllidar_ros2/package.bash'
[0.989s] INFO:colcon.colcon_core.shell:Creating package script '/home/dkflippo/aug2024/install/sllidar_ros2/share/sllidar_ros2/package.zsh'
[0.990s] Level 1:colcon.colcon_core.environment:create_file_with_runtime_dependencies(/home/dkflippo/aug2024/install/sllidar_ros2/share/colcon-core/packages/sllidar_ros2)
[0.996s] DEBUG:colcon.colcon_core.event_handler.log_command:Invoked command in '/home/dkflippo/aug2024/build/gazebo_ros2_control' returned '0': CMAKE_PREFIX_PATH=${CMAKE_PREFIX_PATH}:/home/dkflippo/ros2_control_ws/install/rqt_joint_trajectory_controller:/home/dkflippo/ros2_control_ws/install/rqt_controller_manager:/home/dkflippo/ros2_control_ws/install/ros2controlcli:/home/dkflippo/ros2_control_ws/install/ros2_controllers_test_nodes:/opt/ros/humble /usr/bin/cmake --build /home/dkflippo/aug2024/build/gazebo_ros2_control -- -j12 -l12
[0.999s] INFO:colcon.colcon_ros.task.ament_cmake.build:Building ROS package in '/home/dkflippo/aug2024/src/BMC_2024' with build type 'ament_cmake'
[0.999s] INFO:colcon.colcon_cmake.task.cmake.build:Building CMake package in '/home/dkflippo/aug2024/src/BMC_2024'
[1.000s] DEBUG:colcon.colcon_core.event_handler.log_command:Invoking command in '/home/dkflippo/aug2024/build/gazebo_ros2_control': CMAKE_PREFIX_PATH=${CMAKE_PREFIX_PATH}:/home/dkflippo/ros2_control_ws/install/rqt_joint_trajectory_controller:/home/dkflippo/ros2_control_ws/install/rqt_controller_manager:/home/dkflippo/ros2_control_ws/install/ros2controlcli:/home/dkflippo/ros2_control_ws/install/ros2_controllers_test_nodes:/opt/ros/humble /usr/bin/cmake --install /home/dkflippo/aug2024/build/gazebo_ros2_control
[1.000s] INFO:colcon.colcon_core.shell:Skip shell extension 'powershell' for command environment: Not usable outside of PowerShell
[1.001s] DEBUG:colcon.colcon_core.shell:Skip shell extension 'dsv' for command environment
[1.024s] DEBUG:colcon.colcon_core.event_handler.log_command:Invoked command in '/home/dkflippo/aug2024/build/pigpio' returned '0': /usr/bin/cmake --build /home/dkflippo/aug2024/build/pigpio -- -j12 -l12
[1.035s] DEBUG:colcon.colcon_core.event_handler.log_command:Invoking command in '/home/dkflippo/aug2024/build/pigpio': /usr/bin/cmake --install /home/dkflippo/aug2024/build/pigpio
[1.037s] Level 1:colcon.colcon_core.environment:create_environment_scripts_only(gazebo_ros2_control)
[1.037s] Level 1:colcon.colcon_core.environment:checking '/home/dkflippo/aug2024/install/gazebo_ros2_control' for CMake module files
[1.040s] Level 1:colcon.colcon_core.environment:checking '/home/dkflippo/aug2024/install/gazebo_ros2_control' for CMake config files
[1.042s] Level 1:colcon.colcon_core.shell:create_environment_hook('gazebo_ros2_control', 'cmake_prefix_path')
[1.043s] INFO:colcon.colcon_core.shell:Creating environment hook '/home/dkflippo/aug2024/install/gazebo_ros2_control/share/gazebo_ros2_control/hook/cmake_prefix_path.ps1'
[1.045s] DEBUG:colcon.colcon_core.event_handler.log_command:Invoking command in '/home/dkflippo/aug2024/build/BMC_2024': CMAKE_PREFIX_PATH=/home/dkflippo/aug2024/install/sllidar_ros2:/home/dkflippo/aug2024/install/aug_2024:/home/dkflippo/aug2024/install/BMC_2024:/home/dkflippo/aug2024/install/pigpio:/home/dkflippo/aug2024/install/my_robot_nav2:/home/dkflippo/aug2024/install/gazebo_ros2_control_demos:/home/dkflippo/aug2024/install/gazebo_ros2_control:/home/dkflippo/ros2_control_ws/install/ros2_controllers:/home/dkflippo/ros2_control_ws/install/velocity_controllers:/home/dkflippo/ros2_control_ws/install/tricycle_steering_controller:/home/dkflippo/ros2_control_ws/install/tricycle_controller:/home/dkflippo/ros2_control_ws/install/ros2_control:/home/dkflippo/ros2_control_ws/install/transmission_interface:/home/dkflippo/ros2_control_ws/install/bicycle_steering_controller:/home/dkflippo/ros2_control_ws/install/ackermann_steering_controller:/home/dkflippo/ros2_control_ws/install/steering_controllers_library:/home/dkflippo/ros2_control_ws/install/hardware_interface_testing:/home/dkflippo/ros2_control_ws/install/controller_manager:/home/dkflippo/ros2_control_ws/install/ros2_control_test_assets:/home/dkflippo/ros2_control_ws/install/range_sensor_broadcaster:/home/dkflippo/ros2_control_ws/install/position_controllers:/home/dkflippo/ros2_control_ws/install/pose_broadcaster:/home/dkflippo/ros2_control_ws/install/pid_controller:/home/dkflippo/ros2_control_ws/install/mecanum_drive_controller:/home/dkflippo/ros2_control_ws/install/joint_trajectory_controller:/home/dkflippo/ros2_control_ws/install/joint_state_broadcaster:/home/dkflippo/ros2_control_ws/install/joint_limits:/home/dkflippo/ros2_control_ws/install/imu_sensor_broadcaster:/home/dkflippo/ros2_control_ws/install/gripper_controllers:/home/dkflippo/ros2_control_ws/install/gpio_controllers:/home/dkflippo/ros2_control_ws/install/effort_controllers:/home/dkflippo/ros2_control_ws/install/forward_command_controller:/home/dkflippo/ros2_control_ws/install/force_torque_sensor_broadcaster:/home/dkflippo/ros2_control_ws/install/diff_drive_controller:/home/dkflippo/ros2_control_ws/install/admittance_controller:/home/dkflippo/ros2_control_ws/install/controller_interface:/home/dkflippo/ros2_control_ws/install/hardware_interface:/home/dkflippo/ros2_control_ws/install/controller_manager_msgs:/home/dkflippo/ros2_control_ws/install/rqt_joint_trajectory_controller:/home/dkflippo/ros2_control_ws/install/rqt_controller_manager:/home/dkflippo/ros2_control_ws/install/ros2controlcli:/home/dkflippo/ros2_control_ws/install/ros2_controllers_test_nodes:/opt/ros/humble /usr/bin/cmake --build /home/dkflippo/aug2024/build/BMC_2024 -- -j12 -l12
[1.046s] INFO:colcon.colcon_core.shell:Creating environment descriptor '/home/dkflippo/aug2024/install/gazebo_ros2_control/share/gazebo_ros2_control/hook/cmake_prefix_path.dsv'
[1.047s] DEBUG:colcon.colcon_core.event_handler.log_command:Invoked command in '/home/dkflippo/aug2024/build/gazebo_ros2_control' returned '0': CMAKE_PREFIX_PATH=${CMAKE_PREFIX_PATH}:/home/dkflippo/ros2_control_ws/install/rqt_joint_trajectory_controller:/home/dkflippo/ros2_control_ws/install/rqt_controller_manager:/home/dkflippo/ros2_control_ws/install/ros2controlcli:/home/dkflippo/ros2_control_ws/install/ros2_controllers_test_nodes:/opt/ros/humble /usr/bin/cmake --install /home/dkflippo/aug2024/build/gazebo_ros2_control
[1.048s] INFO:colcon.colcon_core.shell:Creating environment hook '/home/dkflippo/aug2024/install/gazebo_ros2_control/share/gazebo_ros2_control/hook/cmake_prefix_path.sh'
[1.050s] Level 1:colcon.colcon_core.environment:checking '/home/dkflippo/aug2024/install/gazebo_ros2_control/lib'
[1.050s] Level 1:colcon.colcon_core.shell:create_environment_hook('gazebo_ros2_control', 'ld_library_path_lib')
[1.051s] INFO:colcon.colcon_core.shell:Creating environment hook '/home/dkflippo/aug2024/install/gazebo_ros2_control/share/gazebo_ros2_control/hook/ld_library_path_lib.ps1'
[1.051s] INFO:colcon.colcon_core.shell:Creating environment descriptor '/home/dkflippo/aug2024/install/gazebo_ros2_control/share/gazebo_ros2_control/hook/ld_library_path_lib.dsv'
[1.055s] INFO:colcon.colcon_core.shell:Creating environment hook '/home/dkflippo/aug2024/install/gazebo_ros2_control/share/gazebo_ros2_control/hook/ld_library_path_lib.sh'
[1.057s] Level 1:colcon.colcon_core.environment:checking '/home/dkflippo/aug2024/install/gazebo_ros2_control/bin'
[1.057s] Level 1:colcon.colcon_core.environment:checking '/home/dkflippo/aug2024/install/gazebo_ros2_control/lib/pkgconfig/gazebo_ros2_control.pc'
[1.057s] Level 1:colcon.colcon_core.environment:checking '/home/dkflippo/aug2024/install/gazebo_ros2_control/lib/python3.10/site-packages'
[1.058s] Level 1:colcon.colcon_core.environment:checking '/home/dkflippo/aug2024/install/gazebo_ros2_control/bin'
[1.058s] INFO:colcon.colcon_core.shell:Creating package script '/home/dkflippo/aug2024/install/gazebo_ros2_control/share/gazebo_ros2_control/package.ps1'
[1.060s] INFO:colcon.colcon_core.shell:Creating package descriptor '/home/dkflippo/aug2024/install/gazebo_ros2_control/share/gazebo_ros2_control/package.dsv'
[1.061s] INFO:colcon.colcon_core.shell:Creating package script '/home/dkflippo/aug2024/install/gazebo_ros2_control/share/gazebo_ros2_control/package.sh'
[1.063s] INFO:colcon.colcon_core.shell:Creating package script '/home/dkflippo/aug2024/install/gazebo_ros2_control/share/gazebo_ros2_control/package.bash'
[1.064s] INFO:colcon.colcon_core.shell:Creating package script '/home/dkflippo/aug2024/install/gazebo_ros2_control/share/gazebo_ros2_control/package.zsh'
[1.064s] Level 1:colcon.colcon_core.environment:create_file_with_runtime_dependencies(/home/dkflippo/aug2024/install/gazebo_ros2_control/share/colcon-core/packages/gazebo_ros2_control)
[1.065s] Level 1:colcon.colcon_core.environment:create_environment_scripts_only(gazebo_ros2_control)
[1.067s] Level 1:colcon.colcon_core.environment:checking '/home/dkflippo/aug2024/install/gazebo_ros2_control' for CMake module files
[1.069s] Level 1:colcon.colcon_core.environment:checking '/home/dkflippo/aug2024/install/gazebo_ros2_control' for CMake config files
[1.069s] Level 1:colcon.colcon_core.shell:create_environment_hook('gazebo_ros2_control', 'cmake_prefix_path')
[1.070s] INFO:colcon.colcon_core.shell:Creating environment hook '/home/dkflippo/aug2024/install/gazebo_ros2_control/share/gazebo_ros2_control/hook/cmake_prefix_path.ps1'
[1.070s] INFO:colcon.colcon_core.shell:Creating environment descriptor '/home/dkflippo/aug2024/install/gazebo_ros2_control/share/gazebo_ros2_control/hook/cmake_prefix_path.dsv'
[1.071s] INFO:colcon.colcon_core.shell:Creating environment hook '/home/dkflippo/aug2024/install/gazebo_ros2_control/share/gazebo_ros2_control/hook/cmake_prefix_path.sh'
[1.071s] Level 1:colcon.colcon_core.environment:checking '/home/dkflippo/aug2024/install/gazebo_ros2_control/lib'
[1.071s] Level 1:colcon.colcon_core.shell:create_environment_hook('gazebo_ros2_control', 'ld_library_path_lib')
[1.072s] INFO:colcon.colcon_core.shell:Creating environment hook '/home/dkflippo/aug2024/install/gazebo_ros2_control/share/gazebo_ros2_control/hook/ld_library_path_lib.ps1'
[1.072s] INFO:colcon.colcon_core.shell:Creating environment descriptor '/home/dkflippo/aug2024/install/gazebo_ros2_control/share/gazebo_ros2_control/hook/ld_library_path_lib.dsv'
[1.072s] INFO:colcon.colcon_core.shell:Creating environment hook '/home/dkflippo/aug2024/install/gazebo_ros2_control/share/gazebo_ros2_control/hook/ld_library_path_lib.sh'
[1.073s] Level 1:colcon.colcon_core.environment:checking '/home/dkflippo/aug2024/install/gazebo_ros2_control/bin'
[1.073s] Level 1:colcon.colcon_core.environment:checking '/home/dkflippo/aug2024/install/gazebo_ros2_control/lib/pkgconfig/gazebo_ros2_control.pc'
[1.073s] Level 1:colcon.colcon_core.environment:checking '/home/dkflippo/aug2024/install/gazebo_ros2_control/lib/python3.10/site-packages'
[1.073s] Level 1:colcon.colcon_core.environment:checking '/home/dkflippo/aug2024/install/gazebo_ros2_control/bin'
[1.073s] INFO:colcon.colcon_core.shell:Creating package script '/home/dkflippo/aug2024/install/gazebo_ros2_control/share/gazebo_ros2_control/package.ps1'
[1.074s] INFO:colcon.colcon_core.shell:Creating package descriptor '/home/dkflippo/aug2024/install/gazebo_ros2_control/share/gazebo_ros2_control/package.dsv'
[1.074s] INFO:colcon.colcon_core.shell:Creating package script '/home/dkflippo/aug2024/install/gazebo_ros2_control/share/gazebo_ros2_control/package.sh'
[1.075s] INFO:colcon.colcon_core.shell:Creating package script '/home/dkflippo/aug2024/install/gazebo_ros2_control/share/gazebo_ros2_control/package.bash'
[1.075s] INFO:colcon.colcon_core.shell:Creating package script '/home/dkflippo/aug2024/install/gazebo_ros2_control/share/gazebo_ros2_control/package.zsh'
[1.076s] Level 1:colcon.colcon_core.environment:create_file_with_runtime_dependencies(/home/dkflippo/aug2024/install/gazebo_ros2_control/share/colcon-core/packages/gazebo_ros2_control)
[1.076s] INFO:colcon.colcon_ros.task.ament_cmake.build:Building ROS package in '/home/dkflippo/aug2024/src/gazebo_ros2_control/gazebo_ros2_control_demos' with build type 'ament_cmake'
[1.076s] INFO:colcon.colcon_cmake.task.cmake.build:Building CMake package in '/home/dkflippo/aug2024/src/gazebo_ros2_control/gazebo_ros2_control_demos'
[1.077s] INFO:colcon.colcon_core.shell:Skip shell extension 'powershell' for command environment: Not usable outside of PowerShell
[1.077s] DEBUG:colcon.colcon_core.shell:Skip shell extension 'dsv' for command environment
[1.114s] DEBUG:colcon.colcon_core.event_handler.log_command:Invoking command in '/home/dkflippo/aug2024/build/gazebo_ros2_control_demos': CMAKE_PREFIX_PATH=/home/dkflippo/aug2024/install/gazebo_ros2_control:/home/dkflippo/aug2024/install/aug_2024:/home/dkflippo/aug2024/install/BMC_2024:/home/dkflippo/aug2024/install/sllidar_ros2:/home/dkflippo/aug2024/install/pigpio:/home/dkflippo/aug2024/install/my_robot_nav2:/home/dkflippo/aug2024/install/gazebo_ros2_control_demos:/home/dkflippo/ros2_control_ws/install/ros2_controllers:/home/dkflippo/ros2_control_ws/install/velocity_controllers:/home/dkflippo/ros2_control_ws/install/tricycle_steering_controller:/home/dkflippo/ros2_control_ws/install/tricycle_controller:/home/dkflippo/ros2_control_ws/install/ros2_control:/home/dkflippo/ros2_control_ws/install/transmission_interface:/home/dkflippo/ros2_control_ws/install/bicycle_steering_controller:/home/dkflippo/ros2_control_ws/install/ackermann_steering_controller:/home/dkflippo/ros2_control_ws/install/steering_controllers_library:/home/dkflippo/ros2_control_ws/install/hardware_interface_testing:/home/dkflippo/ros2_control_ws/install/controller_manager:/home/dkflippo/ros2_control_ws/install/ros2_control_test_assets:/home/dkflippo/ros2_control_ws/install/range_sensor_broadcaster:/home/dkflippo/ros2_control_ws/install/position_controllers:/home/dkflippo/ros2_control_ws/install/pose_broadcaster:/home/dkflippo/ros2_control_ws/install/pid_controller:/home/dkflippo/ros2_control_ws/install/mecanum_drive_controller:/home/dkflippo/ros2_control_ws/install/joint_trajectory_controller:/home/dkflippo/ros2_control_ws/install/joint_state_broadcaster:/home/dkflippo/ros2_control_ws/install/joint_limits:/home/dkflippo/ros2_control_ws/install/imu_sensor_broadcaster:/home/dkflippo/ros2_control_ws/install/gripper_controllers:/home/dkflippo/ros2_control_ws/install/gpio_controllers:/home/dkflippo/ros2_control_ws/install/effort_controllers:/home/dkflippo/ros2_control_ws/install/forward_command_controller:/home/dkflippo/ros2_control_ws/install/force_torque_sensor_broadcaster:/home/dkflippo/ros2_control_ws/install/diff_drive_controller:/home/dkflippo/ros2_control_ws/install/admittance_controller:/home/dkflippo/ros2_control_ws/install/controller_interface:/home/dkflippo/ros2_control_ws/install/hardware_interface:/home/dkflippo/ros2_control_ws/install/controller_manager_msgs:/home/dkflippo/ros2_control_ws/install/rqt_joint_trajectory_controller:/home/dkflippo/ros2_control_ws/install/rqt_controller_manager:/home/dkflippo/ros2_control_ws/install/ros2controlcli:/home/dkflippo/ros2_control_ws/install/ros2_controllers_test_nodes:/opt/ros/humble LD_LIBRARY_PATH=/home/dkflippo/aug2024/install/gazebo_ros2_control/lib:/home/dkflippo/aug2024/install/BMC_2024/lib:/home/dkflippo/aug2024/install/pigpio/lib:/home/dkflippo/ros2_control_ws/install/velocity_controllers/lib:/home/dkflippo/ros2_control_ws/install/tricycle_steering_controller/lib:/home/dkflippo/ros2_control_ws/install/tricycle_controller/lib:/home/dkflippo/ros2_control_ws/install/transmission_interface/lib:/home/dkflippo/ros2_control_ws/install/bicycle_steering_controller/lib:/home/dkflippo/ros2_control_ws/install/ackermann_steering_controller/lib:/home/dkflippo/ros2_control_ws/install/steering_controllers_library/lib:/home/dkflippo/ros2_control_ws/install/hardware_interface_testing/lib:/home/dkflippo/ros2_control_ws/install/controller_manager/lib:/home/dkflippo/ros2_control_ws/install/range_sensor_broadcaster/lib:/home/dkflippo/ros2_control_ws/install/position_controllers/lib:/home/dkflippo/ros2_control_ws/install/pose_broadcaster/lib:/home/dkflippo/ros2_control_ws/install/pid_controller/lib:/home/dkflippo/ros2_control_ws/install/mecanum_drive_controller/lib:/home/dkflippo/ros2_control_ws/install/joint_trajectory_controller/lib:/home/dkflippo/ros2_control_ws/install/joint_state_broadcaster/lib:/home/dkflippo/ros2_control_ws/install/joint_limits/lib:/home/dkflippo/ros2_control_ws/install/imu_sensor_broadcaster/lib:/home/dkflippo/ros2_control_ws/install/gripper_controllers/lib:/home/dkflippo/ros2_control_ws/install/gpio_controllers/lib:/home/dkflippo/ros2_control_ws/install/effort_controllers/lib:/home/dkflippo/ros2_control_ws/install/forward_command_controller/lib:/home/dkflippo/ros2_control_ws/install/force_torque_sensor_broadcaster/lib:/home/dkflippo/ros2_control_ws/install/diff_drive_controller/lib:/home/dkflippo/ros2_control_ws/install/admittance_controller/lib:/home/dkflippo/ros2_control_ws/install/controller_interface/lib:/home/dkflippo/ros2_control_ws/install/hardware_interface/lib:/home/dkflippo/ros2_control_ws/install/controller_manager_msgs/lib:/usr/lib/x86_64-linux-gnu/gazebo-11/plugins:/opt/ros/humble/opt/rviz_ogre_vendor/lib:/opt/ros/humble/lib/x86_64-linux-gnu:/opt/ros/humble/lib /usr/bin/cmake --build /home/dkflippo/aug2024/build/gazebo_ros2_control_demos -- -j12 -l12
[1.160s] Level 1:colcon.colcon_core.environment:create_environment_scripts_only(pigpio)
[1.161s] Level 1:colcon.colcon_core.environment:checking '/home/dkflippo/aug2024/install/pigpio' for CMake module files
[1.162s] DEBUG:colcon.colcon_core.event_handler.log_command:Invoked command in '/home/dkflippo/aug2024/build/pigpio' returned '0': /usr/bin/cmake --install /home/dkflippo/aug2024/build/pigpio
[1.163s] Level 1:colcon.colcon_core.environment:checking '/home/dkflippo/aug2024/install/pigpio' for CMake config files
[1.164s] Level 1:colcon.colcon_core.shell:create_environment_hook('pigpio', 'cmake_prefix_path')
[1.165s] INFO:colcon.colcon_core.shell:Creating environment hook '/home/dkflippo/aug2024/install/pigpio/share/pigpio/hook/cmake_prefix_path.ps1'
[1.165s] INFO:colcon.colcon_core.shell:Creating environment descriptor '/home/dkflippo/aug2024/install/pigpio/share/pigpio/hook/cmake_prefix_path.dsv'
[1.166s] INFO:colcon.colcon_core.shell:Creating environment hook '/home/dkflippo/aug2024/install/pigpio/share/pigpio/hook/cmake_prefix_path.sh'
[1.167s] Level 1:colcon.colcon_core.environment:checking '/home/dkflippo/aug2024/install/pigpio/lib'
[1.167s] Level 1:colcon.colcon_core.shell:create_environment_hook('pigpio', 'ld_library_path_lib')
[1.167s] INFO:colcon.colcon_core.shell:Creating environment hook '/home/dkflippo/aug2024/install/pigpio/share/pigpio/hook/ld_library_path_lib.ps1'
[1.168s] INFO:colcon.colcon_core.shell:Creating environment descriptor '/home/dkflippo/aug2024/install/pigpio/share/pigpio/hook/ld_library_path_lib.dsv'
[1.168s] INFO:colcon.colcon_core.shell:Creating environment hook '/home/dkflippo/aug2024/install/pigpio/share/pigpio/hook/ld_library_path_lib.sh'
[1.169s] Level 1:colcon.colcon_core.environment:checking '/home/dkflippo/aug2024/install/pigpio/bin'
[1.169s] Level 1:colcon.colcon_core.shell:create_environment_hook('pigpio', 'path')
[1.169s] INFO:colcon.colcon_core.shell:Creating environment hook '/home/dkflippo/aug2024/install/pigpio/share/pigpio/hook/path.ps1'
[1.170s] INFO:colcon.colcon_core.shell:Creating environment descriptor '/home/dkflippo/aug2024/install/pigpio/share/pigpio/hook/path.dsv'
[1.170s] INFO:colcon.colcon_core.shell:Creating environment hook '/home/dkflippo/aug2024/install/pigpio/share/pigpio/hook/path.sh'
[1.171s] Level 1:colcon.colcon_core.environment:checking '/home/dkflippo/aug2024/install/pigpio/lib/pkgconfig/pigpio.pc'
[1.171s] Level 1:colcon.colcon_core.environment:checking '/home/dkflippo/aug2024/install/pigpio/lib/python3.10/site-packages'
[1.171s] Level 1:colcon.colcon_core.environment:checking '/home/dkflippo/aug2024/install/pigpio/bin'
[1.171s] Level 1:colcon.colcon_core.shell:create_environment_hook('pigpio', 'pythonscriptspath')
[1.172s] INFO:colcon.colcon_core.shell:Creating environment hook '/home/dkflippo/aug2024/install/pigpio/share/pigpio/hook/pythonscriptspath.ps1'
[1.172s] INFO:colcon.colcon_core.shell:Creating environment descriptor '/home/dkflippo/aug2024/install/pigpio/share/pigpio/hook/pythonscriptspath.dsv'
[1.172s] INFO:colcon.colcon_core.shell:Creating environment hook '/home/dkflippo/aug2024/install/pigpio/share/pigpio/hook/pythonscriptspath.sh'
[1.174s] INFO:colcon.colcon_core.shell:Creating package script '/home/dkflippo/aug2024/install/pigpio/share/pigpio/package.ps1'
[1.175s] INFO:colcon.colcon_core.shell:Creating package descriptor '/home/dkflippo/aug2024/install/pigpio/share/pigpio/package.dsv'
[1.176s] INFO:colcon.colcon_core.shell:Creating package script '/home/dkflippo/aug2024/install/pigpio/share/pigpio/package.sh'
[1.177s] INFO:colcon.colcon_core.shell:Creating package script '/home/dkflippo/aug2024/install/pigpio/share/pigpio/package.bash'
[1.177s] INFO:colcon.colcon_core.shell:Creating package script '/home/dkflippo/aug2024/install/pigpio/share/pigpio/package.zsh'
[1.178s] Level 1:colcon.colcon_core.environment:create_file_with_runtime_dependencies(/home/dkflippo/aug2024/install/pigpio/share/colcon-core/packages/pigpio)
[1.254s] DEBUG:colcon.colcon_core.event_handler.log_command:Invoked command in '/home/dkflippo/aug2024/build/BMC_2024' returned '0': CMAKE_PREFIX_PATH=/home/dkflippo/aug2024/install/sllidar_ros2:/home/dkflippo/aug2024/install/aug_2024:/home/dkflippo/aug2024/install/BMC_2024:/home/dkflippo/aug2024/install/pigpio:/home/dkflippo/aug2024/install/my_robot_nav2:/home/dkflippo/aug2024/install/gazebo_ros2_control_demos:/home/dkflippo/aug2024/install/gazebo_ros2_control:/home/dkflippo/ros2_control_ws/install/ros2_controllers:/home/dkflippo/ros2_control_ws/install/velocity_controllers:/home/dkflippo/ros2_control_ws/install/tricycle_steering_controller:/home/dkflippo/ros2_control_ws/install/tricycle_controller:/home/dkflippo/ros2_control_ws/install/ros2_control:/home/dkflippo/ros2_control_ws/install/transmission_interface:/home/dkflippo/ros2_control_ws/install/bicycle_steering_controller:/home/dkflippo/ros2_control_ws/install/ackermann_steering_controller:/home/dkflippo/ros2_control_ws/install/steering_controllers_library:/home/dkflippo/ros2_control_ws/install/hardware_interface_testing:/home/dkflippo/ros2_control_ws/install/controller_manager:/home/dkflippo/ros2_control_ws/install/ros2_control_test_assets:/home/dkflippo/ros2_control_ws/install/range_sensor_broadcaster:/home/dkflippo/ros2_control_ws/install/position_controllers:/home/dkflippo/ros2_control_ws/install/pose_broadcaster:/home/dkflippo/ros2_control_ws/install/pid_controller:/home/dkflippo/ros2_control_ws/install/mecanum_drive_controller:/home/dkflippo/ros2_control_ws/install/joint_trajectory_controller:/home/dkflippo/ros2_control_ws/install/joint_state_broadcaster:/home/dkflippo/ros2_control_ws/install/joint_limits:/home/dkflippo/ros2_control_ws/install/imu_sensor_broadcaster:/home/dkflippo/ros2_control_ws/install/gripper_controllers:/home/dkflippo/ros2_control_ws/install/gpio_controllers:/home/dkflippo/ros2_control_ws/install/effort_controllers:/home/dkflippo/ros2_control_ws/install/forward_command_controller:/home/dkflippo/ros2_control_ws/install/force_torque_sensor_broadcaster:/home/dkflippo/ros2_control_ws/install/diff_drive_controller:/home/dkflippo/ros2_control_ws/install/admittance_controller:/home/dkflippo/ros2_control_ws/install/controller_interface:/home/dkflippo/ros2_control_ws/install/hardware_interface:/home/dkflippo/ros2_control_ws/install/controller_manager_msgs:/home/dkflippo/ros2_control_ws/install/rqt_joint_trajectory_controller:/home/dkflippo/ros2_control_ws/install/rqt_controller_manager:/home/dkflippo/ros2_control_ws/install/ros2controlcli:/home/dkflippo/ros2_control_ws/install/ros2_controllers_test_nodes:/opt/ros/humble /usr/bin/cmake --build /home/dkflippo/aug2024/build/BMC_2024 -- -j12 -l12
[1.255s] DEBUG:colcon.colcon_core.event_handler.log_command:Invoking command in '/home/dkflippo/aug2024/build/BMC_2024': CMAKE_PREFIX_PATH=/home/dkflippo/aug2024/install/sllidar_ros2:/home/dkflippo/aug2024/install/aug_2024:/home/dkflippo/aug2024/install/BMC_2024:/home/dkflippo/aug2024/install/pigpio:/home/dkflippo/aug2024/install/my_robot_nav2:/home/dkflippo/aug2024/install/gazebo_ros2_control_demos:/home/dkflippo/aug2024/install/gazebo_ros2_control:/home/dkflippo/ros2_control_ws/install/ros2_controllers:/home/dkflippo/ros2_control_ws/install/velocity_controllers:/home/dkflippo/ros2_control_ws/install/tricycle_steering_controller:/home/dkflippo/ros2_control_ws/install/tricycle_controller:/home/dkflippo/ros2_control_ws/install/ros2_control:/home/dkflippo/ros2_control_ws/install/transmission_interface:/home/dkflippo/ros2_control_ws/install/bicycle_steering_controller:/home/dkflippo/ros2_control_ws/install/ackermann_steering_controller:/home/dkflippo/ros2_control_ws/install/steering_controllers_library:/home/dkflippo/ros2_control_ws/install/hardware_interface_testing:/home/dkflippo/ros2_control_ws/install/controller_manager:/home/dkflippo/ros2_control_ws/install/ros2_control_test_assets:/home/dkflippo/ros2_control_ws/install/range_sensor_broadcaster:/home/dkflippo/ros2_control_ws/install/position_controllers:/home/dkflippo/ros2_control_ws/install/pose_broadcaster:/home/dkflippo/ros2_control_ws/install/pid_controller:/home/dkflippo/ros2_control_ws/install/mecanum_drive_controller:/home/dkflippo/ros2_control_ws/install/joint_trajectory_controller:/home/dkflippo/ros2_control_ws/install/joint_state_broadcaster:/home/dkflippo/ros2_control_ws/install/joint_limits:/home/dkflippo/ros2_control_ws/install/imu_sensor_broadcaster:/home/dkflippo/ros2_control_ws/install/gripper_controllers:/home/dkflippo/ros2_control_ws/install/gpio_controllers:/home/dkflippo/ros2_control_ws/install/effort_controllers:/home/dkflippo/ros2_control_ws/install/forward_command_controller:/home/dkflippo/ros2_control_ws/install/force_torque_sensor_broadcaster:/home/dkflippo/ros2_control_ws/install/diff_drive_controller:/home/dkflippo/ros2_control_ws/install/admittance_controller:/home/dkflippo/ros2_control_ws/install/controller_interface:/home/dkflippo/ros2_control_ws/install/hardware_interface:/home/dkflippo/ros2_control_ws/install/controller_manager_msgs:/home/dkflippo/ros2_control_ws/install/rqt_joint_trajectory_controller:/home/dkflippo/ros2_control_ws/install/rqt_controller_manager:/home/dkflippo/ros2_control_ws/install/ros2controlcli:/home/dkflippo/ros2_control_ws/install/ros2_controllers_test_nodes:/opt/ros/humble /usr/bin/cmake --install /home/dkflippo/aug2024/build/BMC_2024
[1.289s] Level 1:colcon.colcon_core.environment:create_environment_scripts_only(BMC_2024)
[1.289s] Level 1:colcon.colcon_core.environment:checking '/home/dkflippo/aug2024/install/BMC_2024' for CMake module files
[1.290s] DEBUG:colcon.colcon_core.event_handler.log_command:Invoked command in '/home/dkflippo/aug2024/build/BMC_2024' returned '0': CMAKE_PREFIX_PATH=/home/dkflippo/aug2024/install/sllidar_ros2:/home/dkflippo/aug2024/install/aug_2024:/home/dkflippo/aug2024/install/BMC_2024:/home/dkflippo/aug2024/install/pigpio:/home/dkflippo/aug2024/install/my_robot_nav2:/home/dkflippo/aug2024/install/gazebo_ros2_control_demos:/home/dkflippo/aug2024/install/gazebo_ros2_control:/home/dkflippo/ros2_control_ws/install/ros2_controllers:/home/dkflippo/ros2_control_ws/install/velocity_controllers:/home/dkflippo/ros2_control_ws/install/tricycle_steering_controller:/home/dkflippo/ros2_control_ws/install/tricycle_controller:/home/dkflippo/ros2_control_ws/install/ros2_control:/home/dkflippo/ros2_control_ws/install/transmission_interface:/home/dkflippo/ros2_control_ws/install/bicycle_steering_controller:/home/dkflippo/ros2_control_ws/install/ackermann_steering_controller:/home/dkflippo/ros2_control_ws/install/steering_controllers_library:/home/dkflippo/ros2_control_ws/install/hardware_interface_testing:/home/dkflippo/ros2_control_ws/install/controller_manager:/home/dkflippo/ros2_control_ws/install/ros2_control_test_assets:/home/dkflippo/ros2_control_ws/install/range_sensor_broadcaster:/home/dkflippo/ros2_control_ws/install/position_controllers:/home/dkflippo/ros2_control_ws/install/pose_broadcaster:/home/dkflippo/ros2_control_ws/install/pid_controller:/home/dkflippo/ros2_control_ws/install/mecanum_drive_controller:/home/dkflippo/ros2_control_ws/install/joint_trajectory_controller:/home/dkflippo/ros2_control_ws/install/joint_state_broadcaster:/home/dkflippo/ros2_control_ws/install/joint_limits:/home/dkflippo/ros2_control_ws/install/imu_sensor_broadcaster:/home/dkflippo/ros2_control_ws/install/gripper_controllers:/home/dkflippo/ros2_control_ws/install/gpio_controllers:/home/dkflippo/ros2_control_ws/install/effort_controllers:/home/dkflippo/ros2_control_ws/install/forward_command_controller:/home/dkflippo/ros2_control_ws/install/force_torque_sensor_broadcaster:/home/dkflippo/ros2_control_ws/install/diff_drive_controller:/home/dkflippo/ros2_control_ws/install/admittance_controller:/home/dkflippo/ros2_control_ws/install/controller_interface:/home/dkflippo/ros2_control_ws/install/hardware_interface:/home/dkflippo/ros2_control_ws/install/controller_manager_msgs:/home/dkflippo/ros2_control_ws/install/rqt_joint_trajectory_controller:/home/dkflippo/ros2_control_ws/install/rqt_controller_manager:/home/dkflippo/ros2_control_ws/install/ros2controlcli:/home/dkflippo/ros2_control_ws/install/ros2_controllers_test_nodes:/opt/ros/humble /usr/bin/cmake --install /home/dkflippo/aug2024/build/BMC_2024
[1.291s] Level 1:colcon.colcon_core.environment:checking '/home/dkflippo/aug2024/install/BMC_2024' for CMake config files
[1.292s] Level 1:colcon.colcon_core.shell:create_environment_hook('BMC_2024', 'cmake_prefix_path')
[1.292s] INFO:colcon.colcon_core.shell:Creating environment hook '/home/dkflippo/aug2024/install/BMC_2024/share/BMC_2024/hook/cmake_prefix_path.ps1'
[1.293s] INFO:colcon.colcon_core.shell:Creating environment descriptor '/home/dkflippo/aug2024/install/BMC_2024/share/BMC_2024/hook/cmake_prefix_path.dsv'
[1.293s] INFO:colcon.colcon_core.shell:Creating environment hook '/home/dkflippo/aug2024/install/BMC_2024/share/BMC_2024/hook/cmake_prefix_path.sh'
[1.294s] Level 1:colcon.colcon_core.environment:checking '/home/dkflippo/aug2024/install/BMC_2024/lib'
[1.294s] Level 1:colcon.colcon_core.shell:create_environment_hook('BMC_2024', 'ld_library_path_lib')
[1.295s] INFO:colcon.colcon_core.shell:Creating environment hook '/home/dkflippo/aug2024/install/BMC_2024/share/BMC_2024/hook/ld_library_path_lib.ps1'
[1.296s] INFO:colcon.colcon_core.shell:Creating environment descriptor '/home/dkflippo/aug2024/install/BMC_2024/share/BMC_2024/hook/ld_library_path_lib.dsv'
[1.296s] INFO:colcon.colcon_core.shell:Creating environment hook '/home/dkflippo/aug2024/install/BMC_2024/share/BMC_2024/hook/ld_library_path_lib.sh'
[1.297s] Level 1:colcon.colcon_core.environment:checking '/home/dkflippo/aug2024/install/BMC_2024/bin'
[1.297s] Level 1:colcon.colcon_core.environment:checking '/home/dkflippo/aug2024/install/BMC_2024/lib/pkgconfig/BMC_2024.pc'
[1.298s] Level 1:colcon.colcon_core.environment:checking '/home/dkflippo/aug2024/install/BMC_2024/lib/python3.10/site-packages'
[1.298s] Level 1:colcon.colcon_core.environment:checking '/home/dkflippo/aug2024/install/BMC_2024/bin'
[1.300s] INFO:colcon.colcon_core.shell:Creating package script '/home/dkflippo/aug2024/install/BMC_2024/share/BMC_2024/package.ps1'
[1.302s] INFO:colcon.colcon_core.shell:Creating package descriptor '/home/dkflippo/aug2024/install/BMC_2024/share/BMC_2024/package.dsv'
[1.303s] INFO:colcon.colcon_core.shell:Creating package script '/home/dkflippo/aug2024/install/BMC_2024/share/BMC_2024/package.sh'
[1.303s] INFO:colcon.colcon_core.shell:Creating package script '/home/dkflippo/aug2024/install/BMC_2024/share/BMC_2024/package.bash'
[1.304s] INFO:colcon.colcon_core.shell:Creating package script '/home/dkflippo/aug2024/install/BMC_2024/share/BMC_2024/package.zsh'
[1.304s] Level 1:colcon.colcon_core.environment:create_file_with_runtime_dependencies(/home/dkflippo/aug2024/install/BMC_2024/share/colcon-core/packages/BMC_2024)
[1.306s] Level 1:colcon.colcon_core.environment:create_environment_scripts_only(BMC_2024)
[1.306s] Level 1:colcon.colcon_core.environment:checking '/home/dkflippo/aug2024/install/BMC_2024' for CMake module files
[1.306s] Level 1:colcon.colcon_core.environment:checking '/home/dkflippo/aug2024/install/BMC_2024' for CMake config files
[1.307s] Level 1:colcon.colcon_core.shell:create_environment_hook('BMC_2024', 'cmake_prefix_path')
[1.307s] INFO:colcon.colcon_core.shell:Creating environment hook '/home/dkflippo/aug2024/install/BMC_2024/share/BMC_2024/hook/cmake_prefix_path.ps1'
[1.307s] INFO:colcon.colcon_core.shell:Creating environment descriptor '/home/dkflippo/aug2024/install/BMC_2024/share/BMC_2024/hook/cmake_prefix_path.dsv'
[1.308s] INFO:colcon.colcon_core.shell:Creating environment hook '/home/dkflippo/aug2024/install/BMC_2024/share/BMC_2024/hook/cmake_prefix_path.sh'
[1.308s] Level 1:colcon.colcon_core.environment:checking '/home/dkflippo/aug2024/install/BMC_2024/lib'
[1.308s] Level 1:colcon.colcon_core.shell:create_environment_hook('BMC_2024', 'ld_library_path_lib')
[1.308s] INFO:colcon.colcon_core.shell:Creating environment hook '/home/dkflippo/aug2024/install/BMC_2024/share/BMC_2024/hook/ld_library_path_lib.ps1'
[1.309s] INFO:colcon.colcon_core.shell:Creating environment descriptor '/home/dkflippo/aug2024/install/BMC_2024/share/BMC_2024/hook/ld_library_path_lib.dsv'
[1.309s] INFO:colcon.colcon_core.shell:Creating environment hook '/home/dkflippo/aug2024/install/BMC_2024/share/BMC_2024/hook/ld_library_path_lib.sh'
[1.310s] Level 1:colcon.colcon_core.environment:checking '/home/dkflippo/aug2024/install/BMC_2024/bin'
[1.310s] Level 1:colcon.colcon_core.environment:checking '/home/dkflippo/aug2024/install/BMC_2024/lib/pkgconfig/BMC_2024.pc'
[1.310s] Level 1:colcon.colcon_core.environment:checking '/home/dkflippo/aug2024/install/BMC_2024/lib/python3.10/site-packages'
[1.310s] Level 1:colcon.colcon_core.environment:checking '/home/dkflippo/aug2024/install/BMC_2024/bin'
[1.311s] INFO:colcon.colcon_core.shell:Creating package script '/home/dkflippo/aug2024/install/BMC_2024/share/BMC_2024/package.ps1'
[1.311s] INFO:colcon.colcon_core.shell:Creating package descriptor '/home/dkflippo/aug2024/install/BMC_2024/share/BMC_2024/package.dsv'
[1.312s] INFO:colcon.colcon_core.shell:Creating package script '/home/dkflippo/aug2024/install/BMC_2024/share/BMC_2024/package.sh'
[1.313s] INFO:colcon.colcon_core.shell:Creating package script '/home/dkflippo/aug2024/install/BMC_2024/share/BMC_2024/package.bash'
[1.314s] INFO:colcon.colcon_core.shell:Creating package script '/home/dkflippo/aug2024/install/BMC_2024/share/BMC_2024/package.zsh'
[1.314s] Level 1:colcon.colcon_core.environment:create_file_with_runtime_dependencies(/home/dkflippo/aug2024/install/BMC_2024/share/colcon-core/packages/BMC_2024)
[1.315s] INFO:colcon.colcon_ros.task.ament_cmake.build:Building ROS package in '/home/dkflippo/aug2024/src/aug_2024' with build type 'ament_cmake'
[1.316s] INFO:colcon.colcon_cmake.task.cmake.build:Building CMake package in '/home/dkflippo/aug2024/src/aug_2024'
[1.317s] INFO:colcon.colcon_core.shell:Skip shell extension 'powershell' for command environment: Not usable outside of PowerShell
[1.318s] DEBUG:colcon.colcon_core.shell:Skip shell extension 'dsv' for command environment
[1.334s] DEBUG:colcon.colcon_core.event_handler.log_command:Invoked command in '/home/dkflippo/aug2024/build/gazebo_ros2_control_demos' returned '0': CMAKE_PREFIX_PATH=/home/dkflippo/aug2024/install/gazebo_ros2_control:/home/dkflippo/aug2024/install/aug_2024:/home/dkflippo/aug2024/install/BMC_2024:/home/dkflippo/aug2024/install/sllidar_ros2:/home/dkflippo/aug2024/install/pigpio:/home/dkflippo/aug2024/install/my_robot_nav2:/home/dkflippo/aug2024/install/gazebo_ros2_control_demos:/home/dkflippo/ros2_control_ws/install/ros2_controllers:/home/dkflippo/ros2_control_ws/install/velocity_controllers:/home/dkflippo/ros2_control_ws/install/tricycle_steering_controller:/home/dkflippo/ros2_control_ws/install/tricycle_controller:/home/dkflippo/ros2_control_ws/install/ros2_control:/home/dkflippo/ros2_control_ws/install/transmission_interface:/home/dkflippo/ros2_control_ws/install/bicycle_steering_controller:/home/dkflippo/ros2_control_ws/install/ackermann_steering_controller:/home/dkflippo/ros2_control_ws/install/steering_controllers_library:/home/dkflippo/ros2_control_ws/install/hardware_interface_testing:/home/dkflippo/ros2_control_ws/install/controller_manager:/home/dkflippo/ros2_control_ws/install/ros2_control_test_assets:/home/dkflippo/ros2_control_ws/install/range_sensor_broadcaster:/home/dkflippo/ros2_control_ws/install/position_controllers:/home/dkflippo/ros2_control_ws/install/pose_broadcaster:/home/dkflippo/ros2_control_ws/install/pid_controller:/home/dkflippo/ros2_control_ws/install/mecanum_drive_controller:/home/dkflippo/ros2_control_ws/install/joint_trajectory_controller:/home/dkflippo/ros2_control_ws/install/joint_state_broadcaster:/home/dkflippo/ros2_control_ws/install/joint_limits:/home/dkflippo/ros2_control_ws/install/imu_sensor_broadcaster:/home/dkflippo/ros2_control_ws/install/gripper_controllers:/home/dkflippo/ros2_control_ws/install/gpio_controllers:/home/dkflippo/ros2_control_ws/install/effort_controllers:/home/dkflippo/ros2_control_ws/install/forward_command_controller:/home/dkflippo/ros2_control_ws/install/force_torque_sensor_broadcaster:/home/dkflippo/ros2_control_ws/install/diff_drive_controller:/home/dkflippo/ros2_control_ws/install/admittance_controller:/home/dkflippo/ros2_control_ws/install/controller_interface:/home/dkflippo/ros2_control_ws/install/hardware_interface:/home/dkflippo/ros2_control_ws/install/controller_manager_msgs:/home/dkflippo/ros2_control_ws/install/rqt_joint_trajectory_controller:/home/dkflippo/ros2_control_ws/install/rqt_controller_manager:/home/dkflippo/ros2_control_ws/install/ros2controlcli:/home/dkflippo/ros2_control_ws/install/ros2_controllers_test_nodes:/opt/ros/humble LD_LIBRARY_PATH=/home/dkflippo/aug2024/install/gazebo_ros2_control/lib:/home/dkflippo/aug2024/install/BMC_2024/lib:/home/dkflippo/aug2024/install/pigpio/lib:/home/dkflippo/ros2_control_ws/install/velocity_controllers/lib:/home/dkflippo/ros2_control_ws/install/tricycle_steering_controller/lib:/home/dkflippo/ros2_control_ws/install/tricycle_controller/lib:/home/dkflippo/ros2_control_ws/install/transmission_interface/lib:/home/dkflippo/ros2_control_ws/install/bicycle_steering_controller/lib:/home/dkflippo/ros2_control_ws/install/ackermann_steering_controller/lib:/home/dkflippo/ros2_control_ws/install/steering_controllers_library/lib:/home/dkflippo/ros2_control_ws/install/hardware_interface_testing/lib:/home/dkflippo/ros2_control_ws/install/controller_manager/lib:/home/dkflippo/ros2_control_ws/install/range_sensor_broadcaster/lib:/home/dkflippo/ros2_control_ws/install/position_controllers/lib:/home/dkflippo/ros2_control_ws/install/pose_broadcaster/lib:/home/dkflippo/ros2_control_ws/install/pid_controller/lib:/home/dkflippo/ros2_control_ws/install/mecanum_drive_controller/lib:/home/dkflippo/ros2_control_ws/install/joint_trajectory_controller/lib:/home/dkflippo/ros2_control_ws/install/joint_state_broadcaster/lib:/home/dkflippo/ros2_control_ws/install/joint_limits/lib:/home/dkflippo/ros2_control_ws/install/imu_sensor_broadcaster/lib:/home/dkflippo/ros2_control_ws/install/gripper_controllers/lib:/home/dkflippo/ros2_control_ws/install/gpio_controllers/lib:/home/dkflippo/ros2_control_ws/install/effort_controllers/lib:/home/dkflippo/ros2_control_ws/install/forward_command_controller/lib:/home/dkflippo/ros2_control_ws/install/force_torque_sensor_broadcaster/lib:/home/dkflippo/ros2_control_ws/install/diff_drive_controller/lib:/home/dkflippo/ros2_control_ws/install/admittance_controller/lib:/home/dkflippo/ros2_control_ws/install/controller_interface/lib:/home/dkflippo/ros2_control_ws/install/hardware_interface/lib:/home/dkflippo/ros2_control_ws/install/controller_manager_msgs/lib:/usr/lib/x86_64-linux-gnu/gazebo-11/plugins:/opt/ros/humble/opt/rviz_ogre_vendor/lib:/opt/ros/humble/lib/x86_64-linux-gnu:/opt/ros/humble/lib /usr/bin/cmake --build /home/dkflippo/aug2024/build/gazebo_ros2_control_demos -- -j12 -l12
[1.339s] DEBUG:colcon.colcon_core.event_handler.log_command:Invoking command in '/home/dkflippo/aug2024/build/gazebo_ros2_control_demos': CMAKE_PREFIX_PATH=/home/dkflippo/aug2024/install/gazebo_ros2_control:/home/dkflippo/aug2024/install/aug_2024:/home/dkflippo/aug2024/install/BMC_2024:/home/dkflippo/aug2024/install/sllidar_ros2:/home/dkflippo/aug2024/install/pigpio:/home/dkflippo/aug2024/install/my_robot_nav2:/home/dkflippo/aug2024/install/gazebo_ros2_control_demos:/home/dkflippo/ros2_control_ws/install/ros2_controllers:/home/dkflippo/ros2_control_ws/install/velocity_controllers:/home/dkflippo/ros2_control_ws/install/tricycle_steering_controller:/home/dkflippo/ros2_control_ws/install/tricycle_controller:/home/dkflippo/ros2_control_ws/install/ros2_control:/home/dkflippo/ros2_control_ws/install/transmission_interface:/home/dkflippo/ros2_control_ws/install/bicycle_steering_controller:/home/dkflippo/ros2_control_ws/install/ackermann_steering_controller:/home/dkflippo/ros2_control_ws/install/steering_controllers_library:/home/dkflippo/ros2_control_ws/install/hardware_interface_testing:/home/dkflippo/ros2_control_ws/install/controller_manager:/home/dkflippo/ros2_control_ws/install/ros2_control_test_assets:/home/dkflippo/ros2_control_ws/install/range_sensor_broadcaster:/home/dkflippo/ros2_control_ws/install/position_controllers:/home/dkflippo/ros2_control_ws/install/pose_broadcaster:/home/dkflippo/ros2_control_ws/install/pid_controller:/home/dkflippo/ros2_control_ws/install/mecanum_drive_controller:/home/dkflippo/ros2_control_ws/install/joint_trajectory_controller:/home/dkflippo/ros2_control_ws/install/joint_state_broadcaster:/home/dkflippo/ros2_control_ws/install/joint_limits:/home/dkflippo/ros2_control_ws/install/imu_sensor_broadcaster:/home/dkflippo/ros2_control_ws/install/gripper_controllers:/home/dkflippo/ros2_control_ws/install/gpio_controllers:/home/dkflippo/ros2_control_ws/install/effort_controllers:/home/dkflippo/ros2_control_ws/install/forward_command_controller:/home/dkflippo/ros2_control_ws/install/force_torque_sensor_broadcaster:/home/dkflippo/ros2_control_ws/install/diff_drive_controller:/home/dkflippo/ros2_control_ws/install/admittance_controller:/home/dkflippo/ros2_control_ws/install/controller_interface:/home/dkflippo/ros2_control_ws/install/hardware_interface:/home/dkflippo/ros2_control_ws/install/controller_manager_msgs:/home/dkflippo/ros2_control_ws/install/rqt_joint_trajectory_controller:/home/dkflippo/ros2_control_ws/install/rqt_controller_manager:/home/dkflippo/ros2_control_ws/install/ros2controlcli:/home/dkflippo/ros2_control_ws/install/ros2_controllers_test_nodes:/opt/ros/humble LD_LIBRARY_PATH=/home/dkflippo/aug2024/install/gazebo_ros2_control/lib:/home/dkflippo/aug2024/install/BMC_2024/lib:/home/dkflippo/aug2024/install/pigpio/lib:/home/dkflippo/ros2_control_ws/install/velocity_controllers/lib:/home/dkflippo/ros2_control_ws/install/tricycle_steering_controller/lib:/home/dkflippo/ros2_control_ws/install/tricycle_controller/lib:/home/dkflippo/ros2_control_ws/install/transmission_interface/lib:/home/dkflippo/ros2_control_ws/install/bicycle_steering_controller/lib:/home/dkflippo/ros2_control_ws/install/ackermann_steering_controller/lib:/home/dkflippo/ros2_control_ws/install/steering_controllers_library/lib:/home/dkflippo/ros2_control_ws/install/hardware_interface_testing/lib:/home/dkflippo/ros2_control_ws/install/controller_manager/lib:/home/dkflippo/ros2_control_ws/install/range_sensor_broadcaster/lib:/home/dkflippo/ros2_control_ws/install/position_controllers/lib:/home/dkflippo/ros2_control_ws/install/pose_broadcaster/lib:/home/dkflippo/ros2_control_ws/install/pid_controller/lib:/home/dkflippo/ros2_control_ws/install/mecanum_drive_controller/lib:/home/dkflippo/ros2_control_ws/install/joint_trajectory_controller/lib:/home/dkflippo/ros2_control_ws/install/joint_state_broadcaster/lib:/home/dkflippo/ros2_control_ws/install/joint_limits/lib:/home/dkflippo/ros2_control_ws/install/imu_sensor_broadcaster/lib:/home/dkflippo/ros2_control_ws/install/gripper_controllers/lib:/home/dkflippo/ros2_control_ws/install/gpio_controllers/lib:/home/dkflippo/ros2_control_ws/install/effort_controllers/lib:/home/dkflippo/ros2_control_ws/install/forward_command_controller/lib:/home/dkflippo/ros2_control_ws/install/force_torque_sensor_broadcaster/lib:/home/dkflippo/ros2_control_ws/install/diff_drive_controller/lib:/home/dkflippo/ros2_control_ws/install/admittance_controller/lib:/home/dkflippo/ros2_control_ws/install/controller_interface/lib:/home/dkflippo/ros2_control_ws/install/hardware_interface/lib:/home/dkflippo/ros2_control_ws/install/controller_manager_msgs/lib:/usr/lib/x86_64-linux-gnu/gazebo-11/plugins:/opt/ros/humble/opt/rviz_ogre_vendor/lib:/opt/ros/humble/lib/x86_64-linux-gnu:/opt/ros/humble/lib /usr/bin/cmake --install /home/dkflippo/aug2024/build/gazebo_ros2_control_demos
[1.358s] DEBUG:colcon.colcon_core.event_handler.log_command:Invoking command in '/home/dkflippo/aug2024/build/aug_2024': CMAKE_PREFIX_PATH=/home/dkflippo/aug2024/install/BMC_2024:/home/dkflippo/aug2024/install/sllidar_ros2:/home/dkflippo/aug2024/install/aug_2024:/home/dkflippo/aug2024/install/pigpio:/home/dkflippo/aug2024/install/my_robot_nav2:/home/dkflippo/aug2024/install/gazebo_ros2_control_demos:/home/dkflippo/aug2024/install/gazebo_ros2_control:/home/dkflippo/ros2_control_ws/install/ros2_controllers:/home/dkflippo/ros2_control_ws/install/velocity_controllers:/home/dkflippo/ros2_control_ws/install/tricycle_steering_controller:/home/dkflippo/ros2_control_ws/install/tricycle_controller:/home/dkflippo/ros2_control_ws/install/ros2_control:/home/dkflippo/ros2_control_ws/install/transmission_interface:/home/dkflippo/ros2_control_ws/install/bicycle_steering_controller:/home/dkflippo/ros2_control_ws/install/ackermann_steering_controller:/home/dkflippo/ros2_control_ws/install/steering_controllers_library:/home/dkflippo/ros2_control_ws/install/hardware_interface_testing:/home/dkflippo/ros2_control_ws/install/controller_manager:/home/dkflippo/ros2_control_ws/install/ros2_control_test_assets:/home/dkflippo/ros2_control_ws/install/range_sensor_broadcaster:/home/dkflippo/ros2_control_ws/install/position_controllers:/home/dkflippo/ros2_control_ws/install/pose_broadcaster:/home/dkflippo/ros2_control_ws/install/pid_controller:/home/dkflippo/ros2_control_ws/install/mecanum_drive_controller:/home/dkflippo/ros2_control_ws/install/joint_trajectory_controller:/home/dkflippo/ros2_control_ws/install/joint_state_broadcaster:/home/dkflippo/ros2_control_ws/install/joint_limits:/home/dkflippo/ros2_control_ws/install/imu_sensor_broadcaster:/home/dkflippo/ros2_control_ws/install/gripper_controllers:/home/dkflippo/ros2_control_ws/install/gpio_controllers:/home/dkflippo/ros2_control_ws/install/effort_controllers:/home/dkflippo/ros2_control_ws/install/forward_command_controller:/home/dkflippo/ros2_control_ws/install/force_torque_sensor_broadcaster:/home/dkflippo/ros2_control_ws/install/diff_drive_controller:/home/dkflippo/ros2_control_ws/install/admittance_controller:/home/dkflippo/ros2_control_ws/install/controller_interface:/home/dkflippo/ros2_control_ws/install/hardware_interface:/home/dkflippo/ros2_control_ws/install/controller_manager_msgs:/home/dkflippo/ros2_control_ws/install/rqt_joint_trajectory_controller:/home/dkflippo/ros2_control_ws/install/rqt_controller_manager:/home/dkflippo/ros2_control_ws/install/ros2controlcli:/home/dkflippo/ros2_control_ws/install/ros2_controllers_test_nodes:/opt/ros/humble /usr/bin/cmake --build /home/dkflippo/aug2024/build/aug_2024 -- -j12 -l12
[1.372s] Level 1:colcon.colcon_core.environment:create_environment_scripts_only(gazebo_ros2_control_demos)
[1.372s] Level 1:colcon.colcon_core.environment:checking '/home/dkflippo/aug2024/install/gazebo_ros2_control_demos' for CMake module files
[1.374s] Level 1:colcon.colcon_core.environment:checking '/home/dkflippo/aug2024/install/gazebo_ros2_control_demos' for CMake config files
[1.375s] DEBUG:colcon.colcon_core.event_handler.log_command:Invoked command in '/home/dkflippo/aug2024/build/gazebo_ros2_control_demos' returned '0': CMAKE_PREFIX_PATH=/home/dkflippo/aug2024/install/gazebo_ros2_control:/home/dkflippo/aug2024/install/aug_2024:/home/dkflippo/aug2024/install/BMC_2024:/home/dkflippo/aug2024/install/sllidar_ros2:/home/dkflippo/aug2024/install/pigpio:/home/dkflippo/aug2024/install/my_robot_nav2:/home/dkflippo/aug2024/install/gazebo_ros2_control_demos:/home/dkflippo/ros2_control_ws/install/ros2_controllers:/home/dkflippo/ros2_control_ws/install/velocity_controllers:/home/dkflippo/ros2_control_ws/install/tricycle_steering_controller:/home/dkflippo/ros2_control_ws/install/tricycle_controller:/home/dkflippo/ros2_control_ws/install/ros2_control:/home/dkflippo/ros2_control_ws/install/transmission_interface:/home/dkflippo/ros2_control_ws/install/bicycle_steering_controller:/home/dkflippo/ros2_control_ws/install/ackermann_steering_controller:/home/dkflippo/ros2_control_ws/install/steering_controllers_library:/home/dkflippo/ros2_control_ws/install/hardware_interface_testing:/home/dkflippo/ros2_control_ws/install/controller_manager:/home/dkflippo/ros2_control_ws/install/ros2_control_test_assets:/home/dkflippo/ros2_control_ws/install/range_sensor_broadcaster:/home/dkflippo/ros2_control_ws/install/position_controllers:/home/dkflippo/ros2_control_ws/install/pose_broadcaster:/home/dkflippo/ros2_control_ws/install/pid_controller:/home/dkflippo/ros2_control_ws/install/mecanum_drive_controller:/home/dkflippo/ros2_control_ws/install/joint_trajectory_controller:/home/dkflippo/ros2_control_ws/install/joint_state_broadcaster:/home/dkflippo/ros2_control_ws/install/joint_limits:/home/dkflippo/ros2_control_ws/install/imu_sensor_broadcaster:/home/dkflippo/ros2_control_ws/install/gripper_controllers:/home/dkflippo/ros2_control_ws/install/gpio_controllers:/home/dkflippo/ros2_control_ws/install/effort_controllers:/home/dkflippo/ros2_control_ws/install/forward_command_controller:/home/dkflippo/ros2_control_ws/install/force_torque_sensor_broadcaster:/home/dkflippo/ros2_control_ws/install/diff_drive_controller:/home/dkflippo/ros2_control_ws/install/admittance_controller:/home/dkflippo/ros2_control_ws/install/controller_interface:/home/dkflippo/ros2_control_ws/install/hardware_interface:/home/dkflippo/ros2_control_ws/install/controller_manager_msgs:/home/dkflippo/ros2_control_ws/install/rqt_joint_trajectory_controller:/home/dkflippo/ros2_control_ws/install/rqt_controller_manager:/home/dkflippo/ros2_control_ws/install/ros2controlcli:/home/dkflippo/ros2_control_ws/install/ros2_controllers_test_nodes:/opt/ros/humble LD_LIBRARY_PATH=/home/dkflippo/aug2024/install/gazebo_ros2_control/lib:/home/dkflippo/aug2024/install/BMC_2024/lib:/home/dkflippo/aug2024/install/pigpio/lib:/home/dkflippo/ros2_control_ws/install/velocity_controllers/lib:/home/dkflippo/ros2_control_ws/install/tricycle_steering_controller/lib:/home/dkflippo/ros2_control_ws/install/tricycle_controller/lib:/home/dkflippo/ros2_control_ws/install/transmission_interface/lib:/home/dkflippo/ros2_control_ws/install/bicycle_steering_controller/lib:/home/dkflippo/ros2_control_ws/install/ackermann_steering_controller/lib:/home/dkflippo/ros2_control_ws/install/steering_controllers_library/lib:/home/dkflippo/ros2_control_ws/install/hardware_interface_testing/lib:/home/dkflippo/ros2_control_ws/install/controller_manager/lib:/home/dkflippo/ros2_control_ws/install/range_sensor_broadcaster/lib:/home/dkflippo/ros2_control_ws/install/position_controllers/lib:/home/dkflippo/ros2_control_ws/install/pose_broadcaster/lib:/home/dkflippo/ros2_control_ws/install/pid_controller/lib:/home/dkflippo/ros2_control_ws/install/mecanum_drive_controller/lib:/home/dkflippo/ros2_control_ws/install/joint_trajectory_controller/lib:/home/dkflippo/ros2_control_ws/install/joint_state_broadcaster/lib:/home/dkflippo/ros2_control_ws/install/joint_limits/lib:/home/dkflippo/ros2_control_ws/install/imu_sensor_broadcaster/lib:/home/dkflippo/ros2_control_ws/install/gripper_controllers/lib:/home/dkflippo/ros2_control_ws/install/gpio_controllers/lib:/home/dkflippo/ros2_control_ws/install/effort_controllers/lib:/home/dkflippo/ros2_control_ws/install/forward_command_controller/lib:/home/dkflippo/ros2_control_ws/install/force_torque_sensor_broadcaster/lib:/home/dkflippo/ros2_control_ws/install/diff_drive_controller/lib:/home/dkflippo/ros2_control_ws/install/admittance_controller/lib:/home/dkflippo/ros2_control_ws/install/controller_interface/lib:/home/dkflippo/ros2_control_ws/install/hardware_interface/lib:/home/dkflippo/ros2_control_ws/install/controller_manager_msgs/lib:/usr/lib/x86_64-linux-gnu/gazebo-11/plugins:/opt/ros/humble/opt/rviz_ogre_vendor/lib:/opt/ros/humble/lib/x86_64-linux-gnu:/opt/ros/humble/lib /usr/bin/cmake --install /home/dkflippo/aug2024/build/gazebo_ros2_control_demos
[1.375s] Level 1:colcon.colcon_core.shell:create_environment_hook('gazebo_ros2_control_demos', 'cmake_prefix_path')
[1.376s] INFO:colcon.colcon_core.shell:Creating environment hook '/home/dkflippo/aug2024/install/gazebo_ros2_control_demos/share/gazebo_ros2_control_demos/hook/cmake_prefix_path.ps1'
[1.376s] INFO:colcon.colcon_core.shell:Creating environment descriptor '/home/dkflippo/aug2024/install/gazebo_ros2_control_demos/share/gazebo_ros2_control_demos/hook/cmake_prefix_path.dsv'
[1.377s] INFO:colcon.colcon_core.shell:Creating environment hook '/home/dkflippo/aug2024/install/gazebo_ros2_control_demos/share/gazebo_ros2_control_demos/hook/cmake_prefix_path.sh'
[1.377s] Level 1:colcon.colcon_core.environment:checking '/home/dkflippo/aug2024/install/gazebo_ros2_control_demos/lib'
[1.378s] Level 1:colcon.colcon_core.environment:checking '/home/dkflippo/aug2024/install/gazebo_ros2_control_demos/bin'
[1.378s] Level 1:colcon.colcon_core.environment:checking '/home/dkflippo/aug2024/install/gazebo_ros2_control_demos/lib/pkgconfig/gazebo_ros2_control_demos.pc'
[1.378s] Level 1:colcon.colcon_core.environment:checking '/home/dkflippo/aug2024/install/gazebo_ros2_control_demos/lib/python3.10/site-packages'
[1.379s] Level 1:colcon.colcon_core.environment:checking '/home/dkflippo/aug2024/install/gazebo_ros2_control_demos/bin'
[1.380s] INFO:colcon.colcon_core.shell:Creating package script '/home/dkflippo/aug2024/install/gazebo_ros2_control_demos/share/gazebo_ros2_control_demos/package.ps1'
[1.381s] INFO:colcon.colcon_core.shell:Creating package descriptor '/home/dkflippo/aug2024/install/gazebo_ros2_control_demos/share/gazebo_ros2_control_demos/package.dsv'
[1.381s] INFO:colcon.colcon_core.shell:Creating package script '/home/dkflippo/aug2024/install/gazebo_ros2_control_demos/share/gazebo_ros2_control_demos/package.sh'
[1.382s] INFO:colcon.colcon_core.shell:Creating package script '/home/dkflippo/aug2024/install/gazebo_ros2_control_demos/share/gazebo_ros2_control_demos/package.bash'
[1.382s] INFO:colcon.colcon_core.shell:Creating package script '/home/dkflippo/aug2024/install/gazebo_ros2_control_demos/share/gazebo_ros2_control_demos/package.zsh'
[1.383s] Level 1:colcon.colcon_core.environment:create_file_with_runtime_dependencies(/home/dkflippo/aug2024/install/gazebo_ros2_control_demos/share/colcon-core/packages/gazebo_ros2_control_demos)
[1.383s] Level 1:colcon.colcon_core.environment:create_environment_scripts_only(gazebo_ros2_control_demos)
[1.384s] Level 1:colcon.colcon_core.environment:checking '/home/dkflippo/aug2024/install/gazebo_ros2_control_demos' for CMake module files
[1.384s] Level 1:colcon.colcon_core.environment:checking '/home/dkflippo/aug2024/install/gazebo_ros2_control_demos' for CMake config files
[1.385s] Level 1:colcon.colcon_core.shell:create_environment_hook('gazebo_ros2_control_demos', 'cmake_prefix_path')
[1.385s] INFO:colcon.colcon_core.shell:Creating environment hook '/home/dkflippo/aug2024/install/gazebo_ros2_control_demos/share/gazebo_ros2_control_demos/hook/cmake_prefix_path.ps1'
[1.386s] INFO:colcon.colcon_core.shell:Creating environment descriptor '/home/dkflippo/aug2024/install/gazebo_ros2_control_demos/share/gazebo_ros2_control_demos/hook/cmake_prefix_path.dsv'
[1.386s] INFO:colcon.colcon_core.shell:Creating environment hook '/home/dkflippo/aug2024/install/gazebo_ros2_control_demos/share/gazebo_ros2_control_demos/hook/cmake_prefix_path.sh'
[1.387s] Level 1:colcon.colcon_core.environment:checking '/home/dkflippo/aug2024/install/gazebo_ros2_control_demos/lib'
[1.387s] Level 1:colcon.colcon_core.environment:checking '/home/dkflippo/aug2024/install/gazebo_ros2_control_demos/bin'
[1.387s] Level 1:colcon.colcon_core.environment:checking '/home/dkflippo/aug2024/install/gazebo_ros2_control_demos/lib/pkgconfig/gazebo_ros2_control_demos.pc'
[1.387s] Level 1:colcon.colcon_core.environment:checking '/home/dkflippo/aug2024/install/gazebo_ros2_control_demos/lib/python3.10/site-packages'
[1.387s] Level 1:colcon.colcon_core.environment:checking '/home/dkflippo/aug2024/install/gazebo_ros2_control_demos/bin'
[1.388s] INFO:colcon.colcon_core.shell:Creating package script '/home/dkflippo/aug2024/install/gazebo_ros2_control_demos/share/gazebo_ros2_control_demos/package.ps1'
[1.388s] INFO:colcon.colcon_core.shell:Creating package descriptor '/home/dkflippo/aug2024/install/gazebo_ros2_control_demos/share/gazebo_ros2_control_demos/package.dsv'
[1.389s] INFO:colcon.colcon_core.shell:Creating package script '/home/dkflippo/aug2024/install/gazebo_ros2_control_demos/share/gazebo_ros2_control_demos/package.sh'
[1.389s] INFO:colcon.colcon_core.shell:Creating package script '/home/dkflippo/aug2024/install/gazebo_ros2_control_demos/share/gazebo_ros2_control_demos/package.bash'
[1.390s] INFO:colcon.colcon_core.shell:Creating package script '/home/dkflippo/aug2024/install/gazebo_ros2_control_demos/share/gazebo_ros2_control_demos/package.zsh'
[1.391s] Level 1:colcon.colcon_core.environment:create_file_with_runtime_dependencies(/home/dkflippo/aug2024/install/gazebo_ros2_control_demos/share/colcon-core/packages/gazebo_ros2_control_demos)
[1.514s] DEBUG:colcon.colcon_core.event_handler.log_command:Invoked command in '/home/dkflippo/aug2024/build/aug_2024' returned '0': CMAKE_PREFIX_PATH=/home/dkflippo/aug2024/install/BMC_2024:/home/dkflippo/aug2024/install/sllidar_ros2:/home/dkflippo/aug2024/install/aug_2024:/home/dkflippo/aug2024/install/pigpio:/home/dkflippo/aug2024/install/my_robot_nav2:/home/dkflippo/aug2024/install/gazebo_ros2_control_demos:/home/dkflippo/aug2024/install/gazebo_ros2_control:/home/dkflippo/ros2_control_ws/install/ros2_controllers:/home/dkflippo/ros2_control_ws/install/velocity_controllers:/home/dkflippo/ros2_control_ws/install/tricycle_steering_controller:/home/dkflippo/ros2_control_ws/install/tricycle_controller:/home/dkflippo/ros2_control_ws/install/ros2_control:/home/dkflippo/ros2_control_ws/install/transmission_interface:/home/dkflippo/ros2_control_ws/install/bicycle_steering_controller:/home/dkflippo/ros2_control_ws/install/ackermann_steering_controller:/home/dkflippo/ros2_control_ws/install/steering_controllers_library:/home/dkflippo/ros2_control_ws/install/hardware_interface_testing:/home/dkflippo/ros2_control_ws/install/controller_manager:/home/dkflippo/ros2_control_ws/install/ros2_control_test_assets:/home/dkflippo/ros2_control_ws/install/range_sensor_broadcaster:/home/dkflippo/ros2_control_ws/install/position_controllers:/home/dkflippo/ros2_control_ws/install/pose_broadcaster:/home/dkflippo/ros2_control_ws/install/pid_controller:/home/dkflippo/ros2_control_ws/install/mecanum_drive_controller:/home/dkflippo/ros2_control_ws/install/joint_trajectory_controller:/home/dkflippo/ros2_control_ws/install/joint_state_broadcaster:/home/dkflippo/ros2_control_ws/install/joint_limits:/home/dkflippo/ros2_control_ws/install/imu_sensor_broadcaster:/home/dkflippo/ros2_control_ws/install/gripper_controllers:/home/dkflippo/ros2_control_ws/install/gpio_controllers:/home/dkflippo/ros2_control_ws/install/effort_controllers:/home/dkflippo/ros2_control_ws/install/forward_command_controller:/home/dkflippo/ros2_control_ws/install/force_torque_sensor_broadcaster:/home/dkflippo/ros2_control_ws/install/diff_drive_controller:/home/dkflippo/ros2_control_ws/install/admittance_controller:/home/dkflippo/ros2_control_ws/install/controller_interface:/home/dkflippo/ros2_control_ws/install/hardware_interface:/home/dkflippo/ros2_control_ws/install/controller_manager_msgs:/home/dkflippo/ros2_control_ws/install/rqt_joint_trajectory_controller:/home/dkflippo/ros2_control_ws/install/rqt_controller_manager:/home/dkflippo/ros2_control_ws/install/ros2controlcli:/home/dkflippo/ros2_control_ws/install/ros2_controllers_test_nodes:/opt/ros/humble /usr/bin/cmake --build /home/dkflippo/aug2024/build/aug_2024 -- -j12 -l12
[1.519s] DEBUG:colcon.colcon_core.event_handler.log_command:Invoking command in '/home/dkflippo/aug2024/build/aug_2024': CMAKE_PREFIX_PATH=/home/dkflippo/aug2024/install/BMC_2024:/home/dkflippo/aug2024/install/sllidar_ros2:/home/dkflippo/aug2024/install/aug_2024:/home/dkflippo/aug2024/install/pigpio:/home/dkflippo/aug2024/install/my_robot_nav2:/home/dkflippo/aug2024/install/gazebo_ros2_control_demos:/home/dkflippo/aug2024/install/gazebo_ros2_control:/home/dkflippo/ros2_control_ws/install/ros2_controllers:/home/dkflippo/ros2_control_ws/install/velocity_controllers:/home/dkflippo/ros2_control_ws/install/tricycle_steering_controller:/home/dkflippo/ros2_control_ws/install/tricycle_controller:/home/dkflippo/ros2_control_ws/install/ros2_control:/home/dkflippo/ros2_control_ws/install/transmission_interface:/home/dkflippo/ros2_control_ws/install/bicycle_steering_controller:/home/dkflippo/ros2_control_ws/install/ackermann_steering_controller:/home/dkflippo/ros2_control_ws/install/steering_controllers_library:/home/dkflippo/ros2_control_ws/install/hardware_interface_testing:/home/dkflippo/ros2_control_ws/install/controller_manager:/home/dkflippo/ros2_control_ws/install/ros2_control_test_assets:/home/dkflippo/ros2_control_ws/install/range_sensor_broadcaster:/home/dkflippo/ros2_control_ws/install/position_controllers:/home/dkflippo/ros2_control_ws/install/pose_broadcaster:/home/dkflippo/ros2_control_ws/install/pid_controller:/home/dkflippo/ros2_control_ws/install/mecanum_drive_controller:/home/dkflippo/ros2_control_ws/install/joint_trajectory_controller:/home/dkflippo/ros2_control_ws/install/joint_state_broadcaster:/home/dkflippo/ros2_control_ws/install/joint_limits:/home/dkflippo/ros2_control_ws/install/imu_sensor_broadcaster:/home/dkflippo/ros2_control_ws/install/gripper_controllers:/home/dkflippo/ros2_control_ws/install/gpio_controllers:/home/dkflippo/ros2_control_ws/install/effort_controllers:/home/dkflippo/ros2_control_ws/install/forward_command_controller:/home/dkflippo/ros2_control_ws/install/force_torque_sensor_broadcaster:/home/dkflippo/ros2_control_ws/install/diff_drive_controller:/home/dkflippo/ros2_control_ws/install/admittance_controller:/home/dkflippo/ros2_control_ws/install/controller_interface:/home/dkflippo/ros2_control_ws/install/hardware_interface:/home/dkflippo/ros2_control_ws/install/controller_manager_msgs:/home/dkflippo/ros2_control_ws/install/rqt_joint_trajectory_controller:/home/dkflippo/ros2_control_ws/install/rqt_controller_manager:/home/dkflippo/ros2_control_ws/install/ros2controlcli:/home/dkflippo/ros2_control_ws/install/ros2_controllers_test_nodes:/opt/ros/humble /usr/bin/cmake --install /home/dkflippo/aug2024/build/aug_2024
[1.546s] Level 1:colcon.colcon_core.environment:create_environment_scripts_only(aug_2024)
[1.546s] Level 1:colcon.colcon_core.environment:checking '/home/dkflippo/aug2024/install/aug_2024' for CMake module files
[1.547s] DEBUG:colcon.colcon_core.event_handler.log_command:Invoked command in '/home/dkflippo/aug2024/build/aug_2024' returned '0': CMAKE_PREFIX_PATH=/home/dkflippo/aug2024/install/BMC_2024:/home/dkflippo/aug2024/install/sllidar_ros2:/home/dkflippo/aug2024/install/aug_2024:/home/dkflippo/aug2024/install/pigpio:/home/dkflippo/aug2024/install/my_robot_nav2:/home/dkflippo/aug2024/install/gazebo_ros2_control_demos:/home/dkflippo/aug2024/install/gazebo_ros2_control:/home/dkflippo/ros2_control_ws/install/ros2_controllers:/home/dkflippo/ros2_control_ws/install/velocity_controllers:/home/dkflippo/ros2_control_ws/install/tricycle_steering_controller:/home/dkflippo/ros2_control_ws/install/tricycle_controller:/home/dkflippo/ros2_control_ws/install/ros2_control:/home/dkflippo/ros2_control_ws/install/transmission_interface:/home/dkflippo/ros2_control_ws/install/bicycle_steering_controller:/home/dkflippo/ros2_control_ws/install/ackermann_steering_controller:/home/dkflippo/ros2_control_ws/install/steering_controllers_library:/home/dkflippo/ros2_control_ws/install/hardware_interface_testing:/home/dkflippo/ros2_control_ws/install/controller_manager:/home/dkflippo/ros2_control_ws/install/ros2_control_test_assets:/home/dkflippo/ros2_control_ws/install/range_sensor_broadcaster:/home/dkflippo/ros2_control_ws/install/position_controllers:/home/dkflippo/ros2_control_ws/install/pose_broadcaster:/home/dkflippo/ros2_control_ws/install/pid_controller:/home/dkflippo/ros2_control_ws/install/mecanum_drive_controller:/home/dkflippo/ros2_control_ws/install/joint_trajectory_controller:/home/dkflippo/ros2_control_ws/install/joint_state_broadcaster:/home/dkflippo/ros2_control_ws/install/joint_limits:/home/dkflippo/ros2_control_ws/install/imu_sensor_broadcaster:/home/dkflippo/ros2_control_ws/install/gripper_controllers:/home/dkflippo/ros2_control_ws/install/gpio_controllers:/home/dkflippo/ros2_control_ws/install/effort_controllers:/home/dkflippo/ros2_control_ws/install/forward_command_controller:/home/dkflippo/ros2_control_ws/install/force_torque_sensor_broadcaster:/home/dkflippo/ros2_control_ws/install/diff_drive_controller:/home/dkflippo/ros2_control_ws/install/admittance_controller:/home/dkflippo/ros2_control_ws/install/controller_interface:/home/dkflippo/ros2_control_ws/install/hardware_interface:/home/dkflippo/ros2_control_ws/install/controller_manager_msgs:/home/dkflippo/ros2_control_ws/install/rqt_joint_trajectory_controller:/home/dkflippo/ros2_control_ws/install/rqt_controller_manager:/home/dkflippo/ros2_control_ws/install/ros2controlcli:/home/dkflippo/ros2_control_ws/install/ros2_controllers_test_nodes:/opt/ros/humble /usr/bin/cmake --install /home/dkflippo/aug2024/build/aug_2024
[1.547s] Level 1:colcon.colcon_core.environment:checking '/home/dkflippo/aug2024/install/aug_2024' for CMake config files
[1.547s] Level 1:colcon.colcon_core.shell:create_environment_hook('aug_2024', 'cmake_prefix_path')
[1.548s] INFO:colcon.colcon_core.shell:Creating environment hook '/home/dkflippo/aug2024/install/aug_2024/share/aug_2024/hook/cmake_prefix_path.ps1'
[1.548s] INFO:colcon.colcon_core.shell:Creating environment descriptor '/home/dkflippo/aug2024/install/aug_2024/share/aug_2024/hook/cmake_prefix_path.dsv'
[1.549s] INFO:colcon.colcon_core.shell:Creating environment hook '/home/dkflippo/aug2024/install/aug_2024/share/aug_2024/hook/cmake_prefix_path.sh'
[1.550s] Level 1:colcon.colcon_core.environment:checking '/home/dkflippo/aug2024/install/aug_2024/lib'
[1.550s] Level 1:colcon.colcon_core.environment:checking '/home/dkflippo/aug2024/install/aug_2024/bin'
[1.550s] Level 1:colcon.colcon_core.environment:checking '/home/dkflippo/aug2024/install/aug_2024/lib/pkgconfig/aug_2024.pc'
[1.551s] Level 1:colcon.colcon_core.environment:checking '/home/dkflippo/aug2024/install/aug_2024/lib/python3.10/site-packages'
[1.551s] Level 1:colcon.colcon_core.environment:checking '/home/dkflippo/aug2024/install/aug_2024/bin'
[1.552s] INFO:colcon.colcon_core.shell:Creating package script '/home/dkflippo/aug2024/install/aug_2024/share/aug_2024/package.ps1'
[1.553s] INFO:colcon.colcon_core.shell:Creating package descriptor '/home/dkflippo/aug2024/install/aug_2024/share/aug_2024/package.dsv'
[1.554s] INFO:colcon.colcon_core.shell:Creating package script '/home/dkflippo/aug2024/install/aug_2024/share/aug_2024/package.sh'
[1.554s] INFO:colcon.colcon_core.shell:Creating package script '/home/dkflippo/aug2024/install/aug_2024/share/aug_2024/package.bash'
[1.555s] INFO:colcon.colcon_core.shell:Creating package script '/home/dkflippo/aug2024/install/aug_2024/share/aug_2024/package.zsh'
[1.555s] Level 1:colcon.colcon_core.environment:create_file_with_runtime_dependencies(/home/dkflippo/aug2024/install/aug_2024/share/colcon-core/packages/aug_2024)
[1.556s] Level 1:colcon.colcon_core.environment:create_environment_scripts_only(aug_2024)
[1.556s] Level 1:colcon.colcon_core.environment:checking '/home/dkflippo/aug2024/install/aug_2024' for CMake module files
[1.556s] Level 1:colcon.colcon_core.environment:checking '/home/dkflippo/aug2024/install/aug_2024' for CMake config files
[1.557s] Level 1:colcon.colcon_core.shell:create_environment_hook('aug_2024', 'cmake_prefix_path')
[1.557s] INFO:colcon.colcon_core.shell:Creating environment hook '/home/dkflippo/aug2024/install/aug_2024/share/aug_2024/hook/cmake_prefix_path.ps1'
[1.557s] INFO:colcon.colcon_core.shell:Creating environment descriptor '/home/dkflippo/aug2024/install/aug_2024/share/aug_2024/hook/cmake_prefix_path.dsv'
[1.558s] INFO:colcon.colcon_core.shell:Creating environment hook '/home/dkflippo/aug2024/install/aug_2024/share/aug_2024/hook/cmake_prefix_path.sh'
[1.558s] Level 1:colcon.colcon_core.environment:checking '/home/dkflippo/aug2024/install/aug_2024/lib'
[1.558s] Level 1:colcon.colcon_core.environment:checking '/home/dkflippo/aug2024/install/aug_2024/bin'
[1.558s] Level 1:colcon.colcon_core.environment:checking '/home/dkflippo/aug2024/install/aug_2024/lib/pkgconfig/aug_2024.pc'
[1.559s] Level 1:colcon.colcon_core.environment:checking '/home/dkflippo/aug2024/install/aug_2024/lib/python3.10/site-packages'
[1.559s] Level 1:colcon.colcon_core.environment:checking '/home/dkflippo/aug2024/install/aug_2024/bin'
[1.559s] INFO:colcon.colcon_core.shell:Creating package script '/home/dkflippo/aug2024/install/aug_2024/share/aug_2024/package.ps1'
[1.560s] INFO:colcon.colcon_core.shell:Creating package descriptor '/home/dkflippo/aug2024/install/aug_2024/share/aug_2024/package.dsv'
[1.561s] INFO:colcon.colcon_core.shell:Creating package script '/home/dkflippo/aug2024/install/aug_2024/share/aug_2024/package.sh'
[1.561s] INFO:colcon.colcon_core.shell:Creating package script '/home/dkflippo/aug2024/install/aug_2024/share/aug_2024/package.bash'
[1.562s] INFO:colcon.colcon_core.shell:Creating package script '/home/dkflippo/aug2024/install/aug_2024/share/aug_2024/package.zsh'
[1.562s] Level 1:colcon.colcon_core.environment:create_file_with_runtime_dependencies(/home/dkflippo/aug2024/install/aug_2024/share/colcon-core/packages/aug_2024)
[1.563s] DEBUG:colcon.colcon_parallel_executor.executor.parallel:closing loop
[1.563s] DEBUG:colcon.colcon_parallel_executor.executor.parallel:loop closed
[1.564s] DEBUG:colcon.colcon_parallel_executor.executor.parallel:run_until_complete finished with '0'
[1.564s] DEBUG:colcon.colcon_core.event_reactor:joining thread
[1.573s] INFO:colcon.colcon_core.plugin_system:Skipping extension 'colcon_notification.desktop_notification.terminal_notifier': Not used on non-Darwin systems
[1.574s] INFO:colcon.colcon_core.plugin_system:Skipping extension 'colcon_notification.desktop_notification.win32': Not used on non-Windows systems
[1.574s] INFO:colcon.colcon_notification.desktop_notification:Sending desktop notification using 'notify2'
[1.595s] DEBUG:colcon.colcon_core.event_reactor:joined thread
[1.595s] INFO:colcon.colcon_core.shell:Creating prefix script '/home/dkflippo/aug2024/install/local_setup.ps1'
[1.596s] INFO:colcon.colcon_core.shell:Creating prefix util module '/home/dkflippo/aug2024/install/_local_setup_util_ps1.py'
[1.598s] INFO:colcon.colcon_core.shell:Creating prefix chain script '/home/dkflippo/aug2024/install/setup.ps1'
[1.605s] INFO:colcon.colcon_core.shell:Creating prefix script '/home/dkflippo/aug2024/install/local_setup.sh'
[1.606s] INFO:colcon.colcon_core.shell:Creating prefix util module '/home/dkflippo/aug2024/install/_local_setup_util_sh.py'
[1.607s] INFO:colcon.colcon_core.shell:Creating prefix chain script '/home/dkflippo/aug2024/install/setup.sh'
[1.614s] INFO:colcon.colcon_core.shell:Creating prefix script '/home/dkflippo/aug2024/install/local_setup.bash'
[1.614s] INFO:colcon.colcon_core.shell:Creating prefix chain script '/home/dkflippo/aug2024/install/setup.bash'
[1.620s] INFO:colcon.colcon_core.shell:Creating prefix script '/home/dkflippo/aug2024/install/local_setup.zsh'
[1.621s] INFO:colcon.colcon_core.shell:Creating prefix chain script '/home/dkflippo/aug2024/install/setup.zsh'
