[0.136s] DEBUG:colcon:Command line arguments: ['/usr/bin/colcon', 'build']
[0.136s] DEBUG:colcon:Parsed command line arguments: Namespace(log_base=None, log_level=None, verb_name='build', build_base='build', install_base='install', merge_install=False, symlink_install=False, test_result_base=None, continue_on_error=False, executor='parallel', parallel_workers=12, event_handlers=None, ignore_user_meta=False, metas=['./colcon.meta'], base_paths=['.'], packages_ignore=None, packages_ignore_regex=None, paths=None, packages_up_to=None, packages_up_to_regex=None, packages_above=None, packages_above_and_dependencies=None, packages_above_depth=None, packages_select_by_dep=None, packages_skip_by_dep=None, packages_skip_up_to=None, packages_select_build_failed=False, packages_skip_build_finished=False, packages_select_test_failures=False, packages_skip_test_passed=False, packages_select=None, packages_skip=None, packages_select_regex=None, packages_skip_regex=None, packages_start=None, packages_end=None, allow_overriding=[], cmake_args=None, cmake_target=None, cmake_target_skip_unavailable=False, cmake_clean_cache=False, cmake_clean_first=False, cmake_force_configure=False, ament_cmake_args=None, catkin_cmake_args=None, catkin_skip_building_tests=False, mixin_files=None, mixin=None, verb_parser=<colcon_mixin.mixin.mixin_argument.MixinArgumentDecorator object at 0x7c039f227e80>, verb_extension=<colcon_core.verb.build.BuildVerb object at 0x7c039f227850>, main=<bound method BuildVerb.main of <colcon_core.verb.build.BuildVerb object at 0x7c039f227850>>, mixin_verb=('build',))
[0.339s] Level 1:colcon.colcon_core.package_discovery:discover_packages(colcon_meta) check parameters
[0.339s] Level 1:colcon.colcon_core.package_discovery:discover_packages(recursive) check parameters
[0.339s] Level 1:colcon.colcon_core.package_discovery:discover_packages(ignore) check parameters
[0.339s] Level 1:colcon.colcon_core.package_discovery:discover_packages(path) check parameters
[0.339s] Level 1:colcon.colcon_core.package_discovery:discover_packages(colcon_meta) discover
[0.339s] Level 1:colcon.colcon_core.package_discovery:discover_packages(recursive) discover
[0.339s] INFO:colcon.colcon_core.package_discovery:Crawling recursively for packages in '/home/dkflippo/aug2024'
[0.339s] Level 1:colcon.colcon_core.package_identification:_identify(.) by extensions ['ignore', 'ignore_ament_install']
[0.339s] Level 1:colcon.colcon_core.package_identification:_identify(.) by extension 'ignore'
[0.339s] Level 1:colcon.colcon_core.package_identification:_identify(.) by extension 'ignore_ament_install'
[0.339s] Level 1:colcon.colcon_core.package_identification:_identify(.) by extensions ['colcon_pkg']
[0.339s] Level 1:colcon.colcon_core.package_identification:_identify(.) by extension 'colcon_pkg'
[0.339s] Level 1:colcon.colcon_core.package_identification:_identify(.) by extensions ['colcon_meta']
[0.339s] Level 1:colcon.colcon_core.package_identification:_identify(.) by extension 'colcon_meta'
[0.339s] Level 1:colcon.colcon_core.package_identification:_identify(.) by extensions ['ros']
[0.339s] Level 1:colcon.colcon_core.package_identification:_identify(.) by extension 'ros'
[0.350s] Level 1:colcon.colcon_core.package_identification:_identify(.) by extensions ['cmake', 'python']
[0.350s] Level 1:colcon.colcon_core.package_identification:_identify(.) by extension 'cmake'
[0.350s] Level 1:colcon.colcon_core.package_identification:_identify(.) by extension 'python'
[0.350s] Level 1:colcon.colcon_core.package_identification:_identify(.) by extensions ['python_setup_py']
[0.350s] Level 1:colcon.colcon_core.package_identification:_identify(.) by extension 'python_setup_py'
[0.350s] Level 1:colcon.colcon_core.package_identification:_identify(build) by extensions ['ignore', 'ignore_ament_install']
[0.350s] Level 1:colcon.colcon_core.package_identification:_identify(build) by extension 'ignore'
[0.350s] Level 1:colcon.colcon_core.package_identification:_identify(build) ignored
[0.350s] Level 1:colcon.colcon_core.package_identification:_identify(install) by extensions ['ignore', 'ignore_ament_install']
[0.350s] Level 1:colcon.colcon_core.package_identification:_identify(install) by extension 'ignore'
[0.350s] Level 1:colcon.colcon_core.package_identification:_identify(install) ignored
[0.350s] Level 1:colcon.colcon_core.package_identification:_identify(log) by extensions ['ignore', 'ignore_ament_install']
[0.351s] Level 1:colcon.colcon_core.package_identification:_identify(log) by extension 'ignore'
[0.351s] Level 1:colcon.colcon_core.package_identification:_identify(log) ignored
[0.351s] Level 1:colcon.colcon_core.package_identification:_identify(src) by extensions ['ignore', 'ignore_ament_install']
[0.351s] Level 1:colcon.colcon_core.package_identification:_identify(src) by extension 'ignore'
[0.351s] Level 1:colcon.colcon_core.package_identification:_identify(src) by extension 'ignore_ament_install'
[0.351s] Level 1:colcon.colcon_core.package_identification:_identify(src) by extensions ['colcon_pkg']
[0.351s] Level 1:colcon.colcon_core.package_identification:_identify(src) by extension 'colcon_pkg'
[0.351s] Level 1:colcon.colcon_core.package_identification:_identify(src) by extensions ['colcon_meta']
[0.351s] Level 1:colcon.colcon_core.package_identification:_identify(src) by extension 'colcon_meta'
[0.351s] Level 1:colcon.colcon_core.package_identification:_identify(src) by extensions ['ros']
[0.351s] Level 1:colcon.colcon_core.package_identification:_identify(src) by extension 'ros'
[0.351s] Level 1:colcon.colcon_core.package_identification:_identify(src) by extensions ['cmake', 'python']
[0.351s] Level 1:colcon.colcon_core.package_identification:_identify(src) by extension 'cmake'
[0.351s] Level 1:colcon.colcon_core.package_identification:_identify(src) by extension 'python'
[0.351s] Level 1:colcon.colcon_core.package_identification:_identify(src) by extensions ['python_setup_py']
[0.351s] Level 1:colcon.colcon_core.package_identification:_identify(src) by extension 'python_setup_py'
[0.351s] Level 1:colcon.colcon_core.package_identification:_identify(src/BMC_2024) by extensions ['ignore', 'ignore_ament_install']
[0.351s] Level 1:colcon.colcon_core.package_identification:_identify(src/BMC_2024) by extension 'ignore'
[0.351s] Level 1:colcon.colcon_core.package_identification:_identify(src/BMC_2024) by extension 'ignore_ament_install'
[0.351s] Level 1:colcon.colcon_core.package_identification:_identify(src/BMC_2024) by extensions ['colcon_pkg']
[0.352s] Level 1:colcon.colcon_core.package_identification:_identify(src/BMC_2024) by extension 'colcon_pkg'
[0.352s] Level 1:colcon.colcon_core.package_identification:_identify(src/BMC_2024) by extensions ['colcon_meta']
[0.352s] Level 1:colcon.colcon_core.package_identification:_identify(src/BMC_2024) by extension 'colcon_meta'
[0.352s] Level 1:colcon.colcon_core.package_identification:_identify(src/BMC_2024) by extensions ['ros']
[0.352s] Level 1:colcon.colcon_core.package_identification:_identify(src/BMC_2024) by extension 'ros'
[0.355s] DEBUG:colcon.colcon_core.package_identification:Package 'src/BMC_2024' with type 'ros.ament_cmake' and name 'BMC_2024'
[0.355s] Level 1:colcon.colcon_core.package_identification:_identify(src/aug_2024) by extensions ['ignore', 'ignore_ament_install']
[0.356s] Level 1:colcon.colcon_core.package_identification:_identify(src/aug_2024) by extension 'ignore'
[0.356s] Level 1:colcon.colcon_core.package_identification:_identify(src/aug_2024) by extension 'ignore_ament_install'
[0.356s] Level 1:colcon.colcon_core.package_identification:_identify(src/aug_2024) by extensions ['colcon_pkg']
[0.356s] Level 1:colcon.colcon_core.package_identification:_identify(src/aug_2024) by extension 'colcon_pkg'
[0.356s] Level 1:colcon.colcon_core.package_identification:_identify(src/aug_2024) by extensions ['colcon_meta']
[0.356s] Level 1:colcon.colcon_core.package_identification:_identify(src/aug_2024) by extension 'colcon_meta'
[0.356s] Level 1:colcon.colcon_core.package_identification:_identify(src/aug_2024) by extensions ['ros']
[0.356s] Level 1:colcon.colcon_core.package_identification:_identify(src/aug_2024) by extension 'ros'
[0.358s] DEBUG:colcon.colcon_core.package_identification:Package 'src/aug_2024' with type 'ros.ament_cmake' and name 'aug_2024'
[0.358s] Level 1:colcon.colcon_core.package_identification:_identify(src/bmc_2024) by extensions ['ignore', 'ignore_ament_install']
[0.358s] Level 1:colcon.colcon_core.package_identification:_identify(src/bmc_2024) by extension 'ignore'
[0.358s] Level 1:colcon.colcon_core.package_identification:_identify(src/bmc_2024) by extension 'ignore_ament_install'
[0.358s] Level 1:colcon.colcon_core.package_identification:_identify(src/bmc_2024) by extensions ['colcon_pkg']
[0.358s] Level 1:colcon.colcon_core.package_identification:_identify(src/bmc_2024) by extension 'colcon_pkg'
[0.358s] Level 1:colcon.colcon_core.package_identification:_identify(src/bmc_2024) by extensions ['colcon_meta']
[0.358s] Level 1:colcon.colcon_core.package_identification:_identify(src/bmc_2024) by extension 'colcon_meta'
[0.358s] Level 1:colcon.colcon_core.package_identification:_identify(src/bmc_2024) by extensions ['ros']
[0.358s] Level 1:colcon.colcon_core.package_identification:_identify(src/bmc_2024) by extension 'ros'
[0.358s] Level 1:colcon.colcon_core.package_identification:_identify(src/bmc_2024) by extensions ['cmake', 'python']
[0.358s] Level 1:colcon.colcon_core.package_identification:_identify(src/bmc_2024) by extension 'cmake'
[0.358s] Level 1:colcon.colcon_core.package_identification:_identify(src/bmc_2024) by extension 'python'
[0.358s] Level 1:colcon.colcon_core.package_identification:_identify(src/bmc_2024) by extensions ['python_setup_py']
[0.358s] Level 1:colcon.colcon_core.package_identification:_identify(src/bmc_2024) by extension 'python_setup_py'
[0.358s] Level 1:colcon.colcon_core.package_identification:_identify(src/bmc_2024/hardware) by extensions ['ignore', 'ignore_ament_install']
[0.359s] Level 1:colcon.colcon_core.package_identification:_identify(src/bmc_2024/hardware) by extension 'ignore'
[0.359s] Level 1:colcon.colcon_core.package_identification:_identify(src/bmc_2024/hardware) by extension 'ignore_ament_install'
[0.359s] Level 1:colcon.colcon_core.package_identification:_identify(src/bmc_2024/hardware) by extensions ['colcon_pkg']
[0.359s] Level 1:colcon.colcon_core.package_identification:_identify(src/bmc_2024/hardware) by extension 'colcon_pkg'
[0.359s] Level 1:colcon.colcon_core.package_identification:_identify(src/bmc_2024/hardware) by extensions ['colcon_meta']
[0.359s] Level 1:colcon.colcon_core.package_identification:_identify(src/bmc_2024/hardware) by extension 'colcon_meta'
[0.359s] Level 1:colcon.colcon_core.package_identification:_identify(src/bmc_2024/hardware) by extensions ['ros']
[0.359s] Level 1:colcon.colcon_core.package_identification:_identify(src/bmc_2024/hardware) by extension 'ros'
[0.359s] Level 1:colcon.colcon_core.package_identification:_identify(src/bmc_2024/hardware) by extensions ['cmake', 'python']
[0.359s] Level 1:colcon.colcon_core.package_identification:_identify(src/bmc_2024/hardware) by extension 'cmake'
[0.359s] Level 1:colcon.colcon_core.package_identification:_identify(src/bmc_2024/hardware) by extension 'python'
[0.359s] Level 1:colcon.colcon_core.package_identification:_identify(src/bmc_2024/hardware) by extensions ['python_setup_py']
[0.359s] Level 1:colcon.colcon_core.package_identification:_identify(src/bmc_2024/hardware) by extension 'python_setup_py'
[0.359s] Level 1:colcon.colcon_core.package_identification:_identify(src/bmc_2024/hardware/include) by extensions ['ignore', 'ignore_ament_install']
[0.359s] Level 1:colcon.colcon_core.package_identification:_identify(src/bmc_2024/hardware/include) by extension 'ignore'
[0.359s] Level 1:colcon.colcon_core.package_identification:_identify(src/bmc_2024/hardware/include) by extension 'ignore_ament_install'
[0.359s] Level 1:colcon.colcon_core.package_identification:_identify(src/bmc_2024/hardware/include) by extensions ['colcon_pkg']
[0.359s] Level 1:colcon.colcon_core.package_identification:_identify(src/bmc_2024/hardware/include) by extension 'colcon_pkg'
[0.359s] Level 1:colcon.colcon_core.package_identification:_identify(src/bmc_2024/hardware/include) by extensions ['colcon_meta']
[0.359s] Level 1:colcon.colcon_core.package_identification:_identify(src/bmc_2024/hardware/include) by extension 'colcon_meta'
[0.359s] Level 1:colcon.colcon_core.package_identification:_identify(src/bmc_2024/hardware/include) by extensions ['ros']
[0.360s] Level 1:colcon.colcon_core.package_identification:_identify(src/bmc_2024/hardware/include) by extension 'ros'
[0.360s] Level 1:colcon.colcon_core.package_identification:_identify(src/bmc_2024/hardware/include) by extensions ['cmake', 'python']
[0.360s] Level 1:colcon.colcon_core.package_identification:_identify(src/bmc_2024/hardware/include) by extension 'cmake'
[0.360s] Level 1:colcon.colcon_core.package_identification:_identify(src/bmc_2024/hardware/include) by extension 'python'
[0.360s] Level 1:colcon.colcon_core.package_identification:_identify(src/bmc_2024/hardware/include) by extensions ['python_setup_py']
[0.360s] Level 1:colcon.colcon_core.package_identification:_identify(src/bmc_2024/hardware/include) by extension 'python_setup_py'
[0.360s] Level 1:colcon.colcon_core.package_identification:_identify(src/bmc_2024/hardware/include/rowbot_bmc) by extensions ['ignore', 'ignore_ament_install']
[0.360s] Level 1:colcon.colcon_core.package_identification:_identify(src/bmc_2024/hardware/include/rowbot_bmc) by extension 'ignore'
[0.360s] Level 1:colcon.colcon_core.package_identification:_identify(src/bmc_2024/hardware/include/rowbot_bmc) by extension 'ignore_ament_install'
[0.360s] Level 1:colcon.colcon_core.package_identification:_identify(src/bmc_2024/hardware/include/rowbot_bmc) by extensions ['colcon_pkg']
[0.360s] Level 1:colcon.colcon_core.package_identification:_identify(src/bmc_2024/hardware/include/rowbot_bmc) by extension 'colcon_pkg'
[0.360s] Level 1:colcon.colcon_core.package_identification:_identify(src/bmc_2024/hardware/include/rowbot_bmc) by extensions ['colcon_meta']
[0.360s] Level 1:colcon.colcon_core.package_identification:_identify(src/bmc_2024/hardware/include/rowbot_bmc) by extension 'colcon_meta'
[0.360s] Level 1:colcon.colcon_core.package_identification:_identify(src/bmc_2024/hardware/include/rowbot_bmc) by extensions ['ros']
[0.360s] Level 1:colcon.colcon_core.package_identification:_identify(src/bmc_2024/hardware/include/rowbot_bmc) by extension 'ros'
[0.360s] Level 1:colcon.colcon_core.package_identification:_identify(src/bmc_2024/hardware/include/rowbot_bmc) by extensions ['cmake', 'python']
[0.360s] Level 1:colcon.colcon_core.package_identification:_identify(src/bmc_2024/hardware/include/rowbot_bmc) by extension 'cmake'
[0.360s] Level 1:colcon.colcon_core.package_identification:_identify(src/bmc_2024/hardware/include/rowbot_bmc) by extension 'python'
[0.360s] Level 1:colcon.colcon_core.package_identification:_identify(src/bmc_2024/hardware/include/rowbot_bmc) by extensions ['python_setup_py']
[0.360s] Level 1:colcon.colcon_core.package_identification:_identify(src/bmc_2024/hardware/include/rowbot_bmc) by extension 'python_setup_py'
[0.361s] Level 1:colcon.colcon_core.package_identification:_identify(src/bmc_2024/include) by extensions ['ignore', 'ignore_ament_install']
[0.361s] Level 1:colcon.colcon_core.package_identification:_identify(src/bmc_2024/include) by extension 'ignore'
[0.361s] Level 1:colcon.colcon_core.package_identification:_identify(src/bmc_2024/include) by extension 'ignore_ament_install'
[0.361s] Level 1:colcon.colcon_core.package_identification:_identify(src/bmc_2024/include) by extensions ['colcon_pkg']
[0.361s] Level 1:colcon.colcon_core.package_identification:_identify(src/bmc_2024/include) by extension 'colcon_pkg'
[0.361s] Level 1:colcon.colcon_core.package_identification:_identify(src/bmc_2024/include) by extensions ['colcon_meta']
[0.361s] Level 1:colcon.colcon_core.package_identification:_identify(src/bmc_2024/include) by extension 'colcon_meta'
[0.361s] Level 1:colcon.colcon_core.package_identification:_identify(src/bmc_2024/include) by extensions ['ros']
[0.361s] Level 1:colcon.colcon_core.package_identification:_identify(src/bmc_2024/include) by extension 'ros'
[0.361s] Level 1:colcon.colcon_core.package_identification:_identify(src/bmc_2024/include) by extensions ['cmake', 'python']
[0.361s] Level 1:colcon.colcon_core.package_identification:_identify(src/bmc_2024/include) by extension 'cmake'
[0.361s] Level 1:colcon.colcon_core.package_identification:_identify(src/bmc_2024/include) by extension 'python'
[0.361s] Level 1:colcon.colcon_core.package_identification:_identify(src/bmc_2024/include) by extensions ['python_setup_py']
[0.361s] Level 1:colcon.colcon_core.package_identification:_identify(src/bmc_2024/include) by extension 'python_setup_py'
[0.361s] Level 1:colcon.colcon_core.package_identification:_identify(src/bmc_2024/include/bmc_2024) by extensions ['ignore', 'ignore_ament_install']
[0.361s] Level 1:colcon.colcon_core.package_identification:_identify(src/bmc_2024/include/bmc_2024) by extension 'ignore'
[0.361s] Level 1:colcon.colcon_core.package_identification:_identify(src/bmc_2024/include/bmc_2024) by extension 'ignore_ament_install'
[0.361s] Level 1:colcon.colcon_core.package_identification:_identify(src/bmc_2024/include/bmc_2024) by extensions ['colcon_pkg']
[0.361s] Level 1:colcon.colcon_core.package_identification:_identify(src/bmc_2024/include/bmc_2024) by extension 'colcon_pkg'
[0.361s] Level 1:colcon.colcon_core.package_identification:_identify(src/bmc_2024/include/bmc_2024) by extensions ['colcon_meta']
[0.361s] Level 1:colcon.colcon_core.package_identification:_identify(src/bmc_2024/include/bmc_2024) by extension 'colcon_meta'
[0.361s] Level 1:colcon.colcon_core.package_identification:_identify(src/bmc_2024/include/bmc_2024) by extensions ['ros']
[0.362s] Level 1:colcon.colcon_core.package_identification:_identify(src/bmc_2024/include/bmc_2024) by extension 'ros'
[0.362s] Level 1:colcon.colcon_core.package_identification:_identify(src/bmc_2024/include/bmc_2024) by extensions ['cmake', 'python']
[0.362s] Level 1:colcon.colcon_core.package_identification:_identify(src/bmc_2024/include/bmc_2024) by extension 'cmake'
[0.362s] Level 1:colcon.colcon_core.package_identification:_identify(src/bmc_2024/include/bmc_2024) by extension 'python'
[0.362s] Level 1:colcon.colcon_core.package_identification:_identify(src/bmc_2024/include/bmc_2024) by extensions ['python_setup_py']
[0.362s] Level 1:colcon.colcon_core.package_identification:_identify(src/bmc_2024/include/bmc_2024) by extension 'python_setup_py'
[0.362s] Level 1:colcon.colcon_core.package_identification:_identify(src/bmc_2024/src) by extensions ['ignore', 'ignore_ament_install']
[0.362s] Level 1:colcon.colcon_core.package_identification:_identify(src/bmc_2024/src) by extension 'ignore'
[0.362s] Level 1:colcon.colcon_core.package_identification:_identify(src/bmc_2024/src) by extension 'ignore_ament_install'
[0.362s] Level 1:colcon.colcon_core.package_identification:_identify(src/bmc_2024/src) by extensions ['colcon_pkg']
[0.362s] Level 1:colcon.colcon_core.package_identification:_identify(src/bmc_2024/src) by extension 'colcon_pkg'
[0.362s] Level 1:colcon.colcon_core.package_identification:_identify(src/bmc_2024/src) by extensions ['colcon_meta']
[0.362s] Level 1:colcon.colcon_core.package_identification:_identify(src/bmc_2024/src) by extension 'colcon_meta'
[0.362s] Level 1:colcon.colcon_core.package_identification:_identify(src/bmc_2024/src) by extensions ['ros']
[0.362s] Level 1:colcon.colcon_core.package_identification:_identify(src/bmc_2024/src) by extension 'ros'
[0.362s] Level 1:colcon.colcon_core.package_identification:_identify(src/bmc_2024/src) by extensions ['cmake', 'python']
[0.362s] Level 1:colcon.colcon_core.package_identification:_identify(src/bmc_2024/src) by extension 'cmake'
[0.362s] Level 1:colcon.colcon_core.package_identification:_identify(src/bmc_2024/src) by extension 'python'
[0.362s] Level 1:colcon.colcon_core.package_identification:_identify(src/bmc_2024/src) by extensions ['python_setup_py']
[0.362s] Level 1:colcon.colcon_core.package_identification:_identify(src/bmc_2024/src) by extension 'python_setup_py'
[0.362s] Level 1:colcon.colcon_core.package_identification:_identify(src/build) by extensions ['ignore', 'ignore_ament_install']
[0.363s] Level 1:colcon.colcon_core.package_identification:_identify(src/build) by extension 'ignore'
[0.363s] Level 1:colcon.colcon_core.package_identification:_identify(src/build) ignored
[0.363s] Level 1:colcon.colcon_core.package_identification:_identify(src/gazebo_ros2_control) by extensions ['ignore', 'ignore_ament_install']
[0.363s] Level 1:colcon.colcon_core.package_identification:_identify(src/gazebo_ros2_control) by extension 'ignore'
[0.363s] Level 1:colcon.colcon_core.package_identification:_identify(src/gazebo_ros2_control) by extension 'ignore_ament_install'
[0.363s] Level 1:colcon.colcon_core.package_identification:_identify(src/gazebo_ros2_control) by extensions ['colcon_pkg']
[0.363s] Level 1:colcon.colcon_core.package_identification:_identify(src/gazebo_ros2_control) by extension 'colcon_pkg'
[0.363s] Level 1:colcon.colcon_core.package_identification:_identify(src/gazebo_ros2_control) by extensions ['colcon_meta']
[0.363s] Level 1:colcon.colcon_core.package_identification:_identify(src/gazebo_ros2_control) by extension 'colcon_meta'
[0.363s] Level 1:colcon.colcon_core.package_identification:_identify(src/gazebo_ros2_control) by extensions ['ros']
[0.363s] Level 1:colcon.colcon_core.package_identification:_identify(src/gazebo_ros2_control) by extension 'ros'
[0.363s] Level 1:colcon.colcon_core.package_identification:_identify(src/gazebo_ros2_control) by extensions ['cmake', 'python']
[0.363s] Level 1:colcon.colcon_core.package_identification:_identify(src/gazebo_ros2_control) by extension 'cmake'
[0.363s] Level 1:colcon.colcon_core.package_identification:_identify(src/gazebo_ros2_control) by extension 'python'
[0.363s] Level 1:colcon.colcon_core.package_identification:_identify(src/gazebo_ros2_control) by extensions ['python_setup_py']
[0.363s] Level 1:colcon.colcon_core.package_identification:_identify(src/gazebo_ros2_control) by extension 'python_setup_py'
[0.363s] Level 1:colcon.colcon_core.package_identification:_identify(src/gazebo_ros2_control/Docker) by extensions ['ignore', 'ignore_ament_install']
[0.363s] Level 1:colcon.colcon_core.package_identification:_identify(src/gazebo_ros2_control/Docker) by extension 'ignore'
[0.363s] Level 1:colcon.colcon_core.package_identification:_identify(src/gazebo_ros2_control/Docker) by extension 'ignore_ament_install'
[0.364s] Level 1:colcon.colcon_core.package_identification:_identify(src/gazebo_ros2_control/Docker) by extensions ['colcon_pkg']
[0.364s] Level 1:colcon.colcon_core.package_identification:_identify(src/gazebo_ros2_control/Docker) by extension 'colcon_pkg'
[0.364s] Level 1:colcon.colcon_core.package_identification:_identify(src/gazebo_ros2_control/Docker) by extensions ['colcon_meta']
[0.364s] Level 1:colcon.colcon_core.package_identification:_identify(src/gazebo_ros2_control/Docker) by extension 'colcon_meta'
[0.364s] Level 1:colcon.colcon_core.package_identification:_identify(src/gazebo_ros2_control/Docker) by extensions ['ros']
[0.364s] Level 1:colcon.colcon_core.package_identification:_identify(src/gazebo_ros2_control/Docker) by extension 'ros'
[0.364s] Level 1:colcon.colcon_core.package_identification:_identify(src/gazebo_ros2_control/Docker) by extensions ['cmake', 'python']
[0.364s] Level 1:colcon.colcon_core.package_identification:_identify(src/gazebo_ros2_control/Docker) by extension 'cmake'
[0.364s] Level 1:colcon.colcon_core.package_identification:_identify(src/gazebo_ros2_control/Docker) by extension 'python'
[0.364s] Level 1:colcon.colcon_core.package_identification:_identify(src/gazebo_ros2_control/Docker) by extensions ['python_setup_py']
[0.364s] Level 1:colcon.colcon_core.package_identification:_identify(src/gazebo_ros2_control/Docker) by extension 'python_setup_py'
[0.364s] Level 1:colcon.colcon_core.package_identification:_identify(src/gazebo_ros2_control/doc) by extensions ['ignore', 'ignore_ament_install']
[0.364s] Level 1:colcon.colcon_core.package_identification:_identify(src/gazebo_ros2_control/doc) by extension 'ignore'
[0.364s] Level 1:colcon.colcon_core.package_identification:_identify(src/gazebo_ros2_control/doc) by extension 'ignore_ament_install'
[0.364s] Level 1:colcon.colcon_core.package_identification:_identify(src/gazebo_ros2_control/doc) by extensions ['colcon_pkg']
[0.364s] Level 1:colcon.colcon_core.package_identification:_identify(src/gazebo_ros2_control/doc) by extension 'colcon_pkg'
[0.364s] Level 1:colcon.colcon_core.package_identification:_identify(src/gazebo_ros2_control/doc) by extensions ['colcon_meta']
[0.364s] Level 1:colcon.colcon_core.package_identification:_identify(src/gazebo_ros2_control/doc) by extension 'colcon_meta'
[0.364s] Level 1:colcon.colcon_core.package_identification:_identify(src/gazebo_ros2_control/doc) by extensions ['ros']
[0.364s] Level 1:colcon.colcon_core.package_identification:_identify(src/gazebo_ros2_control/doc) by extension 'ros'
[0.365s] Level 1:colcon.colcon_core.package_identification:_identify(src/gazebo_ros2_control/doc) by extensions ['cmake', 'python']
[0.365s] Level 1:colcon.colcon_core.package_identification:_identify(src/gazebo_ros2_control/doc) by extension 'cmake'
[0.365s] Level 1:colcon.colcon_core.package_identification:_identify(src/gazebo_ros2_control/doc) by extension 'python'
[0.365s] Level 1:colcon.colcon_core.package_identification:_identify(src/gazebo_ros2_control/doc) by extensions ['python_setup_py']
[0.365s] Level 1:colcon.colcon_core.package_identification:_identify(src/gazebo_ros2_control/doc) by extension 'python_setup_py'
[0.365s] Level 1:colcon.colcon_core.package_identification:_identify(src/gazebo_ros2_control/doc/img) by extensions ['ignore', 'ignore_ament_install']
[0.365s] Level 1:colcon.colcon_core.package_identification:_identify(src/gazebo_ros2_control/doc/img) by extension 'ignore'
[0.365s] Level 1:colcon.colcon_core.package_identification:_identify(src/gazebo_ros2_control/doc/img) by extension 'ignore_ament_install'
[0.365s] Level 1:colcon.colcon_core.package_identification:_identify(src/gazebo_ros2_control/doc/img) by extensions ['colcon_pkg']
[0.365s] Level 1:colcon.colcon_core.package_identification:_identify(src/gazebo_ros2_control/doc/img) by extension 'colcon_pkg'
[0.365s] Level 1:colcon.colcon_core.package_identification:_identify(src/gazebo_ros2_control/doc/img) by extensions ['colcon_meta']
[0.365s] Level 1:colcon.colcon_core.package_identification:_identify(src/gazebo_ros2_control/doc/img) by extension 'colcon_meta'
[0.365s] Level 1:colcon.colcon_core.package_identification:_identify(src/gazebo_ros2_control/doc/img) by extensions ['ros']
[0.365s] Level 1:colcon.colcon_core.package_identification:_identify(src/gazebo_ros2_control/doc/img) by extension 'ros'
[0.365s] Level 1:colcon.colcon_core.package_identification:_identify(src/gazebo_ros2_control/doc/img) by extensions ['cmake', 'python']
[0.365s] Level 1:colcon.colcon_core.package_identification:_identify(src/gazebo_ros2_control/doc/img) by extension 'cmake'
[0.365s] Level 1:colcon.colcon_core.package_identification:_identify(src/gazebo_ros2_control/doc/img) by extension 'python'
[0.365s] Level 1:colcon.colcon_core.package_identification:_identify(src/gazebo_ros2_control/doc/img) by extensions ['python_setup_py']
[0.365s] Level 1:colcon.colcon_core.package_identification:_identify(src/gazebo_ros2_control/doc/img) by extension 'python_setup_py'
[0.365s] Level 1:colcon.colcon_core.package_identification:_identify(src/gazebo_ros2_control/gazebo_ros2_control) by extensions ['ignore', 'ignore_ament_install']
[0.366s] Level 1:colcon.colcon_core.package_identification:_identify(src/gazebo_ros2_control/gazebo_ros2_control) by extension 'ignore'
[0.366s] Level 1:colcon.colcon_core.package_identification:_identify(src/gazebo_ros2_control/gazebo_ros2_control) by extension 'ignore_ament_install'
[0.366s] Level 1:colcon.colcon_core.package_identification:_identify(src/gazebo_ros2_control/gazebo_ros2_control) by extensions ['colcon_pkg']
[0.366s] Level 1:colcon.colcon_core.package_identification:_identify(src/gazebo_ros2_control/gazebo_ros2_control) by extension 'colcon_pkg'
[0.366s] Level 1:colcon.colcon_core.package_identification:_identify(src/gazebo_ros2_control/gazebo_ros2_control) by extensions ['colcon_meta']
[0.366s] Level 1:colcon.colcon_core.package_identification:_identify(src/gazebo_ros2_control/gazebo_ros2_control) by extension 'colcon_meta'
[0.366s] Level 1:colcon.colcon_core.package_identification:_identify(src/gazebo_ros2_control/gazebo_ros2_control) by extensions ['ros']
[0.366s] Level 1:colcon.colcon_core.package_identification:_identify(src/gazebo_ros2_control/gazebo_ros2_control) by extension 'ros'
[0.367s] DEBUG:colcon.colcon_core.package_identification:Package 'src/gazebo_ros2_control/gazebo_ros2_control' with type 'ros.ament_cmake' and name 'gazebo_ros2_control'
[0.367s] Level 1:colcon.colcon_core.package_identification:_identify(src/gazebo_ros2_control/gazebo_ros2_control_demos) by extensions ['ignore', 'ignore_ament_install']
[0.367s] Level 1:colcon.colcon_core.package_identification:_identify(src/gazebo_ros2_control/gazebo_ros2_control_demos) by extension 'ignore'
[0.367s] Level 1:colcon.colcon_core.package_identification:_identify(src/gazebo_ros2_control/gazebo_ros2_control_demos) by extension 'ignore_ament_install'
[0.367s] Level 1:colcon.colcon_core.package_identification:_identify(src/gazebo_ros2_control/gazebo_ros2_control_demos) by extensions ['colcon_pkg']
[0.367s] Level 1:colcon.colcon_core.package_identification:_identify(src/gazebo_ros2_control/gazebo_ros2_control_demos) by extension 'colcon_pkg'
[0.367s] Level 1:colcon.colcon_core.package_identification:_identify(src/gazebo_ros2_control/gazebo_ros2_control_demos) by extensions ['colcon_meta']
[0.367s] Level 1:colcon.colcon_core.package_identification:_identify(src/gazebo_ros2_control/gazebo_ros2_control_demos) by extension 'colcon_meta'
[0.368s] Level 1:colcon.colcon_core.package_identification:_identify(src/gazebo_ros2_control/gazebo_ros2_control_demos) by extensions ['ros']
[0.368s] Level 1:colcon.colcon_core.package_identification:_identify(src/gazebo_ros2_control/gazebo_ros2_control_demos) by extension 'ros'
[0.368s] DEBUG:colcon.colcon_core.package_identification:Package 'src/gazebo_ros2_control/gazebo_ros2_control_demos' with type 'ros.ament_cmake' and name 'gazebo_ros2_control_demos'
[0.369s] Level 1:colcon.colcon_core.package_identification:_identify(src/install) by extensions ['ignore', 'ignore_ament_install']
[0.369s] Level 1:colcon.colcon_core.package_identification:_identify(src/install) by extension 'ignore'
[0.369s] Level 1:colcon.colcon_core.package_identification:_identify(src/install) ignored
[0.369s] Level 1:colcon.colcon_core.package_identification:_identify(src/log) by extensions ['ignore', 'ignore_ament_install']
[0.369s] Level 1:colcon.colcon_core.package_identification:_identify(src/log) by extension 'ignore'
[0.369s] Level 1:colcon.colcon_core.package_identification:_identify(src/log) ignored
[0.369s] Level 1:colcon.colcon_core.package_identification:_identify(src/my_robot_nav2) by extensions ['ignore', 'ignore_ament_install']
[0.369s] Level 1:colcon.colcon_core.package_identification:_identify(src/my_robot_nav2) by extension 'ignore'
[0.369s] Level 1:colcon.colcon_core.package_identification:_identify(src/my_robot_nav2) by extension 'ignore_ament_install'
[0.369s] Level 1:colcon.colcon_core.package_identification:_identify(src/my_robot_nav2) by extensions ['colcon_pkg']
[0.369s] Level 1:colcon.colcon_core.package_identification:_identify(src/my_robot_nav2) by extension 'colcon_pkg'
[0.369s] Level 1:colcon.colcon_core.package_identification:_identify(src/my_robot_nav2) by extensions ['colcon_meta']
[0.369s] Level 1:colcon.colcon_core.package_identification:_identify(src/my_robot_nav2) by extension 'colcon_meta'
[0.369s] Level 1:colcon.colcon_core.package_identification:_identify(src/my_robot_nav2) by extensions ['ros']
[0.369s] Level 1:colcon.colcon_core.package_identification:_identify(src/my_robot_nav2) by extension 'ros'
[0.370s] DEBUG:colcon.colcon_core.package_identification:Package 'src/my_robot_nav2' with type 'ros.ament_cmake' and name 'my_robot_nav2'
[0.370s] Level 1:colcon.colcon_core.package_identification:_identify(src/sllidar_ros2) by extensions ['ignore', 'ignore_ament_install']
[0.370s] Level 1:colcon.colcon_core.package_identification:_identify(src/sllidar_ros2) by extension 'ignore'
[0.370s] Level 1:colcon.colcon_core.package_identification:_identify(src/sllidar_ros2) by extension 'ignore_ament_install'
[0.370s] Level 1:colcon.colcon_core.package_identification:_identify(src/sllidar_ros2) by extensions ['colcon_pkg']
[0.370s] Level 1:colcon.colcon_core.package_identification:_identify(src/sllidar_ros2) by extension 'colcon_pkg'
[0.370s] Level 1:colcon.colcon_core.package_identification:_identify(src/sllidar_ros2) by extensions ['colcon_meta']
[0.370s] Level 1:colcon.colcon_core.package_identification:_identify(src/sllidar_ros2) by extension 'colcon_meta'
[0.370s] Level 1:colcon.colcon_core.package_identification:_identify(src/sllidar_ros2) by extensions ['ros']
[0.370s] Level 1:colcon.colcon_core.package_identification:_identify(src/sllidar_ros2) by extension 'ros'
[0.371s] DEBUG:colcon.colcon_core.package_identification:Package 'src/sllidar_ros2' with type 'ros.ament_cmake' and name 'sllidar_ros2'
[0.371s] Level 1:colcon.colcon_core.package_discovery:discover_packages(recursive) using defaults
[0.371s] Level 1:colcon.colcon_core.package_discovery:discover_packages(ignore) discover
[0.371s] Level 1:colcon.colcon_core.package_discovery:discover_packages(ignore) using defaults
[0.371s] Level 1:colcon.colcon_core.package_discovery:discover_packages(path) discover
[0.371s] Level 1:colcon.colcon_core.package_discovery:discover_packages(path) using defaults
[0.416s] Level 1:colcon.colcon_core.package_discovery:discover_packages(prefix_path) check parameters
[0.416s] Level 1:colcon.colcon_core.package_discovery:discover_packages(prefix_path) discover
[0.423s] DEBUG:colcon.colcon_installed_package_information.package_discovery:Found 6 installed packages in /home/dkflippo/aug2024/install
[0.424s] DEBUG:colcon.colcon_installed_package_information.package_discovery:Found 35 installed packages in /home/dkflippo/ros2_control_ws/install
[0.425s] DEBUG:colcon.colcon_installed_package_information.package_discovery:Found 3 installed packages in /home/dkflippo/aug2024/src/install
[0.428s] DEBUG:colcon.colcon_installed_package_information.package_discovery:Found 421 installed packages in /opt/ros/humble
[0.432s] Level 1:colcon.colcon_core.package_discovery:discover_packages(prefix_path) using defaults
[0.538s] Level 5:colcon.colcon_core.verb:set package 'gazebo_ros2_control' build argument 'cmake_args' from command line to 'None'
[0.538s] Level 5:colcon.colcon_core.verb:set package 'gazebo_ros2_control' build argument 'cmake_target' from command line to 'None'
[0.538s] Level 5:colcon.colcon_core.verb:set package 'gazebo_ros2_control' build argument 'cmake_target_skip_unavailable' from command line to 'False'
[0.538s] Level 5:colcon.colcon_core.verb:set package 'gazebo_ros2_control' build argument 'cmake_clean_cache' from command line to 'False'
[0.538s] Level 5:colcon.colcon_core.verb:set package 'gazebo_ros2_control' build argument 'cmake_clean_first' from command line to 'False'
[0.538s] Level 5:colcon.colcon_core.verb:set package 'gazebo_ros2_control' build argument 'cmake_force_configure' from command line to 'False'
[0.538s] Level 5:colcon.colcon_core.verb:set package 'gazebo_ros2_control' build argument 'ament_cmake_args' from command line to 'None'
[0.538s] Level 5:colcon.colcon_core.verb:set package 'gazebo_ros2_control' build argument 'catkin_cmake_args' from command line to 'None'
[0.538s] Level 5:colcon.colcon_core.verb:set package 'gazebo_ros2_control' build argument 'catkin_skip_building_tests' from command line to 'False'
[0.539s] DEBUG:colcon.colcon_core.verb:Building package 'gazebo_ros2_control' with the following arguments: {'ament_cmake_args': None, 'build_base': '/home/dkflippo/aug2024/build/gazebo_ros2_control', 'catkin_cmake_args': None, 'catkin_skip_building_tests': False, 'cmake_args': None, 'cmake_clean_cache': False, 'cmake_clean_first': False, 'cmake_force_configure': False, 'cmake_target': None, 'cmake_target_skip_unavailable': False, 'install_base': '/home/dkflippo/aug2024/install/gazebo_ros2_control', 'merge_install': False, 'path': '/home/dkflippo/aug2024/src/gazebo_ros2_control/gazebo_ros2_control', 'symlink_install': False, 'test_result_base': None}
[0.539s] Level 5:colcon.colcon_core.verb:set package 'my_robot_nav2' build argument 'cmake_args' from command line to 'None'
[0.539s] Level 5:colcon.colcon_core.verb:set package 'my_robot_nav2' build argument 'cmake_target' from command line to 'None'
[0.539s] Level 5:colcon.colcon_core.verb:set package 'my_robot_nav2' build argument 'cmake_target_skip_unavailable' from command line to 'False'
[0.539s] Level 5:colcon.colcon_core.verb:set package 'my_robot_nav2' build argument 'cmake_clean_cache' from command line to 'False'
[0.539s] Level 5:colcon.colcon_core.verb:set package 'my_robot_nav2' build argument 'cmake_clean_first' from command line to 'False'
[0.539s] Level 5:colcon.colcon_core.verb:set package 'my_robot_nav2' build argument 'cmake_force_configure' from command line to 'False'
[0.540s] Level 5:colcon.colcon_core.verb:set package 'my_robot_nav2' build argument 'ament_cmake_args' from command line to 'None'
[0.540s] Level 5:colcon.colcon_core.verb:set package 'my_robot_nav2' build argument 'catkin_cmake_args' from command line to 'None'
[0.540s] Level 5:colcon.colcon_core.verb:set package 'my_robot_nav2' build argument 'catkin_skip_building_tests' from command line to 'False'
[0.540s] DEBUG:colcon.colcon_core.verb:Building package 'my_robot_nav2' with the following arguments: {'ament_cmake_args': None, 'build_base': '/home/dkflippo/aug2024/build/my_robot_nav2', 'catkin_cmake_args': None, 'catkin_skip_building_tests': False, 'cmake_args': None, 'cmake_clean_cache': False, 'cmake_clean_first': False, 'cmake_force_configure': False, 'cmake_target': None, 'cmake_target_skip_unavailable': False, 'install_base': '/home/dkflippo/aug2024/install/my_robot_nav2', 'merge_install': False, 'path': '/home/dkflippo/aug2024/src/my_robot_nav2', 'symlink_install': False, 'test_result_base': None}
[0.541s] Level 5:colcon.colcon_core.verb:set package 'sllidar_ros2' build argument 'cmake_args' from command line to 'None'
[0.541s] Level 5:colcon.colcon_core.verb:set package 'sllidar_ros2' build argument 'cmake_target' from command line to 'None'
[0.541s] Level 5:colcon.colcon_core.verb:set package 'sllidar_ros2' build argument 'cmake_target_skip_unavailable' from command line to 'False'
[0.541s] Level 5:colcon.colcon_core.verb:set package 'sllidar_ros2' build argument 'cmake_clean_cache' from command line to 'False'
[0.542s] Level 5:colcon.colcon_core.verb:set package 'sllidar_ros2' build argument 'cmake_clean_first' from command line to 'False'
[0.542s] Level 5:colcon.colcon_core.verb:set package 'sllidar_ros2' build argument 'cmake_force_configure' from command line to 'False'
[0.542s] Level 5:colcon.colcon_core.verb:set package 'sllidar_ros2' build argument 'ament_cmake_args' from command line to 'None'
[0.542s] Level 5:colcon.colcon_core.verb:set package 'sllidar_ros2' build argument 'catkin_cmake_args' from command line to 'None'
[0.542s] Level 5:colcon.colcon_core.verb:set package 'sllidar_ros2' build argument 'catkin_skip_building_tests' from command line to 'False'
[0.542s] DEBUG:colcon.colcon_core.verb:Building package 'sllidar_ros2' with the following arguments: {'ament_cmake_args': None, 'build_base': '/home/dkflippo/aug2024/build/sllidar_ros2', 'catkin_cmake_args': None, 'catkin_skip_building_tests': False, 'cmake_args': None, 'cmake_clean_cache': False, 'cmake_clean_first': False, 'cmake_force_configure': False, 'cmake_target': None, 'cmake_target_skip_unavailable': False, 'install_base': '/home/dkflippo/aug2024/install/sllidar_ros2', 'merge_install': False, 'path': '/home/dkflippo/aug2024/src/sllidar_ros2', 'symlink_install': False, 'test_result_base': None}
[0.543s] Level 5:colcon.colcon_core.verb:set package 'BMC_2024' build argument 'cmake_args' from command line to 'None'
[0.543s] Level 5:colcon.colcon_core.verb:set package 'BMC_2024' build argument 'cmake_target' from command line to 'None'
[0.543s] Level 5:colcon.colcon_core.verb:set package 'BMC_2024' build argument 'cmake_target_skip_unavailable' from command line to 'False'
[0.543s] Level 5:colcon.colcon_core.verb:set package 'BMC_2024' build argument 'cmake_clean_cache' from command line to 'False'
[0.543s] Level 5:colcon.colcon_core.verb:set package 'BMC_2024' build argument 'cmake_clean_first' from command line to 'False'
[0.543s] Level 5:colcon.colcon_core.verb:set package 'BMC_2024' build argument 'cmake_force_configure' from command line to 'False'
[0.543s] Level 5:colcon.colcon_core.verb:set package 'BMC_2024' build argument 'ament_cmake_args' from command line to 'None'
[0.543s] Level 5:colcon.colcon_core.verb:set package 'BMC_2024' build argument 'catkin_cmake_args' from command line to 'None'
[0.543s] Level 5:colcon.colcon_core.verb:set package 'BMC_2024' build argument 'catkin_skip_building_tests' from command line to 'False'
[0.543s] DEBUG:colcon.colcon_core.verb:Building package 'BMC_2024' with the following arguments: {'ament_cmake_args': None, 'build_base': '/home/dkflippo/aug2024/build/BMC_2024', 'catkin_cmake_args': None, 'catkin_skip_building_tests': False, 'cmake_args': None, 'cmake_clean_cache': False, 'cmake_clean_first': False, 'cmake_force_configure': False, 'cmake_target': None, 'cmake_target_skip_unavailable': False, 'install_base': '/home/dkflippo/aug2024/install/BMC_2024', 'merge_install': False, 'path': '/home/dkflippo/aug2024/src/BMC_2024', 'symlink_install': False, 'test_result_base': None}
[0.544s] Level 5:colcon.colcon_core.verb:set package 'gazebo_ros2_control_demos' build argument 'cmake_args' from command line to 'None'
[0.544s] Level 5:colcon.colcon_core.verb:set package 'gazebo_ros2_control_demos' build argument 'cmake_target' from command line to 'None'
[0.544s] Level 5:colcon.colcon_core.verb:set package 'gazebo_ros2_control_demos' build argument 'cmake_target_skip_unavailable' from command line to 'False'
[0.544s] Level 5:colcon.colcon_core.verb:set package 'gazebo_ros2_control_demos' build argument 'cmake_clean_cache' from command line to 'False'
[0.544s] Level 5:colcon.colcon_core.verb:set package 'gazebo_ros2_control_demos' build argument 'cmake_clean_first' from command line to 'False'
[0.544s] Level 5:colcon.colcon_core.verb:set package 'gazebo_ros2_control_demos' build argument 'cmake_force_configure' from command line to 'False'
[0.544s] Level 5:colcon.colcon_core.verb:set package 'gazebo_ros2_control_demos' build argument 'ament_cmake_args' from command line to 'None'
[0.544s] Level 5:colcon.colcon_core.verb:set package 'gazebo_ros2_control_demos' build argument 'catkin_cmake_args' from command line to 'None'
[0.544s] Level 5:colcon.colcon_core.verb:set package 'gazebo_ros2_control_demos' build argument 'catkin_skip_building_tests' from command line to 'False'
[0.544s] DEBUG:colcon.colcon_core.verb:Building package 'gazebo_ros2_control_demos' with the following arguments: {'ament_cmake_args': None, 'build_base': '/home/dkflippo/aug2024/build/gazebo_ros2_control_demos', 'catkin_cmake_args': None, 'catkin_skip_building_tests': False, 'cmake_args': None, 'cmake_clean_cache': False, 'cmake_clean_first': False, 'cmake_force_configure': False, 'cmake_target': None, 'cmake_target_skip_unavailable': False, 'install_base': '/home/dkflippo/aug2024/install/gazebo_ros2_control_demos', 'merge_install': False, 'path': '/home/dkflippo/aug2024/src/gazebo_ros2_control/gazebo_ros2_control_demos', 'symlink_install': False, 'test_result_base': None}
[0.545s] Level 5:colcon.colcon_core.verb:set package 'aug_2024' build argument 'cmake_args' from command line to 'None'
[0.545s] Level 5:colcon.colcon_core.verb:set package 'aug_2024' build argument 'cmake_target' from command line to 'None'
[0.545s] Level 5:colcon.colcon_core.verb:set package 'aug_2024' build argument 'cmake_target_skip_unavailable' from command line to 'False'
[0.545s] Level 5:colcon.colcon_core.verb:set package 'aug_2024' build argument 'cmake_clean_cache' from command line to 'False'
[0.545s] Level 5:colcon.colcon_core.verb:set package 'aug_2024' build argument 'cmake_clean_first' from command line to 'False'
[0.545s] Level 5:colcon.colcon_core.verb:set package 'aug_2024' build argument 'cmake_force_configure' from command line to 'False'
[0.545s] Level 5:colcon.colcon_core.verb:set package 'aug_2024' build argument 'ament_cmake_args' from command line to 'None'
[0.545s] Level 5:colcon.colcon_core.verb:set package 'aug_2024' build argument 'catkin_cmake_args' from command line to 'None'
[0.546s] Level 5:colcon.colcon_core.verb:set package 'aug_2024' build argument 'catkin_skip_building_tests' from command line to 'False'
[0.546s] DEBUG:colcon.colcon_core.verb:Building package 'aug_2024' with the following arguments: {'ament_cmake_args': None, 'build_base': '/home/dkflippo/aug2024/build/aug_2024', 'catkin_cmake_args': None, 'catkin_skip_building_tests': False, 'cmake_args': None, 'cmake_clean_cache': False, 'cmake_clean_first': False, 'cmake_force_configure': False, 'cmake_target': None, 'cmake_target_skip_unavailable': False, 'install_base': '/home/dkflippo/aug2024/install/aug_2024', 'merge_install': False, 'path': '/home/dkflippo/aug2024/src/aug_2024', 'symlink_install': False, 'test_result_base': None}
[0.546s] INFO:colcon.colcon_core.executor:Executing jobs using 'parallel' executor
[0.551s] DEBUG:colcon.colcon_parallel_executor.executor.parallel:run_until_complete
[0.551s] INFO:colcon.colcon_ros.task.ament_cmake.build:Building ROS package in '/home/dkflippo/aug2024/src/gazebo_ros2_control/gazebo_ros2_control' with build type 'ament_cmake'
[0.552s] INFO:colcon.colcon_cmake.task.cmake.build:Building CMake package in '/home/dkflippo/aug2024/src/gazebo_ros2_control/gazebo_ros2_control'
[0.560s] INFO:colcon.colcon_core.plugin_system:Skipping extension 'colcon_core.shell.bat': Not used on non-Windows systems
[0.560s] INFO:colcon.colcon_core.shell:Skip shell extension 'powershell' for command environment: Not usable outside of PowerShell
[0.560s] DEBUG:colcon.colcon_core.shell:Skip shell extension 'dsv' for command environment
[0.582s] INFO:colcon.colcon_ros.task.ament_cmake.build:Building ROS package in '/home/dkflippo/aug2024/src/my_robot_nav2' with build type 'ament_cmake'
[0.582s] INFO:colcon.colcon_cmake.task.cmake.build:Building CMake package in '/home/dkflippo/aug2024/src/my_robot_nav2'
[0.583s] INFO:colcon.colcon_core.shell:Skip shell extension 'powershell' for command environment: Not usable outside of PowerShell
[0.583s] DEBUG:colcon.colcon_core.shell:Skip shell extension 'dsv' for command environment
[0.595s] INFO:colcon.colcon_ros.task.ament_cmake.build:Building ROS package in '/home/dkflippo/aug2024/src/sllidar_ros2' with build type 'ament_cmake'
[0.595s] INFO:colcon.colcon_cmake.task.cmake.build:Building CMake package in '/home/dkflippo/aug2024/src/sllidar_ros2'
[0.595s] INFO:colcon.colcon_core.shell:Skip shell extension 'powershell' for command environment: Not usable outside of PowerShell
[0.596s] DEBUG:colcon.colcon_core.shell:Skip shell extension 'dsv' for command environment
[0.613s] DEBUG:colcon.colcon_core.event_handler.log_command:Invoking command in '/home/dkflippo/aug2024/build/gazebo_ros2_control': CMAKE_PREFIX_PATH=${CMAKE_PREFIX_PATH}:/home/dkflippo/ros2_control_ws/install/rqt_joint_trajectory_controller:/home/dkflippo/ros2_control_ws/install/rqt_controller_manager:/home/dkflippo/ros2_control_ws/install/ros2controlcli:/home/dkflippo/ros2_control_ws/install/ros2_controllers_test_nodes:/opt/ros/humble /usr/bin/cmake --build /home/dkflippo/aug2024/build/gazebo_ros2_control -- -j12 -l12
[0.624s] DEBUG:colcon.colcon_core.event_handler.log_command:Invoking command in '/home/dkflippo/aug2024/build/my_robot_nav2': CMAKE_PREFIX_PATH=${CMAKE_PREFIX_PATH}:/home/dkflippo/ros2_control_ws/install/rqt_joint_trajectory_controller:/home/dkflippo/ros2_control_ws/install/rqt_controller_manager:/home/dkflippo/ros2_control_ws/install/ros2controlcli:/home/dkflippo/ros2_control_ws/install/ros2_controllers_test_nodes:/opt/ros/humble /usr/bin/cmake --build /home/dkflippo/aug2024/build/my_robot_nav2 -- -j12 -l12
[0.631s] DEBUG:colcon.colcon_core.event_handler.log_command:Invoking command in '/home/dkflippo/aug2024/build/sllidar_ros2': CMAKE_PREFIX_PATH=${CMAKE_PREFIX_PATH}:/home/dkflippo/ros2_control_ws/install/rqt_joint_trajectory_controller:/home/dkflippo/ros2_control_ws/install/rqt_controller_manager:/home/dkflippo/ros2_control_ws/install/ros2controlcli:/home/dkflippo/ros2_control_ws/install/ros2_controllers_test_nodes:/opt/ros/humble /usr/bin/cmake --build /home/dkflippo/aug2024/build/sllidar_ros2 -- -j12 -l12
[0.731s] DEBUG:colcon.colcon_core.event_handler.log_command:Invoked command in '/home/dkflippo/aug2024/build/my_robot_nav2' returned '0': CMAKE_PREFIX_PATH=${CMAKE_PREFIX_PATH}:/home/dkflippo/ros2_control_ws/install/rqt_joint_trajectory_controller:/home/dkflippo/ros2_control_ws/install/rqt_controller_manager:/home/dkflippo/ros2_control_ws/install/ros2controlcli:/home/dkflippo/ros2_control_ws/install/ros2_controllers_test_nodes:/opt/ros/humble /usr/bin/cmake --build /home/dkflippo/aug2024/build/my_robot_nav2 -- -j12 -l12
[0.754s] DEBUG:colcon.colcon_core.event_handler.log_command:Invoking command in '/home/dkflippo/aug2024/build/my_robot_nav2': CMAKE_PREFIX_PATH=${CMAKE_PREFIX_PATH}:/home/dkflippo/ros2_control_ws/install/rqt_joint_trajectory_controller:/home/dkflippo/ros2_control_ws/install/rqt_controller_manager:/home/dkflippo/ros2_control_ws/install/ros2controlcli:/home/dkflippo/ros2_control_ws/install/ros2_controllers_test_nodes:/opt/ros/humble /usr/bin/cmake --install /home/dkflippo/aug2024/build/my_robot_nav2
[0.780s] Level 1:colcon.colcon_core.environment:create_environment_scripts_only(my_robot_nav2)
[0.781s] DEBUG:colcon.colcon_core.event_handler.log_command:Invoked command in '/home/dkflippo/aug2024/build/my_robot_nav2' returned '0': CMAKE_PREFIX_PATH=${CMAKE_PREFIX_PATH}:/home/dkflippo/ros2_control_ws/install/rqt_joint_trajectory_controller:/home/dkflippo/ros2_control_ws/install/rqt_controller_manager:/home/dkflippo/ros2_control_ws/install/ros2controlcli:/home/dkflippo/ros2_control_ws/install/ros2_controllers_test_nodes:/opt/ros/humble /usr/bin/cmake --install /home/dkflippo/aug2024/build/my_robot_nav2
[0.785s] Level 1:colcon.colcon_core.environment:checking '/home/dkflippo/aug2024/install/my_robot_nav2' for CMake module files
[0.786s] Level 1:colcon.colcon_core.environment:checking '/home/dkflippo/aug2024/install/my_robot_nav2' for CMake config files
[0.786s] Level 1:colcon.colcon_core.shell:create_environment_hook('my_robot_nav2', 'cmake_prefix_path')
[0.787s] INFO:colcon.colcon_core.shell:Creating environment hook '/home/dkflippo/aug2024/install/my_robot_nav2/share/my_robot_nav2/hook/cmake_prefix_path.ps1'
[0.789s] INFO:colcon.colcon_core.shell:Creating environment descriptor '/home/dkflippo/aug2024/install/my_robot_nav2/share/my_robot_nav2/hook/cmake_prefix_path.dsv'
[0.790s] INFO:colcon.colcon_core.shell:Creating environment hook '/home/dkflippo/aug2024/install/my_robot_nav2/share/my_robot_nav2/hook/cmake_prefix_path.sh'
[0.792s] Level 1:colcon.colcon_core.environment:checking '/home/dkflippo/aug2024/install/my_robot_nav2/bin'
[0.792s] Level 1:colcon.colcon_core.environment:checking '/home/dkflippo/aug2024/install/my_robot_nav2/lib/pkgconfig/my_robot_nav2.pc'
[0.792s] Level 1:colcon.colcon_core.environment:checking '/home/dkflippo/aug2024/install/my_robot_nav2/lib/python3.10/site-packages'
[0.793s] Level 1:colcon.colcon_core.environment:checking '/home/dkflippo/aug2024/install/my_robot_nav2/bin'
[0.793s] INFO:colcon.colcon_core.shell:Creating package script '/home/dkflippo/aug2024/install/my_robot_nav2/share/my_robot_nav2/package.ps1'
[0.794s] INFO:colcon.colcon_core.shell:Creating package descriptor '/home/dkflippo/aug2024/install/my_robot_nav2/share/my_robot_nav2/package.dsv'
[0.795s] INFO:colcon.colcon_core.shell:Creating package script '/home/dkflippo/aug2024/install/my_robot_nav2/share/my_robot_nav2/package.sh'
[0.796s] INFO:colcon.colcon_core.shell:Creating package script '/home/dkflippo/aug2024/install/my_robot_nav2/share/my_robot_nav2/package.bash'
[0.797s] INFO:colcon.colcon_core.shell:Creating package script '/home/dkflippo/aug2024/install/my_robot_nav2/share/my_robot_nav2/package.zsh'
[0.798s] Level 1:colcon.colcon_core.environment:create_file_with_runtime_dependencies(/home/dkflippo/aug2024/install/my_robot_nav2/share/colcon-core/packages/my_robot_nav2)
[0.799s] Level 1:colcon.colcon_core.environment:create_environment_scripts_only(my_robot_nav2)
[0.799s] Level 1:colcon.colcon_core.environment:checking '/home/dkflippo/aug2024/install/my_robot_nav2' for CMake module files
[0.800s] Level 1:colcon.colcon_core.environment:checking '/home/dkflippo/aug2024/install/my_robot_nav2' for CMake config files
[0.800s] Level 1:colcon.colcon_core.shell:create_environment_hook('my_robot_nav2', 'cmake_prefix_path')
[0.800s] INFO:colcon.colcon_core.shell:Creating environment hook '/home/dkflippo/aug2024/install/my_robot_nav2/share/my_robot_nav2/hook/cmake_prefix_path.ps1'
[0.801s] INFO:colcon.colcon_core.shell:Creating environment descriptor '/home/dkflippo/aug2024/install/my_robot_nav2/share/my_robot_nav2/hook/cmake_prefix_path.dsv'
[0.802s] INFO:colcon.colcon_core.shell:Creating environment hook '/home/dkflippo/aug2024/install/my_robot_nav2/share/my_robot_nav2/hook/cmake_prefix_path.sh'
[0.803s] Level 1:colcon.colcon_core.environment:checking '/home/dkflippo/aug2024/install/my_robot_nav2/bin'
[0.803s] Level 1:colcon.colcon_core.environment:checking '/home/dkflippo/aug2024/install/my_robot_nav2/lib/pkgconfig/my_robot_nav2.pc'
[0.804s] Level 1:colcon.colcon_core.environment:checking '/home/dkflippo/aug2024/install/my_robot_nav2/lib/python3.10/site-packages'
[0.804s] Level 1:colcon.colcon_core.environment:checking '/home/dkflippo/aug2024/install/my_robot_nav2/bin'
[0.804s] INFO:colcon.colcon_core.shell:Creating package script '/home/dkflippo/aug2024/install/my_robot_nav2/share/my_robot_nav2/package.ps1'
[0.805s] INFO:colcon.colcon_core.shell:Creating package descriptor '/home/dkflippo/aug2024/install/my_robot_nav2/share/my_robot_nav2/package.dsv'
[0.806s] INFO:colcon.colcon_core.shell:Creating package script '/home/dkflippo/aug2024/install/my_robot_nav2/share/my_robot_nav2/package.sh'
[0.806s] INFO:colcon.colcon_core.shell:Creating package script '/home/dkflippo/aug2024/install/my_robot_nav2/share/my_robot_nav2/package.bash'
[0.807s] INFO:colcon.colcon_core.shell:Creating package script '/home/dkflippo/aug2024/install/my_robot_nav2/share/my_robot_nav2/package.zsh'
[0.807s] Level 1:colcon.colcon_core.environment:create_file_with_runtime_dependencies(/home/dkflippo/aug2024/install/my_robot_nav2/share/colcon-core/packages/my_robot_nav2)
[0.813s] DEBUG:colcon.colcon_core.event_handler.log_command:Invoked command in '/home/dkflippo/aug2024/build/gazebo_ros2_control' returned '0': CMAKE_PREFIX_PATH=${CMAKE_PREFIX_PATH}:/home/dkflippo/ros2_control_ws/install/rqt_joint_trajectory_controller:/home/dkflippo/ros2_control_ws/install/rqt_controller_manager:/home/dkflippo/ros2_control_ws/install/ros2controlcli:/home/dkflippo/ros2_control_ws/install/ros2_controllers_test_nodes:/opt/ros/humble /usr/bin/cmake --build /home/dkflippo/aug2024/build/gazebo_ros2_control -- -j12 -l12
[0.816s] DEBUG:colcon.colcon_core.event_handler.log_command:Invoking command in '/home/dkflippo/aug2024/build/gazebo_ros2_control': CMAKE_PREFIX_PATH=${CMAKE_PREFIX_PATH}:/home/dkflippo/ros2_control_ws/install/rqt_joint_trajectory_controller:/home/dkflippo/ros2_control_ws/install/rqt_controller_manager:/home/dkflippo/ros2_control_ws/install/ros2controlcli:/home/dkflippo/ros2_control_ws/install/ros2_controllers_test_nodes:/opt/ros/humble /usr/bin/cmake --install /home/dkflippo/aug2024/build/gazebo_ros2_control
[0.818s] DEBUG:colcon.colcon_core.event_handler.log_command:Invoked command in '/home/dkflippo/aug2024/build/sllidar_ros2' returned '0': CMAKE_PREFIX_PATH=${CMAKE_PREFIX_PATH}:/home/dkflippo/ros2_control_ws/install/rqt_joint_trajectory_controller:/home/dkflippo/ros2_control_ws/install/rqt_controller_manager:/home/dkflippo/ros2_control_ws/install/ros2controlcli:/home/dkflippo/ros2_control_ws/install/ros2_controllers_test_nodes:/opt/ros/humble /usr/bin/cmake --build /home/dkflippo/aug2024/build/sllidar_ros2 -- -j12 -l12
[0.820s] DEBUG:colcon.colcon_core.event_handler.log_command:Invoking command in '/home/dkflippo/aug2024/build/sllidar_ros2': CMAKE_PREFIX_PATH=${CMAKE_PREFIX_PATH}:/home/dkflippo/ros2_control_ws/install/rqt_joint_trajectory_controller:/home/dkflippo/ros2_control_ws/install/rqt_controller_manager:/home/dkflippo/ros2_control_ws/install/ros2controlcli:/home/dkflippo/ros2_control_ws/install/ros2_controllers_test_nodes:/opt/ros/humble /usr/bin/cmake --install /home/dkflippo/aug2024/build/sllidar_ros2
[0.840s] Level 1:colcon.colcon_core.environment:create_environment_scripts_only(gazebo_ros2_control)
[0.841s] Level 1:colcon.colcon_core.environment:checking '/home/dkflippo/aug2024/install/gazebo_ros2_control' for CMake module files
[0.844s] Level 1:colcon.colcon_core.environment:checking '/home/dkflippo/aug2024/install/gazebo_ros2_control' for CMake config files
[0.845s] Level 1:colcon.colcon_core.shell:create_environment_hook('gazebo_ros2_control', 'cmake_prefix_path')
[0.845s] INFO:colcon.colcon_core.shell:Creating environment hook '/home/dkflippo/aug2024/install/gazebo_ros2_control/share/gazebo_ros2_control/hook/cmake_prefix_path.ps1'
[0.846s] INFO:colcon.colcon_core.shell:Creating environment descriptor '/home/dkflippo/aug2024/install/gazebo_ros2_control/share/gazebo_ros2_control/hook/cmake_prefix_path.dsv'
[0.847s] DEBUG:colcon.colcon_core.event_handler.log_command:Invoked command in '/home/dkflippo/aug2024/build/gazebo_ros2_control' returned '0': CMAKE_PREFIX_PATH=${CMAKE_PREFIX_PATH}:/home/dkflippo/ros2_control_ws/install/rqt_joint_trajectory_controller:/home/dkflippo/ros2_control_ws/install/rqt_controller_manager:/home/dkflippo/ros2_control_ws/install/ros2controlcli:/home/dkflippo/ros2_control_ws/install/ros2_controllers_test_nodes:/opt/ros/humble /usr/bin/cmake --install /home/dkflippo/aug2024/build/gazebo_ros2_control
[0.847s] INFO:colcon.colcon_core.shell:Creating environment hook '/home/dkflippo/aug2024/install/gazebo_ros2_control/share/gazebo_ros2_control/hook/cmake_prefix_path.sh'
[0.849s] Level 1:colcon.colcon_core.environment:checking '/home/dkflippo/aug2024/install/gazebo_ros2_control/lib'
[0.849s] Level 1:colcon.colcon_core.shell:create_environment_hook('gazebo_ros2_control', 'ld_library_path_lib')
[0.849s] INFO:colcon.colcon_core.shell:Creating environment hook '/home/dkflippo/aug2024/install/gazebo_ros2_control/share/gazebo_ros2_control/hook/ld_library_path_lib.ps1'
[0.850s] INFO:colcon.colcon_core.shell:Creating environment descriptor '/home/dkflippo/aug2024/install/gazebo_ros2_control/share/gazebo_ros2_control/hook/ld_library_path_lib.dsv'
[0.851s] INFO:colcon.colcon_core.shell:Creating environment hook '/home/dkflippo/aug2024/install/gazebo_ros2_control/share/gazebo_ros2_control/hook/ld_library_path_lib.sh'
[0.852s] Level 1:colcon.colcon_core.environment:checking '/home/dkflippo/aug2024/install/gazebo_ros2_control/bin'
[0.853s] Level 1:colcon.colcon_core.environment:checking '/home/dkflippo/aug2024/install/gazebo_ros2_control/lib/pkgconfig/gazebo_ros2_control.pc'
[0.853s] Level 1:colcon.colcon_core.environment:checking '/home/dkflippo/aug2024/install/gazebo_ros2_control/lib/python3.10/site-packages'
[0.853s] Level 1:colcon.colcon_core.environment:checking '/home/dkflippo/aug2024/install/gazebo_ros2_control/bin'
[0.853s] INFO:colcon.colcon_core.shell:Creating package script '/home/dkflippo/aug2024/install/gazebo_ros2_control/share/gazebo_ros2_control/package.ps1'
[0.854s] INFO:colcon.colcon_core.shell:Creating package descriptor '/home/dkflippo/aug2024/install/gazebo_ros2_control/share/gazebo_ros2_control/package.dsv'
[0.855s] INFO:colcon.colcon_core.shell:Creating package script '/home/dkflippo/aug2024/install/gazebo_ros2_control/share/gazebo_ros2_control/package.sh'
[0.855s] INFO:colcon.colcon_core.shell:Creating package script '/home/dkflippo/aug2024/install/gazebo_ros2_control/share/gazebo_ros2_control/package.bash'
[0.855s] INFO:colcon.colcon_core.shell:Creating package script '/home/dkflippo/aug2024/install/gazebo_ros2_control/share/gazebo_ros2_control/package.zsh'
[0.856s] Level 1:colcon.colcon_core.environment:create_file_with_runtime_dependencies(/home/dkflippo/aug2024/install/gazebo_ros2_control/share/colcon-core/packages/gazebo_ros2_control)
[0.856s] Level 1:colcon.colcon_core.environment:create_environment_scripts_only(gazebo_ros2_control)
[0.856s] Level 1:colcon.colcon_core.environment:checking '/home/dkflippo/aug2024/install/gazebo_ros2_control' for CMake module files
[0.857s] Level 1:colcon.colcon_core.environment:checking '/home/dkflippo/aug2024/install/gazebo_ros2_control' for CMake config files
[0.857s] Level 1:colcon.colcon_core.shell:create_environment_hook('gazebo_ros2_control', 'cmake_prefix_path')
[0.857s] INFO:colcon.colcon_core.shell:Creating environment hook '/home/dkflippo/aug2024/install/gazebo_ros2_control/share/gazebo_ros2_control/hook/cmake_prefix_path.ps1'
[0.858s] INFO:colcon.colcon_core.shell:Creating environment descriptor '/home/dkflippo/aug2024/install/gazebo_ros2_control/share/gazebo_ros2_control/hook/cmake_prefix_path.dsv'
[0.858s] INFO:colcon.colcon_core.shell:Creating environment hook '/home/dkflippo/aug2024/install/gazebo_ros2_control/share/gazebo_ros2_control/hook/cmake_prefix_path.sh'
[0.858s] Level 1:colcon.colcon_core.environment:checking '/home/dkflippo/aug2024/install/gazebo_ros2_control/lib'
[0.858s] Level 1:colcon.colcon_core.shell:create_environment_hook('gazebo_ros2_control', 'ld_library_path_lib')
[0.859s] INFO:colcon.colcon_core.shell:Creating environment hook '/home/dkflippo/aug2024/install/gazebo_ros2_control/share/gazebo_ros2_control/hook/ld_library_path_lib.ps1'
[0.859s] INFO:colcon.colcon_core.shell:Creating environment descriptor '/home/dkflippo/aug2024/install/gazebo_ros2_control/share/gazebo_ros2_control/hook/ld_library_path_lib.dsv'
[0.859s] INFO:colcon.colcon_core.shell:Creating environment hook '/home/dkflippo/aug2024/install/gazebo_ros2_control/share/gazebo_ros2_control/hook/ld_library_path_lib.sh'
[0.860s] Level 1:colcon.colcon_core.environment:checking '/home/dkflippo/aug2024/install/gazebo_ros2_control/bin'
[0.860s] Level 1:colcon.colcon_core.environment:checking '/home/dkflippo/aug2024/install/gazebo_ros2_control/lib/pkgconfig/gazebo_ros2_control.pc'
[0.860s] Level 1:colcon.colcon_core.environment:checking '/home/dkflippo/aug2024/install/gazebo_ros2_control/lib/python3.10/site-packages'
[0.860s] Level 1:colcon.colcon_core.environment:checking '/home/dkflippo/aug2024/install/gazebo_ros2_control/bin'
[0.860s] INFO:colcon.colcon_core.shell:Creating package script '/home/dkflippo/aug2024/install/gazebo_ros2_control/share/gazebo_ros2_control/package.ps1'
[0.861s] INFO:colcon.colcon_core.shell:Creating package descriptor '/home/dkflippo/aug2024/install/gazebo_ros2_control/share/gazebo_ros2_control/package.dsv'
[0.861s] INFO:colcon.colcon_core.shell:Creating package script '/home/dkflippo/aug2024/install/gazebo_ros2_control/share/gazebo_ros2_control/package.sh'
[0.862s] INFO:colcon.colcon_core.shell:Creating package script '/home/dkflippo/aug2024/install/gazebo_ros2_control/share/gazebo_ros2_control/package.bash'
[0.862s] INFO:colcon.colcon_core.shell:Creating package script '/home/dkflippo/aug2024/install/gazebo_ros2_control/share/gazebo_ros2_control/package.zsh'
[0.862s] Level 1:colcon.colcon_core.environment:create_file_with_runtime_dependencies(/home/dkflippo/aug2024/install/gazebo_ros2_control/share/colcon-core/packages/gazebo_ros2_control)
[0.863s] INFO:colcon.colcon_ros.task.ament_cmake.build:Building ROS package in '/home/dkflippo/aug2024/src/BMC_2024' with build type 'ament_cmake'
[0.863s] INFO:colcon.colcon_cmake.task.cmake.build:Building CMake package in '/home/dkflippo/aug2024/src/BMC_2024'
[0.863s] INFO:colcon.colcon_core.shell:Skip shell extension 'powershell' for command environment: Not usable outside of PowerShell
[0.863s] DEBUG:colcon.colcon_core.shell:Skip shell extension 'dsv' for command environment
[0.878s] INFO:colcon.colcon_ros.task.ament_cmake.build:Building ROS package in '/home/dkflippo/aug2024/src/gazebo_ros2_control/gazebo_ros2_control_demos' with build type 'ament_cmake'
[0.879s] INFO:colcon.colcon_cmake.task.cmake.build:Building CMake package in '/home/dkflippo/aug2024/src/gazebo_ros2_control/gazebo_ros2_control_demos'
[0.879s] INFO:colcon.colcon_core.shell:Skip shell extension 'powershell' for command environment: Not usable outside of PowerShell
[0.879s] DEBUG:colcon.colcon_core.shell:Skip shell extension 'dsv' for command environment
[0.891s] Level 1:colcon.colcon_core.environment:create_environment_scripts_only(sllidar_ros2)
[0.891s] Level 1:colcon.colcon_core.environment:checking '/home/dkflippo/aug2024/install/sllidar_ros2' for CMake module files
[0.891s] DEBUG:colcon.colcon_core.event_handler.log_command:Invoked command in '/home/dkflippo/aug2024/build/sllidar_ros2' returned '0': CMAKE_PREFIX_PATH=${CMAKE_PREFIX_PATH}:/home/dkflippo/ros2_control_ws/install/rqt_joint_trajectory_controller:/home/dkflippo/ros2_control_ws/install/rqt_controller_manager:/home/dkflippo/ros2_control_ws/install/ros2controlcli:/home/dkflippo/ros2_control_ws/install/ros2_controllers_test_nodes:/opt/ros/humble /usr/bin/cmake --install /home/dkflippo/aug2024/build/sllidar_ros2
[0.892s] Level 1:colcon.colcon_core.environment:checking '/home/dkflippo/aug2024/install/sllidar_ros2' for CMake config files
[0.892s] Level 1:colcon.colcon_core.shell:create_environment_hook('sllidar_ros2', 'cmake_prefix_path')
[0.892s] INFO:colcon.colcon_core.shell:Creating environment hook '/home/dkflippo/aug2024/install/sllidar_ros2/share/sllidar_ros2/hook/cmake_prefix_path.ps1'
[0.893s] INFO:colcon.colcon_core.shell:Creating environment descriptor '/home/dkflippo/aug2024/install/sllidar_ros2/share/sllidar_ros2/hook/cmake_prefix_path.dsv'
[0.893s] INFO:colcon.colcon_core.shell:Creating environment hook '/home/dkflippo/aug2024/install/sllidar_ros2/share/sllidar_ros2/hook/cmake_prefix_path.sh'
[0.894s] Level 1:colcon.colcon_core.environment:checking '/home/dkflippo/aug2024/install/sllidar_ros2/lib'
[0.894s] Level 1:colcon.colcon_core.environment:checking '/home/dkflippo/aug2024/install/sllidar_ros2/bin'
[0.894s] Level 1:colcon.colcon_core.environment:checking '/home/dkflippo/aug2024/install/sllidar_ros2/lib/pkgconfig/sllidar_ros2.pc'
[0.894s] Level 1:colcon.colcon_core.environment:checking '/home/dkflippo/aug2024/install/sllidar_ros2/lib/python3.10/site-packages'
[0.894s] Level 1:colcon.colcon_core.environment:checking '/home/dkflippo/aug2024/install/sllidar_ros2/bin'
[0.895s] INFO:colcon.colcon_core.shell:Creating package script '/home/dkflippo/aug2024/install/sllidar_ros2/share/sllidar_ros2/package.ps1'
[0.895s] INFO:colcon.colcon_core.shell:Creating package descriptor '/home/dkflippo/aug2024/install/sllidar_ros2/share/sllidar_ros2/package.dsv'
[0.895s] INFO:colcon.colcon_core.shell:Creating package script '/home/dkflippo/aug2024/install/sllidar_ros2/share/sllidar_ros2/package.sh'
[0.896s] INFO:colcon.colcon_core.shell:Creating package script '/home/dkflippo/aug2024/install/sllidar_ros2/share/sllidar_ros2/package.bash'
[0.896s] INFO:colcon.colcon_core.shell:Creating package script '/home/dkflippo/aug2024/install/sllidar_ros2/share/sllidar_ros2/package.zsh'
[0.897s] Level 1:colcon.colcon_core.environment:create_file_with_runtime_dependencies(/home/dkflippo/aug2024/install/sllidar_ros2/share/colcon-core/packages/sllidar_ros2)
[0.897s] Level 1:colcon.colcon_core.environment:create_environment_scripts_only(sllidar_ros2)
[0.897s] Level 1:colcon.colcon_core.environment:checking '/home/dkflippo/aug2024/install/sllidar_ros2' for CMake module files
[0.899s] Level 1:colcon.colcon_core.environment:checking '/home/dkflippo/aug2024/install/sllidar_ros2' for CMake config files
[0.899s] Level 1:colcon.colcon_core.shell:create_environment_hook('sllidar_ros2', 'cmake_prefix_path')
[0.900s] INFO:colcon.colcon_core.shell:Creating environment hook '/home/dkflippo/aug2024/install/sllidar_ros2/share/sllidar_ros2/hook/cmake_prefix_path.ps1'
[0.901s] INFO:colcon.colcon_core.shell:Creating environment descriptor '/home/dkflippo/aug2024/install/sllidar_ros2/share/sllidar_ros2/hook/cmake_prefix_path.dsv'
[0.902s] INFO:colcon.colcon_core.shell:Creating environment hook '/home/dkflippo/aug2024/install/sllidar_ros2/share/sllidar_ros2/hook/cmake_prefix_path.sh'
[0.903s] Level 1:colcon.colcon_core.environment:checking '/home/dkflippo/aug2024/install/sllidar_ros2/lib'
[0.903s] Level 1:colcon.colcon_core.environment:checking '/home/dkflippo/aug2024/install/sllidar_ros2/bin'
[0.903s] Level 1:colcon.colcon_core.environment:checking '/home/dkflippo/aug2024/install/sllidar_ros2/lib/pkgconfig/sllidar_ros2.pc'
[0.903s] Level 1:colcon.colcon_core.environment:checking '/home/dkflippo/aug2024/install/sllidar_ros2/lib/python3.10/site-packages'
[0.904s] Level 1:colcon.colcon_core.environment:checking '/home/dkflippo/aug2024/install/sllidar_ros2/bin'
[0.904s] INFO:colcon.colcon_core.shell:Creating package script '/home/dkflippo/aug2024/install/sllidar_ros2/share/sllidar_ros2/package.ps1'
[0.905s] INFO:colcon.colcon_core.shell:Creating package descriptor '/home/dkflippo/aug2024/install/sllidar_ros2/share/sllidar_ros2/package.dsv'
[0.906s] INFO:colcon.colcon_core.shell:Creating package script '/home/dkflippo/aug2024/install/sllidar_ros2/share/sllidar_ros2/package.sh'
[0.907s] INFO:colcon.colcon_core.shell:Creating package script '/home/dkflippo/aug2024/install/sllidar_ros2/share/sllidar_ros2/package.bash'
[0.908s] INFO:colcon.colcon_core.shell:Creating package script '/home/dkflippo/aug2024/install/sllidar_ros2/share/sllidar_ros2/package.zsh'
[0.908s] Level 1:colcon.colcon_core.environment:create_file_with_runtime_dependencies(/home/dkflippo/aug2024/install/sllidar_ros2/share/colcon-core/packages/sllidar_ros2)
[0.919s] DEBUG:colcon.colcon_core.event_handler.log_command:Invoking command in '/home/dkflippo/aug2024/build/BMC_2024': CMAKE_PREFIX_PATH=/home/dkflippo/aug2024/install/gazebo_ros2_control:/home/dkflippo/aug2024/install/sllidar_ros2:/home/dkflippo/aug2024/install/my_robot_nav2:/home/dkflippo/aug2024/install/gazebo_ros2_control_demos:/home/dkflippo/aug2024/install/aug_2024:/home/dkflippo/aug2024/install/BMC_2024:/home/dkflippo/ros2_control_ws/install/ros2_controllers:/home/dkflippo/ros2_control_ws/install/velocity_controllers:/home/dkflippo/ros2_control_ws/install/tricycle_steering_controller:/home/dkflippo/ros2_control_ws/install/tricycle_controller:/home/dkflippo/ros2_control_ws/install/ros2_control:/home/dkflippo/ros2_control_ws/install/transmission_interface:/home/dkflippo/ros2_control_ws/install/bicycle_steering_controller:/home/dkflippo/ros2_control_ws/install/ackermann_steering_controller:/home/dkflippo/ros2_control_ws/install/steering_controllers_library:/home/dkflippo/ros2_control_ws/install/hardware_interface_testing:/home/dkflippo/ros2_control_ws/install/controller_manager:/home/dkflippo/ros2_control_ws/install/ros2_control_test_assets:/home/dkflippo/ros2_control_ws/install/range_sensor_broadcaster:/home/dkflippo/ros2_control_ws/install/position_controllers:/home/dkflippo/ros2_control_ws/install/pose_broadcaster:/home/dkflippo/ros2_control_ws/install/pid_controller:/home/dkflippo/ros2_control_ws/install/mecanum_drive_controller:/home/dkflippo/ros2_control_ws/install/joint_trajectory_controller:/home/dkflippo/ros2_control_ws/install/joint_state_broadcaster:/home/dkflippo/ros2_control_ws/install/joint_limits:/home/dkflippo/ros2_control_ws/install/imu_sensor_broadcaster:/home/dkflippo/ros2_control_ws/install/gripper_controllers:/home/dkflippo/ros2_control_ws/install/gpio_controllers:/home/dkflippo/ros2_control_ws/install/effort_controllers:/home/dkflippo/ros2_control_ws/install/forward_command_controller:/home/dkflippo/ros2_control_ws/install/force_torque_sensor_broadcaster:/home/dkflippo/ros2_control_ws/install/diff_drive_controller:/home/dkflippo/ros2_control_ws/install/admittance_controller:/home/dkflippo/ros2_control_ws/install/controller_interface:/home/dkflippo/ros2_control_ws/install/hardware_interface:/home/dkflippo/ros2_control_ws/install/controller_manager_msgs:/home/dkflippo/ros2_control_ws/install/rqt_joint_trajectory_controller:/home/dkflippo/ros2_control_ws/install/rqt_controller_manager:/home/dkflippo/ros2_control_ws/install/ros2controlcli:/home/dkflippo/ros2_control_ws/install/ros2_controllers_test_nodes:/opt/ros/humble LD_LIBRARY_PATH=/home/dkflippo/aug2024/install/gazebo_ros2_control/lib:/home/dkflippo/ros2_control_ws/install/velocity_controllers/lib:/home/dkflippo/ros2_control_ws/install/tricycle_steering_controller/lib:/home/dkflippo/ros2_control_ws/install/tricycle_controller/lib:/home/dkflippo/ros2_control_ws/install/transmission_interface/lib:/home/dkflippo/ros2_control_ws/install/bicycle_steering_controller/lib:/home/dkflippo/ros2_control_ws/install/ackermann_steering_controller/lib:/home/dkflippo/ros2_control_ws/install/steering_controllers_library/lib:/home/dkflippo/ros2_control_ws/install/hardware_interface_testing/lib:/home/dkflippo/ros2_control_ws/install/controller_manager/lib:/home/dkflippo/ros2_control_ws/install/range_sensor_broadcaster/lib:/home/dkflippo/ros2_control_ws/install/position_controllers/lib:/home/dkflippo/ros2_control_ws/install/pose_broadcaster/lib:/home/dkflippo/ros2_control_ws/install/pid_controller/lib:/home/dkflippo/ros2_control_ws/install/mecanum_drive_controller/lib:/home/dkflippo/ros2_control_ws/install/joint_trajectory_controller/lib:/home/dkflippo/ros2_control_ws/install/joint_state_broadcaster/lib:/home/dkflippo/ros2_control_ws/install/joint_limits/lib:/home/dkflippo/ros2_control_ws/install/imu_sensor_broadcaster/lib:/home/dkflippo/ros2_control_ws/install/gripper_controllers/lib:/home/dkflippo/ros2_control_ws/install/gpio_controllers/lib:/home/dkflippo/ros2_control_ws/install/effort_controllers/lib:/home/dkflippo/ros2_control_ws/install/forward_command_controller/lib:/home/dkflippo/ros2_control_ws/install/force_torque_sensor_broadcaster/lib:/home/dkflippo/ros2_control_ws/install/diff_drive_controller/lib:/home/dkflippo/ros2_control_ws/install/admittance_controller/lib:/home/dkflippo/ros2_control_ws/install/controller_interface/lib:/home/dkflippo/ros2_control_ws/install/hardware_interface/lib:/home/dkflippo/ros2_control_ws/install/controller_manager_msgs/lib:/home/dkflippo/aug2024/install/BMC_2024/lib:/usr/lib/x86_64-linux-gnu/gazebo-11/plugins:/opt/ros/humble/opt/rviz_ogre_vendor/lib:/opt/ros/humble/lib/x86_64-linux-gnu:/opt/ros/humble/lib /usr/bin/cmake --build /home/dkflippo/aug2024/build/BMC_2024 -- -j12 -l12
[0.922s] DEBUG:colcon.colcon_core.event_handler.log_command:Invoking command in '/home/dkflippo/aug2024/build/gazebo_ros2_control_demos': CMAKE_PREFIX_PATH=/home/dkflippo/aug2024/install/gazebo_ros2_control:/home/dkflippo/aug2024/install/sllidar_ros2:/home/dkflippo/aug2024/install/my_robot_nav2:/home/dkflippo/aug2024/install/gazebo_ros2_control_demos:/home/dkflippo/aug2024/install/aug_2024:/home/dkflippo/aug2024/install/BMC_2024:/home/dkflippo/ros2_control_ws/install/ros2_controllers:/home/dkflippo/ros2_control_ws/install/velocity_controllers:/home/dkflippo/ros2_control_ws/install/tricycle_steering_controller:/home/dkflippo/ros2_control_ws/install/tricycle_controller:/home/dkflippo/ros2_control_ws/install/ros2_control:/home/dkflippo/ros2_control_ws/install/transmission_interface:/home/dkflippo/ros2_control_ws/install/bicycle_steering_controller:/home/dkflippo/ros2_control_ws/install/ackermann_steering_controller:/home/dkflippo/ros2_control_ws/install/steering_controllers_library:/home/dkflippo/ros2_control_ws/install/hardware_interface_testing:/home/dkflippo/ros2_control_ws/install/controller_manager:/home/dkflippo/ros2_control_ws/install/ros2_control_test_assets:/home/dkflippo/ros2_control_ws/install/range_sensor_broadcaster:/home/dkflippo/ros2_control_ws/install/position_controllers:/home/dkflippo/ros2_control_ws/install/pose_broadcaster:/home/dkflippo/ros2_control_ws/install/pid_controller:/home/dkflippo/ros2_control_ws/install/mecanum_drive_controller:/home/dkflippo/ros2_control_ws/install/joint_trajectory_controller:/home/dkflippo/ros2_control_ws/install/joint_state_broadcaster:/home/dkflippo/ros2_control_ws/install/joint_limits:/home/dkflippo/ros2_control_ws/install/imu_sensor_broadcaster:/home/dkflippo/ros2_control_ws/install/gripper_controllers:/home/dkflippo/ros2_control_ws/install/gpio_controllers:/home/dkflippo/ros2_control_ws/install/effort_controllers:/home/dkflippo/ros2_control_ws/install/forward_command_controller:/home/dkflippo/ros2_control_ws/install/force_torque_sensor_broadcaster:/home/dkflippo/ros2_control_ws/install/diff_drive_controller:/home/dkflippo/ros2_control_ws/install/admittance_controller:/home/dkflippo/ros2_control_ws/install/controller_interface:/home/dkflippo/ros2_control_ws/install/hardware_interface:/home/dkflippo/ros2_control_ws/install/controller_manager_msgs:/home/dkflippo/ros2_control_ws/install/rqt_joint_trajectory_controller:/home/dkflippo/ros2_control_ws/install/rqt_controller_manager:/home/dkflippo/ros2_control_ws/install/ros2controlcli:/home/dkflippo/ros2_control_ws/install/ros2_controllers_test_nodes:/opt/ros/humble LD_LIBRARY_PATH=/home/dkflippo/aug2024/install/gazebo_ros2_control/lib:/home/dkflippo/ros2_control_ws/install/velocity_controllers/lib:/home/dkflippo/ros2_control_ws/install/tricycle_steering_controller/lib:/home/dkflippo/ros2_control_ws/install/tricycle_controller/lib:/home/dkflippo/ros2_control_ws/install/transmission_interface/lib:/home/dkflippo/ros2_control_ws/install/bicycle_steering_controller/lib:/home/dkflippo/ros2_control_ws/install/ackermann_steering_controller/lib:/home/dkflippo/ros2_control_ws/install/steering_controllers_library/lib:/home/dkflippo/ros2_control_ws/install/hardware_interface_testing/lib:/home/dkflippo/ros2_control_ws/install/controller_manager/lib:/home/dkflippo/ros2_control_ws/install/range_sensor_broadcaster/lib:/home/dkflippo/ros2_control_ws/install/position_controllers/lib:/home/dkflippo/ros2_control_ws/install/pose_broadcaster/lib:/home/dkflippo/ros2_control_ws/install/pid_controller/lib:/home/dkflippo/ros2_control_ws/install/mecanum_drive_controller/lib:/home/dkflippo/ros2_control_ws/install/joint_trajectory_controller/lib:/home/dkflippo/ros2_control_ws/install/joint_state_broadcaster/lib:/home/dkflippo/ros2_control_ws/install/joint_limits/lib:/home/dkflippo/ros2_control_ws/install/imu_sensor_broadcaster/lib:/home/dkflippo/ros2_control_ws/install/gripper_controllers/lib:/home/dkflippo/ros2_control_ws/install/gpio_controllers/lib:/home/dkflippo/ros2_control_ws/install/effort_controllers/lib:/home/dkflippo/ros2_control_ws/install/forward_command_controller/lib:/home/dkflippo/ros2_control_ws/install/force_torque_sensor_broadcaster/lib:/home/dkflippo/ros2_control_ws/install/diff_drive_controller/lib:/home/dkflippo/ros2_control_ws/install/admittance_controller/lib:/home/dkflippo/ros2_control_ws/install/controller_interface/lib:/home/dkflippo/ros2_control_ws/install/hardware_interface/lib:/home/dkflippo/ros2_control_ws/install/controller_manager_msgs/lib:/home/dkflippo/aug2024/install/BMC_2024/lib:/usr/lib/x86_64-linux-gnu/gazebo-11/plugins:/opt/ros/humble/opt/rviz_ogre_vendor/lib:/opt/ros/humble/lib/x86_64-linux-gnu:/opt/ros/humble/lib /usr/bin/cmake --build /home/dkflippo/aug2024/build/gazebo_ros2_control_demos -- -j12 -l12
[1.070s] DEBUG:colcon.colcon_core.event_handler.log_command:Invoked command in '/home/dkflippo/aug2024/build/BMC_2024' returned '0': CMAKE_PREFIX_PATH=/home/dkflippo/aug2024/install/gazebo_ros2_control:/home/dkflippo/aug2024/install/sllidar_ros2:/home/dkflippo/aug2024/install/my_robot_nav2:/home/dkflippo/aug2024/install/gazebo_ros2_control_demos:/home/dkflippo/aug2024/install/aug_2024:/home/dkflippo/aug2024/install/BMC_2024:/home/dkflippo/ros2_control_ws/install/ros2_controllers:/home/dkflippo/ros2_control_ws/install/velocity_controllers:/home/dkflippo/ros2_control_ws/install/tricycle_steering_controller:/home/dkflippo/ros2_control_ws/install/tricycle_controller:/home/dkflippo/ros2_control_ws/install/ros2_control:/home/dkflippo/ros2_control_ws/install/transmission_interface:/home/dkflippo/ros2_control_ws/install/bicycle_steering_controller:/home/dkflippo/ros2_control_ws/install/ackermann_steering_controller:/home/dkflippo/ros2_control_ws/install/steering_controllers_library:/home/dkflippo/ros2_control_ws/install/hardware_interface_testing:/home/dkflippo/ros2_control_ws/install/controller_manager:/home/dkflippo/ros2_control_ws/install/ros2_control_test_assets:/home/dkflippo/ros2_control_ws/install/range_sensor_broadcaster:/home/dkflippo/ros2_control_ws/install/position_controllers:/home/dkflippo/ros2_control_ws/install/pose_broadcaster:/home/dkflippo/ros2_control_ws/install/pid_controller:/home/dkflippo/ros2_control_ws/install/mecanum_drive_controller:/home/dkflippo/ros2_control_ws/install/joint_trajectory_controller:/home/dkflippo/ros2_control_ws/install/joint_state_broadcaster:/home/dkflippo/ros2_control_ws/install/joint_limits:/home/dkflippo/ros2_control_ws/install/imu_sensor_broadcaster:/home/dkflippo/ros2_control_ws/install/gripper_controllers:/home/dkflippo/ros2_control_ws/install/gpio_controllers:/home/dkflippo/ros2_control_ws/install/effort_controllers:/home/dkflippo/ros2_control_ws/install/forward_command_controller:/home/dkflippo/ros2_control_ws/install/force_torque_sensor_broadcaster:/home/dkflippo/ros2_control_ws/install/diff_drive_controller:/home/dkflippo/ros2_control_ws/install/admittance_controller:/home/dkflippo/ros2_control_ws/install/controller_interface:/home/dkflippo/ros2_control_ws/install/hardware_interface:/home/dkflippo/ros2_control_ws/install/controller_manager_msgs:/home/dkflippo/ros2_control_ws/install/rqt_joint_trajectory_controller:/home/dkflippo/ros2_control_ws/install/rqt_controller_manager:/home/dkflippo/ros2_control_ws/install/ros2controlcli:/home/dkflippo/ros2_control_ws/install/ros2_controllers_test_nodes:/opt/ros/humble LD_LIBRARY_PATH=/home/dkflippo/aug2024/install/gazebo_ros2_control/lib:/home/dkflippo/ros2_control_ws/install/velocity_controllers/lib:/home/dkflippo/ros2_control_ws/install/tricycle_steering_controller/lib:/home/dkflippo/ros2_control_ws/install/tricycle_controller/lib:/home/dkflippo/ros2_control_ws/install/transmission_interface/lib:/home/dkflippo/ros2_control_ws/install/bicycle_steering_controller/lib:/home/dkflippo/ros2_control_ws/install/ackermann_steering_controller/lib:/home/dkflippo/ros2_control_ws/install/steering_controllers_library/lib:/home/dkflippo/ros2_control_ws/install/hardware_interface_testing/lib:/home/dkflippo/ros2_control_ws/install/controller_manager/lib:/home/dkflippo/ros2_control_ws/install/range_sensor_broadcaster/lib:/home/dkflippo/ros2_control_ws/install/position_controllers/lib:/home/dkflippo/ros2_control_ws/install/pose_broadcaster/lib:/home/dkflippo/ros2_control_ws/install/pid_controller/lib:/home/dkflippo/ros2_control_ws/install/mecanum_drive_controller/lib:/home/dkflippo/ros2_control_ws/install/joint_trajectory_controller/lib:/home/dkflippo/ros2_control_ws/install/joint_state_broadcaster/lib:/home/dkflippo/ros2_control_ws/install/joint_limits/lib:/home/dkflippo/ros2_control_ws/install/imu_sensor_broadcaster/lib:/home/dkflippo/ros2_control_ws/install/gripper_controllers/lib:/home/dkflippo/ros2_control_ws/install/gpio_controllers/lib:/home/dkflippo/ros2_control_ws/install/effort_controllers/lib:/home/dkflippo/ros2_control_ws/install/forward_command_controller/lib:/home/dkflippo/ros2_control_ws/install/force_torque_sensor_broadcaster/lib:/home/dkflippo/ros2_control_ws/install/diff_drive_controller/lib:/home/dkflippo/ros2_control_ws/install/admittance_controller/lib:/home/dkflippo/ros2_control_ws/install/controller_interface/lib:/home/dkflippo/ros2_control_ws/install/hardware_interface/lib:/home/dkflippo/ros2_control_ws/install/controller_manager_msgs/lib:/home/dkflippo/aug2024/install/BMC_2024/lib:/usr/lib/x86_64-linux-gnu/gazebo-11/plugins:/opt/ros/humble/opt/rviz_ogre_vendor/lib:/opt/ros/humble/lib/x86_64-linux-gnu:/opt/ros/humble/lib /usr/bin/cmake --build /home/dkflippo/aug2024/build/BMC_2024 -- -j12 -l12
[1.073s] DEBUG:colcon.colcon_core.event_handler.log_command:Invoking command in '/home/dkflippo/aug2024/build/BMC_2024': CMAKE_PREFIX_PATH=/home/dkflippo/aug2024/install/gazebo_ros2_control:/home/dkflippo/aug2024/install/sllidar_ros2:/home/dkflippo/aug2024/install/my_robot_nav2:/home/dkflippo/aug2024/install/gazebo_ros2_control_demos:/home/dkflippo/aug2024/install/aug_2024:/home/dkflippo/aug2024/install/BMC_2024:/home/dkflippo/ros2_control_ws/install/ros2_controllers:/home/dkflippo/ros2_control_ws/install/velocity_controllers:/home/dkflippo/ros2_control_ws/install/tricycle_steering_controller:/home/dkflippo/ros2_control_ws/install/tricycle_controller:/home/dkflippo/ros2_control_ws/install/ros2_control:/home/dkflippo/ros2_control_ws/install/transmission_interface:/home/dkflippo/ros2_control_ws/install/bicycle_steering_controller:/home/dkflippo/ros2_control_ws/install/ackermann_steering_controller:/home/dkflippo/ros2_control_ws/install/steering_controllers_library:/home/dkflippo/ros2_control_ws/install/hardware_interface_testing:/home/dkflippo/ros2_control_ws/install/controller_manager:/home/dkflippo/ros2_control_ws/install/ros2_control_test_assets:/home/dkflippo/ros2_control_ws/install/range_sensor_broadcaster:/home/dkflippo/ros2_control_ws/install/position_controllers:/home/dkflippo/ros2_control_ws/install/pose_broadcaster:/home/dkflippo/ros2_control_ws/install/pid_controller:/home/dkflippo/ros2_control_ws/install/mecanum_drive_controller:/home/dkflippo/ros2_control_ws/install/joint_trajectory_controller:/home/dkflippo/ros2_control_ws/install/joint_state_broadcaster:/home/dkflippo/ros2_control_ws/install/joint_limits:/home/dkflippo/ros2_control_ws/install/imu_sensor_broadcaster:/home/dkflippo/ros2_control_ws/install/gripper_controllers:/home/dkflippo/ros2_control_ws/install/gpio_controllers:/home/dkflippo/ros2_control_ws/install/effort_controllers:/home/dkflippo/ros2_control_ws/install/forward_command_controller:/home/dkflippo/ros2_control_ws/install/force_torque_sensor_broadcaster:/home/dkflippo/ros2_control_ws/install/diff_drive_controller:/home/dkflippo/ros2_control_ws/install/admittance_controller:/home/dkflippo/ros2_control_ws/install/controller_interface:/home/dkflippo/ros2_control_ws/install/hardware_interface:/home/dkflippo/ros2_control_ws/install/controller_manager_msgs:/home/dkflippo/ros2_control_ws/install/rqt_joint_trajectory_controller:/home/dkflippo/ros2_control_ws/install/rqt_controller_manager:/home/dkflippo/ros2_control_ws/install/ros2controlcli:/home/dkflippo/ros2_control_ws/install/ros2_controllers_test_nodes:/opt/ros/humble LD_LIBRARY_PATH=/home/dkflippo/aug2024/install/gazebo_ros2_control/lib:/home/dkflippo/ros2_control_ws/install/velocity_controllers/lib:/home/dkflippo/ros2_control_ws/install/tricycle_steering_controller/lib:/home/dkflippo/ros2_control_ws/install/tricycle_controller/lib:/home/dkflippo/ros2_control_ws/install/transmission_interface/lib:/home/dkflippo/ros2_control_ws/install/bicycle_steering_controller/lib:/home/dkflippo/ros2_control_ws/install/ackermann_steering_controller/lib:/home/dkflippo/ros2_control_ws/install/steering_controllers_library/lib:/home/dkflippo/ros2_control_ws/install/hardware_interface_testing/lib:/home/dkflippo/ros2_control_ws/install/controller_manager/lib:/home/dkflippo/ros2_control_ws/install/range_sensor_broadcaster/lib:/home/dkflippo/ros2_control_ws/install/position_controllers/lib:/home/dkflippo/ros2_control_ws/install/pose_broadcaster/lib:/home/dkflippo/ros2_control_ws/install/pid_controller/lib:/home/dkflippo/ros2_control_ws/install/mecanum_drive_controller/lib:/home/dkflippo/ros2_control_ws/install/joint_trajectory_controller/lib:/home/dkflippo/ros2_control_ws/install/joint_state_broadcaster/lib:/home/dkflippo/ros2_control_ws/install/joint_limits/lib:/home/dkflippo/ros2_control_ws/install/imu_sensor_broadcaster/lib:/home/dkflippo/ros2_control_ws/install/gripper_controllers/lib:/home/dkflippo/ros2_control_ws/install/gpio_controllers/lib:/home/dkflippo/ros2_control_ws/install/effort_controllers/lib:/home/dkflippo/ros2_control_ws/install/forward_command_controller/lib:/home/dkflippo/ros2_control_ws/install/force_torque_sensor_broadcaster/lib:/home/dkflippo/ros2_control_ws/install/diff_drive_controller/lib:/home/dkflippo/ros2_control_ws/install/admittance_controller/lib:/home/dkflippo/ros2_control_ws/install/controller_interface/lib:/home/dkflippo/ros2_control_ws/install/hardware_interface/lib:/home/dkflippo/ros2_control_ws/install/controller_manager_msgs/lib:/home/dkflippo/aug2024/install/BMC_2024/lib:/usr/lib/x86_64-linux-gnu/gazebo-11/plugins:/opt/ros/humble/opt/rviz_ogre_vendor/lib:/opt/ros/humble/lib/x86_64-linux-gnu:/opt/ros/humble/lib /usr/bin/cmake --install /home/dkflippo/aug2024/build/BMC_2024
[1.075s] DEBUG:colcon.colcon_core.event_handler.log_command:Invoked command in '/home/dkflippo/aug2024/build/gazebo_ros2_control_demos' returned '0': CMAKE_PREFIX_PATH=/home/dkflippo/aug2024/install/gazebo_ros2_control:/home/dkflippo/aug2024/install/sllidar_ros2:/home/dkflippo/aug2024/install/my_robot_nav2:/home/dkflippo/aug2024/install/gazebo_ros2_control_demos:/home/dkflippo/aug2024/install/aug_2024:/home/dkflippo/aug2024/install/BMC_2024:/home/dkflippo/ros2_control_ws/install/ros2_controllers:/home/dkflippo/ros2_control_ws/install/velocity_controllers:/home/dkflippo/ros2_control_ws/install/tricycle_steering_controller:/home/dkflippo/ros2_control_ws/install/tricycle_controller:/home/dkflippo/ros2_control_ws/install/ros2_control:/home/dkflippo/ros2_control_ws/install/transmission_interface:/home/dkflippo/ros2_control_ws/install/bicycle_steering_controller:/home/dkflippo/ros2_control_ws/install/ackermann_steering_controller:/home/dkflippo/ros2_control_ws/install/steering_controllers_library:/home/dkflippo/ros2_control_ws/install/hardware_interface_testing:/home/dkflippo/ros2_control_ws/install/controller_manager:/home/dkflippo/ros2_control_ws/install/ros2_control_test_assets:/home/dkflippo/ros2_control_ws/install/range_sensor_broadcaster:/home/dkflippo/ros2_control_ws/install/position_controllers:/home/dkflippo/ros2_control_ws/install/pose_broadcaster:/home/dkflippo/ros2_control_ws/install/pid_controller:/home/dkflippo/ros2_control_ws/install/mecanum_drive_controller:/home/dkflippo/ros2_control_ws/install/joint_trajectory_controller:/home/dkflippo/ros2_control_ws/install/joint_state_broadcaster:/home/dkflippo/ros2_control_ws/install/joint_limits:/home/dkflippo/ros2_control_ws/install/imu_sensor_broadcaster:/home/dkflippo/ros2_control_ws/install/gripper_controllers:/home/dkflippo/ros2_control_ws/install/gpio_controllers:/home/dkflippo/ros2_control_ws/install/effort_controllers:/home/dkflippo/ros2_control_ws/install/forward_command_controller:/home/dkflippo/ros2_control_ws/install/force_torque_sensor_broadcaster:/home/dkflippo/ros2_control_ws/install/diff_drive_controller:/home/dkflippo/ros2_control_ws/install/admittance_controller:/home/dkflippo/ros2_control_ws/install/controller_interface:/home/dkflippo/ros2_control_ws/install/hardware_interface:/home/dkflippo/ros2_control_ws/install/controller_manager_msgs:/home/dkflippo/ros2_control_ws/install/rqt_joint_trajectory_controller:/home/dkflippo/ros2_control_ws/install/rqt_controller_manager:/home/dkflippo/ros2_control_ws/install/ros2controlcli:/home/dkflippo/ros2_control_ws/install/ros2_controllers_test_nodes:/opt/ros/humble LD_LIBRARY_PATH=/home/dkflippo/aug2024/install/gazebo_ros2_control/lib:/home/dkflippo/ros2_control_ws/install/velocity_controllers/lib:/home/dkflippo/ros2_control_ws/install/tricycle_steering_controller/lib:/home/dkflippo/ros2_control_ws/install/tricycle_controller/lib:/home/dkflippo/ros2_control_ws/install/transmission_interface/lib:/home/dkflippo/ros2_control_ws/install/bicycle_steering_controller/lib:/home/dkflippo/ros2_control_ws/install/ackermann_steering_controller/lib:/home/dkflippo/ros2_control_ws/install/steering_controllers_library/lib:/home/dkflippo/ros2_control_ws/install/hardware_interface_testing/lib:/home/dkflippo/ros2_control_ws/install/controller_manager/lib:/home/dkflippo/ros2_control_ws/install/range_sensor_broadcaster/lib:/home/dkflippo/ros2_control_ws/install/position_controllers/lib:/home/dkflippo/ros2_control_ws/install/pose_broadcaster/lib:/home/dkflippo/ros2_control_ws/install/pid_controller/lib:/home/dkflippo/ros2_control_ws/install/mecanum_drive_controller/lib:/home/dkflippo/ros2_control_ws/install/joint_trajectory_controller/lib:/home/dkflippo/ros2_control_ws/install/joint_state_broadcaster/lib:/home/dkflippo/ros2_control_ws/install/joint_limits/lib:/home/dkflippo/ros2_control_ws/install/imu_sensor_broadcaster/lib:/home/dkflippo/ros2_control_ws/install/gripper_controllers/lib:/home/dkflippo/ros2_control_ws/install/gpio_controllers/lib:/home/dkflippo/ros2_control_ws/install/effort_controllers/lib:/home/dkflippo/ros2_control_ws/install/forward_command_controller/lib:/home/dkflippo/ros2_control_ws/install/force_torque_sensor_broadcaster/lib:/home/dkflippo/ros2_control_ws/install/diff_drive_controller/lib:/home/dkflippo/ros2_control_ws/install/admittance_controller/lib:/home/dkflippo/ros2_control_ws/install/controller_interface/lib:/home/dkflippo/ros2_control_ws/install/hardware_interface/lib:/home/dkflippo/ros2_control_ws/install/controller_manager_msgs/lib:/home/dkflippo/aug2024/install/BMC_2024/lib:/usr/lib/x86_64-linux-gnu/gazebo-11/plugins:/opt/ros/humble/opt/rviz_ogre_vendor/lib:/opt/ros/humble/lib/x86_64-linux-gnu:/opt/ros/humble/lib /usr/bin/cmake --build /home/dkflippo/aug2024/build/gazebo_ros2_control_demos -- -j12 -l12
[1.078s] DEBUG:colcon.colcon_core.event_handler.log_command:Invoking command in '/home/dkflippo/aug2024/build/gazebo_ros2_control_demos': CMAKE_PREFIX_PATH=/home/dkflippo/aug2024/install/gazebo_ros2_control:/home/dkflippo/aug2024/install/sllidar_ros2:/home/dkflippo/aug2024/install/my_robot_nav2:/home/dkflippo/aug2024/install/gazebo_ros2_control_demos:/home/dkflippo/aug2024/install/aug_2024:/home/dkflippo/aug2024/install/BMC_2024:/home/dkflippo/ros2_control_ws/install/ros2_controllers:/home/dkflippo/ros2_control_ws/install/velocity_controllers:/home/dkflippo/ros2_control_ws/install/tricycle_steering_controller:/home/dkflippo/ros2_control_ws/install/tricycle_controller:/home/dkflippo/ros2_control_ws/install/ros2_control:/home/dkflippo/ros2_control_ws/install/transmission_interface:/home/dkflippo/ros2_control_ws/install/bicycle_steering_controller:/home/dkflippo/ros2_control_ws/install/ackermann_steering_controller:/home/dkflippo/ros2_control_ws/install/steering_controllers_library:/home/dkflippo/ros2_control_ws/install/hardware_interface_testing:/home/dkflippo/ros2_control_ws/install/controller_manager:/home/dkflippo/ros2_control_ws/install/ros2_control_test_assets:/home/dkflippo/ros2_control_ws/install/range_sensor_broadcaster:/home/dkflippo/ros2_control_ws/install/position_controllers:/home/dkflippo/ros2_control_ws/install/pose_broadcaster:/home/dkflippo/ros2_control_ws/install/pid_controller:/home/dkflippo/ros2_control_ws/install/mecanum_drive_controller:/home/dkflippo/ros2_control_ws/install/joint_trajectory_controller:/home/dkflippo/ros2_control_ws/install/joint_state_broadcaster:/home/dkflippo/ros2_control_ws/install/joint_limits:/home/dkflippo/ros2_control_ws/install/imu_sensor_broadcaster:/home/dkflippo/ros2_control_ws/install/gripper_controllers:/home/dkflippo/ros2_control_ws/install/gpio_controllers:/home/dkflippo/ros2_control_ws/install/effort_controllers:/home/dkflippo/ros2_control_ws/install/forward_command_controller:/home/dkflippo/ros2_control_ws/install/force_torque_sensor_broadcaster:/home/dkflippo/ros2_control_ws/install/diff_drive_controller:/home/dkflippo/ros2_control_ws/install/admittance_controller:/home/dkflippo/ros2_control_ws/install/controller_interface:/home/dkflippo/ros2_control_ws/install/hardware_interface:/home/dkflippo/ros2_control_ws/install/controller_manager_msgs:/home/dkflippo/ros2_control_ws/install/rqt_joint_trajectory_controller:/home/dkflippo/ros2_control_ws/install/rqt_controller_manager:/home/dkflippo/ros2_control_ws/install/ros2controlcli:/home/dkflippo/ros2_control_ws/install/ros2_controllers_test_nodes:/opt/ros/humble LD_LIBRARY_PATH=/home/dkflippo/aug2024/install/gazebo_ros2_control/lib:/home/dkflippo/ros2_control_ws/install/velocity_controllers/lib:/home/dkflippo/ros2_control_ws/install/tricycle_steering_controller/lib:/home/dkflippo/ros2_control_ws/install/tricycle_controller/lib:/home/dkflippo/ros2_control_ws/install/transmission_interface/lib:/home/dkflippo/ros2_control_ws/install/bicycle_steering_controller/lib:/home/dkflippo/ros2_control_ws/install/ackermann_steering_controller/lib:/home/dkflippo/ros2_control_ws/install/steering_controllers_library/lib:/home/dkflippo/ros2_control_ws/install/hardware_interface_testing/lib:/home/dkflippo/ros2_control_ws/install/controller_manager/lib:/home/dkflippo/ros2_control_ws/install/range_sensor_broadcaster/lib:/home/dkflippo/ros2_control_ws/install/position_controllers/lib:/home/dkflippo/ros2_control_ws/install/pose_broadcaster/lib:/home/dkflippo/ros2_control_ws/install/pid_controller/lib:/home/dkflippo/ros2_control_ws/install/mecanum_drive_controller/lib:/home/dkflippo/ros2_control_ws/install/joint_trajectory_controller/lib:/home/dkflippo/ros2_control_ws/install/joint_state_broadcaster/lib:/home/dkflippo/ros2_control_ws/install/joint_limits/lib:/home/dkflippo/ros2_control_ws/install/imu_sensor_broadcaster/lib:/home/dkflippo/ros2_control_ws/install/gripper_controllers/lib:/home/dkflippo/ros2_control_ws/install/gpio_controllers/lib:/home/dkflippo/ros2_control_ws/install/effort_controllers/lib:/home/dkflippo/ros2_control_ws/install/forward_command_controller/lib:/home/dkflippo/ros2_control_ws/install/force_torque_sensor_broadcaster/lib:/home/dkflippo/ros2_control_ws/install/diff_drive_controller/lib:/home/dkflippo/ros2_control_ws/install/admittance_controller/lib:/home/dkflippo/ros2_control_ws/install/controller_interface/lib:/home/dkflippo/ros2_control_ws/install/hardware_interface/lib:/home/dkflippo/ros2_control_ws/install/controller_manager_msgs/lib:/home/dkflippo/aug2024/install/BMC_2024/lib:/usr/lib/x86_64-linux-gnu/gazebo-11/plugins:/opt/ros/humble/opt/rviz_ogre_vendor/lib:/opt/ros/humble/lib/x86_64-linux-gnu:/opt/ros/humble/lib /usr/bin/cmake --install /home/dkflippo/aug2024/build/gazebo_ros2_control_demos
[1.094s] Level 1:colcon.colcon_core.environment:create_environment_scripts_only(BMC_2024)
[1.095s] Level 1:colcon.colcon_core.environment:checking '/home/dkflippo/aug2024/install/BMC_2024' for CMake module files
[1.097s] Level 1:colcon.colcon_core.environment:checking '/home/dkflippo/aug2024/install/BMC_2024' for CMake config files
[1.098s] Level 1:colcon.colcon_core.shell:create_environment_hook('BMC_2024', 'cmake_prefix_path')
[1.099s] INFO:colcon.colcon_core.shell:Creating environment hook '/home/dkflippo/aug2024/install/BMC_2024/share/BMC_2024/hook/cmake_prefix_path.ps1'
[1.101s] INFO:colcon.colcon_core.shell:Creating environment descriptor '/home/dkflippo/aug2024/install/BMC_2024/share/BMC_2024/hook/cmake_prefix_path.dsv'
[1.102s] INFO:colcon.colcon_core.shell:Creating environment hook '/home/dkflippo/aug2024/install/BMC_2024/share/BMC_2024/hook/cmake_prefix_path.sh'
[1.102s] DEBUG:colcon.colcon_core.event_handler.log_command:Invoked command in '/home/dkflippo/aug2024/build/BMC_2024' returned '0': CMAKE_PREFIX_PATH=/home/dkflippo/aug2024/install/gazebo_ros2_control:/home/dkflippo/aug2024/install/sllidar_ros2:/home/dkflippo/aug2024/install/my_robot_nav2:/home/dkflippo/aug2024/install/gazebo_ros2_control_demos:/home/dkflippo/aug2024/install/aug_2024:/home/dkflippo/aug2024/install/BMC_2024:/home/dkflippo/ros2_control_ws/install/ros2_controllers:/home/dkflippo/ros2_control_ws/install/velocity_controllers:/home/dkflippo/ros2_control_ws/install/tricycle_steering_controller:/home/dkflippo/ros2_control_ws/install/tricycle_controller:/home/dkflippo/ros2_control_ws/install/ros2_control:/home/dkflippo/ros2_control_ws/install/transmission_interface:/home/dkflippo/ros2_control_ws/install/bicycle_steering_controller:/home/dkflippo/ros2_control_ws/install/ackermann_steering_controller:/home/dkflippo/ros2_control_ws/install/steering_controllers_library:/home/dkflippo/ros2_control_ws/install/hardware_interface_testing:/home/dkflippo/ros2_control_ws/install/controller_manager:/home/dkflippo/ros2_control_ws/install/ros2_control_test_assets:/home/dkflippo/ros2_control_ws/install/range_sensor_broadcaster:/home/dkflippo/ros2_control_ws/install/position_controllers:/home/dkflippo/ros2_control_ws/install/pose_broadcaster:/home/dkflippo/ros2_control_ws/install/pid_controller:/home/dkflippo/ros2_control_ws/install/mecanum_drive_controller:/home/dkflippo/ros2_control_ws/install/joint_trajectory_controller:/home/dkflippo/ros2_control_ws/install/joint_state_broadcaster:/home/dkflippo/ros2_control_ws/install/joint_limits:/home/dkflippo/ros2_control_ws/install/imu_sensor_broadcaster:/home/dkflippo/ros2_control_ws/install/gripper_controllers:/home/dkflippo/ros2_control_ws/install/gpio_controllers:/home/dkflippo/ros2_control_ws/install/effort_controllers:/home/dkflippo/ros2_control_ws/install/forward_command_controller:/home/dkflippo/ros2_control_ws/install/force_torque_sensor_broadcaster:/home/dkflippo/ros2_control_ws/install/diff_drive_controller:/home/dkflippo/ros2_control_ws/install/admittance_controller:/home/dkflippo/ros2_control_ws/install/controller_interface:/home/dkflippo/ros2_control_ws/install/hardware_interface:/home/dkflippo/ros2_control_ws/install/controller_manager_msgs:/home/dkflippo/ros2_control_ws/install/rqt_joint_trajectory_controller:/home/dkflippo/ros2_control_ws/install/rqt_controller_manager:/home/dkflippo/ros2_control_ws/install/ros2controlcli:/home/dkflippo/ros2_control_ws/install/ros2_controllers_test_nodes:/opt/ros/humble LD_LIBRARY_PATH=/home/dkflippo/aug2024/install/gazebo_ros2_control/lib:/home/dkflippo/ros2_control_ws/install/velocity_controllers/lib:/home/dkflippo/ros2_control_ws/install/tricycle_steering_controller/lib:/home/dkflippo/ros2_control_ws/install/tricycle_controller/lib:/home/dkflippo/ros2_control_ws/install/transmission_interface/lib:/home/dkflippo/ros2_control_ws/install/bicycle_steering_controller/lib:/home/dkflippo/ros2_control_ws/install/ackermann_steering_controller/lib:/home/dkflippo/ros2_control_ws/install/steering_controllers_library/lib:/home/dkflippo/ros2_control_ws/install/hardware_interface_testing/lib:/home/dkflippo/ros2_control_ws/install/controller_manager/lib:/home/dkflippo/ros2_control_ws/install/range_sensor_broadcaster/lib:/home/dkflippo/ros2_control_ws/install/position_controllers/lib:/home/dkflippo/ros2_control_ws/install/pose_broadcaster/lib:/home/dkflippo/ros2_control_ws/install/pid_controller/lib:/home/dkflippo/ros2_control_ws/install/mecanum_drive_controller/lib:/home/dkflippo/ros2_control_ws/install/joint_trajectory_controller/lib:/home/dkflippo/ros2_control_ws/install/joint_state_broadcaster/lib:/home/dkflippo/ros2_control_ws/install/joint_limits/lib:/home/dkflippo/ros2_control_ws/install/imu_sensor_broadcaster/lib:/home/dkflippo/ros2_control_ws/install/gripper_controllers/lib:/home/dkflippo/ros2_control_ws/install/gpio_controllers/lib:/home/dkflippo/ros2_control_ws/install/effort_controllers/lib:/home/dkflippo/ros2_control_ws/install/forward_command_controller/lib:/home/dkflippo/ros2_control_ws/install/force_torque_sensor_broadcaster/lib:/home/dkflippo/ros2_control_ws/install/diff_drive_controller/lib:/home/dkflippo/ros2_control_ws/install/admittance_controller/lib:/home/dkflippo/ros2_control_ws/install/controller_interface/lib:/home/dkflippo/ros2_control_ws/install/hardware_interface/lib:/home/dkflippo/ros2_control_ws/install/controller_manager_msgs/lib:/home/dkflippo/aug2024/install/BMC_2024/lib:/usr/lib/x86_64-linux-gnu/gazebo-11/plugins:/opt/ros/humble/opt/rviz_ogre_vendor/lib:/opt/ros/humble/lib/x86_64-linux-gnu:/opt/ros/humble/lib /usr/bin/cmake --install /home/dkflippo/aug2024/build/BMC_2024
[1.103s] Level 1:colcon.colcon_core.environment:checking '/home/dkflippo/aug2024/install/BMC_2024/lib'
[1.104s] Level 1:colcon.colcon_core.shell:create_environment_hook('BMC_2024', 'ld_library_path_lib')
[1.104s] INFO:colcon.colcon_core.shell:Creating environment hook '/home/dkflippo/aug2024/install/BMC_2024/share/BMC_2024/hook/ld_library_path_lib.ps1'
[1.105s] INFO:colcon.colcon_core.shell:Creating environment descriptor '/home/dkflippo/aug2024/install/BMC_2024/share/BMC_2024/hook/ld_library_path_lib.dsv'
[1.106s] INFO:colcon.colcon_core.shell:Creating environment hook '/home/dkflippo/aug2024/install/BMC_2024/share/BMC_2024/hook/ld_library_path_lib.sh'
[1.107s] Level 1:colcon.colcon_core.environment:checking '/home/dkflippo/aug2024/install/BMC_2024/bin'
[1.107s] Level 1:colcon.colcon_core.environment:checking '/home/dkflippo/aug2024/install/BMC_2024/lib/pkgconfig/BMC_2024.pc'
[1.107s] Level 1:colcon.colcon_core.environment:checking '/home/dkflippo/aug2024/install/BMC_2024/lib/python3.10/site-packages'
[1.108s] Level 1:colcon.colcon_core.environment:checking '/home/dkflippo/aug2024/install/BMC_2024/bin'
[1.108s] INFO:colcon.colcon_core.shell:Creating package script '/home/dkflippo/aug2024/install/BMC_2024/share/BMC_2024/package.ps1'
[1.109s] INFO:colcon.colcon_core.shell:Creating package descriptor '/home/dkflippo/aug2024/install/BMC_2024/share/BMC_2024/package.dsv'
[1.109s] INFO:colcon.colcon_core.shell:Creating package script '/home/dkflippo/aug2024/install/BMC_2024/share/BMC_2024/package.sh'
[1.110s] INFO:colcon.colcon_core.shell:Creating package script '/home/dkflippo/aug2024/install/BMC_2024/share/BMC_2024/package.bash'
[1.111s] INFO:colcon.colcon_core.shell:Creating package script '/home/dkflippo/aug2024/install/BMC_2024/share/BMC_2024/package.zsh'
[1.111s] Level 1:colcon.colcon_core.environment:create_file_with_runtime_dependencies(/home/dkflippo/aug2024/install/BMC_2024/share/colcon-core/packages/BMC_2024)
[1.112s] Level 1:colcon.colcon_core.environment:create_environment_scripts_only(BMC_2024)
[1.112s] Level 1:colcon.colcon_core.environment:checking '/home/dkflippo/aug2024/install/BMC_2024' for CMake module files
[1.113s] Level 1:colcon.colcon_core.environment:checking '/home/dkflippo/aug2024/install/BMC_2024' for CMake config files
[1.113s] Level 1:colcon.colcon_core.shell:create_environment_hook('BMC_2024', 'cmake_prefix_path')
[1.114s] INFO:colcon.colcon_core.shell:Creating environment hook '/home/dkflippo/aug2024/install/BMC_2024/share/BMC_2024/hook/cmake_prefix_path.ps1'
[1.114s] INFO:colcon.colcon_core.shell:Creating environment descriptor '/home/dkflippo/aug2024/install/BMC_2024/share/BMC_2024/hook/cmake_prefix_path.dsv'
[1.115s] INFO:colcon.colcon_core.shell:Creating environment hook '/home/dkflippo/aug2024/install/BMC_2024/share/BMC_2024/hook/cmake_prefix_path.sh'
[1.116s] Level 1:colcon.colcon_core.environment:checking '/home/dkflippo/aug2024/install/BMC_2024/lib'
[1.116s] Level 1:colcon.colcon_core.shell:create_environment_hook('BMC_2024', 'ld_library_path_lib')
[1.116s] INFO:colcon.colcon_core.shell:Creating environment hook '/home/dkflippo/aug2024/install/BMC_2024/share/BMC_2024/hook/ld_library_path_lib.ps1'
[1.117s] INFO:colcon.colcon_core.shell:Creating environment descriptor '/home/dkflippo/aug2024/install/BMC_2024/share/BMC_2024/hook/ld_library_path_lib.dsv'
[1.118s] INFO:colcon.colcon_core.shell:Creating environment hook '/home/dkflippo/aug2024/install/BMC_2024/share/BMC_2024/hook/ld_library_path_lib.sh'
[1.118s] Level 1:colcon.colcon_core.environment:checking '/home/dkflippo/aug2024/install/BMC_2024/bin'
[1.118s] Level 1:colcon.colcon_core.environment:checking '/home/dkflippo/aug2024/install/BMC_2024/lib/pkgconfig/BMC_2024.pc'
[1.119s] Level 1:colcon.colcon_core.environment:checking '/home/dkflippo/aug2024/install/BMC_2024/lib/python3.10/site-packages'
[1.119s] Level 1:colcon.colcon_core.environment:checking '/home/dkflippo/aug2024/install/BMC_2024/bin'
[1.120s] INFO:colcon.colcon_core.shell:Creating package script '/home/dkflippo/aug2024/install/BMC_2024/share/BMC_2024/package.ps1'
[1.120s] INFO:colcon.colcon_core.shell:Creating package descriptor '/home/dkflippo/aug2024/install/BMC_2024/share/BMC_2024/package.dsv'
[1.121s] INFO:colcon.colcon_core.shell:Creating package script '/home/dkflippo/aug2024/install/BMC_2024/share/BMC_2024/package.sh'
[1.122s] INFO:colcon.colcon_core.shell:Creating package script '/home/dkflippo/aug2024/install/BMC_2024/share/BMC_2024/package.bash'
[1.123s] INFO:colcon.colcon_core.shell:Creating package script '/home/dkflippo/aug2024/install/BMC_2024/share/BMC_2024/package.zsh'
[1.123s] Level 1:colcon.colcon_core.environment:create_file_with_runtime_dependencies(/home/dkflippo/aug2024/install/BMC_2024/share/colcon-core/packages/BMC_2024)
[1.124s] INFO:colcon.colcon_ros.task.ament_cmake.build:Building ROS package in '/home/dkflippo/aug2024/src/aug_2024' with build type 'ament_cmake'
[1.124s] INFO:colcon.colcon_cmake.task.cmake.build:Building CMake package in '/home/dkflippo/aug2024/src/aug_2024'
[1.124s] INFO:colcon.colcon_core.shell:Skip shell extension 'powershell' for command environment: Not usable outside of PowerShell
[1.124s] DEBUG:colcon.colcon_core.shell:Skip shell extension 'dsv' for command environment
[1.138s] Level 1:colcon.colcon_core.environment:create_environment_scripts_only(gazebo_ros2_control_demos)
[1.139s] Level 1:colcon.colcon_core.environment:checking '/home/dkflippo/aug2024/install/gazebo_ros2_control_demos' for CMake module files
[1.139s] DEBUG:colcon.colcon_core.event_handler.log_command:Invoked command in '/home/dkflippo/aug2024/build/gazebo_ros2_control_demos' returned '0': CMAKE_PREFIX_PATH=/home/dkflippo/aug2024/install/gazebo_ros2_control:/home/dkflippo/aug2024/install/sllidar_ros2:/home/dkflippo/aug2024/install/my_robot_nav2:/home/dkflippo/aug2024/install/gazebo_ros2_control_demos:/home/dkflippo/aug2024/install/aug_2024:/home/dkflippo/aug2024/install/BMC_2024:/home/dkflippo/ros2_control_ws/install/ros2_controllers:/home/dkflippo/ros2_control_ws/install/velocity_controllers:/home/dkflippo/ros2_control_ws/install/tricycle_steering_controller:/home/dkflippo/ros2_control_ws/install/tricycle_controller:/home/dkflippo/ros2_control_ws/install/ros2_control:/home/dkflippo/ros2_control_ws/install/transmission_interface:/home/dkflippo/ros2_control_ws/install/bicycle_steering_controller:/home/dkflippo/ros2_control_ws/install/ackermann_steering_controller:/home/dkflippo/ros2_control_ws/install/steering_controllers_library:/home/dkflippo/ros2_control_ws/install/hardware_interface_testing:/home/dkflippo/ros2_control_ws/install/controller_manager:/home/dkflippo/ros2_control_ws/install/ros2_control_test_assets:/home/dkflippo/ros2_control_ws/install/range_sensor_broadcaster:/home/dkflippo/ros2_control_ws/install/position_controllers:/home/dkflippo/ros2_control_ws/install/pose_broadcaster:/home/dkflippo/ros2_control_ws/install/pid_controller:/home/dkflippo/ros2_control_ws/install/mecanum_drive_controller:/home/dkflippo/ros2_control_ws/install/joint_trajectory_controller:/home/dkflippo/ros2_control_ws/install/joint_state_broadcaster:/home/dkflippo/ros2_control_ws/install/joint_limits:/home/dkflippo/ros2_control_ws/install/imu_sensor_broadcaster:/home/dkflippo/ros2_control_ws/install/gripper_controllers:/home/dkflippo/ros2_control_ws/install/gpio_controllers:/home/dkflippo/ros2_control_ws/install/effort_controllers:/home/dkflippo/ros2_control_ws/install/forward_command_controller:/home/dkflippo/ros2_control_ws/install/force_torque_sensor_broadcaster:/home/dkflippo/ros2_control_ws/install/diff_drive_controller:/home/dkflippo/ros2_control_ws/install/admittance_controller:/home/dkflippo/ros2_control_ws/install/controller_interface:/home/dkflippo/ros2_control_ws/install/hardware_interface:/home/dkflippo/ros2_control_ws/install/controller_manager_msgs:/home/dkflippo/ros2_control_ws/install/rqt_joint_trajectory_controller:/home/dkflippo/ros2_control_ws/install/rqt_controller_manager:/home/dkflippo/ros2_control_ws/install/ros2controlcli:/home/dkflippo/ros2_control_ws/install/ros2_controllers_test_nodes:/opt/ros/humble LD_LIBRARY_PATH=/home/dkflippo/aug2024/install/gazebo_ros2_control/lib:/home/dkflippo/ros2_control_ws/install/velocity_controllers/lib:/home/dkflippo/ros2_control_ws/install/tricycle_steering_controller/lib:/home/dkflippo/ros2_control_ws/install/tricycle_controller/lib:/home/dkflippo/ros2_control_ws/install/transmission_interface/lib:/home/dkflippo/ros2_control_ws/install/bicycle_steering_controller/lib:/home/dkflippo/ros2_control_ws/install/ackermann_steering_controller/lib:/home/dkflippo/ros2_control_ws/install/steering_controllers_library/lib:/home/dkflippo/ros2_control_ws/install/hardware_interface_testing/lib:/home/dkflippo/ros2_control_ws/install/controller_manager/lib:/home/dkflippo/ros2_control_ws/install/range_sensor_broadcaster/lib:/home/dkflippo/ros2_control_ws/install/position_controllers/lib:/home/dkflippo/ros2_control_ws/install/pose_broadcaster/lib:/home/dkflippo/ros2_control_ws/install/pid_controller/lib:/home/dkflippo/ros2_control_ws/install/mecanum_drive_controller/lib:/home/dkflippo/ros2_control_ws/install/joint_trajectory_controller/lib:/home/dkflippo/ros2_control_ws/install/joint_state_broadcaster/lib:/home/dkflippo/ros2_control_ws/install/joint_limits/lib:/home/dkflippo/ros2_control_ws/install/imu_sensor_broadcaster/lib:/home/dkflippo/ros2_control_ws/install/gripper_controllers/lib:/home/dkflippo/ros2_control_ws/install/gpio_controllers/lib:/home/dkflippo/ros2_control_ws/install/effort_controllers/lib:/home/dkflippo/ros2_control_ws/install/forward_command_controller/lib:/home/dkflippo/ros2_control_ws/install/force_torque_sensor_broadcaster/lib:/home/dkflippo/ros2_control_ws/install/diff_drive_controller/lib:/home/dkflippo/ros2_control_ws/install/admittance_controller/lib:/home/dkflippo/ros2_control_ws/install/controller_interface/lib:/home/dkflippo/ros2_control_ws/install/hardware_interface/lib:/home/dkflippo/ros2_control_ws/install/controller_manager_msgs/lib:/home/dkflippo/aug2024/install/BMC_2024/lib:/usr/lib/x86_64-linux-gnu/gazebo-11/plugins:/opt/ros/humble/opt/rviz_ogre_vendor/lib:/opt/ros/humble/lib/x86_64-linux-gnu:/opt/ros/humble/lib /usr/bin/cmake --install /home/dkflippo/aug2024/build/gazebo_ros2_control_demos
[1.140s] Level 1:colcon.colcon_core.environment:checking '/home/dkflippo/aug2024/install/gazebo_ros2_control_demos' for CMake config files
[1.141s] Level 1:colcon.colcon_core.shell:create_environment_hook('gazebo_ros2_control_demos', 'cmake_prefix_path')
[1.141s] INFO:colcon.colcon_core.shell:Creating environment hook '/home/dkflippo/aug2024/install/gazebo_ros2_control_demos/share/gazebo_ros2_control_demos/hook/cmake_prefix_path.ps1'
[1.142s] INFO:colcon.colcon_core.shell:Creating environment descriptor '/home/dkflippo/aug2024/install/gazebo_ros2_control_demos/share/gazebo_ros2_control_demos/hook/cmake_prefix_path.dsv'
[1.142s] INFO:colcon.colcon_core.shell:Creating environment hook '/home/dkflippo/aug2024/install/gazebo_ros2_control_demos/share/gazebo_ros2_control_demos/hook/cmake_prefix_path.sh'
[1.143s] Level 1:colcon.colcon_core.environment:checking '/home/dkflippo/aug2024/install/gazebo_ros2_control_demos/lib'
[1.143s] Level 1:colcon.colcon_core.environment:checking '/home/dkflippo/aug2024/install/gazebo_ros2_control_demos/bin'
[1.143s] Level 1:colcon.colcon_core.environment:checking '/home/dkflippo/aug2024/install/gazebo_ros2_control_demos/lib/pkgconfig/gazebo_ros2_control_demos.pc'
[1.143s] Level 1:colcon.colcon_core.environment:checking '/home/dkflippo/aug2024/install/gazebo_ros2_control_demos/lib/python3.10/site-packages'
[1.143s] Level 1:colcon.colcon_core.environment:checking '/home/dkflippo/aug2024/install/gazebo_ros2_control_demos/bin'
[1.144s] INFO:colcon.colcon_core.shell:Creating package script '/home/dkflippo/aug2024/install/gazebo_ros2_control_demos/share/gazebo_ros2_control_demos/package.ps1'
[1.145s] INFO:colcon.colcon_core.shell:Creating package descriptor '/home/dkflippo/aug2024/install/gazebo_ros2_control_demos/share/gazebo_ros2_control_demos/package.dsv'
[1.146s] INFO:colcon.colcon_core.shell:Creating package script '/home/dkflippo/aug2024/install/gazebo_ros2_control_demos/share/gazebo_ros2_control_demos/package.sh'
[1.147s] INFO:colcon.colcon_core.shell:Creating package script '/home/dkflippo/aug2024/install/gazebo_ros2_control_demos/share/gazebo_ros2_control_demos/package.bash'
[1.147s] INFO:colcon.colcon_core.shell:Creating package script '/home/dkflippo/aug2024/install/gazebo_ros2_control_demos/share/gazebo_ros2_control_demos/package.zsh'
[1.148s] Level 1:colcon.colcon_core.environment:create_file_with_runtime_dependencies(/home/dkflippo/aug2024/install/gazebo_ros2_control_demos/share/colcon-core/packages/gazebo_ros2_control_demos)
[1.151s] Level 1:colcon.colcon_core.environment:create_environment_scripts_only(gazebo_ros2_control_demos)
[1.152s] Level 1:colcon.colcon_core.environment:checking '/home/dkflippo/aug2024/install/gazebo_ros2_control_demos' for CMake module files
[1.153s] Level 1:colcon.colcon_core.environment:checking '/home/dkflippo/aug2024/install/gazebo_ros2_control_demos' for CMake config files
[1.153s] Level 1:colcon.colcon_core.shell:create_environment_hook('gazebo_ros2_control_demos', 'cmake_prefix_path')
[1.154s] INFO:colcon.colcon_core.shell:Creating environment hook '/home/dkflippo/aug2024/install/gazebo_ros2_control_demos/share/gazebo_ros2_control_demos/hook/cmake_prefix_path.ps1'
[1.155s] INFO:colcon.colcon_core.shell:Creating environment descriptor '/home/dkflippo/aug2024/install/gazebo_ros2_control_demos/share/gazebo_ros2_control_demos/hook/cmake_prefix_path.dsv'
[1.155s] INFO:colcon.colcon_core.shell:Creating environment hook '/home/dkflippo/aug2024/install/gazebo_ros2_control_demos/share/gazebo_ros2_control_demos/hook/cmake_prefix_path.sh'
[1.156s] Level 1:colcon.colcon_core.environment:checking '/home/dkflippo/aug2024/install/gazebo_ros2_control_demos/lib'
[1.156s] Level 1:colcon.colcon_core.environment:checking '/home/dkflippo/aug2024/install/gazebo_ros2_control_demos/bin'
[1.156s] Level 1:colcon.colcon_core.environment:checking '/home/dkflippo/aug2024/install/gazebo_ros2_control_demos/lib/pkgconfig/gazebo_ros2_control_demos.pc'
[1.157s] Level 1:colcon.colcon_core.environment:checking '/home/dkflippo/aug2024/install/gazebo_ros2_control_demos/lib/python3.10/site-packages'
[1.157s] Level 1:colcon.colcon_core.environment:checking '/home/dkflippo/aug2024/install/gazebo_ros2_control_demos/bin'
[1.157s] INFO:colcon.colcon_core.shell:Creating package script '/home/dkflippo/aug2024/install/gazebo_ros2_control_demos/share/gazebo_ros2_control_demos/package.ps1'
[1.158s] INFO:colcon.colcon_core.shell:Creating package descriptor '/home/dkflippo/aug2024/install/gazebo_ros2_control_demos/share/gazebo_ros2_control_demos/package.dsv'
[1.159s] INFO:colcon.colcon_core.shell:Creating package script '/home/dkflippo/aug2024/install/gazebo_ros2_control_demos/share/gazebo_ros2_control_demos/package.sh'
[1.159s] INFO:colcon.colcon_core.shell:Creating package script '/home/dkflippo/aug2024/install/gazebo_ros2_control_demos/share/gazebo_ros2_control_demos/package.bash'
[1.160s] INFO:colcon.colcon_core.shell:Creating package script '/home/dkflippo/aug2024/install/gazebo_ros2_control_demos/share/gazebo_ros2_control_demos/package.zsh'
[1.160s] Level 1:colcon.colcon_core.environment:create_file_with_runtime_dependencies(/home/dkflippo/aug2024/install/gazebo_ros2_control_demos/share/colcon-core/packages/gazebo_ros2_control_demos)
[1.169s] DEBUG:colcon.colcon_core.event_handler.log_command:Invoking command in '/home/dkflippo/aug2024/build/aug_2024': CMAKE_PREFIX_PATH=/home/dkflippo/aug2024/install/BMC_2024:/home/dkflippo/aug2024/install/gazebo_ros2_control:/home/dkflippo/aug2024/install/sllidar_ros2:/home/dkflippo/aug2024/install/my_robot_nav2:/home/dkflippo/aug2024/install/gazebo_ros2_control_demos:/home/dkflippo/aug2024/install/aug_2024:/home/dkflippo/ros2_control_ws/install/ros2_controllers:/home/dkflippo/ros2_control_ws/install/velocity_controllers:/home/dkflippo/ros2_control_ws/install/tricycle_steering_controller:/home/dkflippo/ros2_control_ws/install/tricycle_controller:/home/dkflippo/ros2_control_ws/install/ros2_control:/home/dkflippo/ros2_control_ws/install/transmission_interface:/home/dkflippo/ros2_control_ws/install/bicycle_steering_controller:/home/dkflippo/ros2_control_ws/install/ackermann_steering_controller:/home/dkflippo/ros2_control_ws/install/steering_controllers_library:/home/dkflippo/ros2_control_ws/install/hardware_interface_testing:/home/dkflippo/ros2_control_ws/install/controller_manager:/home/dkflippo/ros2_control_ws/install/ros2_control_test_assets:/home/dkflippo/ros2_control_ws/install/range_sensor_broadcaster:/home/dkflippo/ros2_control_ws/install/position_controllers:/home/dkflippo/ros2_control_ws/install/pose_broadcaster:/home/dkflippo/ros2_control_ws/install/pid_controller:/home/dkflippo/ros2_control_ws/install/mecanum_drive_controller:/home/dkflippo/ros2_control_ws/install/joint_trajectory_controller:/home/dkflippo/ros2_control_ws/install/joint_state_broadcaster:/home/dkflippo/ros2_control_ws/install/joint_limits:/home/dkflippo/ros2_control_ws/install/imu_sensor_broadcaster:/home/dkflippo/ros2_control_ws/install/gripper_controllers:/home/dkflippo/ros2_control_ws/install/gpio_controllers:/home/dkflippo/ros2_control_ws/install/effort_controllers:/home/dkflippo/ros2_control_ws/install/forward_command_controller:/home/dkflippo/ros2_control_ws/install/force_torque_sensor_broadcaster:/home/dkflippo/ros2_control_ws/install/diff_drive_controller:/home/dkflippo/ros2_control_ws/install/admittance_controller:/home/dkflippo/ros2_control_ws/install/controller_interface:/home/dkflippo/ros2_control_ws/install/hardware_interface:/home/dkflippo/ros2_control_ws/install/controller_manager_msgs:/home/dkflippo/ros2_control_ws/install/rqt_joint_trajectory_controller:/home/dkflippo/ros2_control_ws/install/rqt_controller_manager:/home/dkflippo/ros2_control_ws/install/ros2controlcli:/home/dkflippo/ros2_control_ws/install/ros2_controllers_test_nodes:/opt/ros/humble LD_LIBRARY_PATH=/home/dkflippo/aug2024/install/BMC_2024/lib:/home/dkflippo/aug2024/install/gazebo_ros2_control/lib:/home/dkflippo/ros2_control_ws/install/velocity_controllers/lib:/home/dkflippo/ros2_control_ws/install/tricycle_steering_controller/lib:/home/dkflippo/ros2_control_ws/install/tricycle_controller/lib:/home/dkflippo/ros2_control_ws/install/transmission_interface/lib:/home/dkflippo/ros2_control_ws/install/bicycle_steering_controller/lib:/home/dkflippo/ros2_control_ws/install/ackermann_steering_controller/lib:/home/dkflippo/ros2_control_ws/install/steering_controllers_library/lib:/home/dkflippo/ros2_control_ws/install/hardware_interface_testing/lib:/home/dkflippo/ros2_control_ws/install/controller_manager/lib:/home/dkflippo/ros2_control_ws/install/range_sensor_broadcaster/lib:/home/dkflippo/ros2_control_ws/install/position_controllers/lib:/home/dkflippo/ros2_control_ws/install/pose_broadcaster/lib:/home/dkflippo/ros2_control_ws/install/pid_controller/lib:/home/dkflippo/ros2_control_ws/install/mecanum_drive_controller/lib:/home/dkflippo/ros2_control_ws/install/joint_trajectory_controller/lib:/home/dkflippo/ros2_control_ws/install/joint_state_broadcaster/lib:/home/dkflippo/ros2_control_ws/install/joint_limits/lib:/home/dkflippo/ros2_control_ws/install/imu_sensor_broadcaster/lib:/home/dkflippo/ros2_control_ws/install/gripper_controllers/lib:/home/dkflippo/ros2_control_ws/install/gpio_controllers/lib:/home/dkflippo/ros2_control_ws/install/effort_controllers/lib:/home/dkflippo/ros2_control_ws/install/forward_command_controller/lib:/home/dkflippo/ros2_control_ws/install/force_torque_sensor_broadcaster/lib:/home/dkflippo/ros2_control_ws/install/diff_drive_controller/lib:/home/dkflippo/ros2_control_ws/install/admittance_controller/lib:/home/dkflippo/ros2_control_ws/install/controller_interface/lib:/home/dkflippo/ros2_control_ws/install/hardware_interface/lib:/home/dkflippo/ros2_control_ws/install/controller_manager_msgs/lib:/usr/lib/x86_64-linux-gnu/gazebo-11/plugins:/opt/ros/humble/opt/rviz_ogre_vendor/lib:/opt/ros/humble/lib/x86_64-linux-gnu:/opt/ros/humble/lib /usr/bin/cmake --build /home/dkflippo/aug2024/build/aug_2024 -- -j12 -l12
[1.245s] DEBUG:colcon.colcon_core.event_handler.log_command:Invoked command in '/home/dkflippo/aug2024/build/aug_2024' returned '0': CMAKE_PREFIX_PATH=/home/dkflippo/aug2024/install/BMC_2024:/home/dkflippo/aug2024/install/gazebo_ros2_control:/home/dkflippo/aug2024/install/sllidar_ros2:/home/dkflippo/aug2024/install/my_robot_nav2:/home/dkflippo/aug2024/install/gazebo_ros2_control_demos:/home/dkflippo/aug2024/install/aug_2024:/home/dkflippo/ros2_control_ws/install/ros2_controllers:/home/dkflippo/ros2_control_ws/install/velocity_controllers:/home/dkflippo/ros2_control_ws/install/tricycle_steering_controller:/home/dkflippo/ros2_control_ws/install/tricycle_controller:/home/dkflippo/ros2_control_ws/install/ros2_control:/home/dkflippo/ros2_control_ws/install/transmission_interface:/home/dkflippo/ros2_control_ws/install/bicycle_steering_controller:/home/dkflippo/ros2_control_ws/install/ackermann_steering_controller:/home/dkflippo/ros2_control_ws/install/steering_controllers_library:/home/dkflippo/ros2_control_ws/install/hardware_interface_testing:/home/dkflippo/ros2_control_ws/install/controller_manager:/home/dkflippo/ros2_control_ws/install/ros2_control_test_assets:/home/dkflippo/ros2_control_ws/install/range_sensor_broadcaster:/home/dkflippo/ros2_control_ws/install/position_controllers:/home/dkflippo/ros2_control_ws/install/pose_broadcaster:/home/dkflippo/ros2_control_ws/install/pid_controller:/home/dkflippo/ros2_control_ws/install/mecanum_drive_controller:/home/dkflippo/ros2_control_ws/install/joint_trajectory_controller:/home/dkflippo/ros2_control_ws/install/joint_state_broadcaster:/home/dkflippo/ros2_control_ws/install/joint_limits:/home/dkflippo/ros2_control_ws/install/imu_sensor_broadcaster:/home/dkflippo/ros2_control_ws/install/gripper_controllers:/home/dkflippo/ros2_control_ws/install/gpio_controllers:/home/dkflippo/ros2_control_ws/install/effort_controllers:/home/dkflippo/ros2_control_ws/install/forward_command_controller:/home/dkflippo/ros2_control_ws/install/force_torque_sensor_broadcaster:/home/dkflippo/ros2_control_ws/install/diff_drive_controller:/home/dkflippo/ros2_control_ws/install/admittance_controller:/home/dkflippo/ros2_control_ws/install/controller_interface:/home/dkflippo/ros2_control_ws/install/hardware_interface:/home/dkflippo/ros2_control_ws/install/controller_manager_msgs:/home/dkflippo/ros2_control_ws/install/rqt_joint_trajectory_controller:/home/dkflippo/ros2_control_ws/install/rqt_controller_manager:/home/dkflippo/ros2_control_ws/install/ros2controlcli:/home/dkflippo/ros2_control_ws/install/ros2_controllers_test_nodes:/opt/ros/humble LD_LIBRARY_PATH=/home/dkflippo/aug2024/install/BMC_2024/lib:/home/dkflippo/aug2024/install/gazebo_ros2_control/lib:/home/dkflippo/ros2_control_ws/install/velocity_controllers/lib:/home/dkflippo/ros2_control_ws/install/tricycle_steering_controller/lib:/home/dkflippo/ros2_control_ws/install/tricycle_controller/lib:/home/dkflippo/ros2_control_ws/install/transmission_interface/lib:/home/dkflippo/ros2_control_ws/install/bicycle_steering_controller/lib:/home/dkflippo/ros2_control_ws/install/ackermann_steering_controller/lib:/home/dkflippo/ros2_control_ws/install/steering_controllers_library/lib:/home/dkflippo/ros2_control_ws/install/hardware_interface_testing/lib:/home/dkflippo/ros2_control_ws/install/controller_manager/lib:/home/dkflippo/ros2_control_ws/install/range_sensor_broadcaster/lib:/home/dkflippo/ros2_control_ws/install/position_controllers/lib:/home/dkflippo/ros2_control_ws/install/pose_broadcaster/lib:/home/dkflippo/ros2_control_ws/install/pid_controller/lib:/home/dkflippo/ros2_control_ws/install/mecanum_drive_controller/lib:/home/dkflippo/ros2_control_ws/install/joint_trajectory_controller/lib:/home/dkflippo/ros2_control_ws/install/joint_state_broadcaster/lib:/home/dkflippo/ros2_control_ws/install/joint_limits/lib:/home/dkflippo/ros2_control_ws/install/imu_sensor_broadcaster/lib:/home/dkflippo/ros2_control_ws/install/gripper_controllers/lib:/home/dkflippo/ros2_control_ws/install/gpio_controllers/lib:/home/dkflippo/ros2_control_ws/install/effort_controllers/lib:/home/dkflippo/ros2_control_ws/install/forward_command_controller/lib:/home/dkflippo/ros2_control_ws/install/force_torque_sensor_broadcaster/lib:/home/dkflippo/ros2_control_ws/install/diff_drive_controller/lib:/home/dkflippo/ros2_control_ws/install/admittance_controller/lib:/home/dkflippo/ros2_control_ws/install/controller_interface/lib:/home/dkflippo/ros2_control_ws/install/hardware_interface/lib:/home/dkflippo/ros2_control_ws/install/controller_manager_msgs/lib:/usr/lib/x86_64-linux-gnu/gazebo-11/plugins:/opt/ros/humble/opt/rviz_ogre_vendor/lib:/opt/ros/humble/lib/x86_64-linux-gnu:/opt/ros/humble/lib /usr/bin/cmake --build /home/dkflippo/aug2024/build/aug_2024 -- -j12 -l12
[1.247s] DEBUG:colcon.colcon_core.event_handler.log_command:Invoking command in '/home/dkflippo/aug2024/build/aug_2024': CMAKE_PREFIX_PATH=/home/dkflippo/aug2024/install/BMC_2024:/home/dkflippo/aug2024/install/gazebo_ros2_control:/home/dkflippo/aug2024/install/sllidar_ros2:/home/dkflippo/aug2024/install/my_robot_nav2:/home/dkflippo/aug2024/install/gazebo_ros2_control_demos:/home/dkflippo/aug2024/install/aug_2024:/home/dkflippo/ros2_control_ws/install/ros2_controllers:/home/dkflippo/ros2_control_ws/install/velocity_controllers:/home/dkflippo/ros2_control_ws/install/tricycle_steering_controller:/home/dkflippo/ros2_control_ws/install/tricycle_controller:/home/dkflippo/ros2_control_ws/install/ros2_control:/home/dkflippo/ros2_control_ws/install/transmission_interface:/home/dkflippo/ros2_control_ws/install/bicycle_steering_controller:/home/dkflippo/ros2_control_ws/install/ackermann_steering_controller:/home/dkflippo/ros2_control_ws/install/steering_controllers_library:/home/dkflippo/ros2_control_ws/install/hardware_interface_testing:/home/dkflippo/ros2_control_ws/install/controller_manager:/home/dkflippo/ros2_control_ws/install/ros2_control_test_assets:/home/dkflippo/ros2_control_ws/install/range_sensor_broadcaster:/home/dkflippo/ros2_control_ws/install/position_controllers:/home/dkflippo/ros2_control_ws/install/pose_broadcaster:/home/dkflippo/ros2_control_ws/install/pid_controller:/home/dkflippo/ros2_control_ws/install/mecanum_drive_controller:/home/dkflippo/ros2_control_ws/install/joint_trajectory_controller:/home/dkflippo/ros2_control_ws/install/joint_state_broadcaster:/home/dkflippo/ros2_control_ws/install/joint_limits:/home/dkflippo/ros2_control_ws/install/imu_sensor_broadcaster:/home/dkflippo/ros2_control_ws/install/gripper_controllers:/home/dkflippo/ros2_control_ws/install/gpio_controllers:/home/dkflippo/ros2_control_ws/install/effort_controllers:/home/dkflippo/ros2_control_ws/install/forward_command_controller:/home/dkflippo/ros2_control_ws/install/force_torque_sensor_broadcaster:/home/dkflippo/ros2_control_ws/install/diff_drive_controller:/home/dkflippo/ros2_control_ws/install/admittance_controller:/home/dkflippo/ros2_control_ws/install/controller_interface:/home/dkflippo/ros2_control_ws/install/hardware_interface:/home/dkflippo/ros2_control_ws/install/controller_manager_msgs:/home/dkflippo/ros2_control_ws/install/rqt_joint_trajectory_controller:/home/dkflippo/ros2_control_ws/install/rqt_controller_manager:/home/dkflippo/ros2_control_ws/install/ros2controlcli:/home/dkflippo/ros2_control_ws/install/ros2_controllers_test_nodes:/opt/ros/humble LD_LIBRARY_PATH=/home/dkflippo/aug2024/install/BMC_2024/lib:/home/dkflippo/aug2024/install/gazebo_ros2_control/lib:/home/dkflippo/ros2_control_ws/install/velocity_controllers/lib:/home/dkflippo/ros2_control_ws/install/tricycle_steering_controller/lib:/home/dkflippo/ros2_control_ws/install/tricycle_controller/lib:/home/dkflippo/ros2_control_ws/install/transmission_interface/lib:/home/dkflippo/ros2_control_ws/install/bicycle_steering_controller/lib:/home/dkflippo/ros2_control_ws/install/ackermann_steering_controller/lib:/home/dkflippo/ros2_control_ws/install/steering_controllers_library/lib:/home/dkflippo/ros2_control_ws/install/hardware_interface_testing/lib:/home/dkflippo/ros2_control_ws/install/controller_manager/lib:/home/dkflippo/ros2_control_ws/install/range_sensor_broadcaster/lib:/home/dkflippo/ros2_control_ws/install/position_controllers/lib:/home/dkflippo/ros2_control_ws/install/pose_broadcaster/lib:/home/dkflippo/ros2_control_ws/install/pid_controller/lib:/home/dkflippo/ros2_control_ws/install/mecanum_drive_controller/lib:/home/dkflippo/ros2_control_ws/install/joint_trajectory_controller/lib:/home/dkflippo/ros2_control_ws/install/joint_state_broadcaster/lib:/home/dkflippo/ros2_control_ws/install/joint_limits/lib:/home/dkflippo/ros2_control_ws/install/imu_sensor_broadcaster/lib:/home/dkflippo/ros2_control_ws/install/gripper_controllers/lib:/home/dkflippo/ros2_control_ws/install/gpio_controllers/lib:/home/dkflippo/ros2_control_ws/install/effort_controllers/lib:/home/dkflippo/ros2_control_ws/install/forward_command_controller/lib:/home/dkflippo/ros2_control_ws/install/force_torque_sensor_broadcaster/lib:/home/dkflippo/ros2_control_ws/install/diff_drive_controller/lib:/home/dkflippo/ros2_control_ws/install/admittance_controller/lib:/home/dkflippo/ros2_control_ws/install/controller_interface/lib:/home/dkflippo/ros2_control_ws/install/hardware_interface/lib:/home/dkflippo/ros2_control_ws/install/controller_manager_msgs/lib:/usr/lib/x86_64-linux-gnu/gazebo-11/plugins:/opt/ros/humble/opt/rviz_ogre_vendor/lib:/opt/ros/humble/lib/x86_64-linux-gnu:/opt/ros/humble/lib /usr/bin/cmake --install /home/dkflippo/aug2024/build/aug_2024
[1.265s] Level 1:colcon.colcon_core.environment:create_environment_scripts_only(aug_2024)
[1.265s] Level 1:colcon.colcon_core.environment:checking '/home/dkflippo/aug2024/install/aug_2024' for CMake module files
[1.266s] Level 1:colcon.colcon_core.environment:checking '/home/dkflippo/aug2024/install/aug_2024' for CMake config files
[1.269s] DEBUG:colcon.colcon_core.event_handler.log_command:Invoked command in '/home/dkflippo/aug2024/build/aug_2024' returned '0': CMAKE_PREFIX_PATH=/home/dkflippo/aug2024/install/BMC_2024:/home/dkflippo/aug2024/install/gazebo_ros2_control:/home/dkflippo/aug2024/install/sllidar_ros2:/home/dkflippo/aug2024/install/my_robot_nav2:/home/dkflippo/aug2024/install/gazebo_ros2_control_demos:/home/dkflippo/aug2024/install/aug_2024:/home/dkflippo/ros2_control_ws/install/ros2_controllers:/home/dkflippo/ros2_control_ws/install/velocity_controllers:/home/dkflippo/ros2_control_ws/install/tricycle_steering_controller:/home/dkflippo/ros2_control_ws/install/tricycle_controller:/home/dkflippo/ros2_control_ws/install/ros2_control:/home/dkflippo/ros2_control_ws/install/transmission_interface:/home/dkflippo/ros2_control_ws/install/bicycle_steering_controller:/home/dkflippo/ros2_control_ws/install/ackermann_steering_controller:/home/dkflippo/ros2_control_ws/install/steering_controllers_library:/home/dkflippo/ros2_control_ws/install/hardware_interface_testing:/home/dkflippo/ros2_control_ws/install/controller_manager:/home/dkflippo/ros2_control_ws/install/ros2_control_test_assets:/home/dkflippo/ros2_control_ws/install/range_sensor_broadcaster:/home/dkflippo/ros2_control_ws/install/position_controllers:/home/dkflippo/ros2_control_ws/install/pose_broadcaster:/home/dkflippo/ros2_control_ws/install/pid_controller:/home/dkflippo/ros2_control_ws/install/mecanum_drive_controller:/home/dkflippo/ros2_control_ws/install/joint_trajectory_controller:/home/dkflippo/ros2_control_ws/install/joint_state_broadcaster:/home/dkflippo/ros2_control_ws/install/joint_limits:/home/dkflippo/ros2_control_ws/install/imu_sensor_broadcaster:/home/dkflippo/ros2_control_ws/install/gripper_controllers:/home/dkflippo/ros2_control_ws/install/gpio_controllers:/home/dkflippo/ros2_control_ws/install/effort_controllers:/home/dkflippo/ros2_control_ws/install/forward_command_controller:/home/dkflippo/ros2_control_ws/install/force_torque_sensor_broadcaster:/home/dkflippo/ros2_control_ws/install/diff_drive_controller:/home/dkflippo/ros2_control_ws/install/admittance_controller:/home/dkflippo/ros2_control_ws/install/controller_interface:/home/dkflippo/ros2_control_ws/install/hardware_interface:/home/dkflippo/ros2_control_ws/install/controller_manager_msgs:/home/dkflippo/ros2_control_ws/install/rqt_joint_trajectory_controller:/home/dkflippo/ros2_control_ws/install/rqt_controller_manager:/home/dkflippo/ros2_control_ws/install/ros2controlcli:/home/dkflippo/ros2_control_ws/install/ros2_controllers_test_nodes:/opt/ros/humble LD_LIBRARY_PATH=/home/dkflippo/aug2024/install/BMC_2024/lib:/home/dkflippo/aug2024/install/gazebo_ros2_control/lib:/home/dkflippo/ros2_control_ws/install/velocity_controllers/lib:/home/dkflippo/ros2_control_ws/install/tricycle_steering_controller/lib:/home/dkflippo/ros2_control_ws/install/tricycle_controller/lib:/home/dkflippo/ros2_control_ws/install/transmission_interface/lib:/home/dkflippo/ros2_control_ws/install/bicycle_steering_controller/lib:/home/dkflippo/ros2_control_ws/install/ackermann_steering_controller/lib:/home/dkflippo/ros2_control_ws/install/steering_controllers_library/lib:/home/dkflippo/ros2_control_ws/install/hardware_interface_testing/lib:/home/dkflippo/ros2_control_ws/install/controller_manager/lib:/home/dkflippo/ros2_control_ws/install/range_sensor_broadcaster/lib:/home/dkflippo/ros2_control_ws/install/position_controllers/lib:/home/dkflippo/ros2_control_ws/install/pose_broadcaster/lib:/home/dkflippo/ros2_control_ws/install/pid_controller/lib:/home/dkflippo/ros2_control_ws/install/mecanum_drive_controller/lib:/home/dkflippo/ros2_control_ws/install/joint_trajectory_controller/lib:/home/dkflippo/ros2_control_ws/install/joint_state_broadcaster/lib:/home/dkflippo/ros2_control_ws/install/joint_limits/lib:/home/dkflippo/ros2_control_ws/install/imu_sensor_broadcaster/lib:/home/dkflippo/ros2_control_ws/install/gripper_controllers/lib:/home/dkflippo/ros2_control_ws/install/gpio_controllers/lib:/home/dkflippo/ros2_control_ws/install/effort_controllers/lib:/home/dkflippo/ros2_control_ws/install/forward_command_controller/lib:/home/dkflippo/ros2_control_ws/install/force_torque_sensor_broadcaster/lib:/home/dkflippo/ros2_control_ws/install/diff_drive_controller/lib:/home/dkflippo/ros2_control_ws/install/admittance_controller/lib:/home/dkflippo/ros2_control_ws/install/controller_interface/lib:/home/dkflippo/ros2_control_ws/install/hardware_interface/lib:/home/dkflippo/ros2_control_ws/install/controller_manager_msgs/lib:/usr/lib/x86_64-linux-gnu/gazebo-11/plugins:/opt/ros/humble/opt/rviz_ogre_vendor/lib:/opt/ros/humble/lib/x86_64-linux-gnu:/opt/ros/humble/lib /usr/bin/cmake --install /home/dkflippo/aug2024/build/aug_2024
[1.269s] Level 1:colcon.colcon_core.shell:create_environment_hook('aug_2024', 'cmake_prefix_path')
[1.270s] INFO:colcon.colcon_core.shell:Creating environment hook '/home/dkflippo/aug2024/install/aug_2024/share/aug_2024/hook/cmake_prefix_path.ps1'
[1.270s] INFO:colcon.colcon_core.shell:Creating environment descriptor '/home/dkflippo/aug2024/install/aug_2024/share/aug_2024/hook/cmake_prefix_path.dsv'
[1.271s] INFO:colcon.colcon_core.shell:Creating environment hook '/home/dkflippo/aug2024/install/aug_2024/share/aug_2024/hook/cmake_prefix_path.sh'
[1.271s] Level 1:colcon.colcon_core.environment:checking '/home/dkflippo/aug2024/install/aug_2024/bin'
[1.271s] Level 1:colcon.colcon_core.environment:checking '/home/dkflippo/aug2024/install/aug_2024/lib/pkgconfig/aug_2024.pc'
[1.272s] Level 1:colcon.colcon_core.environment:checking '/home/dkflippo/aug2024/install/aug_2024/lib/python3.10/site-packages'
[1.272s] Level 1:colcon.colcon_core.environment:checking '/home/dkflippo/aug2024/install/aug_2024/bin'
[1.273s] INFO:colcon.colcon_core.shell:Creating package script '/home/dkflippo/aug2024/install/aug_2024/share/aug_2024/package.ps1'
[1.274s] INFO:colcon.colcon_core.shell:Creating package descriptor '/home/dkflippo/aug2024/install/aug_2024/share/aug_2024/package.dsv'
[1.274s] INFO:colcon.colcon_core.shell:Creating package script '/home/dkflippo/aug2024/install/aug_2024/share/aug_2024/package.sh'
[1.275s] INFO:colcon.colcon_core.shell:Creating package script '/home/dkflippo/aug2024/install/aug_2024/share/aug_2024/package.bash'
[1.275s] INFO:colcon.colcon_core.shell:Creating package script '/home/dkflippo/aug2024/install/aug_2024/share/aug_2024/package.zsh'
[1.276s] Level 1:colcon.colcon_core.environment:create_file_with_runtime_dependencies(/home/dkflippo/aug2024/install/aug_2024/share/colcon-core/packages/aug_2024)
[1.276s] Level 1:colcon.colcon_core.environment:create_environment_scripts_only(aug_2024)
[1.277s] Level 1:colcon.colcon_core.environment:checking '/home/dkflippo/aug2024/install/aug_2024' for CMake module files
[1.277s] Level 1:colcon.colcon_core.environment:checking '/home/dkflippo/aug2024/install/aug_2024' for CMake config files
[1.278s] Level 1:colcon.colcon_core.shell:create_environment_hook('aug_2024', 'cmake_prefix_path')
[1.278s] INFO:colcon.colcon_core.shell:Creating environment hook '/home/dkflippo/aug2024/install/aug_2024/share/aug_2024/hook/cmake_prefix_path.ps1'
[1.279s] INFO:colcon.colcon_core.shell:Creating environment descriptor '/home/dkflippo/aug2024/install/aug_2024/share/aug_2024/hook/cmake_prefix_path.dsv'
[1.279s] INFO:colcon.colcon_core.shell:Creating environment hook '/home/dkflippo/aug2024/install/aug_2024/share/aug_2024/hook/cmake_prefix_path.sh'
[1.280s] Level 1:colcon.colcon_core.environment:checking '/home/dkflippo/aug2024/install/aug_2024/bin'
[1.280s] Level 1:colcon.colcon_core.environment:checking '/home/dkflippo/aug2024/install/aug_2024/lib/pkgconfig/aug_2024.pc'
[1.280s] Level 1:colcon.colcon_core.environment:checking '/home/dkflippo/aug2024/install/aug_2024/lib/python3.10/site-packages'
[1.280s] Level 1:colcon.colcon_core.environment:checking '/home/dkflippo/aug2024/install/aug_2024/bin'
[1.281s] INFO:colcon.colcon_core.shell:Creating package script '/home/dkflippo/aug2024/install/aug_2024/share/aug_2024/package.ps1'
[1.281s] INFO:colcon.colcon_core.shell:Creating package descriptor '/home/dkflippo/aug2024/install/aug_2024/share/aug_2024/package.dsv'
[1.282s] INFO:colcon.colcon_core.shell:Creating package script '/home/dkflippo/aug2024/install/aug_2024/share/aug_2024/package.sh'
[1.283s] INFO:colcon.colcon_core.shell:Creating package script '/home/dkflippo/aug2024/install/aug_2024/share/aug_2024/package.bash'
[1.284s] INFO:colcon.colcon_core.shell:Creating package script '/home/dkflippo/aug2024/install/aug_2024/share/aug_2024/package.zsh'
[1.285s] Level 1:colcon.colcon_core.environment:create_file_with_runtime_dependencies(/home/dkflippo/aug2024/install/aug_2024/share/colcon-core/packages/aug_2024)
[1.285s] DEBUG:colcon.colcon_parallel_executor.executor.parallel:closing loop
[1.286s] DEBUG:colcon.colcon_parallel_executor.executor.parallel:loop closed
[1.286s] DEBUG:colcon.colcon_parallel_executor.executor.parallel:run_until_complete finished with '0'
[1.287s] DEBUG:colcon.colcon_core.event_reactor:joining thread
[1.296s] INFO:colcon.colcon_core.plugin_system:Skipping extension 'colcon_notification.desktop_notification.terminal_notifier': Not used on non-Darwin systems
[1.296s] INFO:colcon.colcon_core.plugin_system:Skipping extension 'colcon_notification.desktop_notification.win32': Not used on non-Windows systems
[1.296s] INFO:colcon.colcon_notification.desktop_notification:Sending desktop notification using 'notify2'
[1.307s] DEBUG:colcon.colcon_core.event_reactor:joined thread
[1.308s] INFO:colcon.colcon_core.shell:Creating prefix script '/home/dkflippo/aug2024/install/local_setup.ps1'
[1.309s] INFO:colcon.colcon_core.shell:Creating prefix util module '/home/dkflippo/aug2024/install/_local_setup_util_ps1.py'
[1.312s] INFO:colcon.colcon_core.shell:Creating prefix chain script '/home/dkflippo/aug2024/install/setup.ps1'
[1.319s] INFO:colcon.colcon_core.shell:Creating prefix script '/home/dkflippo/aug2024/install/local_setup.sh'
[1.320s] INFO:colcon.colcon_core.shell:Creating prefix util module '/home/dkflippo/aug2024/install/_local_setup_util_sh.py'
[1.320s] INFO:colcon.colcon_core.shell:Creating prefix chain script '/home/dkflippo/aug2024/install/setup.sh'
[1.325s] INFO:colcon.colcon_core.shell:Creating prefix script '/home/dkflippo/aug2024/install/local_setup.bash'
[1.326s] INFO:colcon.colcon_core.shell:Creating prefix chain script '/home/dkflippo/aug2024/install/setup.bash'
[1.331s] INFO:colcon.colcon_core.shell:Creating prefix script '/home/dkflippo/aug2024/install/local_setup.zsh'
[1.332s] INFO:colcon.colcon_core.shell:Creating prefix chain script '/home/dkflippo/aug2024/install/setup.zsh'
