[0.000000] (-) TimerEvent: {}
[0.001830] (my_robot_nav2) JobQueued: {'identifier': 'my_robot_nav2', 'dependencies': OrderedDict()}
[0.002389] (pigpio) JobQueued: {'identifier': 'pigpio', 'dependencies': OrderedDict()}
[0.002676] (sllidar_ros2) JobQueued: {'identifier': 'sllidar_ros2', 'dependencies': OrderedDict()}
[0.002780] (BMC_2024) JobQueued: {'identifier': 'BMC_2024', 'dependencies': OrderedDict([('sllidar_ros2', '/home/rospi/aug_2024/install/sllidar_ros2')])}
[0.002884] (aug_2024) JobQueued: {'identifier': 'aug_2024', 'dependencies': OrderedDict([('sllidar_ros2', '/home/rospi/aug_2024/install/sllidar_ros2'), ('BMC_2024', '/home/rospi/aug_2024/install/BMC_2024')])}
[0.002990] (sllidar_ros2) JobStarted: {'identifier': 'sllidar_ros2'}
[0.035645] (my_robot_nav2) JobStarted: {'identifier': 'my_robot_nav2'}
[0.059843] (pigpio) JobStarted: {'identifier': 'pigpio'}
[0.088443] (sllidar_ros2) JobProgress: {'identifier': 'sllidar_ros2', 'progress': 'cmake'}
[0.091099] (sllidar_ros2) Command: {'cmd': ['/usr/bin/cmake', '/home/rospi/aug_2024/src/sllidar_ros2', '-DCMAKE_INSTALL_PREFIX=/home/rospi/aug_2024/install/sllidar_ros2'], 'cwd': '/home/rospi/aug_2024/build/sllidar_ros2', 'env': OrderedDict([('LESSOPEN', '| /usr/bin/lesspipe %s'), ('USER', 'rospi'), ('SSH_CLIENT', '10.150.42.143 64037 22'), ('XDG_SESSION_TYPE', 'tty'), ('SHLVL', '1'), ('LD_LIBRARY_PATH', '/home/rospi/aug_2024/install/BMC_2024/lib:/home/rospi/aug_2024/install/pigpio/lib:/opt/ros/humble/opt/rviz_ogre_vendor/lib:/opt/ros/humble/lib/aarch64-linux-gnu:/opt/ros/humble/lib'), ('MOTD_SHOWN', 'pam'), ('HOME', '/home/rospi'), ('OLDPWD', '/home/rospi'), ('SSH_TTY', '/dev/pts/1'), ('ROS_PYTHON_VERSION', '3'), ('DBUS_SESSION_BUS_ADDRESS', 'unix:path=/run/user/1000/bus'), ('COLCON_PREFIX_PATH', '/home/rospi/aug_2024/install'), ('ROS_DISTRO', 'humble'), ('LOGNAME', 'rospi'), ('_', '/usr/bin/colcon'), ('ROS_VERSION', '2'), ('XDG_SESSION_CLASS', 'user'), ('TERM', 'xterm-256color'), ('XDG_SESSION_ID', '3'), ('ROS_LOCALHOST_ONLY', '0'), ('PATH', '/home/rospi/aug_2024/install/pigpio/bin:/opt/ros/humble/bin:/usr/local/sbin:/usr/local/bin:/usr/sbin:/usr/bin:/sbin:/bin:/usr/games:/usr/local/games:/snap/bin'), ('XDG_RUNTIME_DIR', '/run/user/1000'), ('LANG', 'en_US.UTF-8'), ('LS_COLORS', 'rs=0:di=01;34:ln=01;36:mh=00:pi=40;33:so=01;35:do=01;35:bd=40;33;01:cd=40;33;01:or=40;31;01:mi=00:su=37;41:sg=30;43:ca=30;41:tw=30;42:ow=34;42:st=37;44:ex=01;32:*.tar=01;31:*.tgz=01;31:*.arc=01;31:*.arj=01;31:*.taz=01;31:*.lha=01;31:*.lz4=01;31:*.lzh=01;31:*.lzma=01;31:*.tlz=01;31:*.txz=01;31:*.tzo=01;31:*.t7z=01;31:*.zip=01;31:*.z=01;31:*.dz=01;31:*.gz=01;31:*.lrz=01;31:*.lz=01;31:*.lzo=01;31:*.xz=01;31:*.zst=01;31:*.tzst=01;31:*.bz2=01;31:*.bz=01;31:*.tbz=01;31:*.tbz2=01;31:*.tz=01;31:*.deb=01;31:*.rpm=01;31:*.jar=01;31:*.war=01;31:*.ear=01;31:*.sar=01;31:*.rar=01;31:*.alz=01;31:*.ace=01;31:*.zoo=01;31:*.cpio=01;31:*.7z=01;31:*.rz=01;31:*.cab=01;31:*.wim=01;31:*.swm=01;31:*.dwm=01;31:*.esd=01;31:*.jpg=01;35:*.jpeg=01;35:*.mjpg=01;35:*.mjpeg=01;35:*.gif=01;35:*.bmp=01;35:*.pbm=01;35:*.pgm=01;35:*.ppm=01;35:*.tga=01;35:*.xbm=01;35:*.xpm=01;35:*.tif=01;35:*.tiff=01;35:*.png=01;35:*.svg=01;35:*.svgz=01;35:*.mng=01;35:*.pcx=01;35:*.mov=01;35:*.mpg=01;35:*.mpeg=01;35:*.m2v=01;35:*.mkv=01;35:*.webm=01;35:*.webp=01;35:*.ogm=01;35:*.mp4=01;35:*.m4v=01;35:*.mp4v=01;35:*.vob=01;35:*.qt=01;35:*.nuv=01;35:*.wmv=01;35:*.asf=01;35:*.rm=01;35:*.rmvb=01;35:*.flc=01;35:*.avi=01;35:*.fli=01;35:*.flv=01;35:*.gl=01;35:*.dl=01;35:*.xcf=01;35:*.xwd=01;35:*.yuv=01;35:*.cgm=01;35:*.emf=01;35:*.ogv=01;35:*.ogx=01;35:*.aac=00;36:*.au=00;36:*.flac=00;36:*.m4a=00;36:*.mid=00;36:*.midi=00;36:*.mka=00;36:*.mp3=00;36:*.mpc=00;36:*.ogg=00;36:*.ra=00;36:*.wav=00;36:*.oga=00;36:*.opus=00;36:*.spx=00;36:*.xspf=00;36:'), ('AMENT_PREFIX_PATH', '/home/rospi/aug_2024/install/aug_2024:/home/rospi/aug_2024/install/BMC_2024:/home/rospi/aug_2024/install/sllidar_ros2:/home/rospi/aug_2024/install/my_robot_nav2:/opt/ros/humble'), ('SHELL', '/bin/bash'), ('LESSCLOSE', '/usr/bin/lesspipe %s %s'), ('PWD', '/home/rospi/aug_2024/build/sllidar_ros2'), ('LC_ALL', 'en_US.UTF-8'), ('SSH_CONNECTION', '10.150.42.143 64037 10.6.102.87 22'), ('XDG_DATA_DIRS', '/usr/local/share:/usr/share:/var/lib/snapd/desktop'), ('PYTHONPATH', '/opt/ros/humble/lib/python3.10/site-packages:/opt/ros/humble/local/lib/python3.10/dist-packages'), ('COLCON', '1'), ('CMAKE_PREFIX_PATH', '/home/rospi/aug_2024/install/aug_2024:/home/rospi/aug_2024/install/BMC_2024:/home/rospi/aug_2024/install/sllidar_ros2:/home/rospi/aug_2024/install/pigpio:/home/rospi/aug_2024/install/my_robot_nav2:/opt/ros/humble')]), 'shell': False}
[0.099384] (-) TimerEvent: {}
[0.104166] (my_robot_nav2) JobProgress: {'identifier': 'my_robot_nav2', 'progress': 'cmake'}
[0.106319] (my_robot_nav2) Command: {'cmd': ['/usr/bin/cmake', '/home/rospi/aug_2024/src/my_robot_nav2', '-DCMAKE_INSTALL_PREFIX=/home/rospi/aug_2024/install/my_robot_nav2'], 'cwd': '/home/rospi/aug_2024/build/my_robot_nav2', 'env': OrderedDict([('LESSOPEN', '| /usr/bin/lesspipe %s'), ('USER', 'rospi'), ('SSH_CLIENT', '10.150.42.143 64037 22'), ('XDG_SESSION_TYPE', 'tty'), ('SHLVL', '1'), ('LD_LIBRARY_PATH', '/home/rospi/aug_2024/install/BMC_2024/lib:/home/rospi/aug_2024/install/pigpio/lib:/opt/ros/humble/opt/rviz_ogre_vendor/lib:/opt/ros/humble/lib/aarch64-linux-gnu:/opt/ros/humble/lib'), ('MOTD_SHOWN', 'pam'), ('HOME', '/home/rospi'), ('OLDPWD', '/home/rospi'), ('SSH_TTY', '/dev/pts/1'), ('ROS_PYTHON_VERSION', '3'), ('DBUS_SESSION_BUS_ADDRESS', 'unix:path=/run/user/1000/bus'), ('COLCON_PREFIX_PATH', '/home/rospi/aug_2024/install'), ('ROS_DISTRO', 'humble'), ('LOGNAME', 'rospi'), ('_', '/usr/bin/colcon'), ('ROS_VERSION', '2'), ('XDG_SESSION_CLASS', 'user'), ('TERM', 'xterm-256color'), ('XDG_SESSION_ID', '3'), ('ROS_LOCALHOST_ONLY', '0'), ('PATH', '/home/rospi/aug_2024/install/pigpio/bin:/opt/ros/humble/bin:/usr/local/sbin:/usr/local/bin:/usr/sbin:/usr/bin:/sbin:/bin:/usr/games:/usr/local/games:/snap/bin'), ('XDG_RUNTIME_DIR', '/run/user/1000'), ('LANG', 'en_US.UTF-8'), ('LS_COLORS', 'rs=0:di=01;34:ln=01;36:mh=00:pi=40;33:so=01;35:do=01;35:bd=40;33;01:cd=40;33;01:or=40;31;01:mi=00:su=37;41:sg=30;43:ca=30;41:tw=30;42:ow=34;42:st=37;44:ex=01;32:*.tar=01;31:*.tgz=01;31:*.arc=01;31:*.arj=01;31:*.taz=01;31:*.lha=01;31:*.lz4=01;31:*.lzh=01;31:*.lzma=01;31:*.tlz=01;31:*.txz=01;31:*.tzo=01;31:*.t7z=01;31:*.zip=01;31:*.z=01;31:*.dz=01;31:*.gz=01;31:*.lrz=01;31:*.lz=01;31:*.lzo=01;31:*.xz=01;31:*.zst=01;31:*.tzst=01;31:*.bz2=01;31:*.bz=01;31:*.tbz=01;31:*.tbz2=01;31:*.tz=01;31:*.deb=01;31:*.rpm=01;31:*.jar=01;31:*.war=01;31:*.ear=01;31:*.sar=01;31:*.rar=01;31:*.alz=01;31:*.ace=01;31:*.zoo=01;31:*.cpio=01;31:*.7z=01;31:*.rz=01;31:*.cab=01;31:*.wim=01;31:*.swm=01;31:*.dwm=01;31:*.esd=01;31:*.jpg=01;35:*.jpeg=01;35:*.mjpg=01;35:*.mjpeg=01;35:*.gif=01;35:*.bmp=01;35:*.pbm=01;35:*.pgm=01;35:*.ppm=01;35:*.tga=01;35:*.xbm=01;35:*.xpm=01;35:*.tif=01;35:*.tiff=01;35:*.png=01;35:*.svg=01;35:*.svgz=01;35:*.mng=01;35:*.pcx=01;35:*.mov=01;35:*.mpg=01;35:*.mpeg=01;35:*.m2v=01;35:*.mkv=01;35:*.webm=01;35:*.webp=01;35:*.ogm=01;35:*.mp4=01;35:*.m4v=01;35:*.mp4v=01;35:*.vob=01;35:*.qt=01;35:*.nuv=01;35:*.wmv=01;35:*.asf=01;35:*.rm=01;35:*.rmvb=01;35:*.flc=01;35:*.avi=01;35:*.fli=01;35:*.flv=01;35:*.gl=01;35:*.dl=01;35:*.xcf=01;35:*.xwd=01;35:*.yuv=01;35:*.cgm=01;35:*.emf=01;35:*.ogv=01;35:*.ogx=01;35:*.aac=00;36:*.au=00;36:*.flac=00;36:*.m4a=00;36:*.mid=00;36:*.midi=00;36:*.mka=00;36:*.mp3=00;36:*.mpc=00;36:*.ogg=00;36:*.ra=00;36:*.wav=00;36:*.oga=00;36:*.opus=00;36:*.spx=00;36:*.xspf=00;36:'), ('AMENT_PREFIX_PATH', '/home/rospi/aug_2024/install/aug_2024:/home/rospi/aug_2024/install/BMC_2024:/home/rospi/aug_2024/install/sllidar_ros2:/home/rospi/aug_2024/install/my_robot_nav2:/opt/ros/humble'), ('SHELL', '/bin/bash'), ('LESSCLOSE', '/usr/bin/lesspipe %s %s'), ('PWD', '/home/rospi/aug_2024/build/my_robot_nav2'), ('LC_ALL', 'en_US.UTF-8'), ('SSH_CONNECTION', '10.150.42.143 64037 10.6.102.87 22'), ('XDG_DATA_DIRS', '/usr/local/share:/usr/share:/var/lib/snapd/desktop'), ('PYTHONPATH', '/opt/ros/humble/lib/python3.10/site-packages:/opt/ros/humble/local/lib/python3.10/dist-packages'), ('COLCON', '1'), ('CMAKE_PREFIX_PATH', '/home/rospi/aug_2024/install/aug_2024:/home/rospi/aug_2024/install/BMC_2024:/home/rospi/aug_2024/install/sllidar_ros2:/home/rospi/aug_2024/install/pigpio:/home/rospi/aug_2024/install/my_robot_nav2:/opt/ros/humble')]), 'shell': False}
[0.124906] (pigpio) JobProgress: {'identifier': 'pigpio', 'progress': 'cmake'}
[0.127918] (pigpio) Command: {'cmd': ['/usr/bin/cmake', '/home/rospi/aug_2024/pigpio-master', '-DCMAKE_INSTALL_PREFIX=/home/rospi/aug_2024/install/pigpio'], 'cwd': '/home/rospi/aug_2024/build/pigpio', 'env': OrderedDict([('LESSOPEN', '| /usr/bin/lesspipe %s'), ('USER', 'rospi'), ('SSH_CLIENT', '10.150.42.143 64037 22'), ('XDG_SESSION_TYPE', 'tty'), ('SHLVL', '1'), ('LD_LIBRARY_PATH', '/home/rospi/aug_2024/install/BMC_2024/lib:/home/rospi/aug_2024/install/pigpio/lib:/opt/ros/humble/opt/rviz_ogre_vendor/lib:/opt/ros/humble/lib/aarch64-linux-gnu:/opt/ros/humble/lib'), ('MOTD_SHOWN', 'pam'), ('HOME', '/home/rospi'), ('OLDPWD', '/home/rospi'), ('SSH_TTY', '/dev/pts/1'), ('ROS_PYTHON_VERSION', '3'), ('DBUS_SESSION_BUS_ADDRESS', 'unix:path=/run/user/1000/bus'), ('COLCON_PREFIX_PATH', '/home/rospi/aug_2024/install'), ('ROS_DISTRO', 'humble'), ('LOGNAME', 'rospi'), ('_', '/usr/bin/colcon'), ('ROS_VERSION', '2'), ('XDG_SESSION_CLASS', 'user'), ('TERM', 'xterm-256color'), ('XDG_SESSION_ID', '3'), ('ROS_LOCALHOST_ONLY', '0'), ('PATH', '/home/rospi/aug_2024/install/pigpio/bin:/opt/ros/humble/bin:/usr/local/sbin:/usr/local/bin:/usr/sbin:/usr/bin:/sbin:/bin:/usr/games:/usr/local/games:/snap/bin'), ('XDG_RUNTIME_DIR', '/run/user/1000'), ('LANG', 'en_US.UTF-8'), ('LS_COLORS', 'rs=0:di=01;34:ln=01;36:mh=00:pi=40;33:so=01;35:do=01;35:bd=40;33;01:cd=40;33;01:or=40;31;01:mi=00:su=37;41:sg=30;43:ca=30;41:tw=30;42:ow=34;42:st=37;44:ex=01;32:*.tar=01;31:*.tgz=01;31:*.arc=01;31:*.arj=01;31:*.taz=01;31:*.lha=01;31:*.lz4=01;31:*.lzh=01;31:*.lzma=01;31:*.tlz=01;31:*.txz=01;31:*.tzo=01;31:*.t7z=01;31:*.zip=01;31:*.z=01;31:*.dz=01;31:*.gz=01;31:*.lrz=01;31:*.lz=01;31:*.lzo=01;31:*.xz=01;31:*.zst=01;31:*.tzst=01;31:*.bz2=01;31:*.bz=01;31:*.tbz=01;31:*.tbz2=01;31:*.tz=01;31:*.deb=01;31:*.rpm=01;31:*.jar=01;31:*.war=01;31:*.ear=01;31:*.sar=01;31:*.rar=01;31:*.alz=01;31:*.ace=01;31:*.zoo=01;31:*.cpio=01;31:*.7z=01;31:*.rz=01;31:*.cab=01;31:*.wim=01;31:*.swm=01;31:*.dwm=01;31:*.esd=01;31:*.jpg=01;35:*.jpeg=01;35:*.mjpg=01;35:*.mjpeg=01;35:*.gif=01;35:*.bmp=01;35:*.pbm=01;35:*.pgm=01;35:*.ppm=01;35:*.tga=01;35:*.xbm=01;35:*.xpm=01;35:*.tif=01;35:*.tiff=01;35:*.png=01;35:*.svg=01;35:*.svgz=01;35:*.mng=01;35:*.pcx=01;35:*.mov=01;35:*.mpg=01;35:*.mpeg=01;35:*.m2v=01;35:*.mkv=01;35:*.webm=01;35:*.webp=01;35:*.ogm=01;35:*.mp4=01;35:*.m4v=01;35:*.mp4v=01;35:*.vob=01;35:*.qt=01;35:*.nuv=01;35:*.wmv=01;35:*.asf=01;35:*.rm=01;35:*.rmvb=01;35:*.flc=01;35:*.avi=01;35:*.fli=01;35:*.flv=01;35:*.gl=01;35:*.dl=01;35:*.xcf=01;35:*.xwd=01;35:*.yuv=01;35:*.cgm=01;35:*.emf=01;35:*.ogv=01;35:*.ogx=01;35:*.aac=00;36:*.au=00;36:*.flac=00;36:*.m4a=00;36:*.mid=00;36:*.midi=00;36:*.mka=00;36:*.mp3=00;36:*.mpc=00;36:*.ogg=00;36:*.ra=00;36:*.wav=00;36:*.oga=00;36:*.opus=00;36:*.spx=00;36:*.xspf=00;36:'), ('AMENT_PREFIX_PATH', '/home/rospi/aug_2024/install/aug_2024:/home/rospi/aug_2024/install/BMC_2024:/home/rospi/aug_2024/install/sllidar_ros2:/home/rospi/aug_2024/install/my_robot_nav2:/opt/ros/humble'), ('SHELL', '/bin/bash'), ('LESSCLOSE', '/usr/bin/lesspipe %s %s'), ('PWD', '/home/rospi/aug_2024/build/pigpio'), ('LC_ALL', 'en_US.UTF-8'), ('SSH_CONNECTION', '10.150.42.143 64037 10.6.102.87 22'), ('XDG_DATA_DIRS', '/usr/local/share:/usr/share:/var/lib/snapd/desktop'), ('PYTHONPATH', '/opt/ros/humble/lib/python3.10/site-packages:/opt/ros/humble/local/lib/python3.10/dist-packages'), ('COLCON', '1'), ('CMAKE_PREFIX_PATH', '/home/rospi/aug_2024/install/aug_2024:/home/rospi/aug_2024/install/BMC_2024:/home/rospi/aug_2024/install/sllidar_ros2:/home/rospi/aug_2024/install/pigpio:/home/rospi/aug_2024/install/my_robot_nav2')]), 'shell': False}
[0.199658] (-) TimerEvent: {}
[0.317011] (-) TimerEvent: {}
[0.418150] (-) TimerEvent: {}
[0.437877] (my_robot_nav2) StdoutLine: {'line': b'-- The C compiler identification is GNU 11.4.0\n'}
[0.442677] (sllidar_ros2) StdoutLine: {'line': b'-- The C compiler identification is GNU 11.4.0\n'}
[0.490662] (pigpio) StdoutLine: {'line': b'-- The C compiler identification is GNU 11.4.0\n'}
[0.518709] (-) TimerEvent: {}
[0.551426] (pigpio) StdoutLine: {'line': b'-- Detecting C compiler ABI info\n'}
[0.619182] (-) TimerEvent: {}
[0.720167] (-) TimerEvent: {}
[0.799945] (my_robot_nav2) StdoutLine: {'line': b'-- The CXX compiler identification is GNU 11.4.0\n'}
[0.814177] (sllidar_ros2) StdoutLine: {'line': b'-- The CXX compiler identification is GNU 11.4.0\n'}
[0.820418] (-) TimerEvent: {}
[0.834351] (my_robot_nav2) StdoutLine: {'line': b'-- Detecting C compiler ABI info\n'}
[0.847751] (sllidar_ros2) StdoutLine: {'line': b'-- Detecting C compiler ABI info\n'}
[0.920689] (-) TimerEvent: {}
[0.994748] (pigpio) StdoutLine: {'line': b'-- Detecting C compiler ABI info - done\n'}
[1.020902] (-) TimerEvent: {}
[1.035940] (pigpio) StdoutLine: {'line': b'-- Check for working C compiler: /usr/bin/cc - skipped\n'}
[1.038878] (pigpio) StdoutLine: {'line': b'-- Detecting C compile features\n'}
[1.042213] (pigpio) StdoutLine: {'line': b'-- Detecting C compile features - done\n'}
[1.052799] (pigpio) StdoutLine: {'line': b'-- Looking for pthread.h\n'}
[1.121172] (-) TimerEvent: {}
[1.211765] (my_robot_nav2) StdoutLine: {'line': b'-- Detecting C compiler ABI info - done\n'}
[1.219834] (sllidar_ros2) StdoutLine: {'line': b'-- Detecting C compiler ABI info - done\n'}
[1.221601] (-) TimerEvent: {}
[1.242296] (my_robot_nav2) StdoutLine: {'line': b'-- Check for working C compiler: /usr/bin/cc - skipped\n'}
[1.243338] (my_robot_nav2) StdoutLine: {'line': b'-- Detecting C compile features\n'}
[1.245021] (my_robot_nav2) StdoutLine: {'line': b'-- Detecting C compile features - done\n'}
[1.252581] (sllidar_ros2) StdoutLine: {'line': b'-- Check for working C compiler: /usr/bin/cc - skipped\n'}
[1.253627] (sllidar_ros2) StdoutLine: {'line': b'-- Detecting C compile features\n'}
[1.256640] (sllidar_ros2) StdoutLine: {'line': b'-- Detecting C compile features - done\n'}
[1.259800] (my_robot_nav2) StdoutLine: {'line': b'-- Detecting CXX compiler ABI info\n'}
[1.269611] (sllidar_ros2) StdoutLine: {'line': b'-- Detecting CXX compiler ABI info\n'}
[1.321738] (-) TimerEvent: {}
[1.423224] (-) TimerEvent: {}
[1.449490] (pigpio) StdoutLine: {'line': b'-- Looking for pthread.h - found\n'}
[1.450936] (pigpio) StdoutLine: {'line': b'-- Performing Test CMAKE_HAVE_LIBC_PTHREAD\n'}
[1.523603] (-) TimerEvent: {}
[1.624862] (-) TimerEvent: {}
[1.685150] (my_robot_nav2) StdoutLine: {'line': b'-- Detecting CXX compiler ABI info - done\n'}
[1.697892] (sllidar_ros2) StdoutLine: {'line': b'-- Detecting CXX compiler ABI info - done\n'}
[1.716658] (my_robot_nav2) StdoutLine: {'line': b'-- Check for working CXX compiler: /usr/bin/c++ - skipped\n'}
[1.717830] (my_robot_nav2) StdoutLine: {'line': b'-- Detecting CXX compile features\n'}
[1.719833] (my_robot_nav2) StdoutLine: {'line': b'-- Detecting CXX compile features - done\n'}
[1.725016] (-) TimerEvent: {}
[1.729064] (sllidar_ros2) StdoutLine: {'line': b'-- Check for working CXX compiler: /usr/bin/c++ - skipped\n'}
[1.730305] (sllidar_ros2) StdoutLine: {'line': b'-- Detecting CXX compile features\n'}
[1.732448] (sllidar_ros2) StdoutLine: {'line': b'-- Detecting CXX compile features - done\n'}
[1.758712] (my_robot_nav2) StdoutLine: {'line': b'-- Found ament_cmake: 1.3.11 (/opt/ros/humble/share/ament_cmake/cmake)\n'}
[1.772048] (sllidar_ros2) StdoutLine: {'line': b'-- Found ament_cmake: 1.3.11 (/opt/ros/humble/share/ament_cmake/cmake)\n'}
[1.825273] (-) TimerEvent: {}
[1.844969] (pigpio) StdoutLine: {'line': b'-- Performing Test CMAKE_HAVE_LIBC_PTHREAD - Success\n'}
[1.849073] (pigpio) StdoutLine: {'line': b'-- Found Threads: TRUE  \n'}
[1.925443] (-) TimerEvent: {}
[1.944987] (pigpio) StderrLine: {'line': b'\x1b[33mCMake Warning (dev) at /usr/share/cmake-3.22/Modules/FindPackageHandleStandardArgs.cmake:438 (message):\n'}
[1.946201] (pigpio) StderrLine: {'line': b'  The package name passed to `find_package_handle_standard_args` (rt) does\n'}
[1.946954] (pigpio) StderrLine: {'line': b'  not match the name of the calling package (RT).  This can lead to problems\n'}
[1.947521] (pigpio) StderrLine: {'line': b'  in calling code that expects `find_package` result variables (e.g.,\n'}
[1.948092] (pigpio) StderrLine: {'line': b'  `_FOUND`) to follow a certain pattern.\n'}
[1.948615] (pigpio) StderrLine: {'line': b'Call Stack (most recent call first):\n'}
[1.949145] (pigpio) StderrLine: {'line': b'  cmake/FindRT.cmake:28 (FIND_PACKAGE_HANDLE_STANDARD_ARGS)\n'}
[1.949729] (pigpio) StderrLine: {'line': b'  CMakeLists.txt:8 (find_package)\n'}
[1.950302] (pigpio) StderrLine: {'line': b'This warning is for project developers.  Use -Wno-dev to suppress it.\n'}
[1.951302] (pigpio) StderrLine: {'line': b'\x1b[0m\n'}
[1.951928] (pigpio) StdoutLine: {'line': b'-- Found rt: /usr/lib/aarch64-linux-gnu/librt.a  \n'}
[1.960593] (pigpio) StdoutLine: {'line': b'-- Performing Test COMPILER_HAS_HIDDEN_VISIBILITY\n'}
[2.025880] (-) TimerEvent: {}
[2.128444] (-) TimerEvent: {}
[2.229850] (-) TimerEvent: {}
[2.330646] (-) TimerEvent: {}
[2.354981] (pigpio) StdoutLine: {'line': b'-- Performing Test COMPILER_HAS_HIDDEN_VISIBILITY - Success\n'}
[2.359746] (pigpio) StdoutLine: {'line': b'-- Performing Test COMPILER_HAS_HIDDEN_INLINE_VISIBILITY\n'}
[2.430962] (-) TimerEvent: {}
[2.533442] (-) TimerEvent: {}
[2.635371] (-) TimerEvent: {}
[2.736878] (-) TimerEvent: {}
[2.760719] (my_robot_nav2) StdoutLine: {'line': b'-- Found Python3: /usr/bin/python3 (found version "3.10.12") found components: Interpreter \n'}
[2.786811] (pigpio) StdoutLine: {'line': b'-- Performing Test COMPILER_HAS_HIDDEN_INLINE_VISIBILITY - Failed\n'}
[2.787767] (pigpio) StdoutLine: {'line': b'-- Performing Test COMPILER_HAS_DEPRECATED_ATTR\n'}
[2.788951] (sllidar_ros2) StdoutLine: {'line': b'-- Found Python3: /usr/bin/python3 (found version "3.10.12") found components: Interpreter \n'}
[2.838617] (-) TimerEvent: {}
[2.939455] (-) TimerEvent: {}
[3.043498] (-) TimerEvent: {}
[3.145192] (-) TimerEvent: {}
[3.248614] (-) TimerEvent: {}
[3.313296] (pigpio) StdoutLine: {'line': b'-- Performing Test COMPILER_HAS_DEPRECATED_ATTR - Success\n'}
[3.348855] (-) TimerEvent: {}
[3.450199] (-) TimerEvent: {}
[3.551489] (-) TimerEvent: {}
[3.652816] (-) TimerEvent: {}
[3.747733] (my_robot_nav2) StdoutLine: {'line': b'-- Found ament_lint_auto: 0.12.12 (/opt/ros/humble/share/ament_lint_auto/cmake)\n'}
[3.753023] (-) TimerEvent: {}
[3.787182] (sllidar_ros2) StdoutLine: {'line': b'-- Found rclcpp: 16.0.12 (/opt/ros/humble/share/rclcpp/cmake)\n'}
[3.853243] (-) TimerEvent: {}
[3.954058] (-) TimerEvent: {}
[4.056422] (-) TimerEvent: {}
[4.158544] (-) TimerEvent: {}
[4.259891] (-) TimerEvent: {}
[4.294787] (pigpio) StdoutLine: {'line': b'-- Configuring done\n'}
[4.326546] (sllidar_ros2) StdoutLine: {'line': b'-- Found rosidl_generator_c: 3.1.6 (/opt/ros/humble/share/rosidl_generator_c/cmake)\n'}
[4.359512] (pigpio) StdoutLine: {'line': b'-- Generating done\n'}
[4.360069] (-) TimerEvent: {}
[4.378193] (pigpio) StdoutLine: {'line': b'-- Build files have been written to: /home/rospi/aug_2024/build/pigpio\n'}
[4.380728] (my_robot_nav2) StdoutLine: {'line': b"-- Added test 'flake8' to check Python code syntax and style conventions\n"}
[4.399642] (pigpio) CommandEnded: {'returncode': 0}
[4.401356] (pigpio) JobProgress: {'identifier': 'pigpio', 'progress': 'build'}
[4.401541] (pigpio) Command: {'cmd': ['/usr/bin/cmake', '--build', '/home/rospi/aug_2024/build/pigpio', '--', '-j4', '-l4'], 'cwd': '/home/rospi/aug_2024/build/pigpio', 'env': OrderedDict([('LESSOPEN', '| /usr/bin/lesspipe %s'), ('USER', 'rospi'), ('SSH_CLIENT', '10.150.42.143 64037 22'), ('XDG_SESSION_TYPE', 'tty'), ('SHLVL', '1'), ('LD_LIBRARY_PATH', '/home/rospi/aug_2024/install/BMC_2024/lib:/home/rospi/aug_2024/install/pigpio/lib:/opt/ros/humble/opt/rviz_ogre_vendor/lib:/opt/ros/humble/lib/aarch64-linux-gnu:/opt/ros/humble/lib'), ('MOTD_SHOWN', 'pam'), ('HOME', '/home/rospi'), ('OLDPWD', '/home/rospi'), ('SSH_TTY', '/dev/pts/1'), ('ROS_PYTHON_VERSION', '3'), ('DBUS_SESSION_BUS_ADDRESS', 'unix:path=/run/user/1000/bus'), ('COLCON_PREFIX_PATH', '/home/rospi/aug_2024/install'), ('ROS_DISTRO', 'humble'), ('LOGNAME', 'rospi'), ('_', '/usr/bin/colcon'), ('ROS_VERSION', '2'), ('XDG_SESSION_CLASS', 'user'), ('TERM', 'xterm-256color'), ('XDG_SESSION_ID', '3'), ('ROS_LOCALHOST_ONLY', '0'), ('PATH', '/home/rospi/aug_2024/install/pigpio/bin:/opt/ros/humble/bin:/usr/local/sbin:/usr/local/bin:/usr/sbin:/usr/bin:/sbin:/bin:/usr/games:/usr/local/games:/snap/bin'), ('XDG_RUNTIME_DIR', '/run/user/1000'), ('LANG', 'en_US.UTF-8'), ('LS_COLORS', 'rs=0:di=01;34:ln=01;36:mh=00:pi=40;33:so=01;35:do=01;35:bd=40;33;01:cd=40;33;01:or=40;31;01:mi=00:su=37;41:sg=30;43:ca=30;41:tw=30;42:ow=34;42:st=37;44:ex=01;32:*.tar=01;31:*.tgz=01;31:*.arc=01;31:*.arj=01;31:*.taz=01;31:*.lha=01;31:*.lz4=01;31:*.lzh=01;31:*.lzma=01;31:*.tlz=01;31:*.txz=01;31:*.tzo=01;31:*.t7z=01;31:*.zip=01;31:*.z=01;31:*.dz=01;31:*.gz=01;31:*.lrz=01;31:*.lz=01;31:*.lzo=01;31:*.xz=01;31:*.zst=01;31:*.tzst=01;31:*.bz2=01;31:*.bz=01;31:*.tbz=01;31:*.tbz2=01;31:*.tz=01;31:*.deb=01;31:*.rpm=01;31:*.jar=01;31:*.war=01;31:*.ear=01;31:*.sar=01;31:*.rar=01;31:*.alz=01;31:*.ace=01;31:*.zoo=01;31:*.cpio=01;31:*.7z=01;31:*.rz=01;31:*.cab=01;31:*.wim=01;31:*.swm=01;31:*.dwm=01;31:*.esd=01;31:*.jpg=01;35:*.jpeg=01;35:*.mjpg=01;35:*.mjpeg=01;35:*.gif=01;35:*.bmp=01;35:*.pbm=01;35:*.pgm=01;35:*.ppm=01;35:*.tga=01;35:*.xbm=01;35:*.xpm=01;35:*.tif=01;35:*.tiff=01;35:*.png=01;35:*.svg=01;35:*.svgz=01;35:*.mng=01;35:*.pcx=01;35:*.mov=01;35:*.mpg=01;35:*.mpeg=01;35:*.m2v=01;35:*.mkv=01;35:*.webm=01;35:*.webp=01;35:*.ogm=01;35:*.mp4=01;35:*.m4v=01;35:*.mp4v=01;35:*.vob=01;35:*.qt=01;35:*.nuv=01;35:*.wmv=01;35:*.asf=01;35:*.rm=01;35:*.rmvb=01;35:*.flc=01;35:*.avi=01;35:*.fli=01;35:*.flv=01;35:*.gl=01;35:*.dl=01;35:*.xcf=01;35:*.xwd=01;35:*.yuv=01;35:*.cgm=01;35:*.emf=01;35:*.ogv=01;35:*.ogx=01;35:*.aac=00;36:*.au=00;36:*.flac=00;36:*.m4a=00;36:*.mid=00;36:*.midi=00;36:*.mka=00;36:*.mp3=00;36:*.mpc=00;36:*.ogg=00;36:*.ra=00;36:*.wav=00;36:*.oga=00;36:*.opus=00;36:*.spx=00;36:*.xspf=00;36:'), ('AMENT_PREFIX_PATH', '/home/rospi/aug_2024/install/aug_2024:/home/rospi/aug_2024/install/BMC_2024:/home/rospi/aug_2024/install/sllidar_ros2:/home/rospi/aug_2024/install/my_robot_nav2:/opt/ros/humble'), ('SHELL', '/bin/bash'), ('LESSCLOSE', '/usr/bin/lesspipe %s %s'), ('PWD', '/home/rospi/aug_2024/build/pigpio'), ('LC_ALL', 'en_US.UTF-8'), ('SSH_CONNECTION', '10.150.42.143 64037 10.6.102.87 22'), ('XDG_DATA_DIRS', '/usr/local/share:/usr/share:/var/lib/snapd/desktop'), ('PYTHONPATH', '/opt/ros/humble/lib/python3.10/site-packages:/opt/ros/humble/local/lib/python3.10/dist-packages'), ('COLCON', '1'), ('CMAKE_PREFIX_PATH', '/home/rospi/aug_2024/install/aug_2024:/home/rospi/aug_2024/install/BMC_2024:/home/rospi/aug_2024/install/sllidar_ros2:/home/rospi/aug_2024/install/pigpio:/home/rospi/aug_2024/install/my_robot_nav2')]), 'shell': False}
[4.403285] (my_robot_nav2) StdoutLine: {'line': b"-- Added test 'lint_cmake' to check CMake code style\n"}
[4.403857] (sllidar_ros2) StdoutLine: {'line': b'-- Found rosidl_adapter: 3.1.6 (/opt/ros/humble/share/rosidl_adapter/cmake)\n'}
[4.407043] (my_robot_nav2) StdoutLine: {'line': b"-- Added test 'pep257' to check Python code against some of the docstring style conventions in PEP 257\n"}
[4.460351] (-) TimerEvent: {}
[4.486729] (my_robot_nav2) StdoutLine: {'line': b"-- Added test 'xmllint' to check XML markup files\n"}
[4.496366] (my_robot_nav2) StdoutLine: {'line': b'-- Configuring done\n'}
[4.504378] (sllidar_ros2) StdoutLine: {'line': b'-- Found rosidl_generator_cpp: 3.1.6 (/opt/ros/humble/share/rosidl_generator_cpp/cmake)\n'}
[4.521816] (my_robot_nav2) StdoutLine: {'line': b'-- Generating done\n'}
[4.532421] (my_robot_nav2) StdoutLine: {'line': b'-- Build files have been written to: /home/rospi/aug_2024/build/my_robot_nav2\n'}
[4.569794] (my_robot_nav2) CommandEnded: {'returncode': 0}
[4.571602] (-) TimerEvent: {}
[4.573462] (my_robot_nav2) JobProgress: {'identifier': 'my_robot_nav2', 'progress': 'build'}
[4.573924] (my_robot_nav2) Command: {'cmd': ['/usr/bin/cmake', '--build', '/home/rospi/aug_2024/build/my_robot_nav2', '--', '-j4', '-l4'], 'cwd': '/home/rospi/aug_2024/build/my_robot_nav2', 'env': OrderedDict([('LESSOPEN', '| /usr/bin/lesspipe %s'), ('USER', 'rospi'), ('SSH_CLIENT', '10.150.42.143 64037 22'), ('XDG_SESSION_TYPE', 'tty'), ('SHLVL', '1'), ('LD_LIBRARY_PATH', '/home/rospi/aug_2024/install/BMC_2024/lib:/home/rospi/aug_2024/install/pigpio/lib:/opt/ros/humble/opt/rviz_ogre_vendor/lib:/opt/ros/humble/lib/aarch64-linux-gnu:/opt/ros/humble/lib'), ('MOTD_SHOWN', 'pam'), ('HOME', '/home/rospi'), ('OLDPWD', '/home/rospi'), ('SSH_TTY', '/dev/pts/1'), ('ROS_PYTHON_VERSION', '3'), ('DBUS_SESSION_BUS_ADDRESS', 'unix:path=/run/user/1000/bus'), ('COLCON_PREFIX_PATH', '/home/rospi/aug_2024/install'), ('ROS_DISTRO', 'humble'), ('LOGNAME', 'rospi'), ('_', '/usr/bin/colcon'), ('ROS_VERSION', '2'), ('XDG_SESSION_CLASS', 'user'), ('TERM', 'xterm-256color'), ('XDG_SESSION_ID', '3'), ('ROS_LOCALHOST_ONLY', '0'), ('PATH', '/home/rospi/aug_2024/install/pigpio/bin:/opt/ros/humble/bin:/usr/local/sbin:/usr/local/bin:/usr/sbin:/usr/bin:/sbin:/bin:/usr/games:/usr/local/games:/snap/bin'), ('XDG_RUNTIME_DIR', '/run/user/1000'), ('LANG', 'en_US.UTF-8'), ('LS_COLORS', 'rs=0:di=01;34:ln=01;36:mh=00:pi=40;33:so=01;35:do=01;35:bd=40;33;01:cd=40;33;01:or=40;31;01:mi=00:su=37;41:sg=30;43:ca=30;41:tw=30;42:ow=34;42:st=37;44:ex=01;32:*.tar=01;31:*.tgz=01;31:*.arc=01;31:*.arj=01;31:*.taz=01;31:*.lha=01;31:*.lz4=01;31:*.lzh=01;31:*.lzma=01;31:*.tlz=01;31:*.txz=01;31:*.tzo=01;31:*.t7z=01;31:*.zip=01;31:*.z=01;31:*.dz=01;31:*.gz=01;31:*.lrz=01;31:*.lz=01;31:*.lzo=01;31:*.xz=01;31:*.zst=01;31:*.tzst=01;31:*.bz2=01;31:*.bz=01;31:*.tbz=01;31:*.tbz2=01;31:*.tz=01;31:*.deb=01;31:*.rpm=01;31:*.jar=01;31:*.war=01;31:*.ear=01;31:*.sar=01;31:*.rar=01;31:*.alz=01;31:*.ace=01;31:*.zoo=01;31:*.cpio=01;31:*.7z=01;31:*.rz=01;31:*.cab=01;31:*.wim=01;31:*.swm=01;31:*.dwm=01;31:*.esd=01;31:*.jpg=01;35:*.jpeg=01;35:*.mjpg=01;35:*.mjpeg=01;35:*.gif=01;35:*.bmp=01;35:*.pbm=01;35:*.pgm=01;35:*.ppm=01;35:*.tga=01;35:*.xbm=01;35:*.xpm=01;35:*.tif=01;35:*.tiff=01;35:*.png=01;35:*.svg=01;35:*.svgz=01;35:*.mng=01;35:*.pcx=01;35:*.mov=01;35:*.mpg=01;35:*.mpeg=01;35:*.m2v=01;35:*.mkv=01;35:*.webm=01;35:*.webp=01;35:*.ogm=01;35:*.mp4=01;35:*.m4v=01;35:*.mp4v=01;35:*.vob=01;35:*.qt=01;35:*.nuv=01;35:*.wmv=01;35:*.asf=01;35:*.rm=01;35:*.rmvb=01;35:*.flc=01;35:*.avi=01;35:*.fli=01;35:*.flv=01;35:*.gl=01;35:*.dl=01;35:*.xcf=01;35:*.xwd=01;35:*.yuv=01;35:*.cgm=01;35:*.emf=01;35:*.ogv=01;35:*.ogx=01;35:*.aac=00;36:*.au=00;36:*.flac=00;36:*.m4a=00;36:*.mid=00;36:*.midi=00;36:*.mka=00;36:*.mp3=00;36:*.mpc=00;36:*.ogg=00;36:*.ra=00;36:*.wav=00;36:*.oga=00;36:*.opus=00;36:*.spx=00;36:*.xspf=00;36:'), ('AMENT_PREFIX_PATH', '/home/rospi/aug_2024/install/aug_2024:/home/rospi/aug_2024/install/BMC_2024:/home/rospi/aug_2024/install/sllidar_ros2:/home/rospi/aug_2024/install/my_robot_nav2:/opt/ros/humble'), ('SHELL', '/bin/bash'), ('LESSCLOSE', '/usr/bin/lesspipe %s %s'), ('PWD', '/home/rospi/aug_2024/build/my_robot_nav2'), ('LC_ALL', 'en_US.UTF-8'), ('SSH_CONNECTION', '10.150.42.143 64037 10.6.102.87 22'), ('XDG_DATA_DIRS', '/usr/local/share:/usr/share:/var/lib/snapd/desktop'), ('PYTHONPATH', '/opt/ros/humble/lib/python3.10/site-packages:/opt/ros/humble/local/lib/python3.10/dist-packages'), ('COLCON', '1'), ('CMAKE_PREFIX_PATH', '/home/rospi/aug_2024/install/aug_2024:/home/rospi/aug_2024/install/BMC_2024:/home/rospi/aug_2024/install/sllidar_ros2:/home/rospi/aug_2024/install/pigpio:/home/rospi/aug_2024/install/my_robot_nav2:/opt/ros/humble')]), 'shell': False}
[4.673195] (-) TimerEvent: {}
[4.710150] (pigpio) StdoutLine: {'line': b'[  4%] \x1b[32mBuilding C object CMakeFiles/pigpiod_if.dir/pigpiod_if.c.o\x1b[0m\n'}
[4.735273] (pigpio) StdoutLine: {'line': b'[  8%] \x1b[32mBuilding C object CMakeFiles/pigpio.dir/pigpio.c.o\x1b[0m\n'}
[4.740878] (sllidar_ros2) StdoutLine: {'line': b'-- Using all available rosidl_typesupport_c: rosidl_typesupport_fastrtps_c;rosidl_typesupport_introspection_c\n'}
[4.766289] (pigpio) StdoutLine: {'line': b'[ 13%] \x1b[32mBuilding C object CMakeFiles/pigs.dir/pigs.c.o\x1b[0m\n'}
[4.773443] (-) TimerEvent: {}
[4.820970] (pigpio) StdoutLine: {'line': b'[ 17%] \x1b[32mBuilding C object CMakeFiles/pigpiod_if2.dir/pigpiod_if2.c.o\x1b[0m\n'}
[4.873704] (-) TimerEvent: {}
[4.984930] (my_robot_nav2) CommandEnded: {'returncode': 0}
[4.988901] (-) TimerEvent: {}
[4.990350] (my_robot_nav2) JobProgress: {'identifier': 'my_robot_nav2', 'progress': 'install'}
[5.069638] (sllidar_ros2) StdoutLine: {'line': b'-- Using all available rosidl_typesupport_cpp: rosidl_typesupport_fastrtps_cpp;rosidl_typesupport_introspection_cpp\n'}
[5.072749] (my_robot_nav2) Command: {'cmd': ['/usr/bin/cmake', '--install', '/home/rospi/aug_2024/build/my_robot_nav2'], 'cwd': '/home/rospi/aug_2024/build/my_robot_nav2', 'env': OrderedDict([('LESSOPEN', '| /usr/bin/lesspipe %s'), ('USER', 'rospi'), ('SSH_CLIENT', '10.150.42.143 64037 22'), ('XDG_SESSION_TYPE', 'tty'), ('SHLVL', '1'), ('LD_LIBRARY_PATH', '/home/rospi/aug_2024/install/BMC_2024/lib:/home/rospi/aug_2024/install/pigpio/lib:/opt/ros/humble/opt/rviz_ogre_vendor/lib:/opt/ros/humble/lib/aarch64-linux-gnu:/opt/ros/humble/lib'), ('MOTD_SHOWN', 'pam'), ('HOME', '/home/rospi'), ('OLDPWD', '/home/rospi'), ('SSH_TTY', '/dev/pts/1'), ('ROS_PYTHON_VERSION', '3'), ('DBUS_SESSION_BUS_ADDRESS', 'unix:path=/run/user/1000/bus'), ('COLCON_PREFIX_PATH', '/home/rospi/aug_2024/install'), ('ROS_DISTRO', 'humble'), ('LOGNAME', 'rospi'), ('_', '/usr/bin/colcon'), ('ROS_VERSION', '2'), ('XDG_SESSION_CLASS', 'user'), ('TERM', 'xterm-256color'), ('XDG_SESSION_ID', '3'), ('ROS_LOCALHOST_ONLY', '0'), ('PATH', '/home/rospi/aug_2024/install/pigpio/bin:/opt/ros/humble/bin:/usr/local/sbin:/usr/local/bin:/usr/sbin:/usr/bin:/sbin:/bin:/usr/games:/usr/local/games:/snap/bin'), ('XDG_RUNTIME_DIR', '/run/user/1000'), ('LANG', 'en_US.UTF-8'), ('LS_COLORS', 'rs=0:di=01;34:ln=01;36:mh=00:pi=40;33:so=01;35:do=01;35:bd=40;33;01:cd=40;33;01:or=40;31;01:mi=00:su=37;41:sg=30;43:ca=30;41:tw=30;42:ow=34;42:st=37;44:ex=01;32:*.tar=01;31:*.tgz=01;31:*.arc=01;31:*.arj=01;31:*.taz=01;31:*.lha=01;31:*.lz4=01;31:*.lzh=01;31:*.lzma=01;31:*.tlz=01;31:*.txz=01;31:*.tzo=01;31:*.t7z=01;31:*.zip=01;31:*.z=01;31:*.dz=01;31:*.gz=01;31:*.lrz=01;31:*.lz=01;31:*.lzo=01;31:*.xz=01;31:*.zst=01;31:*.tzst=01;31:*.bz2=01;31:*.bz=01;31:*.tbz=01;31:*.tbz2=01;31:*.tz=01;31:*.deb=01;31:*.rpm=01;31:*.jar=01;31:*.war=01;31:*.ear=01;31:*.sar=01;31:*.rar=01;31:*.alz=01;31:*.ace=01;31:*.zoo=01;31:*.cpio=01;31:*.7z=01;31:*.rz=01;31:*.cab=01;31:*.wim=01;31:*.swm=01;31:*.dwm=01;31:*.esd=01;31:*.jpg=01;35:*.jpeg=01;35:*.mjpg=01;35:*.mjpeg=01;35:*.gif=01;35:*.bmp=01;35:*.pbm=01;35:*.pgm=01;35:*.ppm=01;35:*.tga=01;35:*.xbm=01;35:*.xpm=01;35:*.tif=01;35:*.tiff=01;35:*.png=01;35:*.svg=01;35:*.svgz=01;35:*.mng=01;35:*.pcx=01;35:*.mov=01;35:*.mpg=01;35:*.mpeg=01;35:*.m2v=01;35:*.mkv=01;35:*.webm=01;35:*.webp=01;35:*.ogm=01;35:*.mp4=01;35:*.m4v=01;35:*.mp4v=01;35:*.vob=01;35:*.qt=01;35:*.nuv=01;35:*.wmv=01;35:*.asf=01;35:*.rm=01;35:*.rmvb=01;35:*.flc=01;35:*.avi=01;35:*.fli=01;35:*.flv=01;35:*.gl=01;35:*.dl=01;35:*.xcf=01;35:*.xwd=01;35:*.yuv=01;35:*.cgm=01;35:*.emf=01;35:*.ogv=01;35:*.ogx=01;35:*.aac=00;36:*.au=00;36:*.flac=00;36:*.m4a=00;36:*.mid=00;36:*.midi=00;36:*.mka=00;36:*.mp3=00;36:*.mpc=00;36:*.ogg=00;36:*.ra=00;36:*.wav=00;36:*.oga=00;36:*.opus=00;36:*.spx=00;36:*.xspf=00;36:'), ('AMENT_PREFIX_PATH', '/home/rospi/aug_2024/install/aug_2024:/home/rospi/aug_2024/install/BMC_2024:/home/rospi/aug_2024/install/sllidar_ros2:/home/rospi/aug_2024/install/my_robot_nav2:/opt/ros/humble'), ('SHELL', '/bin/bash'), ('LESSCLOSE', '/usr/bin/lesspipe %s %s'), ('PWD', '/home/rospi/aug_2024/build/my_robot_nav2'), ('LC_ALL', 'en_US.UTF-8'), ('SSH_CONNECTION', '10.150.42.143 64037 10.6.102.87 22'), ('XDG_DATA_DIRS', '/usr/local/share:/usr/share:/var/lib/snapd/desktop'), ('PYTHONPATH', '/opt/ros/humble/lib/python3.10/site-packages:/opt/ros/humble/local/lib/python3.10/dist-packages'), ('COLCON', '1'), ('CMAKE_PREFIX_PATH', '/home/rospi/aug_2024/install/aug_2024:/home/rospi/aug_2024/install/BMC_2024:/home/rospi/aug_2024/install/sllidar_ros2:/home/rospi/aug_2024/install/pigpio:/home/rospi/aug_2024/install/my_robot_nav2:/opt/ros/humble')]), 'shell': False}
[5.098873] (-) TimerEvent: {}
[5.151746] (my_robot_nav2) StdoutLine: {'line': b'-- Install configuration: ""\n'}
[5.163399] (my_robot_nav2) StdoutLine: {'line': b'-- Installing: /home/rospi/aug_2024/install/my_robot_nav2/share/my_robot_nav2//config\n'}
[5.164576] (my_robot_nav2) StdoutLine: {'line': b'-- Installing: /home/rospi/aug_2024/install/my_robot_nav2/share/my_robot_nav2//config/slam_toolbox_params.yaml\n'}
[5.166088] (my_robot_nav2) StdoutLine: {'line': b'-- Installing: /home/rospi/aug_2024/install/my_robot_nav2/share/my_robot_nav2//config/nav2_params.yaml\n'}
[5.167429] (my_robot_nav2) StdoutLine: {'line': b'-- Installing: /home/rospi/aug_2024/install/my_robot_nav2/share/my_robot_nav2//include\n'}
[5.168201] (my_robot_nav2) StdoutLine: {'line': b'-- Installing: /home/rospi/aug_2024/install/my_robot_nav2/share/my_robot_nav2//launch\n'}
[5.169076] (my_robot_nav2) StdoutLine: {'line': b'-- Installing: /home/rospi/aug_2024/install/my_robot_nav2/share/my_robot_nav2//launch/slam_toolbox.launch.py\n'}
[5.170192] (my_robot_nav2) StdoutLine: {'line': b'-- Installing: /home/rospi/aug_2024/install/my_robot_nav2/share/my_robot_nav2//maps\n'}
[5.171146] (my_robot_nav2) StdoutLine: {'line': b'-- Installing: /home/rospi/aug_2024/install/my_robot_nav2/share/my_robot_nav2//maps/simple_map.yaml\n'}
[5.184990] (my_robot_nav2) StdoutLine: {'line': b'-- Installing: /home/rospi/aug_2024/install/my_robot_nav2/share/my_robot_nav2//maps/simple_map.pgm\n'}
[5.187523] (my_robot_nav2) StdoutLine: {'line': b'-- Installing: /home/rospi/aug_2024/install/my_robot_nav2/share/ament_index/resource_index/package_run_dependencies/my_robot_nav2\n'}
[5.189793] (my_robot_nav2) StdoutLine: {'line': b'-- Installing: /home/rospi/aug_2024/install/my_robot_nav2/share/ament_index/resource_index/parent_prefix_path/my_robot_nav2\n'}
[5.191904] (my_robot_nav2) StdoutLine: {'line': b'-- Installing: /home/rospi/aug_2024/install/my_robot_nav2/share/my_robot_nav2/environment/ament_prefix_path.sh\n'}
[5.193558] (my_robot_nav2) StdoutLine: {'line': b'-- Installing: /home/rospi/aug_2024/install/my_robot_nav2/share/my_robot_nav2/environment/ament_prefix_path.dsv\n'}
[5.195395] (my_robot_nav2) StdoutLine: {'line': b'-- Installing: /home/rospi/aug_2024/install/my_robot_nav2/share/my_robot_nav2/environment/path.sh\n'}
[5.199132] (-) TimerEvent: {}
[5.208348] (my_robot_nav2) StdoutLine: {'line': b'-- Installing: /home/rospi/aug_2024/install/my_robot_nav2/share/my_robot_nav2/environment/path.dsv\n'}
[5.209818] (my_robot_nav2) StdoutLine: {'line': b'-- Installing: /home/rospi/aug_2024/install/my_robot_nav2/share/my_robot_nav2/local_setup.bash\n'}
[5.211359] (my_robot_nav2) StdoutLine: {'line': b'-- Installing: /home/rospi/aug_2024/install/my_robot_nav2/share/my_robot_nav2/local_setup.sh\n'}
[5.212898] (my_robot_nav2) StdoutLine: {'line': b'-- Installing: /home/rospi/aug_2024/install/my_robot_nav2/share/my_robot_nav2/local_setup.zsh\n'}
[5.214300] (my_robot_nav2) StdoutLine: {'line': b'-- Installing: /home/rospi/aug_2024/install/my_robot_nav2/share/my_robot_nav2/local_setup.dsv\n'}
[5.215952] (my_robot_nav2) StdoutLine: {'line': b'-- Installing: /home/rospi/aug_2024/install/my_robot_nav2/share/my_robot_nav2/package.dsv\n'}
[5.217853] (my_robot_nav2) StdoutLine: {'line': b'-- Installing: /home/rospi/aug_2024/install/my_robot_nav2/share/ament_index/resource_index/packages/my_robot_nav2\n'}
[5.228025] (my_robot_nav2) StdoutLine: {'line': b'-- Installing: /home/rospi/aug_2024/install/my_robot_nav2/share/my_robot_nav2/cmake/my_robot_nav2Config.cmake\n'}
[5.229463] (my_robot_nav2) StdoutLine: {'line': b'-- Installing: /home/rospi/aug_2024/install/my_robot_nav2/share/my_robot_nav2/cmake/my_robot_nav2Config-version.cmake\n'}
[5.231126] (my_robot_nav2) StdoutLine: {'line': b'-- Installing: /home/rospi/aug_2024/install/my_robot_nav2/share/my_robot_nav2/package.xml\n'}
[5.254733] (my_robot_nav2) CommandEnded: {'returncode': 0}
[5.282917] (pigpio) StdoutLine: {'line': b'[ 21%] \x1b[32mBuilding C object CMakeFiles/pigs.dir/command.c.o\x1b[0m\n'}
[5.299340] (-) TimerEvent: {}
[5.401988] (-) TimerEvent: {}
[5.477017] (my_robot_nav2) JobEnded: {'identifier': 'my_robot_nav2', 'rc': 0}
[5.502267] (-) TimerEvent: {}
[5.589385] (pigpio) StdoutLine: {'line': b'[ 26%] \x1b[32mBuilding C object CMakeFiles/pigpiod_if.dir/command.c.o\x1b[0m\n'}
[5.602553] (-) TimerEvent: {}
[5.703669] (-) TimerEvent: {}
[5.706651] (sllidar_ros2) StdoutLine: {'line': b'-- Found rmw_implementation_cmake: 6.1.2 (/opt/ros/humble/share/rmw_implementation_cmake/cmake)\n'}
[5.782735] (sllidar_ros2) StdoutLine: {'line': b'-- Found rmw_fastrtps_cpp: 6.2.7 (/opt/ros/humble/share/rmw_fastrtps_cpp/cmake)\n'}
[5.805015] (-) TimerEvent: {}
[5.843930] (pigpio) StdoutLine: {'line': b'[ 30%] \x1b[32mBuilding C object CMakeFiles/pigpiod_if2.dir/command.c.o\x1b[0m\n'}
[5.905293] (-) TimerEvent: {}
[6.006372] (-) TimerEvent: {}
[6.056105] (pigpio) StdoutLine: {'line': b'[ 34%] \x1b[32m\x1b[1mLinking C executable pigs\x1b[0m\n'}
[6.107295] (-) TimerEvent: {}
[6.138211] (pigpio) StdoutLine: {'line': b'[ 39%] \x1b[32m\x1b[1mLinking C shared library libpigpiod_if.so\x1b[0m\n'}
[6.207691] (-) TimerEvent: {}
[6.308891] (-) TimerEvent: {}
[6.348850] (pigpio) StdoutLine: {'line': b'[ 43%] \x1b[32m\x1b[1mLinking C shared library libpigpiod_if2.so\x1b[0m\n'}
[6.372061] (pigpio) StdoutLine: {'line': b'[ 43%] Built target pigs\n'}
[6.409137] (-) TimerEvent: {}
[6.429151] (pigpio) StdoutLine: {'line': b'[ 43%] Built target pigpiod_if\n'}
[6.509514] (-) TimerEvent: {}
[6.537759] (pigpio) StdoutLine: {'line': b'[ 47%] \x1b[32mBuilding C object CMakeFiles/pig2vcd.dir/pig2vcd.c.o\x1b[0m\n'}
[6.563817] (pigpio) StdoutLine: {'line': b'[ 52%] \x1b[32mBuilding C object CMakeFiles/x_pigpiod_if.dir/x_pigpiod_if.c.o\x1b[0m\n'}
[6.601956] (pigpio) StdoutLine: {'line': b'[ 52%] Built target pigpiod_if2\n'}
[6.609766] (-) TimerEvent: {}
[6.711874] (-) TimerEvent: {}
[6.779706] (pigpio) StdoutLine: {'line': b'[ 56%] \x1b[32mBuilding C object CMakeFiles/x_pigpiod_if2.dir/x_pigpiod_if2.c.o\x1b[0m\n'}
[6.817369] (-) TimerEvent: {}
[6.841960] (sllidar_ros2) StdoutLine: {'line': b'-- Found OpenSSL: /usr/lib/aarch64-linux-gnu/libcrypto.so (found version "3.0.2")  \n'}
[6.917630] (-) TimerEvent: {}
[6.951880] (pigpio) StdoutLine: {'line': b'[ 60%] \x1b[32mBuilding C object CMakeFiles/pig2vcd.dir/command.c.o\x1b[0m\n'}
[7.030622] (-) TimerEvent: {}
[7.138651] (-) TimerEvent: {}
[7.214442] (pigpio) StdoutLine: {'line': b'[ 65%] \x1b[32m\x1b[1mLinking C executable x_pigpiod_if\x1b[0m\n'}
[7.238865] (-) TimerEvent: {}
[7.340650] (-) TimerEvent: {}
[7.406528] (sllidar_ros2) StdoutLine: {'line': b'-- Found FastRTPS: /opt/ros/humble/include  \n'}
[7.440942] (-) TimerEvent: {}
[7.442814] (pigpio) StdoutLine: {'line': b'[ 65%] Built target x_pigpiod_if\n'}
[7.517135] (pigpio) StdoutLine: {'line': b'[ 69%] \x1b[32mBuilding C object CMakeFiles/pigpio.dir/command.c.o\x1b[0m\n'}
[7.541181] (-) TimerEvent: {}
[7.643084] (-) TimerEvent: {}
[7.680938] (pigpio) StdoutLine: {'line': b'[ 73%] \x1b[32m\x1b[1mLinking C executable x_pigpiod_if2\x1b[0m\n'}
[7.737452] (pigpio) StdoutLine: {'line': b'[ 78%] \x1b[32m\x1b[1mLinking C executable pig2vcd\x1b[0m\n'}
[7.743345] (-) TimerEvent: {}
[7.844425] (-) TimerEvent: {}
[7.945469] (-) TimerEvent: {}
[7.953690] (pigpio) StdoutLine: {'line': b'[ 78%] Built target x_pigpiod_if2\n'}
[7.993381] (sllidar_ros2) StdoutLine: {'line': b"-- Using RMW implementation 'rmw_fastrtps_cpp' as default\n"}
[8.028499] (pigpio) StdoutLine: {'line': b'[ 78%] Built target pig2vcd\n'}
[8.045683] (-) TimerEvent: {}
[8.110541] (sllidar_ros2) StdoutLine: {'line': b'-- Looking for pthread.h\n'}
[8.145891] (-) TimerEvent: {}
[8.247380] (-) TimerEvent: {}
[8.348301] (-) TimerEvent: {}
[8.449233] (-) TimerEvent: {}
[8.477144] (sllidar_ros2) StdoutLine: {'line': b'-- Looking for pthread.h - found\n'}
[8.479410] (sllidar_ros2) StdoutLine: {'line': b'-- Performing Test CMAKE_HAVE_LIBC_PTHREAD\n'}
[8.549502] (-) TimerEvent: {}
[8.651091] (-) TimerEvent: {}
[8.752777] (-) TimerEvent: {}
[8.853792] (-) TimerEvent: {}
[8.897046] (sllidar_ros2) StdoutLine: {'line': b'-- Performing Test CMAKE_HAVE_LIBC_PTHREAD - Success\n'}
[8.902022] (sllidar_ros2) StdoutLine: {'line': b'-- Found Threads: TRUE  \n'}
[8.954003] (-) TimerEvent: {}
[9.055268] (-) TimerEvent: {}
[9.156529] (-) TimerEvent: {}
[9.257332] (-) TimerEvent: {}
[9.292934] (sllidar_ros2) StdoutLine: {'line': b'-- Found sensor_msgs: 4.8.0 (/opt/ros/humble/share/sensor_msgs/cmake)\n'}
[9.357560] (-) TimerEvent: {}
[9.458467] (-) TimerEvent: {}
[9.488475] (sllidar_ros2) StdoutLine: {'line': b'-- Found std_srvs: 4.8.0 (/opt/ros/humble/share/std_srvs/cmake)\n'}
[9.558697] (-) TimerEvent: {}
[9.660119] (-) TimerEvent: {}
[9.761390] (-) TimerEvent: {}
[9.862694] (-) TimerEvent: {}
[9.875913] (sllidar_ros2) StdoutLine: {'line': b'-- Configuring done\n'}
[9.962872] (-) TimerEvent: {}
[9.970969] (sllidar_ros2) StdoutLine: {'line': b'-- Generating done\n'}
[9.998236] (sllidar_ros2) StdoutLine: {'line': b'-- Build files have been written to: /home/rospi/aug_2024/build/sllidar_ros2\n'}
[10.043250] (sllidar_ros2) CommandEnded: {'returncode': 0}
[10.045709] (sllidar_ros2) JobProgress: {'identifier': 'sllidar_ros2', 'progress': 'build'}
[10.047044] (sllidar_ros2) Command: {'cmd': ['/usr/bin/cmake', '--build', '/home/rospi/aug_2024/build/sllidar_ros2', '--', '-j4', '-l4'], 'cwd': '/home/rospi/aug_2024/build/sllidar_ros2', 'env': OrderedDict([('LESSOPEN', '| /usr/bin/lesspipe %s'), ('USER', 'rospi'), ('SSH_CLIENT', '10.150.42.143 64037 22'), ('XDG_SESSION_TYPE', 'tty'), ('SHLVL', '1'), ('LD_LIBRARY_PATH', '/home/rospi/aug_2024/install/BMC_2024/lib:/home/rospi/aug_2024/install/pigpio/lib:/opt/ros/humble/opt/rviz_ogre_vendor/lib:/opt/ros/humble/lib/aarch64-linux-gnu:/opt/ros/humble/lib'), ('MOTD_SHOWN', 'pam'), ('HOME', '/home/rospi'), ('OLDPWD', '/home/rospi'), ('SSH_TTY', '/dev/pts/1'), ('ROS_PYTHON_VERSION', '3'), ('DBUS_SESSION_BUS_ADDRESS', 'unix:path=/run/user/1000/bus'), ('COLCON_PREFIX_PATH', '/home/rospi/aug_2024/install'), ('ROS_DISTRO', 'humble'), ('LOGNAME', 'rospi'), ('_', '/usr/bin/colcon'), ('ROS_VERSION', '2'), ('XDG_SESSION_CLASS', 'user'), ('TERM', 'xterm-256color'), ('XDG_SESSION_ID', '3'), ('ROS_LOCALHOST_ONLY', '0'), ('PATH', '/home/rospi/aug_2024/install/pigpio/bin:/opt/ros/humble/bin:/usr/local/sbin:/usr/local/bin:/usr/sbin:/usr/bin:/sbin:/bin:/usr/games:/usr/local/games:/snap/bin'), ('XDG_RUNTIME_DIR', '/run/user/1000'), ('LANG', 'en_US.UTF-8'), ('LS_COLORS', 'rs=0:di=01;34:ln=01;36:mh=00:pi=40;33:so=01;35:do=01;35:bd=40;33;01:cd=40;33;01:or=40;31;01:mi=00:su=37;41:sg=30;43:ca=30;41:tw=30;42:ow=34;42:st=37;44:ex=01;32:*.tar=01;31:*.tgz=01;31:*.arc=01;31:*.arj=01;31:*.taz=01;31:*.lha=01;31:*.lz4=01;31:*.lzh=01;31:*.lzma=01;31:*.tlz=01;31:*.txz=01;31:*.tzo=01;31:*.t7z=01;31:*.zip=01;31:*.z=01;31:*.dz=01;31:*.gz=01;31:*.lrz=01;31:*.lz=01;31:*.lzo=01;31:*.xz=01;31:*.zst=01;31:*.tzst=01;31:*.bz2=01;31:*.bz=01;31:*.tbz=01;31:*.tbz2=01;31:*.tz=01;31:*.deb=01;31:*.rpm=01;31:*.jar=01;31:*.war=01;31:*.ear=01;31:*.sar=01;31:*.rar=01;31:*.alz=01;31:*.ace=01;31:*.zoo=01;31:*.cpio=01;31:*.7z=01;31:*.rz=01;31:*.cab=01;31:*.wim=01;31:*.swm=01;31:*.dwm=01;31:*.esd=01;31:*.jpg=01;35:*.jpeg=01;35:*.mjpg=01;35:*.mjpeg=01;35:*.gif=01;35:*.bmp=01;35:*.pbm=01;35:*.pgm=01;35:*.ppm=01;35:*.tga=01;35:*.xbm=01;35:*.xpm=01;35:*.tif=01;35:*.tiff=01;35:*.png=01;35:*.svg=01;35:*.svgz=01;35:*.mng=01;35:*.pcx=01;35:*.mov=01;35:*.mpg=01;35:*.mpeg=01;35:*.m2v=01;35:*.mkv=01;35:*.webm=01;35:*.webp=01;35:*.ogm=01;35:*.mp4=01;35:*.m4v=01;35:*.mp4v=01;35:*.vob=01;35:*.qt=01;35:*.nuv=01;35:*.wmv=01;35:*.asf=01;35:*.rm=01;35:*.rmvb=01;35:*.flc=01;35:*.avi=01;35:*.fli=01;35:*.flv=01;35:*.gl=01;35:*.dl=01;35:*.xcf=01;35:*.xwd=01;35:*.yuv=01;35:*.cgm=01;35:*.emf=01;35:*.ogv=01;35:*.ogx=01;35:*.aac=00;36:*.au=00;36:*.flac=00;36:*.m4a=00;36:*.mid=00;36:*.midi=00;36:*.mka=00;36:*.mp3=00;36:*.mpc=00;36:*.ogg=00;36:*.ra=00;36:*.wav=00;36:*.oga=00;36:*.opus=00;36:*.spx=00;36:*.xspf=00;36:'), ('AMENT_PREFIX_PATH', '/home/rospi/aug_2024/install/aug_2024:/home/rospi/aug_2024/install/BMC_2024:/home/rospi/aug_2024/install/sllidar_ros2:/home/rospi/aug_2024/install/my_robot_nav2:/opt/ros/humble'), ('SHELL', '/bin/bash'), ('LESSCLOSE', '/usr/bin/lesspipe %s %s'), ('PWD', '/home/rospi/aug_2024/build/sllidar_ros2'), ('LC_ALL', 'en_US.UTF-8'), ('SSH_CONNECTION', '10.150.42.143 64037 10.6.102.87 22'), ('XDG_DATA_DIRS', '/usr/local/share:/usr/share:/var/lib/snapd/desktop'), ('PYTHONPATH', '/opt/ros/humble/lib/python3.10/site-packages:/opt/ros/humble/local/lib/python3.10/dist-packages'), ('COLCON', '1'), ('CMAKE_PREFIX_PATH', '/home/rospi/aug_2024/install/aug_2024:/home/rospi/aug_2024/install/BMC_2024:/home/rospi/aug_2024/install/sllidar_ros2:/home/rospi/aug_2024/install/pigpio:/home/rospi/aug_2024/install/my_robot_nav2:/opt/ros/humble')]), 'shell': False}
[10.063112] (-) TimerEvent: {}
[10.092435] (pigpio) StdoutLine: {'line': b'[ 82%] \x1b[32m\x1b[1mLinking C shared library libpigpio.so\x1b[0m\n'}
[10.163301] (-) TimerEvent: {}
[10.264790] (-) TimerEvent: {}
[10.291110] (sllidar_ros2) StdoutLine: {'line': b'[  5%] \x1b[32mBuilding CXX object CMakeFiles/sllidar_client.dir/src/sllidar_client.cpp.o\x1b[0m\n'}
[10.295551] (sllidar_ros2) StdoutLine: {'line': b'[ 10%] \x1b[32mBuilding CXX object CMakeFiles/sllidar_node.dir/sdk/src/arch/linux/net_serial.cpp.o\x1b[0m\n'}
[10.299066] (sllidar_ros2) StdoutLine: {'line': b'[ 15%] \x1b[32mBuilding CXX object CMakeFiles/sllidar_node.dir/sdk/src/arch/linux/net_socket.cpp.o\x1b[0m\n'}
[10.316020] (pigpio) StdoutLine: {'line': b'[ 82%] Built target pigpio\n'}
[10.319623] (sllidar_ros2) StdoutLine: {'line': b'[ 20%] \x1b[32mBuilding CXX object CMakeFiles/sllidar_node.dir/src/sllidar_node.cpp.o\x1b[0m\n'}
[10.365035] (-) TimerEvent: {}
[10.466409] (-) TimerEvent: {}
[10.565033] (pigpio) StdoutLine: {'line': b'[ 86%] \x1b[32mBuilding C object CMakeFiles/x_pigpio.dir/x_pigpio.c.o\x1b[0m\n'}
[10.567130] (-) TimerEvent: {}
[10.579591] (pigpio) StdoutLine: {'line': b'[ 91%] \x1b[32mBuilding C object CMakeFiles/pigpiod.dir/pigpiod.c.o\x1b[0m\n'}
[10.667335] (-) TimerEvent: {}
[10.768221] (-) TimerEvent: {}
[10.869063] (-) TimerEvent: {}
[10.969959] (-) TimerEvent: {}
[11.072491] (-) TimerEvent: {}
[11.173877] (-) TimerEvent: {}
[11.275191] (-) TimerEvent: {}
[11.350476] (pigpio) StdoutLine: {'line': b'[ 95%] \x1b[32m\x1b[1mLinking C executable pigpiod\x1b[0m\n'}
[11.375378] (-) TimerEvent: {}
[11.415492] (pigpio) StdoutLine: {'line': b'[100%] \x1b[32m\x1b[1mLinking C executable x_pigpio\x1b[0m\n'}
[11.475566] (-) TimerEvent: {}
[11.576905] (-) TimerEvent: {}
[11.680482] (-) TimerEvent: {}
[11.727279] (pigpio) StdoutLine: {'line': b'[100%] Built target pigpiod\n'}
[11.769041] (pigpio) StdoutLine: {'line': b'[100%] Built target x_pigpio\n'}
[11.780677] (-) TimerEvent: {}
[11.881832] (-) TimerEvent: {}
[11.894714] (pigpio) CommandEnded: {'returncode': 0}
[11.895880] (pigpio) JobProgress: {'identifier': 'pigpio', 'progress': 'install'}
[11.915192] (pigpio) Command: {'cmd': ['/usr/bin/cmake', '--install', '/home/rospi/aug_2024/build/pigpio'], 'cwd': '/home/rospi/aug_2024/build/pigpio', 'env': OrderedDict([('LESSOPEN', '| /usr/bin/lesspipe %s'), ('USER', 'rospi'), ('SSH_CLIENT', '10.150.42.143 64037 22'), ('XDG_SESSION_TYPE', 'tty'), ('SHLVL', '1'), ('LD_LIBRARY_PATH', '/home/rospi/aug_2024/install/BMC_2024/lib:/home/rospi/aug_2024/install/pigpio/lib:/opt/ros/humble/opt/rviz_ogre_vendor/lib:/opt/ros/humble/lib/aarch64-linux-gnu:/opt/ros/humble/lib'), ('MOTD_SHOWN', 'pam'), ('HOME', '/home/rospi'), ('OLDPWD', '/home/rospi'), ('SSH_TTY', '/dev/pts/1'), ('ROS_PYTHON_VERSION', '3'), ('DBUS_SESSION_BUS_ADDRESS', 'unix:path=/run/user/1000/bus'), ('COLCON_PREFIX_PATH', '/home/rospi/aug_2024/install'), ('ROS_DISTRO', 'humble'), ('LOGNAME', 'rospi'), ('_', '/usr/bin/colcon'), ('ROS_VERSION', '2'), ('XDG_SESSION_CLASS', 'user'), ('TERM', 'xterm-256color'), ('XDG_SESSION_ID', '3'), ('ROS_LOCALHOST_ONLY', '0'), ('PATH', '/home/rospi/aug_2024/install/pigpio/bin:/opt/ros/humble/bin:/usr/local/sbin:/usr/local/bin:/usr/sbin:/usr/bin:/sbin:/bin:/usr/games:/usr/local/games:/snap/bin'), ('XDG_RUNTIME_DIR', '/run/user/1000'), ('LANG', 'en_US.UTF-8'), ('LS_COLORS', 'rs=0:di=01;34:ln=01;36:mh=00:pi=40;33:so=01;35:do=01;35:bd=40;33;01:cd=40;33;01:or=40;31;01:mi=00:su=37;41:sg=30;43:ca=30;41:tw=30;42:ow=34;42:st=37;44:ex=01;32:*.tar=01;31:*.tgz=01;31:*.arc=01;31:*.arj=01;31:*.taz=01;31:*.lha=01;31:*.lz4=01;31:*.lzh=01;31:*.lzma=01;31:*.tlz=01;31:*.txz=01;31:*.tzo=01;31:*.t7z=01;31:*.zip=01;31:*.z=01;31:*.dz=01;31:*.gz=01;31:*.lrz=01;31:*.lz=01;31:*.lzo=01;31:*.xz=01;31:*.zst=01;31:*.tzst=01;31:*.bz2=01;31:*.bz=01;31:*.tbz=01;31:*.tbz2=01;31:*.tz=01;31:*.deb=01;31:*.rpm=01;31:*.jar=01;31:*.war=01;31:*.ear=01;31:*.sar=01;31:*.rar=01;31:*.alz=01;31:*.ace=01;31:*.zoo=01;31:*.cpio=01;31:*.7z=01;31:*.rz=01;31:*.cab=01;31:*.wim=01;31:*.swm=01;31:*.dwm=01;31:*.esd=01;31:*.jpg=01;35:*.jpeg=01;35:*.mjpg=01;35:*.mjpeg=01;35:*.gif=01;35:*.bmp=01;35:*.pbm=01;35:*.pgm=01;35:*.ppm=01;35:*.tga=01;35:*.xbm=01;35:*.xpm=01;35:*.tif=01;35:*.tiff=01;35:*.png=01;35:*.svg=01;35:*.svgz=01;35:*.mng=01;35:*.pcx=01;35:*.mov=01;35:*.mpg=01;35:*.mpeg=01;35:*.m2v=01;35:*.mkv=01;35:*.webm=01;35:*.webp=01;35:*.ogm=01;35:*.mp4=01;35:*.m4v=01;35:*.mp4v=01;35:*.vob=01;35:*.qt=01;35:*.nuv=01;35:*.wmv=01;35:*.asf=01;35:*.rm=01;35:*.rmvb=01;35:*.flc=01;35:*.avi=01;35:*.fli=01;35:*.flv=01;35:*.gl=01;35:*.dl=01;35:*.xcf=01;35:*.xwd=01;35:*.yuv=01;35:*.cgm=01;35:*.emf=01;35:*.ogv=01;35:*.ogx=01;35:*.aac=00;36:*.au=00;36:*.flac=00;36:*.m4a=00;36:*.mid=00;36:*.midi=00;36:*.mka=00;36:*.mp3=00;36:*.mpc=00;36:*.ogg=00;36:*.ra=00;36:*.wav=00;36:*.oga=00;36:*.opus=00;36:*.spx=00;36:*.xspf=00;36:'), ('AMENT_PREFIX_PATH', '/home/rospi/aug_2024/install/aug_2024:/home/rospi/aug_2024/install/BMC_2024:/home/rospi/aug_2024/install/sllidar_ros2:/home/rospi/aug_2024/install/my_robot_nav2:/opt/ros/humble'), ('SHELL', '/bin/bash'), ('LESSCLOSE', '/usr/bin/lesspipe %s %s'), ('PWD', '/home/rospi/aug_2024/build/pigpio'), ('LC_ALL', 'en_US.UTF-8'), ('SSH_CONNECTION', '10.150.42.143 64037 10.6.102.87 22'), ('XDG_DATA_DIRS', '/usr/local/share:/usr/share:/var/lib/snapd/desktop'), ('PYTHONPATH', '/opt/ros/humble/lib/python3.10/site-packages:/opt/ros/humble/local/lib/python3.10/dist-packages'), ('COLCON', '1'), ('CMAKE_PREFIX_PATH', '/home/rospi/aug_2024/install/aug_2024:/home/rospi/aug_2024/install/BMC_2024:/home/rospi/aug_2024/install/sllidar_ros2:/home/rospi/aug_2024/install/pigpio:/home/rospi/aug_2024/install/my_robot_nav2')]), 'shell': False}
[11.980653] (pigpio) StdoutLine: {'line': b'-- Install configuration: ""\n'}
[11.981916] (-) TimerEvent: {}
[11.987928] (pigpio) StdoutLine: {'line': b'-- Installing: /home/rospi/aug_2024/install/pigpio/lib/libpigpio.so\n'}
[11.993754] (pigpio) StdoutLine: {'line': b'-- Installing: /home/rospi/aug_2024/install/pigpio/lib/libpigpiod_if.so\n'}
[12.005115] (pigpio) StdoutLine: {'line': b'-- Installing: /home/rospi/aug_2024/install/pigpio/lib/libpigpiod_if2.so\n'}
[12.008891] (pigpio) StdoutLine: {'line': b'-- Installing: /home/rospi/aug_2024/install/pigpio/bin/pig2vcd\n'}
[12.012774] (pigpio) StdoutLine: {'line': b'-- Installing: /home/rospi/aug_2024/install/pigpio/bin/pigpiod\n'}
[12.021779] (pigpio) StdoutLine: {'line': b'-- Set runtime path of "/home/rospi/aug_2024/install/pigpio/bin/pigpiod" to ""\n'}
[12.023448] (pigpio) StdoutLine: {'line': b'-- Installing: /home/rospi/aug_2024/install/pigpio/bin/pigs\n'}
[12.034919] (pigpio) StdoutLine: {'line': b'-- Installing: /home/rospi/aug_2024/install/pigpio/lib/cmake/pigpio/pigpioTargets.cmake\n'}
[12.037550] (pigpio) StdoutLine: {'line': b'-- Installing: /home/rospi/aug_2024/install/pigpio/lib/cmake/pigpio/pigpioTargets-noconfig.cmake\n'}
[12.040069] (pigpio) StdoutLine: {'line': b'-- Installing: /home/rospi/aug_2024/install/pigpio/lib/cmake/pigpio/pigpioConfig.cmake\n'}
[12.042304] (pigpio) StdoutLine: {'line': b'-- Installing: /home/rospi/aug_2024/install/pigpio/lib/cmake/pigpio/pigpioConfigVersion.cmake\n'}
[12.045170] (pigpio) StdoutLine: {'line': b'-- Installing: /home/rospi/aug_2024/install/pigpio/include/pigpio.h\n'}
[12.053397] (pigpio) StdoutLine: {'line': b'-- Installing: /home/rospi/aug_2024/install/pigpio/include/pigpiod_if.h\n'}
[12.056327] (pigpio) StdoutLine: {'line': b'-- Installing: /home/rospi/aug_2024/install/pigpio/include/pigpiod_if2.h\n'}
[12.069639] (pigpio) StdoutLine: {'line': b'-- Installing: /home/rospi/aug_2024/install/pigpio/man/man1/pig2vcd.1\n'}
[12.071881] (pigpio) StdoutLine: {'line': b'-- Installing: /home/rospi/aug_2024/install/pigpio/man/man1/pigpiod.1\n'}
[12.074135] (pigpio) StdoutLine: {'line': b'-- Installing: /home/rospi/aug_2024/install/pigpio/man/man1/pigs.1\n'}
[12.077807] (pigpio) StdoutLine: {'line': b'-- Installing: /home/rospi/aug_2024/install/pigpio/man/man3/pigpio.3\n'}
[12.081419] (pigpio) StdoutLine: {'line': b'-- Installing: /home/rospi/aug_2024/install/pigpio/man/man3/pigpiod_if.3\n'}
[12.082121] (-) TimerEvent: {}
[12.088907] (pigpio) StdoutLine: {'line': b'-- Installing: /home/rospi/aug_2024/install/pigpio/man/man3/pigpiod_if2.3\n'}
[12.182355] (-) TimerEvent: {}
[12.284036] (-) TimerEvent: {}
[12.293174] (pigpio) StderrLine: {'line': b'/home/rospi/aug_2024/build/pigpio/setup.py:3: DeprecationWarning: The distutils package is deprecated and slated for removal in Python 3.12. Use setuptools or check PEP 632 for potential alternatives\n'}
[12.294592] (pigpio) StderrLine: {'line': b'  from distutils.core import setup\n'}
[12.390789] (-) TimerEvent: {}
[12.473370] (pigpio) StdoutLine: {'line': b'running install\n'}
[12.478888] (pigpio) StdoutLine: {'line': b'running build\n'}
[12.479894] (pigpio) StdoutLine: {'line': b'running build_py\n'}
[12.484460] (pigpio) StdoutLine: {'line': b'creating build\n'}
[12.485385] (pigpio) StdoutLine: {'line': b'creating build/lib\n'}
[12.486360] (pigpio) StdoutLine: {'line': b'copying /home/rospi/aug_2024/pigpio-master/pigpio.py -> build/lib\n'}
[12.488866] (pigpio) StdoutLine: {'line': b'running install_lib\n'}
[12.490934] (-) TimerEvent: {}
[12.493455] (pigpio) StdoutLine: {'line': b'copying build/lib/pigpio.py -> /usr/local/lib/python3.10/dist-packages\n'}
[12.494849] (pigpio) StderrLine: {'line': b"error: could not create '/usr/local/lib/python3.10/dist-packages/pigpio.py': Permission denied\n"}
[12.562732] (pigpio) CommandEnded: {'returncode': 0}
[12.591723] (-) TimerEvent: {}
[12.693330] (-) TimerEvent: {}
[12.709785] (pigpio) JobEnded: {'identifier': 'pigpio', 'rc': 0}
[12.793588] (-) TimerEvent: {}
[12.894522] (-) TimerEvent: {}
[12.996021] (-) TimerEvent: {}
[13.096945] (-) TimerEvent: {}
[13.198019] (-) TimerEvent: {}
[13.299185] (-) TimerEvent: {}
[13.400197] (-) TimerEvent: {}
[13.501449] (-) TimerEvent: {}
[13.602624] (-) TimerEvent: {}
[13.703864] (-) TimerEvent: {}
[13.793524] (sllidar_ros2) StderrLine: {'line': b'In file included from \x1b[01m\x1b[K/home/rospi/aug_2024/src/sllidar_ros2/./sdk/include/rplidar_protocol.h:36\x1b[m\x1b[K,\n'}
[13.795205] (sllidar_ros2) StderrLine: {'line': b'                 from \x1b[01m\x1b[K/home/rospi/aug_2024/src/sllidar_ros2/./sdk/include/rplidar.h:39\x1b[m\x1b[K,\n'}
[13.796489] (sllidar_ros2) StderrLine: {'line': b'                 from \x1b[01m\x1b[K/home/rospi/aug_2024/src/sllidar_ros2/./sdk/src/sdkcommon.h:49\x1b[m\x1b[K,\n'}
[13.797624] (sllidar_ros2) StderrLine: {'line': b'                 from \x1b[01m\x1b[K/home/rospi/aug_2024/src/sllidar_ros2/sdk/src/arch/linux/net_socket.cpp:10\x1b[m\x1b[K:\n'}
[13.799022] (sllidar_ros2) StderrLine: {'line': b'\x1b[01m\x1b[K/home/rospi/aug_2024/src/sllidar_ros2/./sdk/include/sl_lidar_protocol.h:66:16:\x1b[m\x1b[K \x1b[01;35m\x1b[Kwarning: \x1b[m\x1b[KISO C++ forbids zero-size array \xe2\x80\x98\x1b[01m\x1b[Kdata\x1b[m\x1b[K\xe2\x80\x99 [\x1b[01;35m\x1b[K\x1b]8;;https://gcc.gnu.org/onlinedocs/gcc/Warning-Options.html#index-Wpedantic\x07-Wpedantic\x1b]8;;\x07\x1b[m\x1b[K]\n'}
[13.800258] (sllidar_ros2) StderrLine: {'line': b'   66 |     sl_u8 data[\x1b[01;35m\x1b[K0\x1b[m\x1b[K];\n'}
[13.801405] (sllidar_ros2) StderrLine: {'line': b'      |                \x1b[01;35m\x1b[K^\x1b[m\x1b[K\n'}
[13.804105] (-) TimerEvent: {}
[13.806153] (sllidar_ros2) StderrLine: {'line': b'In file included from \x1b[01m\x1b[K/home/rospi/aug_2024/src/sllidar_ros2/./sdk/include/rplidar_cmd.h:36\x1b[m\x1b[K,\n'}
[13.807763] (sllidar_ros2) StderrLine: {'line': b'                 from \x1b[01m\x1b[K/home/rospi/aug_2024/src/sllidar_ros2/./sdk/include/rplidar.h:40\x1b[m\x1b[K,\n'}
[13.809026] (sllidar_ros2) StderrLine: {'line': b'                 from \x1b[01m\x1b[K/home/rospi/aug_2024/src/sllidar_ros2/./sdk/src/sdkcommon.h:49\x1b[m\x1b[K,\n'}
[13.810566] (sllidar_ros2) StderrLine: {'line': b'                 from \x1b[01m\x1b[K/home/rospi/aug_2024/src/sllidar_ros2/sdk/src/arch/linux/net_socket.cpp:10\x1b[m\x1b[K:\n'}
[13.811887] (sllidar_ros2) StderrLine: {'line': b'\x1b[01m\x1b[K/home/rospi/aug_2024/src/sllidar_ros2/./sdk/include/sl_lidar_cmd.h:324:20:\x1b[m\x1b[K \x1b[01;35m\x1b[Kwarning: \x1b[m\x1b[KISO C++ forbids zero-size array \xe2\x80\x98\x1b[01m\x1b[Kpayload\x1b[m\x1b[K\xe2\x80\x99 [\x1b[01;35m\x1b[K\x1b]8;;https://gcc.gnu.org/onlinedocs/gcc/Warning-Options.html#index-Wpedantic\x07-Wpedantic\x1b]8;;\x07\x1b[m\x1b[K]\n'}
[13.822719] (sllidar_ros2) StderrLine: {'line': b'  324 |     sl_u8  payload[\x1b[01;35m\x1b[K0\x1b[m\x1b[K];\n'}
[13.823976] (sllidar_ros2) StderrLine: {'line': b'      |                    \x1b[01;35m\x1b[K^\x1b[m\x1b[K\n'}
[13.904377] (-) TimerEvent: {}
[14.005555] (-) TimerEvent: {}
[14.106727] (-) TimerEvent: {}
[14.208063] (-) TimerEvent: {}
[14.212379] (sllidar_ros2) StderrLine: {'line': b'In file included from \x1b[01m\x1b[K/home/rospi/aug_2024/src/sllidar_ros2/./sdk/src/arch/linux/arch_linux.h:42\x1b[m\x1b[K,\n'}
[14.213683] (sllidar_ros2) StderrLine: {'line': b'                 from \x1b[01m\x1b[K/home/rospi/aug_2024/src/sllidar_ros2/./sdk/src/sdkcommon.h:41\x1b[m\x1b[K,\n'}
[14.215117] (sllidar_ros2) StderrLine: {'line': b'                 from \x1b[01m\x1b[K/home/rospi/aug_2024/src/sllidar_ros2/sdk/src/arch/linux/net_socket.cpp:10\x1b[m\x1b[K:\n'}
[14.216731] (sllidar_ros2) StderrLine: {'line': b'\x1b[01m\x1b[K/home/rospi/aug_2024/src/sllidar_ros2/sdk/src/arch/linux/net_socket.cpp:\x1b[m\x1b[K In member function \xe2\x80\x98\x1b[01m\x1b[Kvirtual u_result rp::arch::net::DGramSocketImpl::sendTo(const rp::net::SocketAddress*, const void*, size_t)\x1b[m\x1b[K\xe2\x80\x99:\n'}
[14.218581] (sllidar_ros2) StderrLine: {'line': b'\x1b[01m\x1b[K/home/rospi/aug_2024/src/sllidar_ros2/sdk/src/arch/linux/net_socket.cpp:733:24:\x1b[m\x1b[K \x1b[01;35m\x1b[Kwarning: \x1b[m\x1b[Kcomparison of integer expressions of different signedness: \xe2\x80\x98\x1b[01m\x1b[Kint\x1b[m\x1b[K\xe2\x80\x99 and \xe2\x80\x98\x1b[01m\x1b[Ksize_t\x1b[m\x1b[K\xe2\x80\x99 {aka \xe2\x80\x98\x1b[01m\x1b[Klong unsigned int\x1b[m\x1b[K\xe2\x80\x99} [\x1b[01;35m\x1b[K\x1b]8;;https://gcc.gnu.org/onlinedocs/gcc/Warning-Options.html#index-Wsign-compare\x07-Wsign-compare\x1b]8;;\x07\x1b[m\x1b[K]\n'}
[14.220448] (sllidar_ros2) StderrLine: {'line': b'  733 |             assert(\x1b[01;35m\x1b[Kans == len\x1b[m\x1b[K);\n'}
[14.222376] (sllidar_ros2) StderrLine: {'line': b'      |                    \x1b[01;35m\x1b[K~~~~^~~~~~\x1b[m\x1b[K\n'}
[14.308319] (-) TimerEvent: {}
[14.409646] (-) TimerEvent: {}
[14.510827] (-) TimerEvent: {}
[14.611856] (-) TimerEvent: {}
[14.713112] (-) TimerEvent: {}
[14.814359] (-) TimerEvent: {}
[14.915527] (-) TimerEvent: {}
[14.951671] (sllidar_ros2) StderrLine: {'line': b'\x1b[01m\x1b[K/home/rospi/aug_2024/src/sllidar_ros2/sdk/src/arch/linux/net_serial.cpp:\x1b[m\x1b[K In member function \xe2\x80\x98\x1b[01m\x1b[Kbool rp::arch::net::raw_serial::open(const char*, uint32_t, uint32_t)\x1b[m\x1b[K\xe2\x80\x99:\n'}
[14.952676] (sllidar_ros2) StderrLine: {'line': b'\x1b[01m\x1b[K/home/rospi/aug_2024/src/sllidar_ros2/sdk/src/arch/linux/net_serial.cpp:97:74:\x1b[m\x1b[K \x1b[01;35m\x1b[Kwarning: \x1b[m\x1b[Kunused parameter \xe2\x80\x98\x1b[01m\x1b[Kflags\x1b[m\x1b[K\xe2\x80\x99 [\x1b[01;35m\x1b[K\x1b]8;;https://gcc.gnu.org/onlinedocs/gcc/Warning-Options.html#index-Wunused-parameter\x07-Wunused-parameter\x1b]8;;\x07\x1b[m\x1b[K]\n'}
[14.953569] (sllidar_ros2) StderrLine: {'line': b'   97 | bool raw_serial::open(const char * portname, uint32_t baudrate, \x1b[01;35m\x1b[Kuint32_t flags\x1b[m\x1b[K)\n'}
[14.954358] (sllidar_ros2) StderrLine: {'line': b'      |                                                                 \x1b[01;35m\x1b[K~~~~~~~~~^~~~~\x1b[m\x1b[K\n'}
[14.955818] (sllidar_ros2) StderrLine: {'line': b'\x1b[01m\x1b[K/home/rospi/aug_2024/src/sllidar_ros2/sdk/src/arch/linux/net_serial.cpp:\x1b[m\x1b[K In member function \xe2\x80\x98\x1b[01m\x1b[Kvirtual void rp::arch::net::raw_serial::flush(_u32)\x1b[m\x1b[K\xe2\x80\x99:\n'}
[14.957408] (sllidar_ros2) StderrLine: {'line': b'\x1b[01m\x1b[K/home/rospi/aug_2024/src/sllidar_ros2/sdk/src/arch/linux/net_serial.cpp:281:30:\x1b[m\x1b[K \x1b[01;35m\x1b[Kwarning: \x1b[m\x1b[Kunused parameter \xe2\x80\x98\x1b[01m\x1b[Kflags\x1b[m\x1b[K\xe2\x80\x99 [\x1b[01;35m\x1b[K\x1b]8;;https://gcc.gnu.org/onlinedocs/gcc/Warning-Options.html#index-Wunused-parameter\x07-Wunused-parameter\x1b]8;;\x07\x1b[m\x1b[K]\n'}
[14.958695] (sllidar_ros2) StderrLine: {'line': b'  281 | void raw_serial::flush( \x1b[01;35m\x1b[K_u32 flags\x1b[m\x1b[K)\n'}
[14.959702] (sllidar_ros2) StderrLine: {'line': b'      |                         \x1b[01;35m\x1b[K~~~~~^~~~~\x1b[m\x1b[K\n'}
[14.960395] (sllidar_ros2) StderrLine: {'line': b'\x1b[01m\x1b[K/home/rospi/aug_2024/src/sllidar_ros2/sdk/src/arch/linux/net_serial.cpp:\x1b[m\x1b[K In member function \xe2\x80\x98\x1b[01m\x1b[Kvirtual int rp::arch::net::raw_serial::waitforsent(_u32, size_t*)\x1b[m\x1b[K\xe2\x80\x99:\n'}
[14.961206] (sllidar_ros2) StderrLine: {'line': b'\x1b[01m\x1b[K/home/rospi/aug_2024/src/sllidar_ros2/sdk/src/arch/linux/net_serial.cpp:286:34:\x1b[m\x1b[K \x1b[01;35m\x1b[Kwarning: \x1b[m\x1b[Kunused parameter \xe2\x80\x98\x1b[01m\x1b[Ktimeout\x1b[m\x1b[K\xe2\x80\x99 [\x1b[01;35m\x1b[K\x1b]8;;https://gcc.gnu.org/onlinedocs/gcc/Warning-Options.html#index-Wunused-parameter\x07-Wunused-parameter\x1b]8;;\x07\x1b[m\x1b[K]\n'}
[14.961964] (sllidar_ros2) StderrLine: {'line': b'  286 | int raw_serial::waitforsent(\x1b[01;35m\x1b[K_u32 timeout\x1b[m\x1b[K, size_t * returned_size)\n'}
[14.963472] (sllidar_ros2) StderrLine: {'line': b'      |                             \x1b[01;35m\x1b[K~~~~~^~~~~~~\x1b[m\x1b[K\n'}
[14.964527] (sllidar_ros2) StderrLine: {'line': b'\x1b[01m\x1b[K/home/rospi/aug_2024/src/sllidar_ros2/sdk/src/arch/linux/net_serial.cpp:\x1b[m\x1b[K In member function \xe2\x80\x98\x1b[01m\x1b[Kvirtual int rp::arch::net::raw_serial::waitforrecv(_u32, size_t*)\x1b[m\x1b[K\xe2\x80\x99:\n'}
[14.965407] (sllidar_ros2) StderrLine: {'line': b'\x1b[01m\x1b[K/home/rospi/aug_2024/src/sllidar_ros2/sdk/src/arch/linux/net_serial.cpp:292:34:\x1b[m\x1b[K \x1b[01;35m\x1b[Kwarning: \x1b[m\x1b[Kunused parameter \xe2\x80\x98\x1b[01m\x1b[Ktimeout\x1b[m\x1b[K\xe2\x80\x99 [\x1b[01;35m\x1b[K\x1b]8;;https://gcc.gnu.org/onlinedocs/gcc/Warning-Options.html#index-Wunused-parameter\x07-Wunused-parameter\x1b]8;;\x07\x1b[m\x1b[K]\n'}
[14.966090] (sllidar_ros2) StderrLine: {'line': b'  292 | int raw_serial::waitforrecv(\x1b[01;35m\x1b[K_u32 timeout\x1b[m\x1b[K, size_t * returned_size)\n'}
[14.967037] (sllidar_ros2) StderrLine: {'line': b'      |                             \x1b[01;35m\x1b[K~~~~~^~~~~~~\x1b[m\x1b[K\n'}
[14.977178] (sllidar_ros2) StderrLine: {'line': b'\x1b[01m\x1b[K/home/rospi/aug_2024/src/sllidar_ros2/sdk/src/arch/linux/net_serial.cpp:\x1b[m\x1b[K In member function \xe2\x80\x98\x1b[01m\x1b[Kvirtual void rp::arch::net::raw_serial::cancelOperation()\x1b[m\x1b[K\xe2\x80\x99:\n'}
[14.978178] (sllidar_ros2) StderrLine: {'line': b'\x1b[01m\x1b[K/home/rospi/aug_2024/src/sllidar_ros2/sdk/src/arch/linux/net_serial.cpp:427:5:\x1b[m\x1b[K \x1b[01;35m\x1b[Kwarning: \x1b[m\x1b[Kvalue computed is not used [\x1b[01;35m\x1b[K\x1b]8;;https://gcc.gnu.org/onlinedocs/gcc/Warning-Options.html#index-Wunused-value\x07-Wunused-value\x1b]8;;\x07\x1b[m\x1b[K]\n'}
[14.979028] (sllidar_ros2) StderrLine: {'line': b'  427 |     \x1b[01;35m\x1b[K(int)::write(_selfpipe[1], "x", 1)\x1b[m\x1b[K;\n'}
[14.979662] (sllidar_ros2) StderrLine: {'line': b'      |     \x1b[01;35m\x1b[K^~~~~~~~~~~~~~~~~~~~~~~~~~~~~~~~~~\x1b[m\x1b[K\n'}
[15.026918] (-) TimerEvent: {}
[15.127970] (-) TimerEvent: {}
[15.230665] (-) TimerEvent: {}
[15.332808] (-) TimerEvent: {}
[15.441088] (-) TimerEvent: {}
[15.450637] (sllidar_ros2) StdoutLine: {'line': b'[ 25%] \x1b[32mBuilding CXX object CMakeFiles/sllidar_node.dir/sdk/src/arch/linux/timer.cpp.o\x1b[0m\n'}
[15.541365] (-) TimerEvent: {}
[15.642354] (-) TimerEvent: {}
[15.743286] (-) TimerEvent: {}
[15.816552] (sllidar_ros2) StdoutLine: {'line': b'[ 30%] \x1b[32mBuilding CXX object CMakeFiles/sllidar_node.dir/sdk/src/dataunpacker/dataunpacker.cpp.o\x1b[0m\n'}
[15.843525] (-) TimerEvent: {}
[15.944478] (-) TimerEvent: {}
[16.045439] (-) TimerEvent: {}
[16.146326] (-) TimerEvent: {}
[16.247210] (-) TimerEvent: {}
[16.348081] (-) TimerEvent: {}
[16.450647] (-) TimerEvent: {}
[16.551568] (-) TimerEvent: {}
[16.652465] (-) TimerEvent: {}
[16.753556] (-) TimerEvent: {}
[16.854562] (-) TimerEvent: {}
[16.956176] (-) TimerEvent: {}
[17.059821] (-) TimerEvent: {}
[17.161043] (-) TimerEvent: {}
[17.262233] (-) TimerEvent: {}
[17.363341] (-) TimerEvent: {}
[17.464466] (-) TimerEvent: {}
[17.565559] (-) TimerEvent: {}
[17.666775] (-) TimerEvent: {}
[17.768017] (-) TimerEvent: {}
[17.869119] (-) TimerEvent: {}
[17.970160] (-) TimerEvent: {}
[18.071484] (-) TimerEvent: {}
[18.172649] (-) TimerEvent: {}
[18.273762] (-) TimerEvent: {}
[18.374761] (-) TimerEvent: {}
[18.475895] (-) TimerEvent: {}
[18.576954] (-) TimerEvent: {}
[18.678580] (-) TimerEvent: {}
[18.759127] (sllidar_ros2) StdoutLine: {'line': b'[ 35%] \x1b[32mBuilding CXX object CMakeFiles/sllidar_node.dir/sdk/src/dataunpacker/unpacker/handler_capsules.cpp.o\x1b[0m\n'}
[18.778766] (-) TimerEvent: {}
[18.852200] (sllidar_ros2) StderrLine: {'line': b'In file included from \x1b[01m\x1b[K/home/rospi/aug_2024/src/sllidar_ros2/./sdk/include/rplidar_protocol.h:36\x1b[m\x1b[K,\n'}
[18.853303] (sllidar_ros2) StderrLine: {'line': b'                 from \x1b[01m\x1b[K/home/rospi/aug_2024/src/sllidar_ros2/./sdk/include/rplidar.h:39\x1b[m\x1b[K,\n'}
[18.854039] (sllidar_ros2) StderrLine: {'line': b'                 from \x1b[01m\x1b[K/home/rospi/aug_2024/src/sllidar_ros2/./sdk/src/sdkcommon.h:49\x1b[m\x1b[K,\n'}
[18.855021] (sllidar_ros2) StderrLine: {'line': b'                 from \x1b[01m\x1b[K/home/rospi/aug_2024/src/sllidar_ros2/sdk/src/dataunpacker/dataunnpacker_commondef.h:41\x1b[m\x1b[K,\n'}
[18.856332] (sllidar_ros2) StderrLine: {'line': b'                 from \x1b[01m\x1b[K/home/rospi/aug_2024/src/sllidar_ros2/sdk/src/dataunpacker/dataunpacker.cpp:39\x1b[m\x1b[K:\n'}
[18.857125] (sllidar_ros2) StderrLine: {'line': b'\x1b[01m\x1b[K/home/rospi/aug_2024/src/sllidar_ros2/./sdk/include/sl_lidar_protocol.h:66:16:\x1b[m\x1b[K \x1b[01;35m\x1b[Kwarning: \x1b[m\x1b[KISO C++ forbids zero-size array \xe2\x80\x98\x1b[01m\x1b[Kdata\x1b[m\x1b[K\xe2\x80\x99 [\x1b[01;35m\x1b[K\x1b]8;;https://gcc.gnu.org/onlinedocs/gcc/Warning-Options.html#index-Wpedantic\x07-Wpedantic\x1b]8;;\x07\x1b[m\x1b[K]\n'}
[18.857937] (sllidar_ros2) StderrLine: {'line': b'   66 |     sl_u8 data[\x1b[01;35m\x1b[K0\x1b[m\x1b[K];\n'}
[18.859218] (sllidar_ros2) StderrLine: {'line': b'      |                \x1b[01;35m\x1b[K^\x1b[m\x1b[K\n'}
[18.860163] (sllidar_ros2) StderrLine: {'line': b'In file included from \x1b[01m\x1b[K/home/rospi/aug_2024/src/sllidar_ros2/./sdk/include/rplidar_cmd.h:36\x1b[m\x1b[K,\n'}
[18.860917] (sllidar_ros2) StderrLine: {'line': b'                 from \x1b[01m\x1b[K/home/rospi/aug_2024/src/sllidar_ros2/./sdk/include/rplidar.h:40\x1b[m\x1b[K,\n'}
[18.861660] (sllidar_ros2) StderrLine: {'line': b'                 from \x1b[01m\x1b[K/home/rospi/aug_2024/src/sllidar_ros2/./sdk/src/sdkcommon.h:49\x1b[m\x1b[K,\n'}
[18.862455] (sllidar_ros2) StderrLine: {'line': b'                 from \x1b[01m\x1b[K/home/rospi/aug_2024/src/sllidar_ros2/sdk/src/dataunpacker/dataunnpacker_commondef.h:41\x1b[m\x1b[K,\n'}
[18.863292] (sllidar_ros2) StderrLine: {'line': b'                 from \x1b[01m\x1b[K/home/rospi/aug_2024/src/sllidar_ros2/sdk/src/dataunpacker/dataunpacker.cpp:39\x1b[m\x1b[K:\n'}
[18.864134] (sllidar_ros2) StderrLine: {'line': b'\x1b[01m\x1b[K/home/rospi/aug_2024/src/sllidar_ros2/./sdk/include/sl_lidar_cmd.h:324:20:\x1b[m\x1b[K \x1b[01;35m\x1b[Kwarning: \x1b[m\x1b[KISO C++ forbids zero-size array \xe2\x80\x98\x1b[01m\x1b[Kpayload\x1b[m\x1b[K\xe2\x80\x99 [\x1b[01;35m\x1b[K\x1b]8;;https://gcc.gnu.org/onlinedocs/gcc/Warning-Options.html#index-Wpedantic\x07-Wpedantic\x1b]8;;\x07\x1b[m\x1b[K]\n'}
[18.864909] (sllidar_ros2) StderrLine: {'line': b'  324 |     sl_u8  payload[\x1b[01;35m\x1b[K0\x1b[m\x1b[K];\n'}
[18.865811] (sllidar_ros2) StderrLine: {'line': b'      |                    \x1b[01;35m\x1b[K^\x1b[m\x1b[K\n'}
[18.879016] (-) TimerEvent: {}
[18.980055] (-) TimerEvent: {}
[19.080943] (-) TimerEvent: {}
[19.181806] (-) TimerEvent: {}
[19.286617] (-) TimerEvent: {}
[19.387959] (-) TimerEvent: {}
[19.502613] (-) TimerEvent: {}
[19.606653] (-) TimerEvent: {}
[19.708165] (-) TimerEvent: {}
[19.809953] (-) TimerEvent: {}
[19.910853] (-) TimerEvent: {}
[20.011804] (-) TimerEvent: {}
[20.112961] (-) TimerEvent: {}
[20.143128] (sllidar_ros2) StderrLine: {'line': b'In file included from \x1b[01m\x1b[K/home/rospi/aug_2024/src/sllidar_ros2/sdk/src/dataunpacker/dataunpacker.cpp:40\x1b[m\x1b[K:\n'}
[20.144432] (sllidar_ros2) StderrLine: {'line': b'\x1b[01m\x1b[K/home/rospi/aug_2024/src/sllidar_ros2/sdk/src/dataunpacker/dataunpacker.h:\x1b[m\x1b[K In member function \xe2\x80\x98\x1b[01m\x1b[Kvirtual void sl::internal::LIDARSampleDataListener::onCustomSampleDataDecoded(_u8, _u32, const void*, size_t)\x1b[m\x1b[K\xe2\x80\x99:\n'}
[20.145651] (sllidar_ros2) StderrLine: {'line': b'\x1b[01m\x1b[K/home/rospi/aug_2024/src/sllidar_ros2/sdk/src/dataunpacker/dataunpacker.h:54:52:\x1b[m\x1b[K \x1b[01;35m\x1b[Kwarning: \x1b[m\x1b[Kunused parameter \xe2\x80\x98\x1b[01m\x1b[KansType\x1b[m\x1b[K\xe2\x80\x99 [\x1b[01;35m\x1b[K\x1b]8;;https://gcc.gnu.org/onlinedocs/gcc/Warning-Options.html#index-Wunused-parameter\x07-Wunused-parameter\x1b]8;;\x07\x1b[m\x1b[K]\n'}
[20.146919] (sllidar_ros2) StderrLine: {'line': b'   54 |         virtual void onCustomSampleDataDecoded(\x1b[01;35m\x1b[K_u8 ansType\x1b[m\x1b[K, _u32 customCode, const void* data, size_t size) {}\n'}
[20.148181] (sllidar_ros2) StderrLine: {'line': b'      |                                                \x1b[01;35m\x1b[K~~~~^~~~~~~\x1b[m\x1b[K\n'}
[20.149552] (sllidar_ros2) StderrLine: {'line': b'\x1b[01m\x1b[K/home/rospi/aug_2024/src/sllidar_ros2/sdk/src/dataunpacker/dataunpacker.h:54:66:\x1b[m\x1b[K \x1b[01;35m\x1b[Kwarning: \x1b[m\x1b[Kunused parameter \xe2\x80\x98\x1b[01m\x1b[KcustomCode\x1b[m\x1b[K\xe2\x80\x99 [\x1b[01;35m\x1b[K\x1b]8;;https://gcc.gnu.org/onlinedocs/gcc/Warning-Options.html#index-Wunused-parameter\x07-Wunused-parameter\x1b]8;;\x07\x1b[m\x1b[K]\n'}
[20.150792] (sllidar_ros2) StderrLine: {'line': b'   54 |         virtual void onCustomSampleDataDecoded(_u8 ansType, \x1b[01;35m\x1b[K_u32 customCode\x1b[m\x1b[K, const void* data, size_t size) {}\n'}
[20.152030] (sllidar_ros2) StderrLine: {'line': b'      |                                                             \x1b[01;35m\x1b[K~~~~~^~~~~~~~~~\x1b[m\x1b[K\n'}
[20.153308] (sllidar_ros2) StderrLine: {'line': b'\x1b[01m\x1b[K/home/rospi/aug_2024/src/sllidar_ros2/sdk/src/dataunpacker/dataunpacker.h:54:90:\x1b[m\x1b[K \x1b[01;35m\x1b[Kwarning: \x1b[m\x1b[Kunused parameter \xe2\x80\x98\x1b[01m\x1b[Kdata\x1b[m\x1b[K\xe2\x80\x99 [\x1b[01;35m\x1b[K\x1b]8;;https://gcc.gnu.org/onlinedocs/gcc/Warning-Options.html#index-Wunused-parameter\x07-Wunused-parameter\x1b]8;;\x07\x1b[m\x1b[K]\n'}
[20.154484] (sllidar_ros2) StderrLine: {'line': b'   54 |         virtual void onCustomSampleDataDecoded(_u8 ansType, _u32 customCode, \x1b[01;35m\x1b[Kconst void* data\x1b[m\x1b[K, size_t size) {}\n'}
[20.155939] (sllidar_ros2) StderrLine: {'line': b'      |                                                                              \x1b[01;35m\x1b[K~~~~~~~~~~~~^~~~\x1b[m\x1b[K\n'}
[20.157310] (sllidar_ros2) StderrLine: {'line': b'\x1b[01m\x1b[K/home/rospi/aug_2024/src/sllidar_ros2/sdk/src/dataunpacker/dataunpacker.h:54:103:\x1b[m\x1b[K \x1b[01;35m\x1b[Kwarning: \x1b[m\x1b[Kunused parameter \xe2\x80\x98\x1b[01m\x1b[Ksize\x1b[m\x1b[K\xe2\x80\x99 [\x1b[01;35m\x1b[K\x1b]8;;https://gcc.gnu.org/onlinedocs/gcc/Warning-Options.html#index-Wunused-parameter\x07-Wunused-parameter\x1b]8;;\x07\x1b[m\x1b[K]\n'}
[20.160446] (sllidar_ros2) StderrLine: {'line': b'   54 |         virtual void onCustomSampleDataDecoded(_u8 ansType, _u32 customCode, const void* data, \x1b[01;35m\x1b[Ksize_t size\x1b[m\x1b[K) {}\n'}
[20.161261] (sllidar_ros2) StderrLine: {'line': b'      |                                                                                                \x1b[01;35m\x1b[K~~~~~~~^~~~\x1b[m\x1b[K\n'}
[20.161934] (sllidar_ros2) StderrLine: {'line': b'\x1b[01m\x1b[K/home/rospi/aug_2024/src/sllidar_ros2/sdk/src/dataunpacker/dataunpacker.h:\x1b[m\x1b[K In member function \xe2\x80\x98\x1b[01m\x1b[Kvirtual void sl::internal::LIDARSampleDataListener::onDecodingError(int, _u8, const void*, size_t)\x1b[m\x1b[K\xe2\x80\x99:\n'}
[20.162644] (sllidar_ros2) StderrLine: {'line': b'\x1b[01m\x1b[K/home/rospi/aug_2024/src/sllidar_ros2/sdk/src/dataunpacker/dataunpacker.h:56:42:\x1b[m\x1b[K \x1b[01;35m\x1b[Kwarning: \x1b[m\x1b[Kunused parameter \xe2\x80\x98\x1b[01m\x1b[KerrMsg\x1b[m\x1b[K\xe2\x80\x99 [\x1b[01;35m\x1b[K\x1b]8;;https://gcc.gnu.org/onlinedocs/gcc/Warning-Options.html#index-Wunused-parameter\x07-Wunused-parameter\x1b]8;;\x07\x1b[m\x1b[K]\n'}
[20.163339] (sllidar_ros2) StderrLine: {'line': b'   56 |         virtual void onDecodingError(\x1b[01;35m\x1b[Kint errMsg\x1b[m\x1b[K, _u8 ansType, const void* payload, size_t size) {}\n'}
[20.163937] (sllidar_ros2) StderrLine: {'line': b'      |                                      \x1b[01;35m\x1b[K~~~~^~~~~~\x1b[m\x1b[K\n'}
[20.164605] (sllidar_ros2) StderrLine: {'line': b'\x1b[01m\x1b[K/home/rospi/aug_2024/src/sllidar_ros2/sdk/src/dataunpacker/dataunpacker.h:56:54:\x1b[m\x1b[K \x1b[01;35m\x1b[Kwarning: \x1b[m\x1b[Kunused parameter \xe2\x80\x98\x1b[01m\x1b[KansType\x1b[m\x1b[K\xe2\x80\x99 [\x1b[01;35m\x1b[K\x1b]8;;https://gcc.gnu.org/onlinedocs/gcc/Warning-Options.html#index-Wunused-parameter\x07-Wunused-parameter\x1b]8;;\x07\x1b[m\x1b[K]\n'}
[20.182784] (sllidar_ros2) StderrLine: {'line': b'   56 |         virtual void onDecodingError(int errMsg, \x1b[01;35m\x1b[K_u8 ansType\x1b[m\x1b[K, const void* payload, size_t size) {}\n'}
[20.183735] (sllidar_ros2) StderrLine: {'line': b'      |                                                  \x1b[01;35m\x1b[K~~~~^~~~~~~\x1b[m\x1b[K\n'}
[20.184550] (sllidar_ros2) StderrLine: {'line': b'\x1b[01m\x1b[K/home/rospi/aug_2024/src/sllidar_ros2/sdk/src/dataunpacker/dataunpacker.h:56:75:\x1b[m\x1b[K \x1b[01;35m\x1b[Kwarning: \x1b[m\x1b[Kunused parameter \xe2\x80\x98\x1b[01m\x1b[Kpayload\x1b[m\x1b[K\xe2\x80\x99 [\x1b[01;35m\x1b[K\x1b]8;;https://gcc.gnu.org/onlinedocs/gcc/Warning-Options.html#index-Wunused-parameter\x07-Wunused-parameter\x1b]8;;\x07\x1b[m\x1b[K]\n'}
[20.185400] (sllidar_ros2) StderrLine: {'line': b'   56 |         virtual void onDecodingError(int errMsg, _u8 ansType, \x1b[01;35m\x1b[Kconst void* payload\x1b[m\x1b[K, size_t size) {}\n'}
[20.186283] (sllidar_ros2) StderrLine: {'line': b'      |                                                               \x1b[01;35m\x1b[K~~~~~~~~~~~~^~~~~~~\x1b[m\x1b[K\n'}
[20.187144] (sllidar_ros2) StderrLine: {'line': b'\x1b[01m\x1b[K/home/rospi/aug_2024/src/sllidar_ros2/sdk/src/dataunpacker/dataunpacker.h:56:91:\x1b[m\x1b[K \x1b[01;35m\x1b[Kwarning: \x1b[m\x1b[Kunused parameter \xe2\x80\x98\x1b[01m\x1b[Ksize\x1b[m\x1b[K\xe2\x80\x99 [\x1b[01;35m\x1b[K\x1b]8;;https://gcc.gnu.org/onlinedocs/gcc/Warning-Options.html#index-Wunused-parameter\x07-Wunused-parameter\x1b]8;;\x07\x1b[m\x1b[K]\n'}
[20.188008] (sllidar_ros2) StderrLine: {'line': b'   56 |         virtual void onDecodingError(int errMsg, _u8 ansType, const void* payload, \x1b[01;35m\x1b[Ksize_t size\x1b[m\x1b[K) {}\n'}
[20.188873] (sllidar_ros2) StderrLine: {'line': b'      |                                                                                    \x1b[01;35m\x1b[K~~~~~~~^~~~\x1b[m\x1b[K\n'}
[20.213238] (-) TimerEvent: {}
[20.314246] (-) TimerEvent: {}
[20.415278] (-) TimerEvent: {}
[20.516299] (-) TimerEvent: {}
[20.617340] (-) TimerEvent: {}
[20.718972] (-) TimerEvent: {}
[20.826662] (-) TimerEvent: {}
[20.928379] (-) TimerEvent: {}
[21.029377] (-) TimerEvent: {}
[21.130324] (-) TimerEvent: {}
[21.231438] (-) TimerEvent: {}
[21.332612] (-) TimerEvent: {}
[21.433911] (-) TimerEvent: {}
[21.535385] (-) TimerEvent: {}
[21.607651] (sllidar_ros2) StdoutLine: {'line': b'[ 40%] \x1b[32mBuilding CXX object CMakeFiles/sllidar_node.dir/sdk/src/dataunpacker/unpacker/handler_hqnode.cpp.o\x1b[0m\n'}
[21.635670] (-) TimerEvent: {}
[21.736639] (-) TimerEvent: {}
[21.837583] (-) TimerEvent: {}
[21.912162] (sllidar_ros2) StderrLine: {'line': b'In file included from \x1b[01m\x1b[K/home/rospi/aug_2024/src/sllidar_ros2/./sdk/include/rplidar_protocol.h:36\x1b[m\x1b[K,\n'}
[21.913387] (sllidar_ros2) StderrLine: {'line': b'                 from \x1b[01m\x1b[K/home/rospi/aug_2024/src/sllidar_ros2/./sdk/include/rplidar.h:39\x1b[m\x1b[K,\n'}
[21.914041] (sllidar_ros2) StderrLine: {'line': b'                 from \x1b[01m\x1b[K/home/rospi/aug_2024/src/sllidar_ros2/./sdk/src/sdkcommon.h:49\x1b[m\x1b[K,\n'}
[21.914838] (sllidar_ros2) StderrLine: {'line': b'                 from \x1b[01m\x1b[K/home/rospi/aug_2024/src/sllidar_ros2/sdk/src/dataunpacker/unpacker/../dataunnpacker_commondef.h:41\x1b[m\x1b[K,\n'}
[21.915578] (sllidar_ros2) StderrLine: {'line': b'                 from \x1b[01m\x1b[K/home/rospi/aug_2024/src/sllidar_ros2/sdk/src/dataunpacker/unpacker/handler_capsules.cpp:39\x1b[m\x1b[K:\n'}
[21.916350] (sllidar_ros2) StderrLine: {'line': b'\x1b[01m\x1b[K/home/rospi/aug_2024/src/sllidar_ros2/./sdk/include/sl_lidar_protocol.h:66:16:\x1b[m\x1b[K \x1b[01;35m\x1b[Kwarning: \x1b[m\x1b[KISO C++ forbids zero-size array \xe2\x80\x98\x1b[01m\x1b[Kdata\x1b[m\x1b[K\xe2\x80\x99 [\x1b[01;35m\x1b[K\x1b]8;;https://gcc.gnu.org/onlinedocs/gcc/Warning-Options.html#index-Wpedantic\x07-Wpedantic\x1b]8;;\x07\x1b[m\x1b[K]\n'}
[21.916955] (sllidar_ros2) StderrLine: {'line': b'   66 |     sl_u8 data[\x1b[01;35m\x1b[K0\x1b[m\x1b[K];\n'}
[21.917533] (sllidar_ros2) StderrLine: {'line': b'      |                \x1b[01;35m\x1b[K^\x1b[m\x1b[K\n'}
[21.920929] (sllidar_ros2) StderrLine: {'line': b'In file included from \x1b[01m\x1b[K/home/rospi/aug_2024/src/sllidar_ros2/./sdk/include/rplidar_cmd.h:36\x1b[m\x1b[K,\n'}
[21.922155] (sllidar_ros2) StderrLine: {'line': b'                 from \x1b[01m\x1b[K/home/rospi/aug_2024/src/sllidar_ros2/./sdk/include/rplidar.h:40\x1b[m\x1b[K,\n'}
[21.923467] (sllidar_ros2) StderrLine: {'line': b'                 from \x1b[01m\x1b[K/home/rospi/aug_2024/src/sllidar_ros2/./sdk/src/sdkcommon.h:49\x1b[m\x1b[K,\n'}
[21.924533] (sllidar_ros2) StderrLine: {'line': b'                 from \x1b[01m\x1b[K/home/rospi/aug_2024/src/sllidar_ros2/sdk/src/dataunpacker/unpacker/../dataunnpacker_commondef.h:41\x1b[m\x1b[K,\n'}
[21.925659] (sllidar_ros2) StderrLine: {'line': b'                 from \x1b[01m\x1b[K/home/rospi/aug_2024/src/sllidar_ros2/sdk/src/dataunpacker/unpacker/handler_capsules.cpp:39\x1b[m\x1b[K:\n'}
[21.926865] (sllidar_ros2) StderrLine: {'line': b'\x1b[01m\x1b[K/home/rospi/aug_2024/src/sllidar_ros2/./sdk/include/sl_lidar_cmd.h:324:20:\x1b[m\x1b[K \x1b[01;35m\x1b[Kwarning: \x1b[m\x1b[KISO C++ forbids zero-size array \xe2\x80\x98\x1b[01m\x1b[Kpayload\x1b[m\x1b[K\xe2\x80\x99 [\x1b[01;35m\x1b[K\x1b]8;;https://gcc.gnu.org/onlinedocs/gcc/Warning-Options.html#index-Wpedantic\x07-Wpedantic\x1b]8;;\x07\x1b[m\x1b[K]\n'}
[21.928017] (sllidar_ros2) StderrLine: {'line': b'  324 |     sl_u8  payload[\x1b[01;35m\x1b[K0\x1b[m\x1b[K];\n'}
[21.929188] (sllidar_ros2) StderrLine: {'line': b'      |                    \x1b[01;35m\x1b[K^\x1b[m\x1b[K\n'}
[21.937822] (-) TimerEvent: {}
[22.038815] (-) TimerEvent: {}
[22.139802] (-) TimerEvent: {}
[22.240833] (-) TimerEvent: {}
[22.341863] (-) TimerEvent: {}
[22.442851] (-) TimerEvent: {}
[22.543866] (-) TimerEvent: {}
[22.644960] (-) TimerEvent: {}
[22.745940] (-) TimerEvent: {}
[22.846896] (-) TimerEvent: {}
[22.947902] (-) TimerEvent: {}
[23.001544] (sllidar_ros2) StderrLine: {'line': b'In file included from \x1b[01m\x1b[K/home/rospi/aug_2024/src/sllidar_ros2/sdk/src/dataunpacker/unpacker/handler_capsules.cpp:40\x1b[m\x1b[K:\n'}
[23.002917] (sllidar_ros2) StderrLine: {'line': b'\x1b[01m\x1b[K/home/rospi/aug_2024/src/sllidar_ros2/sdk/src/dataunpacker/unpacker/../dataunpacker.h:\x1b[m\x1b[K In member function \xe2\x80\x98\x1b[01m\x1b[Kvirtual void sl::internal::LIDARSampleDataListener::onCustomSampleDataDecoded(_u8, _u32, const void*, size_t)\x1b[m\x1b[K\xe2\x80\x99:\n'}
[23.004186] (sllidar_ros2) StderrLine: {'line': b'\x1b[01m\x1b[K/home/rospi/aug_2024/src/sllidar_ros2/sdk/src/dataunpacker/unpacker/../dataunpacker.h:54:52:\x1b[m\x1b[K \x1b[01;35m\x1b[Kwarning: \x1b[m\x1b[Kunused parameter \xe2\x80\x98\x1b[01m\x1b[KansType\x1b[m\x1b[K\xe2\x80\x99 [\x1b[01;35m\x1b[K\x1b]8;;https://gcc.gnu.org/onlinedocs/gcc/Warning-Options.html#index-Wunused-parameter\x07-Wunused-parameter\x1b]8;;\x07\x1b[m\x1b[K]\n'}
[23.005402] (sllidar_ros2) StderrLine: {'line': b'   54 |         virtual void onCustomSampleDataDecoded(\x1b[01;35m\x1b[K_u8 ansType\x1b[m\x1b[K, _u32 customCode, const void* data, size_t size) {}\n'}
[23.006620] (sllidar_ros2) StderrLine: {'line': b'      |                                                \x1b[01;35m\x1b[K~~~~^~~~~~~\x1b[m\x1b[K\n'}
[23.008047] (sllidar_ros2) StderrLine: {'line': b'\x1b[01m\x1b[K/home/rospi/aug_2024/src/sllidar_ros2/sdk/src/dataunpacker/unpacker/../dataunpacker.h:54:66:\x1b[m\x1b[K \x1b[01;35m\x1b[Kwarning: \x1b[m\x1b[Kunused parameter \xe2\x80\x98\x1b[01m\x1b[KcustomCode\x1b[m\x1b[K\xe2\x80\x99 [\x1b[01;35m\x1b[K\x1b]8;;https://gcc.gnu.org/onlinedocs/gcc/Warning-Options.html#index-Wunused-parameter\x07-Wunused-parameter\x1b]8;;\x07\x1b[m\x1b[K]\n'}
[23.009447] (sllidar_ros2) StderrLine: {'line': b'   54 |         virtual void onCustomSampleDataDecoded(_u8 ansType, \x1b[01;35m\x1b[K_u32 customCode\x1b[m\x1b[K, const void* data, size_t size) {}\n'}
[23.010830] (sllidar_ros2) StderrLine: {'line': b'      |                                                             \x1b[01;35m\x1b[K~~~~~^~~~~~~~~~\x1b[m\x1b[K\n'}
[23.012287] (sllidar_ros2) StderrLine: {'line': b'\x1b[01m\x1b[K/home/rospi/aug_2024/src/sllidar_ros2/sdk/src/dataunpacker/unpacker/../dataunpacker.h:54:90:\x1b[m\x1b[K \x1b[01;35m\x1b[Kwarning: \x1b[m\x1b[Kunused parameter \xe2\x80\x98\x1b[01m\x1b[Kdata\x1b[m\x1b[K\xe2\x80\x99 [\x1b[01;35m\x1b[K\x1b]8;;https://gcc.gnu.org/onlinedocs/gcc/Warning-Options.html#index-Wunused-parameter\x07-Wunused-parameter\x1b]8;;\x07\x1b[m\x1b[K]\n'}
[23.013552] (sllidar_ros2) StderrLine: {'line': b'   54 |         virtual void onCustomSampleDataDecoded(_u8 ansType, _u32 customCode, \x1b[01;35m\x1b[Kconst void* data\x1b[m\x1b[K, size_t size) {}\n'}
[23.014778] (sllidar_ros2) StderrLine: {'line': b'      |                                                                              \x1b[01;35m\x1b[K~~~~~~~~~~~~^~~~\x1b[m\x1b[K\n'}
[23.016163] (sllidar_ros2) StderrLine: {'line': b'\x1b[01m\x1b[K/home/rospi/aug_2024/src/sllidar_ros2/sdk/src/dataunpacker/unpacker/../dataunpacker.h:54:103:\x1b[m\x1b[K \x1b[01;35m\x1b[Kwarning: \x1b[m\x1b[Kunused parameter \xe2\x80\x98\x1b[01m\x1b[Ksize\x1b[m\x1b[K\xe2\x80\x99 [\x1b[01;35m\x1b[K\x1b]8;;https://gcc.gnu.org/onlinedocs/gcc/Warning-Options.html#index-Wunused-parameter\x07-Wunused-parameter\x1b]8;;\x07\x1b[m\x1b[K]\n'}
[23.020080] (sllidar_ros2) StderrLine: {'line': b'   54 |         virtual void onCustomSampleDataDecoded(_u8 ansType, _u32 customCode, const void* data, \x1b[01;35m\x1b[Ksize_t size\x1b[m\x1b[K) {}\n'}
[23.020909] (sllidar_ros2) StderrLine: {'line': b'      |                                                                                                \x1b[01;35m\x1b[K~~~~~~~^~~~\x1b[m\x1b[K\n'}
[23.021660] (sllidar_ros2) StderrLine: {'line': b'\x1b[01m\x1b[K/home/rospi/aug_2024/src/sllidar_ros2/sdk/src/dataunpacker/unpacker/../dataunpacker.h:\x1b[m\x1b[K In member function \xe2\x80\x98\x1b[01m\x1b[Kvirtual void sl::internal::LIDARSampleDataListener::onDecodingError(int, _u8, const void*, size_t)\x1b[m\x1b[K\xe2\x80\x99:\n'}
[23.022540] (sllidar_ros2) StderrLine: {'line': b'\x1b[01m\x1b[K/home/rospi/aug_2024/src/sllidar_ros2/sdk/src/dataunpacker/unpacker/../dataunpacker.h:56:42:\x1b[m\x1b[K \x1b[01;35m\x1b[Kwarning: \x1b[m\x1b[Kunused parameter \xe2\x80\x98\x1b[01m\x1b[KerrMsg\x1b[m\x1b[K\xe2\x80\x99 [\x1b[01;35m\x1b[K\x1b]8;;https://gcc.gnu.org/onlinedocs/gcc/Warning-Options.html#index-Wunused-parameter\x07-Wunused-parameter\x1b]8;;\x07\x1b[m\x1b[K]\n'}
[23.023281] (sllidar_ros2) StderrLine: {'line': b'   56 |         virtual void onDecodingError(\x1b[01;35m\x1b[Kint errMsg\x1b[m\x1b[K, _u8 ansType, const void* payload, size_t size) {}\n'}
[23.024020] (sllidar_ros2) StderrLine: {'line': b'      |                                      \x1b[01;35m\x1b[K~~~~^~~~~~\x1b[m\x1b[K\n'}
[23.024844] (sllidar_ros2) StderrLine: {'line': b'\x1b[01m\x1b[K/home/rospi/aug_2024/src/sllidar_ros2/sdk/src/dataunpacker/unpacker/../dataunpacker.h:56:54:\x1b[m\x1b[K \x1b[01;35m\x1b[Kwarning: \x1b[m\x1b[Kunused parameter \xe2\x80\x98\x1b[01m\x1b[KansType\x1b[m\x1b[K\xe2\x80\x99 [\x1b[01;35m\x1b[K\x1b]8;;https://gcc.gnu.org/onlinedocs/gcc/Warning-Options.html#index-Wunused-parameter\x07-Wunused-parameter\x1b]8;;\x07\x1b[m\x1b[K]\n'}
[23.025623] (sllidar_ros2) StderrLine: {'line': b'   56 |         virtual void onDecodingError(int errMsg, \x1b[01;35m\x1b[K_u8 ansType\x1b[m\x1b[K, const void* payload, size_t size) {}\n'}
[23.026507] (sllidar_ros2) StderrLine: {'line': b'      |                                                  \x1b[01;35m\x1b[K~~~~^~~~~~~\x1b[m\x1b[K\n'}
[23.027234] (sllidar_ros2) StderrLine: {'line': b'\x1b[01m\x1b[K/home/rospi/aug_2024/src/sllidar_ros2/sdk/src/dataunpacker/unpacker/../dataunpacker.h:56:75:\x1b[m\x1b[K \x1b[01;35m\x1b[Kwarning: \x1b[m\x1b[Kunused parameter \xe2\x80\x98\x1b[01m\x1b[Kpayload\x1b[m\x1b[K\xe2\x80\x99 [\x1b[01;35m\x1b[K\x1b]8;;https://gcc.gnu.org/onlinedocs/gcc/Warning-Options.html#index-Wunused-parameter\x07-Wunused-parameter\x1b]8;;\x07\x1b[m\x1b[K]\n'}
[23.028008] (sllidar_ros2) StderrLine: {'line': b'   56 |         virtual void onDecodingError(int errMsg, _u8 ansType, \x1b[01;35m\x1b[Kconst void* payload\x1b[m\x1b[K, size_t size) {}\n'}
[23.042643] (sllidar_ros2) StderrLine: {'line': b'      |                                                               \x1b[01;35m\x1b[K~~~~~~~~~~~~^~~~~~~\x1b[m\x1b[K\n'}
[23.043520] (sllidar_ros2) StderrLine: {'line': b'\x1b[01m\x1b[K/home/rospi/aug_2024/src/sllidar_ros2/sdk/src/dataunpacker/unpacker/../dataunpacker.h:56:91:\x1b[m\x1b[K \x1b[01;35m\x1b[Kwarning: \x1b[m\x1b[Kunused parameter \xe2\x80\x98\x1b[01m\x1b[Ksize\x1b[m\x1b[K\xe2\x80\x99 [\x1b[01;35m\x1b[K\x1b]8;;https://gcc.gnu.org/onlinedocs/gcc/Warning-Options.html#index-Wunused-parameter\x07-Wunused-parameter\x1b]8;;\x07\x1b[m\x1b[K]\n'}
[23.044268] (sllidar_ros2) StderrLine: {'line': b'   56 |         virtual void onDecodingError(int errMsg, _u8 ansType, const void* payload, \x1b[01;35m\x1b[Ksize_t size\x1b[m\x1b[K) {}\n'}
[23.045013] (sllidar_ros2) StderrLine: {'line': b'      |                                                                                    \x1b[01;35m\x1b[K~~~~~~~^~~~\x1b[m\x1b[K\n'}
[23.054732] (-) TimerEvent: {}
[23.111361] (sllidar_ros2) StderrLine: {'line': b'\x1b[01m\x1b[K/home/rospi/aug_2024/src/sllidar_ros2/sdk/src/dataunpacker/unpacker/handler_capsules.cpp:\x1b[m\x1b[K In member function \xe2\x80\x98\x1b[01m\x1b[Kvoid sl::internal::unpacker::UnpackerHandler_DenseCapsuleNode::_onScanNodeDenseCapsuleData(rplidar_response_dense_capsule_measurement_nodes_t&, sl::internal::LIDARSampleDataUnpackerInner*)\x1b[m\x1b[K\xe2\x80\x99:\n'}
[23.112579] (sllidar_ros2) StderrLine: {'line': b'\x1b[01m\x1b[K/home/rospi/aug_2024/src/sllidar_ros2/sdk/src/dataunpacker/unpacker/handler_capsules.cpp:763:30:\x1b[m\x1b[K \x1b[01;35m\x1b[Kwarning: \x1b[m\x1b[Ktype qualifiers ignored on cast result type [\x1b[01;35m\x1b[K\x1b]8;;https://gcc.gnu.org/onlinedocs/gcc/Warning-Options.html#index-Wignored-qualifiers\x07-Wignored-qualifiers\x1b]8;;\x07\x1b[m\x1b[K]\n'}
[23.113582] (sllidar_ros2) StderrLine: {'line': b'  763 |             const int dist = \x1b[01;35m\x1b[Kstatic_cast<const int>(_cached_previous_dense_capsuledata.cabins[pos].distance)\x1b[m\x1b[K;\n'}
[23.114392] (sllidar_ros2) StderrLine: {'line': b'      |                              \x1b[01;35m\x1b[K^~~~~~~~~~~~~~~~~~~~~~~~~~~~~~~~~~~~~~~~~~~~~~~~~~~~~~~~~~~~~~~~~~~~~~~~~~~~~~~\x1b[m\x1b[K\n'}
[23.155172] (-) TimerEvent: {}
[23.256333] (-) TimerEvent: {}
[23.359036] (-) TimerEvent: {}
[23.460735] (-) TimerEvent: {}
[23.562526] (-) TimerEvent: {}
[23.664353] (-) TimerEvent: {}
[23.766344] (-) TimerEvent: {}
[23.867503] (-) TimerEvent: {}
[23.968631] (-) TimerEvent: {}
[24.069791] (-) TimerEvent: {}
[24.170957] (-) TimerEvent: {}
[24.195179] (sllidar_ros2) StdoutLine: {'line': b'[ 45%] \x1b[32mBuilding CXX object CMakeFiles/sllidar_node.dir/sdk/src/dataunpacker/unpacker/handler_normalnode.cpp.o\x1b[0m\n'}
[24.271207] (-) TimerEvent: {}
[24.372212] (-) TimerEvent: {}
[24.473299] (-) TimerEvent: {}
[24.574268] (-) TimerEvent: {}
[24.669337] (sllidar_ros2) StderrLine: {'line': b'In file included from \x1b[01m\x1b[K/home/rospi/aug_2024/src/sllidar_ros2/./sdk/include/rplidar_protocol.h:36\x1b[m\x1b[K,\n'}
[24.670251] (sllidar_ros2) StderrLine: {'line': b'                 from \x1b[01m\x1b[K/home/rospi/aug_2024/src/sllidar_ros2/./sdk/include/rplidar.h:39\x1b[m\x1b[K,\n'}
[24.670926] (sllidar_ros2) StderrLine: {'line': b'                 from \x1b[01m\x1b[K/home/rospi/aug_2024/src/sllidar_ros2/./sdk/src/sdkcommon.h:49\x1b[m\x1b[K,\n'}
[24.671673] (sllidar_ros2) StderrLine: {'line': b'                 from \x1b[01m\x1b[K/home/rospi/aug_2024/src/sllidar_ros2/sdk/src/dataunpacker/unpacker/../dataunnpacker_commondef.h:41\x1b[m\x1b[K,\n'}
[24.672450] (sllidar_ros2) StderrLine: {'line': b'                 from \x1b[01m\x1b[K/home/rospi/aug_2024/src/sllidar_ros2/sdk/src/dataunpacker/unpacker/handler_hqnode.cpp:39\x1b[m\x1b[K:\n'}
[24.673239] (sllidar_ros2) StderrLine: {'line': b'\x1b[01m\x1b[K/home/rospi/aug_2024/src/sllidar_ros2/./sdk/include/sl_lidar_protocol.h:66:16:\x1b[m\x1b[K \x1b[01;35m\x1b[Kwarning: \x1b[m\x1b[KISO C++ forbids zero-size array \xe2\x80\x98\x1b[01m\x1b[Kdata\x1b[m\x1b[K\xe2\x80\x99 [\x1b[01;35m\x1b[K\x1b]8;;https://gcc.gnu.org/onlinedocs/gcc/Warning-Options.html#index-Wpedantic\x07-Wpedantic\x1b]8;;\x07\x1b[m\x1b[K]\n'}
[24.674053] (sllidar_ros2) StderrLine: {'line': b'   66 |     sl_u8 data[\x1b[01;35m\x1b[K0\x1b[m\x1b[K];\n'}
[24.675137] (-) TimerEvent: {}
[24.675885] (sllidar_ros2) StderrLine: {'line': b'      |                \x1b[01;35m\x1b[K^\x1b[m\x1b[K\n'}
[24.677037] (sllidar_ros2) StderrLine: {'line': b'In file included from \x1b[01m\x1b[K/home/rospi/aug_2024/src/sllidar_ros2/./sdk/include/rplidar_cmd.h:36\x1b[m\x1b[K,\n'}
[24.678392] (sllidar_ros2) StderrLine: {'line': b'                 from \x1b[01m\x1b[K/home/rospi/aug_2024/src/sllidar_ros2/./sdk/include/rplidar.h:40\x1b[m\x1b[K,\n'}
[24.679828] (sllidar_ros2) StderrLine: {'line': b'                 from \x1b[01m\x1b[K/home/rospi/aug_2024/src/sllidar_ros2/./sdk/src/sdkcommon.h:49\x1b[m\x1b[K,\n'}
[24.680688] (sllidar_ros2) StderrLine: {'line': b'                 from \x1b[01m\x1b[K/home/rospi/aug_2024/src/sllidar_ros2/sdk/src/dataunpacker/unpacker/../dataunnpacker_commondef.h:41\x1b[m\x1b[K,\n'}
[24.681560] (sllidar_ros2) StderrLine: {'line': b'                 from \x1b[01m\x1b[K/home/rospi/aug_2024/src/sllidar_ros2/sdk/src/dataunpacker/unpacker/handler_hqnode.cpp:39\x1b[m\x1b[K:\n'}
[24.682457] (sllidar_ros2) StderrLine: {'line': b'\x1b[01m\x1b[K/home/rospi/aug_2024/src/sllidar_ros2/./sdk/include/sl_lidar_cmd.h:324:20:\x1b[m\x1b[K \x1b[01;35m\x1b[Kwarning: \x1b[m\x1b[KISO C++ forbids zero-size array \xe2\x80\x98\x1b[01m\x1b[Kpayload\x1b[m\x1b[K\xe2\x80\x99 [\x1b[01;35m\x1b[K\x1b]8;;https://gcc.gnu.org/onlinedocs/gcc/Warning-Options.html#index-Wpedantic\x07-Wpedantic\x1b]8;;\x07\x1b[m\x1b[K]\n'}
[24.683319] (sllidar_ros2) StderrLine: {'line': b'  324 |     sl_u8  payload[\x1b[01;35m\x1b[K0\x1b[m\x1b[K];\n'}
[24.684180] (sllidar_ros2) StderrLine: {'line': b'      |                    \x1b[01;35m\x1b[K^\x1b[m\x1b[K\n'}
[24.775453] (-) TimerEvent: {}
[24.876568] (-) TimerEvent: {}
[24.978700] (-) TimerEvent: {}
[25.079630] (-) TimerEvent: {}
[25.180594] (-) TimerEvent: {}
[25.283187] (-) TimerEvent: {}
[25.384390] (-) TimerEvent: {}
[25.485593] (-) TimerEvent: {}
[25.587081] (-) TimerEvent: {}
[25.688295] (-) TimerEvent: {}
[25.789457] (-) TimerEvent: {}
[25.890672] (-) TimerEvent: {}
[25.915391] (sllidar_ros2) StderrLine: {'line': b'In file included from \x1b[01m\x1b[K/home/rospi/aug_2024/src/sllidar_ros2/sdk/src/dataunpacker/unpacker/handler_hqnode.cpp:40\x1b[m\x1b[K:\n'}
[25.917450] (sllidar_ros2) StderrLine: {'line': b'\x1b[01m\x1b[K/home/rospi/aug_2024/src/sllidar_ros2/sdk/src/dataunpacker/unpacker/../dataunpacker.h:\x1b[m\x1b[K In member function \xe2\x80\x98\x1b[01m\x1b[Kvirtual void sl::internal::LIDARSampleDataListener::onCustomSampleDataDecoded(_u8, _u32, const void*, size_t)\x1b[m\x1b[K\xe2\x80\x99:\n'}
[25.918452] (sllidar_ros2) StderrLine: {'line': b'\x1b[01m\x1b[K/home/rospi/aug_2024/src/sllidar_ros2/sdk/src/dataunpacker/unpacker/../dataunpacker.h:54:52:\x1b[m\x1b[K \x1b[01;35m\x1b[Kwarning: \x1b[m\x1b[Kunused parameter \xe2\x80\x98\x1b[01m\x1b[KansType\x1b[m\x1b[K\xe2\x80\x99 [\x1b[01;35m\x1b[K\x1b]8;;https://gcc.gnu.org/onlinedocs/gcc/Warning-Options.html#index-Wunused-parameter\x07-Wunused-parameter\x1b]8;;\x07\x1b[m\x1b[K]\n'}
[25.919350] (sllidar_ros2) StderrLine: {'line': b'   54 |         virtual void onCustomSampleDataDecoded(\x1b[01;35m\x1b[K_u8 ansType\x1b[m\x1b[K, _u32 customCode, const void* data, size_t size) {}\n'}
[25.920204] (sllidar_ros2) StderrLine: {'line': b'      |                                                \x1b[01;35m\x1b[K~~~~^~~~~~~\x1b[m\x1b[K\n'}
[25.921050] (sllidar_ros2) StderrLine: {'line': b'\x1b[01m\x1b[K/home/rospi/aug_2024/src/sllidar_ros2/sdk/src/dataunpacker/unpacker/../dataunpacker.h:54:66:\x1b[m\x1b[K \x1b[01;35m\x1b[Kwarning: \x1b[m\x1b[Kunused parameter \xe2\x80\x98\x1b[01m\x1b[KcustomCode\x1b[m\x1b[K\xe2\x80\x99 [\x1b[01;35m\x1b[K\x1b]8;;https://gcc.gnu.org/onlinedocs/gcc/Warning-Options.html#index-Wunused-parameter\x07-Wunused-parameter\x1b]8;;\x07\x1b[m\x1b[K]\n'}
[25.922006] (sllidar_ros2) StderrLine: {'line': b'   54 |         virtual void onCustomSampleDataDecoded(_u8 ansType, \x1b[01;35m\x1b[K_u32 customCode\x1b[m\x1b[K, const void* data, size_t size) {}\n'}
[25.922969] (sllidar_ros2) StderrLine: {'line': b'      |                                                             \x1b[01;35m\x1b[K~~~~~^~~~~~~~~~\x1b[m\x1b[K\n'}
[25.924078] (sllidar_ros2) StderrLine: {'line': b'\x1b[01m\x1b[K/home/rospi/aug_2024/src/sllidar_ros2/sdk/src/dataunpacker/unpacker/../dataunpacker.h:54:90:\x1b[m\x1b[K \x1b[01;35m\x1b[Kwarning: \x1b[m\x1b[Kunused parameter \xe2\x80\x98\x1b[01m\x1b[Kdata\x1b[m\x1b[K\xe2\x80\x99 [\x1b[01;35m\x1b[K\x1b]8;;https://gcc.gnu.org/onlinedocs/gcc/Warning-Options.html#index-Wunused-parameter\x07-Wunused-parameter\x1b]8;;\x07\x1b[m\x1b[K]\n'}
[25.924991] (sllidar_ros2) StderrLine: {'line': b'   54 |         virtual void onCustomSampleDataDecoded(_u8 ansType, _u32 customCode, \x1b[01;35m\x1b[Kconst void* data\x1b[m\x1b[K, size_t size) {}\n'}
[25.925840] (sllidar_ros2) StderrLine: {'line': b'      |                                                                              \x1b[01;35m\x1b[K~~~~~~~~~~~~^~~~\x1b[m\x1b[K\n'}
[25.938918] (sllidar_ros2) StderrLine: {'line': b'\x1b[01m\x1b[K/home/rospi/aug_2024/src/sllidar_ros2/sdk/src/dataunpacker/unpacker/../dataunpacker.h:54:103:\x1b[m\x1b[K \x1b[01;35m\x1b[Kwarning: \x1b[m\x1b[Kunused parameter \xe2\x80\x98\x1b[01m\x1b[Ksize\x1b[m\x1b[K\xe2\x80\x99 [\x1b[01;35m\x1b[K\x1b]8;;https://gcc.gnu.org/onlinedocs/gcc/Warning-Options.html#index-Wunused-parameter\x07-Wunused-parameter\x1b]8;;\x07\x1b[m\x1b[K]\n'}
[25.939866] (sllidar_ros2) StderrLine: {'line': b'   54 |         virtual void onCustomSampleDataDecoded(_u8 ansType, _u32 customCode, const void* data, \x1b[01;35m\x1b[Ksize_t size\x1b[m\x1b[K) {}\n'}
[25.940910] (sllidar_ros2) StderrLine: {'line': b'      |                                                                                                \x1b[01;35m\x1b[K~~~~~~~^~~~\x1b[m\x1b[K\n'}
[25.942007] (sllidar_ros2) StderrLine: {'line': b'\x1b[01m\x1b[K/home/rospi/aug_2024/src/sllidar_ros2/sdk/src/dataunpacker/unpacker/../dataunpacker.h:\x1b[m\x1b[K In member function \xe2\x80\x98\x1b[01m\x1b[Kvirtual void sl::internal::LIDARSampleDataListener::onDecodingError(int, _u8, const void*, size_t)\x1b[m\x1b[K\xe2\x80\x99:\n'}
[25.942933] (sllidar_ros2) StderrLine: {'line': b'\x1b[01m\x1b[K/home/rospi/aug_2024/src/sllidar_ros2/sdk/src/dataunpacker/unpacker/../dataunpacker.h:56:42:\x1b[m\x1b[K \x1b[01;35m\x1b[Kwarning: \x1b[m\x1b[Kunused parameter \xe2\x80\x98\x1b[01m\x1b[KerrMsg\x1b[m\x1b[K\xe2\x80\x99 [\x1b[01;35m\x1b[K\x1b]8;;https://gcc.gnu.org/onlinedocs/gcc/Warning-Options.html#index-Wunused-parameter\x07-Wunused-parameter\x1b]8;;\x07\x1b[m\x1b[K]\n'}
[25.943784] (sllidar_ros2) StderrLine: {'line': b'   56 |         virtual void onDecodingError(\x1b[01;35m\x1b[Kint errMsg\x1b[m\x1b[K, _u8 ansType, const void* payload, size_t size) {}\n'}
[25.944610] (sllidar_ros2) StderrLine: {'line': b'      |                                      \x1b[01;35m\x1b[K~~~~^~~~~~\x1b[m\x1b[K\n'}
[25.945410] (sllidar_ros2) StderrLine: {'line': b'\x1b[01m\x1b[K/home/rospi/aug_2024/src/sllidar_ros2/sdk/src/dataunpacker/unpacker/../dataunpacker.h:56:54:\x1b[m\x1b[K \x1b[01;35m\x1b[Kwarning: \x1b[m\x1b[Kunused parameter \xe2\x80\x98\x1b[01m\x1b[KansType\x1b[m\x1b[K\xe2\x80\x99 [\x1b[01;35m\x1b[K\x1b]8;;https://gcc.gnu.org/onlinedocs/gcc/Warning-Options.html#index-Wunused-parameter\x07-Wunused-parameter\x1b]8;;\x07\x1b[m\x1b[K]\n'}
[25.946335] (sllidar_ros2) StderrLine: {'line': b'   56 |         virtual void onDecodingError(int errMsg, \x1b[01;35m\x1b[K_u8 ansType\x1b[m\x1b[K, const void* payload, size_t size) {}\n'}
[25.947208] (sllidar_ros2) StderrLine: {'line': b'      |                                                  \x1b[01;35m\x1b[K~~~~^~~~~~~\x1b[m\x1b[K\n'}
[25.948042] (sllidar_ros2) StderrLine: {'line': b'\x1b[01m\x1b[K/home/rospi/aug_2024/src/sllidar_ros2/sdk/src/dataunpacker/unpacker/../dataunpacker.h:56:75:\x1b[m\x1b[K \x1b[01;35m\x1b[Kwarning: \x1b[m\x1b[Kunused parameter \xe2\x80\x98\x1b[01m\x1b[Kpayload\x1b[m\x1b[K\xe2\x80\x99 [\x1b[01;35m\x1b[K\x1b]8;;https://gcc.gnu.org/onlinedocs/gcc/Warning-Options.html#index-Wunused-parameter\x07-Wunused-parameter\x1b]8;;\x07\x1b[m\x1b[K]\n'}
[25.948906] (sllidar_ros2) StderrLine: {'line': b'   56 |         virtual void onDecodingError(int errMsg, _u8 ansType, \x1b[01;35m\x1b[Kconst void* payload\x1b[m\x1b[K, size_t size) {}\n'}
[25.949743] (sllidar_ros2) StderrLine: {'line': b'      |                                                               \x1b[01;35m\x1b[K~~~~~~~~~~~~^~~~~~~\x1b[m\x1b[K\n'}
[25.962699] (sllidar_ros2) StderrLine: {'line': b'\x1b[01m\x1b[K/home/rospi/aug_2024/src/sllidar_ros2/sdk/src/dataunpacker/unpacker/../dataunpacker.h:56:91:\x1b[m\x1b[K \x1b[01;35m\x1b[Kwarning: \x1b[m\x1b[Kunused parameter \xe2\x80\x98\x1b[01m\x1b[Ksize\x1b[m\x1b[K\xe2\x80\x99 [\x1b[01;35m\x1b[K\x1b]8;;https://gcc.gnu.org/onlinedocs/gcc/Warning-Options.html#index-Wunused-parameter\x07-Wunused-parameter\x1b]8;;\x07\x1b[m\x1b[K]\n'}
[25.963690] (sllidar_ros2) StderrLine: {'line': b'   56 |         virtual void onDecodingError(int errMsg, _u8 ansType, const void* payload, \x1b[01;35m\x1b[Ksize_t size\x1b[m\x1b[K) {}\n'}
[25.964551] (sllidar_ros2) StderrLine: {'line': b'      |                                                                                    \x1b[01;35m\x1b[K~~~~~~~^~~~\x1b[m\x1b[K\n'}
[25.990895] (-) TimerEvent: {}
[26.091964] (-) TimerEvent: {}
[26.193323] (-) TimerEvent: {}
[26.294738] (-) TimerEvent: {}
[26.395786] (-) TimerEvent: {}
[26.497033] (-) TimerEvent: {}
[26.598280] (-) TimerEvent: {}
[26.686080] (sllidar_ros2) StdoutLine: {'line': b'[ 50%] \x1b[32mBuilding CXX object CMakeFiles/sllidar_node.dir/sdk/src/hal/thread.cpp.o\x1b[0m\n'}
[26.698560] (-) TimerEvent: {}
[26.799814] (-) TimerEvent: {}
[26.900881] (-) TimerEvent: {}
[26.969351] (sllidar_ros2) StderrLine: {'line': b'In file included from \x1b[01m\x1b[K/home/rospi/aug_2024/src/sllidar_ros2/./sdk/include/sl_lidar_cmd.h:41\x1b[m\x1b[K,\n'}
[26.970706] (sllidar_ros2) StderrLine: {'line': b'                 from \x1b[01m\x1b[K/home/rospi/aug_2024/src/sllidar_ros2/./sdk/include/sl_lidar_driver.h:54\x1b[m\x1b[K,\n'}
[26.971382] (sllidar_ros2) StderrLine: {'line': b'                 from \x1b[01m\x1b[K/home/rospi/aug_2024/src/sllidar_ros2/./sdk/include/sl_lidar.h:36\x1b[m\x1b[K,\n'}
[26.972042] (sllidar_ros2) StderrLine: {'line': b'                 from \x1b[01m\x1b[K/home/rospi/aug_2024/src/sllidar_ros2/src/sllidar_node.cpp:38\x1b[m\x1b[K:\n'}
[26.972656] (sllidar_ros2) StderrLine: {'line': b'\x1b[01m\x1b[K/home/rospi/aug_2024/src/sllidar_ros2/./sdk/include/sl_lidar_protocol.h:66:16:\x1b[m\x1b[K \x1b[01;35m\x1b[Kwarning: \x1b[m\x1b[KISO C++ forbids zero-size array \xe2\x80\x98\x1b[01m\x1b[Kdata\x1b[m\x1b[K\xe2\x80\x99 [\x1b[01;35m\x1b[K\x1b]8;;https://gcc.gnu.org/onlinedocs/gcc/Warning-Options.html#index-Wpedantic\x07-Wpedantic\x1b]8;;\x07\x1b[m\x1b[K]\n'}
[26.973987] (sllidar_ros2) StderrLine: {'line': b'   66 |     sl_u8 data[\x1b[01;35m\x1b[K0\x1b[m\x1b[K];\n'}
[26.974815] (sllidar_ros2) StderrLine: {'line': b'      |                \x1b[01;35m\x1b[K^\x1b[m\x1b[K\n'}
[26.975524] (sllidar_ros2) StderrLine: {'line': b'In file included from \x1b[01m\x1b[K/home/rospi/aug_2024/src/sllidar_ros2/./sdk/include/sl_lidar_driver.h:54\x1b[m\x1b[K,\n'}
[26.976168] (sllidar_ros2) StderrLine: {'line': b'                 from \x1b[01m\x1b[K/home/rospi/aug_2024/src/sllidar_ros2/./sdk/include/sl_lidar.h:36\x1b[m\x1b[K,\n'}
[26.976831] (sllidar_ros2) StderrLine: {'line': b'                 from \x1b[01m\x1b[K/home/rospi/aug_2024/src/sllidar_ros2/src/sllidar_node.cpp:38\x1b[m\x1b[K:\n'}
[26.977615] (sllidar_ros2) StderrLine: {'line': b'\x1b[01m\x1b[K/home/rospi/aug_2024/src/sllidar_ros2/./sdk/include/sl_lidar_cmd.h:324:20:\x1b[m\x1b[K \x1b[01;35m\x1b[Kwarning: \x1b[m\x1b[KISO C++ forbids zero-size array \xe2\x80\x98\x1b[01m\x1b[Kpayload\x1b[m\x1b[K\xe2\x80\x99 [\x1b[01;35m\x1b[K\x1b]8;;https://gcc.gnu.org/onlinedocs/gcc/Warning-Options.html#index-Wpedantic\x07-Wpedantic\x1b]8;;\x07\x1b[m\x1b[K]\n'}
[26.978294] (sllidar_ros2) StderrLine: {'line': b'  324 |     sl_u8  payload[\x1b[01;35m\x1b[K0\x1b[m\x1b[K];\n'}
[26.978996] (sllidar_ros2) StderrLine: {'line': b'      |                    \x1b[01;35m\x1b[K^\x1b[m\x1b[K\n'}
[27.001121] (-) TimerEvent: {}
[27.102204] (-) TimerEvent: {}
[27.210675] (-) TimerEvent: {}
[27.318738] (-) TimerEvent: {}
[27.420411] (-) TimerEvent: {}
[27.423600] (sllidar_ros2) StderrLine: {'line': b'In file included from \x1b[01m\x1b[K/home/rospi/aug_2024/src/sllidar_ros2/./sdk/include/rplidar_protocol.h:36\x1b[m\x1b[K,\n'}
[27.424460] (sllidar_ros2) StderrLine: {'line': b'                 from \x1b[01m\x1b[K/home/rospi/aug_2024/src/sllidar_ros2/./sdk/include/rplidar.h:39\x1b[m\x1b[K,\n'}
[27.425147] (sllidar_ros2) StderrLine: {'line': b'                 from \x1b[01m\x1b[K/home/rospi/aug_2024/src/sllidar_ros2/./sdk/src/sdkcommon.h:49\x1b[m\x1b[K,\n'}
[27.425771] (sllidar_ros2) StderrLine: {'line': b'                 from \x1b[01m\x1b[K/home/rospi/aug_2024/src/sllidar_ros2/sdk/src/dataunpacker/unpacker/../dataunnpacker_commondef.h:41\x1b[m\x1b[K,\n'}
[27.430931] (sllidar_ros2) StderrLine: {'line': b'                 from \x1b[01m\x1b[K/home/rospi/aug_2024/src/sllidar_ros2/sdk/src/dataunpacker/unpacker/handler_normalnode.cpp:39\x1b[m\x1b[K:\n'}
[27.432148] (sllidar_ros2) StderrLine: {'line': b'\x1b[01m\x1b[K/home/rospi/aug_2024/src/sllidar_ros2/./sdk/include/sl_lidar_protocol.h:66:16:\x1b[m\x1b[K \x1b[01;35m\x1b[Kwarning: \x1b[m\x1b[KISO C++ forbids zero-size array \xe2\x80\x98\x1b[01m\x1b[Kdata\x1b[m\x1b[K\xe2\x80\x99 [\x1b[01;35m\x1b[K\x1b]8;;https://gcc.gnu.org/onlinedocs/gcc/Warning-Options.html#index-Wpedantic\x07-Wpedantic\x1b]8;;\x07\x1b[m\x1b[K]\n'}
[27.433262] (sllidar_ros2) StderrLine: {'line': b'   66 |     sl_u8 data[\x1b[01;35m\x1b[K0\x1b[m\x1b[K];\n'}
[27.434597] (sllidar_ros2) StderrLine: {'line': b'      |                \x1b[01;35m\x1b[K^\x1b[m\x1b[K\n'}
[27.441236] (sllidar_ros2) StderrLine: {'line': b'In file included from \x1b[01m\x1b[K/home/rospi/aug_2024/src/sllidar_ros2/./sdk/include/rplidar_cmd.h:36\x1b[m\x1b[K,\n'}
[27.446656] (sllidar_ros2) StderrLine: {'line': b'                 from \x1b[01m\x1b[K/home/rospi/aug_2024/src/sllidar_ros2/./sdk/include/rplidar.h:40\x1b[m\x1b[K,\n'}
[27.447948] (sllidar_ros2) StderrLine: {'line': b'                 from \x1b[01m\x1b[K/home/rospi/aug_2024/src/sllidar_ros2/./sdk/src/sdkcommon.h:49\x1b[m\x1b[K,\n'}
[27.449271] (sllidar_ros2) StderrLine: {'line': b'                 from \x1b[01m\x1b[K/home/rospi/aug_2024/src/sllidar_ros2/sdk/src/dataunpacker/unpacker/../dataunnpacker_commondef.h:41\x1b[m\x1b[K,\n'}
[27.450513] (sllidar_ros2) StderrLine: {'line': b'                 from \x1b[01m\x1b[K/home/rospi/aug_2024/src/sllidar_ros2/sdk/src/dataunpacker/unpacker/handler_normalnode.cpp:39\x1b[m\x1b[K:\n'}
[27.466625] (sllidar_ros2) StderrLine: {'line': b'\x1b[01m\x1b[K/home/rospi/aug_2024/src/sllidar_ros2/./sdk/include/sl_lidar_cmd.h:324:20:\x1b[m\x1b[K \x1b[01;35m\x1b[Kwarning: \x1b[m\x1b[KISO C++ forbids zero-size array \xe2\x80\x98\x1b[01m\x1b[Kpayload\x1b[m\x1b[K\xe2\x80\x99 [\x1b[01;35m\x1b[K\x1b]8;;https://gcc.gnu.org/onlinedocs/gcc/Warning-Options.html#index-Wpedantic\x07-Wpedantic\x1b]8;;\x07\x1b[m\x1b[K]\n'}
[27.467491] (sllidar_ros2) StderrLine: {'line': b'  324 |     sl_u8  payload[\x1b[01;35m\x1b[K0\x1b[m\x1b[K];\n'}
[27.468139] (sllidar_ros2) StderrLine: {'line': b'      |                    \x1b[01;35m\x1b[K^\x1b[m\x1b[K\n'}
[27.520601] (-) TimerEvent: {}
[27.623122] (-) TimerEvent: {}
[27.724632] (-) TimerEvent: {}
[27.826181] (-) TimerEvent: {}
[27.927119] (-) TimerEvent: {}
[28.028112] (-) TimerEvent: {}
[28.129085] (-) TimerEvent: {}
[28.230082] (-) TimerEvent: {}
[28.331142] (-) TimerEvent: {}
[28.432218] (-) TimerEvent: {}
[28.533262] (-) TimerEvent: {}
[28.571399] (sllidar_ros2) StderrLine: {'line': b'In file included from \x1b[01m\x1b[K/home/rospi/aug_2024/src/sllidar_ros2/sdk/src/dataunpacker/unpacker/handler_normalnode.cpp:40\x1b[m\x1b[K:\n'}
[28.572786] (sllidar_ros2) StderrLine: {'line': b'\x1b[01m\x1b[K/home/rospi/aug_2024/src/sllidar_ros2/sdk/src/dataunpacker/unpacker/../dataunpacker.h:\x1b[m\x1b[K In member function \xe2\x80\x98\x1b[01m\x1b[Kvirtual void sl::internal::LIDARSampleDataListener::onCustomSampleDataDecoded(_u8, _u32, const void*, size_t)\x1b[m\x1b[K\xe2\x80\x99:\n'}
[28.574242] (sllidar_ros2) StderrLine: {'line': b'\x1b[01m\x1b[K/home/rospi/aug_2024/src/sllidar_ros2/sdk/src/dataunpacker/unpacker/../dataunpacker.h:54:52:\x1b[m\x1b[K \x1b[01;35m\x1b[Kwarning: \x1b[m\x1b[Kunused parameter \xe2\x80\x98\x1b[01m\x1b[KansType\x1b[m\x1b[K\xe2\x80\x99 [\x1b[01;35m\x1b[K\x1b]8;;https://gcc.gnu.org/onlinedocs/gcc/Warning-Options.html#index-Wunused-parameter\x07-Wunused-parameter\x1b]8;;\x07\x1b[m\x1b[K]\n'}
[28.575640] (sllidar_ros2) StderrLine: {'line': b'   54 |         virtual void onCustomSampleDataDecoded(\x1b[01;35m\x1b[K_u8 ansType\x1b[m\x1b[K, _u32 customCode, const void* data, size_t size) {}\n'}
[28.576895] (sllidar_ros2) StderrLine: {'line': b'      |                                                \x1b[01;35m\x1b[K~~~~^~~~~~~\x1b[m\x1b[K\n'}
[28.578336] (sllidar_ros2) StderrLine: {'line': b'\x1b[01m\x1b[K/home/rospi/aug_2024/src/sllidar_ros2/sdk/src/dataunpacker/unpacker/../dataunpacker.h:54:66:\x1b[m\x1b[K \x1b[01;35m\x1b[Kwarning: \x1b[m\x1b[Kunused parameter \xe2\x80\x98\x1b[01m\x1b[KcustomCode\x1b[m\x1b[K\xe2\x80\x99 [\x1b[01;35m\x1b[K\x1b]8;;https://gcc.gnu.org/onlinedocs/gcc/Warning-Options.html#index-Wunused-parameter\x07-Wunused-parameter\x1b]8;;\x07\x1b[m\x1b[K]\n'}
[28.579725] (sllidar_ros2) StderrLine: {'line': b'   54 |         virtual void onCustomSampleDataDecoded(_u8 ansType, \x1b[01;35m\x1b[K_u32 customCode\x1b[m\x1b[K, const void* data, size_t size) {}\n'}
[28.580984] (sllidar_ros2) StderrLine: {'line': b'      |                                                             \x1b[01;35m\x1b[K~~~~~^~~~~~~~~~\x1b[m\x1b[K\n'}
[28.582569] (sllidar_ros2) StderrLine: {'line': b'\x1b[01m\x1b[K/home/rospi/aug_2024/src/sllidar_ros2/sdk/src/dataunpacker/unpacker/../dataunpacker.h:54:90:\x1b[m\x1b[K \x1b[01;35m\x1b[Kwarning: \x1b[m\x1b[Kunused parameter \xe2\x80\x98\x1b[01m\x1b[Kdata\x1b[m\x1b[K\xe2\x80\x99 [\x1b[01;35m\x1b[K\x1b]8;;https://gcc.gnu.org/onlinedocs/gcc/Warning-Options.html#index-Wunused-parameter\x07-Wunused-parameter\x1b]8;;\x07\x1b[m\x1b[K]\n'}
[28.583919] (sllidar_ros2) StderrLine: {'line': b'   54 |         virtual void onCustomSampleDataDecoded(_u8 ansType, _u32 customCode, \x1b[01;35m\x1b[Kconst void* data\x1b[m\x1b[K, size_t size) {}\n'}
[28.585190] (sllidar_ros2) StderrLine: {'line': b'      |                                                                              \x1b[01;35m\x1b[K~~~~~~~~~~~~^~~~\x1b[m\x1b[K\n'}
[28.588736] (sllidar_ros2) StderrLine: {'line': b'\x1b[01m\x1b[K/home/rospi/aug_2024/src/sllidar_ros2/sdk/src/dataunpacker/unpacker/../dataunpacker.h:54:103:\x1b[m\x1b[K \x1b[01;35m\x1b[Kwarning: \x1b[m\x1b[Kunused parameter \xe2\x80\x98\x1b[01m\x1b[Ksize\x1b[m\x1b[K\xe2\x80\x99 [\x1b[01;35m\x1b[K\x1b]8;;https://gcc.gnu.org/onlinedocs/gcc/Warning-Options.html#index-Wunused-parameter\x07-Wunused-parameter\x1b]8;;\x07\x1b[m\x1b[K]\n'}
[28.589680] (sllidar_ros2) StderrLine: {'line': b'   54 |         virtual void onCustomSampleDataDecoded(_u8 ansType, _u32 customCode, const void* data, \x1b[01;35m\x1b[Ksize_t size\x1b[m\x1b[K) {}\n'}
[28.590493] (sllidar_ros2) StderrLine: {'line': b'      |                                                                                                \x1b[01;35m\x1b[K~~~~~~~^~~~\x1b[m\x1b[K\n'}
[28.591292] (sllidar_ros2) StderrLine: {'line': b'\x1b[01m\x1b[K/home/rospi/aug_2024/src/sllidar_ros2/sdk/src/dataunpacker/unpacker/../dataunpacker.h:\x1b[m\x1b[K In member function \xe2\x80\x98\x1b[01m\x1b[Kvirtual void sl::internal::LIDARSampleDataListener::onDecodingError(int, _u8, const void*, size_t)\x1b[m\x1b[K\xe2\x80\x99:\n'}
[28.592088] (sllidar_ros2) StderrLine: {'line': b'\x1b[01m\x1b[K/home/rospi/aug_2024/src/sllidar_ros2/sdk/src/dataunpacker/unpacker/../dataunpacker.h:56:42:\x1b[m\x1b[K \x1b[01;35m\x1b[Kwarning: \x1b[m\x1b[Kunused parameter \xe2\x80\x98\x1b[01m\x1b[KerrMsg\x1b[m\x1b[K\xe2\x80\x99 [\x1b[01;35m\x1b[K\x1b]8;;https://gcc.gnu.org/onlinedocs/gcc/Warning-Options.html#index-Wunused-parameter\x07-Wunused-parameter\x1b]8;;\x07\x1b[m\x1b[K]\n'}
[28.592915] (sllidar_ros2) StderrLine: {'line': b'   56 |         virtual void onDecodingError(\x1b[01;35m\x1b[Kint errMsg\x1b[m\x1b[K, _u8 ansType, const void* payload, size_t size) {}\n'}
[28.593848] (sllidar_ros2) StderrLine: {'line': b'      |                                      \x1b[01;35m\x1b[K~~~~^~~~~~\x1b[m\x1b[K\n'}
[28.594743] (sllidar_ros2) StderrLine: {'line': b'\x1b[01m\x1b[K/home/rospi/aug_2024/src/sllidar_ros2/sdk/src/dataunpacker/unpacker/../dataunpacker.h:56:54:\x1b[m\x1b[K \x1b[01;35m\x1b[Kwarning: \x1b[m\x1b[Kunused parameter \xe2\x80\x98\x1b[01m\x1b[KansType\x1b[m\x1b[K\xe2\x80\x99 [\x1b[01;35m\x1b[K\x1b]8;;https://gcc.gnu.org/onlinedocs/gcc/Warning-Options.html#index-Wunused-parameter\x07-Wunused-parameter\x1b]8;;\x07\x1b[m\x1b[K]\n'}
[28.610686] (sllidar_ros2) StderrLine: {'line': b'   56 |         virtual void onDecodingError(int errMsg, \x1b[01;35m\x1b[K_u8 ansType\x1b[m\x1b[K, const void* payload, size_t size) {}\n'}
[28.611761] (sllidar_ros2) StderrLine: {'line': b'      |                                                  \x1b[01;35m\x1b[K~~~~^~~~~~~\x1b[m\x1b[K\n'}
[28.612676] (sllidar_ros2) StderrLine: {'line': b'\x1b[01m\x1b[K/home/rospi/aug_2024/src/sllidar_ros2/sdk/src/dataunpacker/unpacker/../dataunpacker.h:56:75:\x1b[m\x1b[K \x1b[01;35m\x1b[Kwarning: \x1b[m\x1b[Kunused parameter \xe2\x80\x98\x1b[01m\x1b[Kpayload\x1b[m\x1b[K\xe2\x80\x99 [\x1b[01;35m\x1b[K\x1b]8;;https://gcc.gnu.org/onlinedocs/gcc/Warning-Options.html#index-Wunused-parameter\x07-Wunused-parameter\x1b]8;;\x07\x1b[m\x1b[K]\n'}
[28.613887] (sllidar_ros2) StderrLine: {'line': b'   56 |         virtual void onDecodingError(int errMsg, _u8 ansType, \x1b[01;35m\x1b[Kconst void* payload\x1b[m\x1b[K, size_t size) {}\n'}
[28.614850] (sllidar_ros2) StderrLine: {'line': b'      |                                                               \x1b[01;35m\x1b[K~~~~~~~~~~~~^~~~~~~\x1b[m\x1b[K\n'}
[28.615830] (sllidar_ros2) StderrLine: {'line': b'\x1b[01m\x1b[K/home/rospi/aug_2024/src/sllidar_ros2/sdk/src/dataunpacker/unpacker/../dataunpacker.h:56:91:\x1b[m\x1b[K \x1b[01;35m\x1b[Kwarning: \x1b[m\x1b[Kunused parameter \xe2\x80\x98\x1b[01m\x1b[Ksize\x1b[m\x1b[K\xe2\x80\x99 [\x1b[01;35m\x1b[K\x1b]8;;https://gcc.gnu.org/onlinedocs/gcc/Warning-Options.html#index-Wunused-parameter\x07-Wunused-parameter\x1b]8;;\x07\x1b[m\x1b[K]\n'}
[28.616725] (sllidar_ros2) StderrLine: {'line': b'   56 |         virtual void onDecodingError(int errMsg, _u8 ansType, const void* payload, \x1b[01;35m\x1b[Ksize_t size\x1b[m\x1b[K) {}\n'}
[28.617685] (sllidar_ros2) StderrLine: {'line': b'      |                                                                                    \x1b[01;35m\x1b[K~~~~~~~^~~~\x1b[m\x1b[K\n'}
[28.633765] (-) TimerEvent: {}
[28.734836] (-) TimerEvent: {}
[28.839835] (-) TimerEvent: {}
[28.941416] (-) TimerEvent: {}
[29.043156] (-) TimerEvent: {}
[29.144942] (-) TimerEvent: {}
[29.246856] (-) TimerEvent: {}
[29.348828] (-) TimerEvent: {}
[29.439553] (sllidar_ros2) StdoutLine: {'line': b'[ 55%] \x1b[32mBuilding CXX object CMakeFiles/sllidar_node.dir/sdk/src/rplidar_driver.cpp.o\x1b[0m\n'}
[29.449067] (-) TimerEvent: {}
[29.550042] (-) TimerEvent: {}
[29.651021] (-) TimerEvent: {}
[29.752088] (-) TimerEvent: {}
[29.853156] (-) TimerEvent: {}
[29.887161] (sllidar_ros2) StderrLine: {'line': b'In file included from \x1b[01m\x1b[K/home/rospi/aug_2024/src/sllidar_ros2/./sdk/include/rplidar_protocol.h:36\x1b[m\x1b[K,\n'}
[29.888041] (sllidar_ros2) StderrLine: {'line': b'                 from \x1b[01m\x1b[K/home/rospi/aug_2024/src/sllidar_ros2/./sdk/include/rplidar.h:39\x1b[m\x1b[K,\n'}
[29.888813] (sllidar_ros2) StderrLine: {'line': b'                 from \x1b[01m\x1b[K/home/rospi/aug_2024/src/sllidar_ros2/./sdk/src/sdkcommon.h:49\x1b[m\x1b[K,\n'}
[29.889592] (sllidar_ros2) StderrLine: {'line': b'                 from \x1b[01m\x1b[K/home/rospi/aug_2024/src/sllidar_ros2/sdk/src/hal/thread.cpp:35\x1b[m\x1b[K:\n'}
[29.890931] (sllidar_ros2) StderrLine: {'line': b'\x1b[01m\x1b[K/home/rospi/aug_2024/src/sllidar_ros2/./sdk/include/sl_lidar_protocol.h:66:16:\x1b[m\x1b[K \x1b[01;35m\x1b[Kwarning: \x1b[m\x1b[KISO C++ forbids zero-size array \xe2\x80\x98\x1b[01m\x1b[Kdata\x1b[m\x1b[K\xe2\x80\x99 [\x1b[01;35m\x1b[K\x1b]8;;https://gcc.gnu.org/onlinedocs/gcc/Warning-Options.html#index-Wpedantic\x07-Wpedantic\x1b]8;;\x07\x1b[m\x1b[K]\n'}
[29.891697] (sllidar_ros2) StderrLine: {'line': b'   66 |     sl_u8 data[\x1b[01;35m\x1b[K0\x1b[m\x1b[K];\n'}
[29.892407] (sllidar_ros2) StderrLine: {'line': b'      |                \x1b[01;35m\x1b[K^\x1b[m\x1b[K\n'}
[29.893129] (sllidar_ros2) StderrLine: {'line': b'In file included from \x1b[01m\x1b[K/home/rospi/aug_2024/src/sllidar_ros2/./sdk/include/rplidar_cmd.h:36\x1b[m\x1b[K,\n'}
[29.893854] (sllidar_ros2) StderrLine: {'line': b'                 from \x1b[01m\x1b[K/home/rospi/aug_2024/src/sllidar_ros2/./sdk/include/rplidar.h:40\x1b[m\x1b[K,\n'}
[29.895277] (sllidar_ros2) StderrLine: {'line': b'                 from \x1b[01m\x1b[K/home/rospi/aug_2024/src/sllidar_ros2/./sdk/src/sdkcommon.h:49\x1b[m\x1b[K,\n'}
[29.896055] (sllidar_ros2) StderrLine: {'line': b'                 from \x1b[01m\x1b[K/home/rospi/aug_2024/src/sllidar_ros2/sdk/src/hal/thread.cpp:35\x1b[m\x1b[K:\n'}
[29.896774] (sllidar_ros2) StderrLine: {'line': b'\x1b[01m\x1b[K/home/rospi/aug_2024/src/sllidar_ros2/./sdk/include/sl_lidar_cmd.h:324:20:\x1b[m\x1b[K \x1b[01;35m\x1b[Kwarning: \x1b[m\x1b[KISO C++ forbids zero-size array \xe2\x80\x98\x1b[01m\x1b[Kpayload\x1b[m\x1b[K\xe2\x80\x99 [\x1b[01;35m\x1b[K\x1b]8;;https://gcc.gnu.org/onlinedocs/gcc/Warning-Options.html#index-Wpedantic\x07-Wpedantic\x1b]8;;\x07\x1b[m\x1b[K]\n'}
[29.897613] (sllidar_ros2) StderrLine: {'line': b'  324 |     sl_u8  payload[\x1b[01;35m\x1b[K0\x1b[m\x1b[K];\n'}
[29.898312] (sllidar_ros2) StderrLine: {'line': b'      |                    \x1b[01;35m\x1b[K^\x1b[m\x1b[K\n'}
[29.953423] (-) TimerEvent: {}
[30.054520] (-) TimerEvent: {}
[30.155546] (-) TimerEvent: {}
[30.192625] (sllidar_ros2) StderrLine: {'line': b'In file included from \x1b[01m\x1b[K/home/rospi/aug_2024/src/sllidar_ros2/sdk/src/hal/thread.cpp:43\x1b[m\x1b[K:\n'}
[30.194780] (sllidar_ros2) StderrLine: {'line': b'\x1b[01m\x1b[K/home/rospi/aug_2024/src/sllidar_ros2/./sdk/src/arch/linux/thread.hpp:\x1b[m\x1b[K In static member function \xe2\x80\x98\x1b[01m\x1b[Kstatic rp::hal::Thread rp::hal::Thread::create(thread_proc_t, void*)\x1b[m\x1b[K\xe2\x80\x99:\n'}
[30.195656] (sllidar_ros2) StderrLine: {'line': b'\x1b[01m\x1b[K/home/rospi/aug_2024/src/sllidar_ros2/./sdk/src/arch/linux/thread.hpp:52:57:\x1b[m\x1b[K \x1b[01;35m\x1b[Kwarning: \x1b[m\x1b[Kcast between incompatible function types from \xe2\x80\x98\x1b[01m\x1b[Kthread_proc_t\x1b[m\x1b[K\xe2\x80\x99 {aka \xe2\x80\x98\x1b[01m\x1b[Klong unsigned int (*)(void*)\x1b[m\x1b[K\xe2\x80\x99} to \xe2\x80\x98\x1b[01m\x1b[Kvoid* (*)(void*)\x1b[m\x1b[K\xe2\x80\x99 [\x1b[01;35m\x1b[K\x1b]8;;https://gcc.gnu.org/onlinedocs/gcc/Warning-Options.html#index-Wcast-function-type\x07-Wcast-function-type\x1b]8;;\x07\x1b[m\x1b[K]\n'}
[30.196445] (sllidar_ros2) StderrLine: {'line': b'   52 |     pthread_create((pthread_t *)&newborn._handle, NULL, \x1b[01;35m\x1b[K(void * (*)(void *))proc\x1b[m\x1b[K, data);\n'}
[30.197123] (sllidar_ros2) StderrLine: {'line': b'      |                                                         \x1b[01;35m\x1b[K^~~~~~~~~~~~~~~~~~~~~~~~\x1b[m\x1b[K\n'}
[30.202532] (sllidar_ros2) StderrLine: {'line': b'\x1b[01m\x1b[K/home/rospi/aug_2024/src/sllidar_ros2/./sdk/src/arch/linux/thread.hpp:\x1b[m\x1b[K In member function \xe2\x80\x98\x1b[01m\x1b[Ku_result rp::hal::Thread::join(long unsigned int)\x1b[m\x1b[K\xe2\x80\x99:\n'}
[30.203890] (sllidar_ros2) StderrLine: {'line': b'\x1b[01m\x1b[K/home/rospi/aug_2024/src/sllidar_ros2/./sdk/src/arch/linux/thread.hpp:176:37:\x1b[m\x1b[K \x1b[01;35m\x1b[Kwarning: \x1b[m\x1b[Kunused parameter \xe2\x80\x98\x1b[01m\x1b[Ktimeout\x1b[m\x1b[K\xe2\x80\x99 [\x1b[01;35m\x1b[K\x1b]8;;https://gcc.gnu.org/onlinedocs/gcc/Warning-Options.html#index-Wunused-parameter\x07-Wunused-parameter\x1b]8;;\x07\x1b[m\x1b[K]\n'}
[30.205253] (sllidar_ros2) StderrLine: {'line': b'  176 | u_result Thread::join(\x1b[01;35m\x1b[Kunsigned long timeout\x1b[m\x1b[K)\n'}
[30.206528] (sllidar_ros2) StderrLine: {'line': b'      |                       \x1b[01;35m\x1b[K~~~~~~~~~~~~~~^~~~~~~\x1b[m\x1b[K\n'}
[30.255816] (-) TimerEvent: {}
[30.357576] (-) TimerEvent: {}
[30.458609] (-) TimerEvent: {}
[30.559609] (-) TimerEvent: {}
[30.660598] (-) TimerEvent: {}
[30.676572] (sllidar_ros2) StdoutLine: {'line': b'[ 60%] \x1b[32mBuilding CXX object CMakeFiles/sllidar_node.dir/sdk/src/sl_async_transceiver.cpp.o\x1b[0m\n'}
[30.760835] (-) TimerEvent: {}
[30.861885] (-) TimerEvent: {}
[30.963062] (-) TimerEvent: {}
[31.064245] (-) TimerEvent: {}
[31.165495] (-) TimerEvent: {}
[31.267366] (-) TimerEvent: {}
[31.369809] (-) TimerEvent: {}
[31.473336] (-) TimerEvent: {}
[31.574369] (-) TimerEvent: {}
[31.675527] (-) TimerEvent: {}
[31.778108] (-) TimerEvent: {}
[31.883350] (-) TimerEvent: {}
[31.984500] (-) TimerEvent: {}
[32.085811] (-) TimerEvent: {}
[32.187210] (-) TimerEvent: {}
[32.288392] (-) TimerEvent: {}
[32.363736] (sllidar_ros2) StderrLine: {'line': b'In file included from \x1b[01m\x1b[K/home/rospi/aug_2024/src/sllidar_ros2/./sdk/include/rplidar_protocol.h:36\x1b[m\x1b[K,\n'}
[32.365248] (sllidar_ros2) StderrLine: {'line': b'                 from \x1b[01m\x1b[K/home/rospi/aug_2024/src/sllidar_ros2/./sdk/include/rplidar.h:39\x1b[m\x1b[K,\n'}
[32.366144] (sllidar_ros2) StderrLine: {'line': b'                 from \x1b[01m\x1b[K/home/rospi/aug_2024/src/sllidar_ros2/sdk/src/sdkcommon.h:49\x1b[m\x1b[K,\n'}
[32.367150] (sllidar_ros2) StderrLine: {'line': b'                 from \x1b[01m\x1b[K/home/rospi/aug_2024/src/sllidar_ros2/sdk/src/rplidar_driver.cpp:33\x1b[m\x1b[K:\n'}
[32.368390] (sllidar_ros2) StderrLine: {'line': b'\x1b[01m\x1b[K/home/rospi/aug_2024/src/sllidar_ros2/./sdk/include/sl_lidar_protocol.h:66:16:\x1b[m\x1b[K \x1b[01;35m\x1b[Kwarning: \x1b[m\x1b[KISO C++ forbids zero-size array \xe2\x80\x98\x1b[01m\x1b[Kdata\x1b[m\x1b[K\xe2\x80\x99 [\x1b[01;35m\x1b[K\x1b]8;;https://gcc.gnu.org/onlinedocs/gcc/Warning-Options.html#index-Wpedantic\x07-Wpedantic\x1b]8;;\x07\x1b[m\x1b[K]\n'}
[32.369764] (sllidar_ros2) StderrLine: {'line': b'   66 |     sl_u8 data[\x1b[01;35m\x1b[K0\x1b[m\x1b[K];\n'}
[32.370737] (sllidar_ros2) StderrLine: {'line': b'      |                \x1b[01;35m\x1b[K^\x1b[m\x1b[K\n'}
[32.371640] (sllidar_ros2) StderrLine: {'line': b'In file included from \x1b[01m\x1b[K/home/rospi/aug_2024/src/sllidar_ros2/./sdk/include/rplidar_cmd.h:36\x1b[m\x1b[K,\n'}
[32.372735] (sllidar_ros2) StderrLine: {'line': b'                 from \x1b[01m\x1b[K/home/rospi/aug_2024/src/sllidar_ros2/./sdk/include/rplidar.h:40\x1b[m\x1b[K,\n'}
[32.373576] (sllidar_ros2) StderrLine: {'line': b'                 from \x1b[01m\x1b[K/home/rospi/aug_2024/src/sllidar_ros2/sdk/src/sdkcommon.h:49\x1b[m\x1b[K,\n'}
[32.374466] (sllidar_ros2) StderrLine: {'line': b'                 from \x1b[01m\x1b[K/home/rospi/aug_2024/src/sllidar_ros2/sdk/src/rplidar_driver.cpp:33\x1b[m\x1b[K:\n'}
[32.375329] (sllidar_ros2) StderrLine: {'line': b'\x1b[01m\x1b[K/home/rospi/aug_2024/src/sllidar_ros2/./sdk/include/sl_lidar_cmd.h:324:20:\x1b[m\x1b[K \x1b[01;35m\x1b[Kwarning: \x1b[m\x1b[KISO C++ forbids zero-size array \xe2\x80\x98\x1b[01m\x1b[Kpayload\x1b[m\x1b[K\xe2\x80\x99 [\x1b[01;35m\x1b[K\x1b]8;;https://gcc.gnu.org/onlinedocs/gcc/Warning-Options.html#index-Wpedantic\x07-Wpedantic\x1b]8;;\x07\x1b[m\x1b[K]\n'}
[32.376156] (sllidar_ros2) StderrLine: {'line': b'  324 |     sl_u8  payload[\x1b[01;35m\x1b[K0\x1b[m\x1b[K];\n'}
[32.376972] (sllidar_ros2) StderrLine: {'line': b'      |                    \x1b[01;35m\x1b[K^\x1b[m\x1b[K\n'}
[32.388681] (-) TimerEvent: {}
[32.489970] (-) TimerEvent: {}
[32.591406] (-) TimerEvent: {}
[32.692490] (-) TimerEvent: {}
[32.793721] (-) TimerEvent: {}
[32.895468] (-) TimerEvent: {}
[32.997402] (-) TimerEvent: {}
[33.099463] (-) TimerEvent: {}
[33.201233] (-) TimerEvent: {}
[33.303499] (-) TimerEvent: {}
[33.388644] (sllidar_ros2) StderrLine: {'line': b'\x1b[01m\x1b[K/home/rospi/aug_2024/src/sllidar_ros2/sdk/src/rplidar_driver.cpp:\x1b[m\x1b[K In member function \xe2\x80\x98\x1b[01m\x1b[Ku_result rp::standalone::rplidar::RPlidarDriver::connect(const char*, _u32, _u32)\x1b[m\x1b[K\xe2\x80\x99:\n'}
[33.390122] (sllidar_ros2) StderrLine: {'line': b'\x1b[01m\x1b[K/home/rospi/aug_2024/src/sllidar_ros2/sdk/src/rplidar_driver.cpp:67:77:\x1b[m\x1b[K \x1b[01;35m\x1b[Kwarning: \x1b[m\x1b[Kunused parameter \xe2\x80\x98\x1b[01m\x1b[Kflag\x1b[m\x1b[K\xe2\x80\x99 [\x1b[01;35m\x1b[K\x1b]8;;https://gcc.gnu.org/onlinedocs/gcc/Warning-Options.html#index-Wunused-parameter\x07-Wunused-parameter\x1b]8;;\x07\x1b[m\x1b[K]\n'}
[33.391331] (sllidar_ros2) StderrLine: {'line': b'   67 |     u_result RPlidarDriver::connect(const char *path, _u32 portOrBaud, \x1b[01;35m\x1b[K_u32 flag\x1b[m\x1b[K)\n'}
[33.392780] (sllidar_ros2) StderrLine: {'line': b'      |                                                                        \x1b[01;35m\x1b[K~~~~~^~~~\x1b[m\x1b[K\n'}
[33.393700] (sllidar_ros2) StderrLine: {'line': b'\x1b[01m\x1b[K/home/rospi/aug_2024/src/sllidar_ros2/sdk/src/rplidar_driver.cpp:\x1b[m\x1b[K In member function \xe2\x80\x98\x1b[01m\x1b[Ku_result rp::standalone::rplidar::RPlidarDriver::reset(_u32)\x1b[m\x1b[K\xe2\x80\x99:\n'}
[33.394779] (sllidar_ros2) StderrLine: {'line': b'\x1b[01m\x1b[K/home/rospi/aug_2024/src/sllidar_ros2/sdk/src/rplidar_driver.cpp:101:40:\x1b[m\x1b[K \x1b[01;35m\x1b[Kwarning: \x1b[m\x1b[Kunused parameter \xe2\x80\x98\x1b[01m\x1b[Ktimeout\x1b[m\x1b[K\xe2\x80\x99 [\x1b[01;35m\x1b[K\x1b]8;;https://gcc.gnu.org/onlinedocs/gcc/Warning-Options.html#index-Wunused-parameter\x07-Wunused-parameter\x1b]8;;\x07\x1b[m\x1b[K]\n'}
[33.395791] (sllidar_ros2) StderrLine: {'line': b'  101 |     u_result RPlidarDriver::reset(\x1b[01;35m\x1b[K_u32 timeout\x1b[m\x1b[K)\n'}
[33.396664] (sllidar_ros2) StderrLine: {'line': b'      |                                   \x1b[01;35m\x1b[K~~~~~^~~~~~~\x1b[m\x1b[K\n'}
[33.406651] (sllidar_ros2) StderrLine: {'line': b'\x1b[01m\x1b[K/home/rospi/aug_2024/src/sllidar_ros2/sdk/src/rplidar_driver.cpp:\x1b[m\x1b[K In member function \xe2\x80\x98\x1b[01m\x1b[Ku_result rp::standalone::rplidar::RPlidarDriver::getScanDataWithInterval(rplidar_response_measurement_node_t*, size_t&)\x1b[m\x1b[K\xe2\x80\x99:\n'}
[33.407624] (-) TimerEvent: {}
[33.408380] (sllidar_ros2) StderrLine: {'line': b'\x1b[01m\x1b[K/home/rospi/aug_2024/src/sllidar_ros2/sdk/src/rplidar_driver.cpp:180:91:\x1b[m\x1b[K \x1b[01;35m\x1b[Kwarning: \x1b[m\x1b[Kunused parameter \xe2\x80\x98\x1b[01m\x1b[Knodebuffer\x1b[m\x1b[K\xe2\x80\x99 [\x1b[01;35m\x1b[K\x1b]8;;https://gcc.gnu.org/onlinedocs/gcc/Warning-Options.html#index-Wunused-parameter\x07-Wunused-parameter\x1b]8;;\x07\x1b[m\x1b[K]\n'}
[33.409396] (sllidar_ros2) StderrLine: {'line': b'  180 |     u_result RPlidarDriver::getScanDataWithInterval(\x1b[01;35m\x1b[Krplidar_response_measurement_node_t * nodebuffer\x1b[m\x1b[K, size_t & count)\n'}
[33.410374] (sllidar_ros2) StderrLine: {'line': b'      |                                                     \x1b[01;35m\x1b[K~~~~~~~~~~~~~~~~~~~~~~~~~~~~~~~~~~~~~~^~~~~~~~~~\x1b[m\x1b[K\n'}
[33.411323] (sllidar_ros2) StderrLine: {'line': b'\x1b[01m\x1b[K/home/rospi/aug_2024/src/sllidar_ros2/sdk/src/rplidar_driver.cpp:180:112:\x1b[m\x1b[K \x1b[01;35m\x1b[Kwarning: \x1b[m\x1b[Kunused parameter \xe2\x80\x98\x1b[01m\x1b[Kcount\x1b[m\x1b[K\xe2\x80\x99 [\x1b[01;35m\x1b[K\x1b]8;;https://gcc.gnu.org/onlinedocs/gcc/Warning-Options.html#index-Wunused-parameter\x07-Wunused-parameter\x1b]8;;\x07\x1b[m\x1b[K]\n'}
[33.412225] (sllidar_ros2) StderrLine: {'line': b'  180 |     u_result RPlidarDriver::getScanDataWithInterval(rplidar_response_measurement_node_t * nodebuffer, \x1b[01;35m\x1b[Ksize_t & count\x1b[m\x1b[K)\n'}
[33.413077] (sllidar_ros2) StderrLine: {'line': b'      |                                                                                                       \x1b[01;35m\x1b[K~~~~~~~~~^~~~~\x1b[m\x1b[K\n'}
[33.507897] (-) TimerEvent: {}
[33.609110] (-) TimerEvent: {}
[33.710612] (-) TimerEvent: {}
[33.811660] (-) TimerEvent: {}
[33.912752] (-) TimerEvent: {}
[34.014155] (-) TimerEvent: {}
[34.093325] (sllidar_ros2) StdoutLine: {'line': b'[ 65%] \x1b[32mBuilding CXX object CMakeFiles/sllidar_node.dir/sdk/src/sl_crc.cpp.o\x1b[0m\n'}
[34.114473] (-) TimerEvent: {}
[34.215739] (-) TimerEvent: {}
[34.259383] (sllidar_ros2) StderrLine: {'line': b'In file included from \x1b[01m\x1b[K/home/rospi/aug_2024/src/sllidar_ros2/./sdk/include/sl_lidar_cmd.h:41\x1b[m\x1b[K,\n'}
[34.260803] (sllidar_ros2) StderrLine: {'line': b'                 from \x1b[01m\x1b[K/home/rospi/aug_2024/src/sllidar_ros2/./sdk/include/sl_crc.h:36\x1b[m\x1b[K,\n'}
[34.261632] (sllidar_ros2) StderrLine: {'line': b'                 from \x1b[01m\x1b[K/home/rospi/aug_2024/src/sllidar_ros2/sdk/src/sl_crc.cpp:33\x1b[m\x1b[K:\n'}
[34.262612] (sllidar_ros2) StderrLine: {'line': b'\x1b[01m\x1b[K/home/rospi/aug_2024/src/sllidar_ros2/./sdk/include/sl_lidar_protocol.h:66:16:\x1b[m\x1b[K \x1b[01;35m\x1b[Kwarning: \x1b[m\x1b[KISO C++ forbids zero-size array \xe2\x80\x98\x1b[01m\x1b[Kdata\x1b[m\x1b[K\xe2\x80\x99 [\x1b[01;35m\x1b[K\x1b]8;;https://gcc.gnu.org/onlinedocs/gcc/Warning-Options.html#index-Wpedantic\x07-Wpedantic\x1b]8;;\x07\x1b[m\x1b[K]\n'}
[34.264082] (sllidar_ros2) StderrLine: {'line': b'   66 |     sl_u8 data[\x1b[01;35m\x1b[K0\x1b[m\x1b[K];\n'}
[34.264989] (sllidar_ros2) StderrLine: {'line': b'      |                \x1b[01;35m\x1b[K^\x1b[m\x1b[K\n'}
[34.265816] (sllidar_ros2) StderrLine: {'line': b'In file included from \x1b[01m\x1b[K/home/rospi/aug_2024/src/sllidar_ros2/./sdk/include/sl_crc.h:36\x1b[m\x1b[K,\n'}
[34.266775] (sllidar_ros2) StderrLine: {'line': b'                 from \x1b[01m\x1b[K/home/rospi/aug_2024/src/sllidar_ros2/sdk/src/sl_crc.cpp:33\x1b[m\x1b[K:\n'}
[34.267628] (sllidar_ros2) StderrLine: {'line': b'\x1b[01m\x1b[K/home/rospi/aug_2024/src/sllidar_ros2/./sdk/include/sl_lidar_cmd.h:324:20:\x1b[m\x1b[K \x1b[01;35m\x1b[Kwarning: \x1b[m\x1b[KISO C++ forbids zero-size array \xe2\x80\x98\x1b[01m\x1b[Kpayload\x1b[m\x1b[K\xe2\x80\x99 [\x1b[01;35m\x1b[K\x1b]8;;https://gcc.gnu.org/onlinedocs/gcc/Warning-Options.html#index-Wpedantic\x07-Wpedantic\x1b]8;;\x07\x1b[m\x1b[K]\n'}
[34.268532] (sllidar_ros2) StderrLine: {'line': b'  324 |     sl_u8  payload[\x1b[01;35m\x1b[K0\x1b[m\x1b[K];\n'}
[34.269426] (sllidar_ros2) StderrLine: {'line': b'      |                    \x1b[01;35m\x1b[K^\x1b[m\x1b[K\n'}
[34.316019] (-) TimerEvent: {}
[34.377750] (sllidar_ros2) StdoutLine: {'line': b'[ 70%] \x1b[32mBuilding CXX object CMakeFiles/sllidar_node.dir/sdk/src/sl_lidar_driver.cpp.o\x1b[0m\n'}
[34.416338] (-) TimerEvent: {}
[34.447813] (sllidar_ros2) StderrLine: {'line': b'In file included from \x1b[01m\x1b[K/home/rospi/aug_2024/src/sllidar_ros2/./sdk/include/rplidar_protocol.h:36\x1b[m\x1b[K,\n'}
[34.448636] (sllidar_ros2) StderrLine: {'line': b'                 from \x1b[01m\x1b[K/home/rospi/aug_2024/src/sllidar_ros2/./sdk/include/rplidar.h:39\x1b[m\x1b[K,\n'}
[34.449459] (sllidar_ros2) StderrLine: {'line': b'                 from \x1b[01m\x1b[K/home/rospi/aug_2024/src/sllidar_ros2/sdk/src/sdkcommon.h:49\x1b[m\x1b[K,\n'}
[34.450235] (sllidar_ros2) StderrLine: {'line': b'                 from \x1b[01m\x1b[K/home/rospi/aug_2024/src/sllidar_ros2/sdk/src/sl_async_transceiver.cpp:35\x1b[m\x1b[K:\n'}
[34.451119] (sllidar_ros2) StderrLine: {'line': b'\x1b[01m\x1b[K/home/rospi/aug_2024/src/sllidar_ros2/./sdk/include/sl_lidar_protocol.h:66:16:\x1b[m\x1b[K \x1b[01;35m\x1b[Kwarning: \x1b[m\x1b[KISO C++ forbids zero-size array \xe2\x80\x98\x1b[01m\x1b[Kdata\x1b[m\x1b[K\xe2\x80\x99 [\x1b[01;35m\x1b[K\x1b]8;;https://gcc.gnu.org/onlinedocs/gcc/Warning-Options.html#index-Wpedantic\x07-Wpedantic\x1b]8;;\x07\x1b[m\x1b[K]\n'}
[34.451854] (sllidar_ros2) StderrLine: {'line': b'   66 |     sl_u8 data[\x1b[01;35m\x1b[K0\x1b[m\x1b[K];\n'}
[34.452531] (sllidar_ros2) StderrLine: {'line': b'      |                \x1b[01;35m\x1b[K^\x1b[m\x1b[K\n'}
[34.456137] (sllidar_ros2) StderrLine: {'line': b'In file included from \x1b[01m\x1b[K/home/rospi/aug_2024/src/sllidar_ros2/./sdk/include/rplidar_cmd.h:36\x1b[m\x1b[K,\n'}
[34.457032] (sllidar_ros2) StderrLine: {'line': b'                 from \x1b[01m\x1b[K/home/rospi/aug_2024/src/sllidar_ros2/./sdk/include/rplidar.h:40\x1b[m\x1b[K,\n'}
[34.457924] (sllidar_ros2) StderrLine: {'line': b'                 from \x1b[01m\x1b[K/home/rospi/aug_2024/src/sllidar_ros2/sdk/src/sdkcommon.h:49\x1b[m\x1b[K,\n'}
[34.458712] (sllidar_ros2) StderrLine: {'line': b'                 from \x1b[01m\x1b[K/home/rospi/aug_2024/src/sllidar_ros2/sdk/src/sl_async_transceiver.cpp:35\x1b[m\x1b[K:\n'}
[34.459401] (sllidar_ros2) StderrLine: {'line': b'\x1b[01m\x1b[K/home/rospi/aug_2024/src/sllidar_ros2/./sdk/include/sl_lidar_cmd.h:324:20:\x1b[m\x1b[K \x1b[01;35m\x1b[Kwarning: \x1b[m\x1b[KISO C++ forbids zero-size array \xe2\x80\x98\x1b[01m\x1b[Kpayload\x1b[m\x1b[K\xe2\x80\x99 [\x1b[01;35m\x1b[K\x1b]8;;https://gcc.gnu.org/onlinedocs/gcc/Warning-Options.html#index-Wpedantic\x07-Wpedantic\x1b]8;;\x07\x1b[m\x1b[K]\n'}
[34.460066] (sllidar_ros2) StderrLine: {'line': b'  324 |     sl_u8  payload[\x1b[01;35m\x1b[K0\x1b[m\x1b[K];\n'}
[34.460701] (sllidar_ros2) StderrLine: {'line': b'      |                    \x1b[01;35m\x1b[K^\x1b[m\x1b[K\n'}
[34.516569] (-) TimerEvent: {}
[34.617551] (-) TimerEvent: {}
[34.718577] (-) TimerEvent: {}
[34.819706] (-) TimerEvent: {}
[34.920719] (-) TimerEvent: {}
[35.021796] (-) TimerEvent: {}
[35.123058] (-) TimerEvent: {}
[35.189858] (sllidar_ros2) StderrLine: {'line': b'In file included from \x1b[01m\x1b[K/home/rospi/aug_2024/src/sllidar_ros2/sdk/src/sl_async_transceiver.cpp:44\x1b[m\x1b[K:\n'}
[35.191883] (sllidar_ros2) StderrLine: {'line': b'\x1b[01m\x1b[K/home/rospi/aug_2024/src/sllidar_ros2/sdk/src/sl_async_transceiver.h:\x1b[m\x1b[K In member function \xe2\x80\x98\x1b[01m\x1b[Kvirtual void sl::internal::IAsyncProtocolCodec::onChannelError(u_result)\x1b[m\x1b[K\xe2\x80\x99:\n'}
[35.194049] (sllidar_ros2) StderrLine: {'line': b'\x1b[01m\x1b[K/home/rospi/aug_2024/src/sllidar_ros2/sdk/src/sl_async_transceiver.h:90:48:\x1b[m\x1b[K \x1b[01;35m\x1b[Kwarning: \x1b[m\x1b[Kunused parameter \xe2\x80\x98\x1b[01m\x1b[KerrCode\x1b[m\x1b[K\xe2\x80\x99 [\x1b[01;35m\x1b[K\x1b]8;;https://gcc.gnu.org/onlinedocs/gcc/Warning-Options.html#index-Wunused-parameter\x07-Wunused-parameter\x1b]8;;\x07\x1b[m\x1b[K]\n'}
[35.195820] (sllidar_ros2) StderrLine: {'line': b'   90 |         virtual void   onChannelError(\x1b[01;35m\x1b[Ku_result errCode\x1b[m\x1b[K) {}\n'}
[35.197110] (sllidar_ros2) StderrLine: {'line': b'      |                                       \x1b[01;35m\x1b[K~~~~~~~~~^~~~~~~\x1b[m\x1b[K\n'}
[35.223330] (-) TimerEvent: {}
[35.326689] (-) TimerEvent: {}
[35.428323] (-) TimerEvent: {}
[35.530713] (-) TimerEvent: {}
[35.631644] (-) TimerEvent: {}
[35.742701] (-) TimerEvent: {}
[35.843596] (-) TimerEvent: {}
[35.944547] (-) TimerEvent: {}
[36.045552] (-) TimerEvent: {}
[36.146552] (-) TimerEvent: {}
[36.247609] (-) TimerEvent: {}
[36.315175] (sllidar_ros2) StdoutLine: {'line': b'[ 75%] \x1b[32mBuilding CXX object CMakeFiles/sllidar_node.dir/sdk/src/sl_lidarprotocol_codec.cpp.o\x1b[0m\n'}
[36.347855] (-) TimerEvent: {}
[36.448905] (-) TimerEvent: {}
[36.549824] (-) TimerEvent: {}
[36.650736] (-) TimerEvent: {}
[36.751714] (-) TimerEvent: {}
[36.852679] (-) TimerEvent: {}
[36.955423] (-) TimerEvent: {}
[37.062630] (-) TimerEvent: {}
[37.163673] (-) TimerEvent: {}
[37.264646] (-) TimerEvent: {}
[37.365818] (-) TimerEvent: {}
[37.466951] (-) TimerEvent: {}
[37.568186] (-) TimerEvent: {}
[37.669226] (-) TimerEvent: {}
[37.702290] (sllidar_ros2) StderrLine: {'line': b'In file included from \x1b[01m\x1b[K/home/rospi/aug_2024/src/sllidar_ros2/./sdk/include/rplidar_protocol.h:36\x1b[m\x1b[K,\n'}
[37.703890] (sllidar_ros2) StderrLine: {'line': b'                 from \x1b[01m\x1b[K/home/rospi/aug_2024/src/sllidar_ros2/./sdk/include/rplidar.h:39\x1b[m\x1b[K,\n'}
[37.704729] (sllidar_ros2) StderrLine: {'line': b'                 from \x1b[01m\x1b[K/home/rospi/aug_2024/src/sllidar_ros2/sdk/src/sdkcommon.h:49\x1b[m\x1b[K,\n'}
[37.705501] (sllidar_ros2) StderrLine: {'line': b'                 from \x1b[01m\x1b[K/home/rospi/aug_2024/src/sllidar_ros2/sdk/src/sl_lidar_driver.cpp:33\x1b[m\x1b[K:\n'}
[37.706307] (sllidar_ros2) StderrLine: {'line': b'\x1b[01m\x1b[K/home/rospi/aug_2024/src/sllidar_ros2/./sdk/include/sl_lidar_protocol.h:66:16:\x1b[m\x1b[K \x1b[01;35m\x1b[Kwarning: \x1b[m\x1b[KISO C++ forbids zero-size array \xe2\x80\x98\x1b[01m\x1b[Kdata\x1b[m\x1b[K\xe2\x80\x99 [\x1b[01;35m\x1b[K\x1b]8;;https://gcc.gnu.org/onlinedocs/gcc/Warning-Options.html#index-Wpedantic\x07-Wpedantic\x1b]8;;\x07\x1b[m\x1b[K]\n'}
[37.707391] (sllidar_ros2) StderrLine: {'line': b'   66 |     sl_u8 data[\x1b[01;35m\x1b[K0\x1b[m\x1b[K];\n'}
[37.708785] (sllidar_ros2) StderrLine: {'line': b'      |                \x1b[01;35m\x1b[K^\x1b[m\x1b[K\n'}
[37.709594] (sllidar_ros2) StderrLine: {'line': b'In file included from \x1b[01m\x1b[K/home/rospi/aug_2024/src/sllidar_ros2/./sdk/include/rplidar_cmd.h:36\x1b[m\x1b[K,\n'}
[37.710374] (sllidar_ros2) StderrLine: {'line': b'                 from \x1b[01m\x1b[K/home/rospi/aug_2024/src/sllidar_ros2/./sdk/include/rplidar.h:40\x1b[m\x1b[K,\n'}
[37.711368] (sllidar_ros2) StderrLine: {'line': b'                 from \x1b[01m\x1b[K/home/rospi/aug_2024/src/sllidar_ros2/sdk/src/sdkcommon.h:49\x1b[m\x1b[K,\n'}
[37.712173] (sllidar_ros2) StderrLine: {'line': b'                 from \x1b[01m\x1b[K/home/rospi/aug_2024/src/sllidar_ros2/sdk/src/sl_lidar_driver.cpp:33\x1b[m\x1b[K:\n'}
[37.713182] (sllidar_ros2) StderrLine: {'line': b'\x1b[01m\x1b[K/home/rospi/aug_2024/src/sllidar_ros2/./sdk/include/sl_lidar_cmd.h:324:20:\x1b[m\x1b[K \x1b[01;35m\x1b[Kwarning: \x1b[m\x1b[KISO C++ forbids zero-size array \xe2\x80\x98\x1b[01m\x1b[Kpayload\x1b[m\x1b[K\xe2\x80\x99 [\x1b[01;35m\x1b[K\x1b]8;;https://gcc.gnu.org/onlinedocs/gcc/Warning-Options.html#index-Wpedantic\x07-Wpedantic\x1b]8;;\x07\x1b[m\x1b[K]\n'}
[37.714001] (sllidar_ros2) StderrLine: {'line': b'  324 |     sl_u8  payload[\x1b[01;35m\x1b[K0\x1b[m\x1b[K];\n'}
[37.714886] (sllidar_ros2) StderrLine: {'line': b'      |                    \x1b[01;35m\x1b[K^\x1b[m\x1b[K\n'}
[37.769489] (-) TimerEvent: {}
[37.870567] (-) TimerEvent: {}
[37.971674] (-) TimerEvent: {}
[38.072811] (-) TimerEvent: {}
[38.173897] (-) TimerEvent: {}
[38.274975] (-) TimerEvent: {}
[38.376003] (-) TimerEvent: {}
[38.477165] (-) TimerEvent: {}
[38.578390] (-) TimerEvent: {}
[38.679531] (-) TimerEvent: {}
[38.780685] (-) TimerEvent: {}
[38.881806] (-) TimerEvent: {}
[38.982909] (-) TimerEvent: {}
[39.084060] (-) TimerEvent: {}
[39.185198] (-) TimerEvent: {}
[39.286351] (-) TimerEvent: {}
[39.387615] (-) TimerEvent: {}
[39.423764] (sllidar_ros2) StderrLine: {'line': b'In file included from \x1b[01m\x1b[K/home/rospi/aug_2024/src/sllidar_ros2/sdk/src/sl_lidar_driver.cpp:50\x1b[m\x1b[K:\n'}
[39.424629] (sllidar_ros2) StderrLine: {'line': b'\x1b[01m\x1b[K/home/rospi/aug_2024/src/sllidar_ros2/sdk/src/dataunpacker/dataunpacker.h:\x1b[m\x1b[K In member function \xe2\x80\x98\x1b[01m\x1b[Kvirtual void sl::internal::LIDARSampleDataListener::onCustomSampleDataDecoded(_u8, _u32, const void*, size_t)\x1b[m\x1b[K\xe2\x80\x99:\n'}
[39.425420] (sllidar_ros2) StderrLine: {'line': b'\x1b[01m\x1b[K/home/rospi/aug_2024/src/sllidar_ros2/sdk/src/dataunpacker/dataunpacker.h:54:52:\x1b[m\x1b[K \x1b[01;35m\x1b[Kwarning: \x1b[m\x1b[Kunused parameter \xe2\x80\x98\x1b[01m\x1b[KansType\x1b[m\x1b[K\xe2\x80\x99 [\x1b[01;35m\x1b[K\x1b]8;;https://gcc.gnu.org/onlinedocs/gcc/Warning-Options.html#index-Wunused-parameter\x07-Wunused-parameter\x1b]8;;\x07\x1b[m\x1b[K]\n'}
[39.426266] (sllidar_ros2) StderrLine: {'line': b'   54 |         virtual void onCustomSampleDataDecoded(\x1b[01;35m\x1b[K_u8 ansType\x1b[m\x1b[K, _u32 customCode, const void* data, size_t size) {}\n'}
[39.427072] (sllidar_ros2) StderrLine: {'line': b'      |                                                \x1b[01;35m\x1b[K~~~~^~~~~~~\x1b[m\x1b[K\n'}
[39.427945] (sllidar_ros2) StderrLine: {'line': b'\x1b[01m\x1b[K/home/rospi/aug_2024/src/sllidar_ros2/sdk/src/dataunpacker/dataunpacker.h:54:66:\x1b[m\x1b[K \x1b[01;35m\x1b[Kwarning: \x1b[m\x1b[Kunused parameter \xe2\x80\x98\x1b[01m\x1b[KcustomCode\x1b[m\x1b[K\xe2\x80\x99 [\x1b[01;35m\x1b[K\x1b]8;;https://gcc.gnu.org/onlinedocs/gcc/Warning-Options.html#index-Wunused-parameter\x07-Wunused-parameter\x1b]8;;\x07\x1b[m\x1b[K]\n'}
[39.428729] (sllidar_ros2) StderrLine: {'line': b'   54 |         virtual void onCustomSampleDataDecoded(_u8 ansType, \x1b[01;35m\x1b[K_u32 customCode\x1b[m\x1b[K, const void* data, size_t size) {}\n'}
[39.429558] (sllidar_ros2) StderrLine: {'line': b'      |                                                             \x1b[01;35m\x1b[K~~~~~^~~~~~~~~~\x1b[m\x1b[K\n'}
[39.430277] (sllidar_ros2) StderrLine: {'line': b'\x1b[01m\x1b[K/home/rospi/aug_2024/src/sllidar_ros2/sdk/src/dataunpacker/dataunpacker.h:54:90:\x1b[m\x1b[K \x1b[01;35m\x1b[Kwarning: \x1b[m\x1b[Kunused parameter \xe2\x80\x98\x1b[01m\x1b[Kdata\x1b[m\x1b[K\xe2\x80\x99 [\x1b[01;35m\x1b[K\x1b]8;;https://gcc.gnu.org/onlinedocs/gcc/Warning-Options.html#index-Wunused-parameter\x07-Wunused-parameter\x1b]8;;\x07\x1b[m\x1b[K]\n'}
[39.431838] (sllidar_ros2) StderrLine: {'line': b'   54 |         virtual void onCustomSampleDataDecoded(_u8 ansType, _u32 customCode, \x1b[01;35m\x1b[Kconst void* data\x1b[m\x1b[K, size_t size) {}\n'}
[39.432619] (sllidar_ros2) StderrLine: {'line': b'      |                                                                              \x1b[01;35m\x1b[K~~~~~~~~~~~~^~~~\x1b[m\x1b[K\n'}
[39.433307] (sllidar_ros2) StderrLine: {'line': b'\x1b[01m\x1b[K/home/rospi/aug_2024/src/sllidar_ros2/sdk/src/dataunpacker/dataunpacker.h:54:103:\x1b[m\x1b[K \x1b[01;35m\x1b[Kwarning: \x1b[m\x1b[Kunused parameter \xe2\x80\x98\x1b[01m\x1b[Ksize\x1b[m\x1b[K\xe2\x80\x99 [\x1b[01;35m\x1b[K\x1b]8;;https://gcc.gnu.org/onlinedocs/gcc/Warning-Options.html#index-Wunused-parameter\x07-Wunused-parameter\x1b]8;;\x07\x1b[m\x1b[K]\n'}
[39.434042] (sllidar_ros2) StderrLine: {'line': b'   54 |         virtual void onCustomSampleDataDecoded(_u8 ansType, _u32 customCode, const void* data, \x1b[01;35m\x1b[Ksize_t size\x1b[m\x1b[K) {}\n'}
[39.434849] (sllidar_ros2) StderrLine: {'line': b'      |                                                                                                \x1b[01;35m\x1b[K~~~~~~~^~~~\x1b[m\x1b[K\n'}
[39.435594] (sllidar_ros2) StderrLine: {'line': b'\x1b[01m\x1b[K/home/rospi/aug_2024/src/sllidar_ros2/sdk/src/dataunpacker/dataunpacker.h:\x1b[m\x1b[K In member function \xe2\x80\x98\x1b[01m\x1b[Kvirtual void sl::internal::LIDARSampleDataListener::onDecodingError(int, _u8, const void*, size_t)\x1b[m\x1b[K\xe2\x80\x99:\n'}
[39.436423] (sllidar_ros2) StderrLine: {'line': b'\x1b[01m\x1b[K/home/rospi/aug_2024/src/sllidar_ros2/sdk/src/dataunpacker/dataunpacker.h:56:42:\x1b[m\x1b[K \x1b[01;35m\x1b[Kwarning: \x1b[m\x1b[Kunused parameter \xe2\x80\x98\x1b[01m\x1b[KerrMsg\x1b[m\x1b[K\xe2\x80\x99 [\x1b[01;35m\x1b[K\x1b]8;;https://gcc.gnu.org/onlinedocs/gcc/Warning-Options.html#index-Wunused-parameter\x07-Wunused-parameter\x1b]8;;\x07\x1b[m\x1b[K]\n'}
[39.437257] (sllidar_ros2) StderrLine: {'line': b'   56 |         virtual void onDecodingError(\x1b[01;35m\x1b[Kint errMsg\x1b[m\x1b[K, _u8 ansType, const void* payload, size_t size) {}\n'}
[39.438035] (sllidar_ros2) StderrLine: {'line': b'      |                                      \x1b[01;35m\x1b[K~~~~^~~~~~\x1b[m\x1b[K\n'}
[39.438952] (sllidar_ros2) StderrLine: {'line': b'\x1b[01m\x1b[K/home/rospi/aug_2024/src/sllidar_ros2/sdk/src/dataunpacker/dataunpacker.h:56:54:\x1b[m\x1b[K \x1b[01;35m\x1b[Kwarning: \x1b[m\x1b[Kunused parameter \xe2\x80\x98\x1b[01m\x1b[KansType\x1b[m\x1b[K\xe2\x80\x99 [\x1b[01;35m\x1b[K\x1b]8;;https://gcc.gnu.org/onlinedocs/gcc/Warning-Options.html#index-Wunused-parameter\x07-Wunused-parameter\x1b]8;;\x07\x1b[m\x1b[K]\n'}
[39.439892] (sllidar_ros2) StderrLine: {'line': b'   56 |         virtual void onDecodingError(int errMsg, \x1b[01;35m\x1b[K_u8 ansType\x1b[m\x1b[K, const void* payload, size_t size) {}\n'}
[39.440820] (sllidar_ros2) StderrLine: {'line': b'      |                                                  \x1b[01;35m\x1b[K~~~~^~~~~~~\x1b[m\x1b[K\n'}
[39.441518] (sllidar_ros2) StderrLine: {'line': b'\x1b[01m\x1b[K/home/rospi/aug_2024/src/sllidar_ros2/sdk/src/dataunpacker/dataunpacker.h:56:75:\x1b[m\x1b[K \x1b[01;35m\x1b[Kwarning: \x1b[m\x1b[Kunused parameter \xe2\x80\x98\x1b[01m\x1b[Kpayload\x1b[m\x1b[K\xe2\x80\x99 [\x1b[01;35m\x1b[K\x1b]8;;https://gcc.gnu.org/onlinedocs/gcc/Warning-Options.html#index-Wunused-parameter\x07-Wunused-parameter\x1b]8;;\x07\x1b[m\x1b[K]\n'}
[39.442235] (sllidar_ros2) StderrLine: {'line': b'   56 |         virtual void onDecodingError(int errMsg, _u8 ansType, \x1b[01;35m\x1b[Kconst void* payload\x1b[m\x1b[K, size_t size) {}\n'}
[39.463204] (sllidar_ros2) StderrLine: {'line': b'      |                                                               \x1b[01;35m\x1b[K~~~~~~~~~~~~^~~~~~~\x1b[m\x1b[K\n'}
[39.463927] (sllidar_ros2) StderrLine: {'line': b'\x1b[01m\x1b[K/home/rospi/aug_2024/src/sllidar_ros2/sdk/src/dataunpacker/dataunpacker.h:56:91:\x1b[m\x1b[K \x1b[01;35m\x1b[Kwarning: \x1b[m\x1b[Kunused parameter \xe2\x80\x98\x1b[01m\x1b[Ksize\x1b[m\x1b[K\xe2\x80\x99 [\x1b[01;35m\x1b[K\x1b]8;;https://gcc.gnu.org/onlinedocs/gcc/Warning-Options.html#index-Wunused-parameter\x07-Wunused-parameter\x1b]8;;\x07\x1b[m\x1b[K]\n'}
[39.464661] (sllidar_ros2) StderrLine: {'line': b'   56 |         virtual void onDecodingError(int errMsg, _u8 ansType, const void* payload, \x1b[01;35m\x1b[Ksize_t size\x1b[m\x1b[K) {}\n'}
[39.465448] (sllidar_ros2) StderrLine: {'line': b'      |                                                                                    \x1b[01;35m\x1b[K~~~~~~~^~~~\x1b[m\x1b[K\n'}
[39.494675] (-) TimerEvent: {}
[39.514890] (sllidar_ros2) StderrLine: {'line': b'In file included from \x1b[01m\x1b[K/home/rospi/aug_2024/src/sllidar_ros2/sdk/src/sl_lidar_driver.cpp:51\x1b[m\x1b[K:\n'}
[39.530941] (sllidar_ros2) StderrLine: {'line': b'\x1b[01m\x1b[K/home/rospi/aug_2024/src/sllidar_ros2/sdk/src/sl_async_transceiver.h:\x1b[m\x1b[K In member function \xe2\x80\x98\x1b[01m\x1b[Kvirtual void sl::internal::IAsyncProtocolCodec::onChannelError(u_result)\x1b[m\x1b[K\xe2\x80\x99:\n'}
[39.531620] (sllidar_ros2) StderrLine: {'line': b'\x1b[01m\x1b[K/home/rospi/aug_2024/src/sllidar_ros2/sdk/src/sl_async_transceiver.h:90:48:\x1b[m\x1b[K \x1b[01;35m\x1b[Kwarning: \x1b[m\x1b[Kunused parameter \xe2\x80\x98\x1b[01m\x1b[KerrCode\x1b[m\x1b[K\xe2\x80\x99 [\x1b[01;35m\x1b[K\x1b]8;;https://gcc.gnu.org/onlinedocs/gcc/Warning-Options.html#index-Wunused-parameter\x07-Wunused-parameter\x1b]8;;\x07\x1b[m\x1b[K]\n'}
[39.532302] (sllidar_ros2) StderrLine: {'line': b'   90 |         virtual void   onChannelError(\x1b[01;35m\x1b[Ku_result errCode\x1b[m\x1b[K) {}\n'}
[39.532805] (sllidar_ros2) StderrLine: {'line': b'      |                                       \x1b[01;35m\x1b[K~~~~~~~~~^~~~~~~\x1b[m\x1b[K\n'}
[39.594904] (-) TimerEvent: {}
[39.702285] (-) TimerEvent: {}
[39.791856] (sllidar_ros2) StderrLine: {'line': b'\x1b[01m\x1b[K/home/rospi/aug_2024/src/sllidar_ros2/sdk/src/sl_lidar_driver.cpp:\x1b[m\x1b[K In member function \xe2\x80\x98\x1b[01m\x1b[Kvirtual sl_result sl::SlamtecLidarDriver::reset(sl_u32)\x1b[m\x1b[K\xe2\x80\x99:\n'}
[39.792827] (sllidar_ros2) StderrLine: {'line': b'\x1b[01m\x1b[K/home/rospi/aug_2024/src/sllidar_ros2/sdk/src/sl_lidar_driver.cpp:511:32:\x1b[m\x1b[K \x1b[01;35m\x1b[Kwarning: \x1b[m\x1b[Kunused parameter \xe2\x80\x98\x1b[01m\x1b[KtimeoutInMs\x1b[m\x1b[K\xe2\x80\x99 [\x1b[01;35m\x1b[K\x1b]8;;https://gcc.gnu.org/onlinedocs/gcc/Warning-Options.html#index-Wunused-parameter\x07-Wunused-parameter\x1b]8;;\x07\x1b[m\x1b[K]\n'}
[39.793865] (sllidar_ros2) StderrLine: {'line': b'  511 |         sl_result reset(\x1b[01;35m\x1b[Ksl_u32 timeoutInMs = DEFAULT_TIMEOUT\x1b[m\x1b[K)\n'}
[39.794896] (sllidar_ros2) StderrLine: {'line': b'      |                         \x1b[01;35m\x1b[K~~~~~~~^~~~~~~~~~~~~~~~~~~~~~~~~~~~~\x1b[m\x1b[K\n'}
[39.802556] (-) TimerEvent: {}
[39.817196] (sllidar_ros2) StderrLine: {'line': b'In file included from \x1b[01m\x1b[K/home/rospi/aug_2024/src/sllidar_ros2/./sdk/include/rplidar_protocol.h:36\x1b[m\x1b[K,\n'}
[39.818621] (sllidar_ros2) StderrLine: {'line': b'                 from \x1b[01m\x1b[K/home/rospi/aug_2024/src/sllidar_ros2/./sdk/include/rplidar.h:39\x1b[m\x1b[K,\n'}
[39.819891] (sllidar_ros2) StderrLine: {'line': b'                 from \x1b[01m\x1b[K/home/rospi/aug_2024/src/sllidar_ros2/sdk/src/sdkcommon.h:49\x1b[m\x1b[K,\n'}
[39.821257] (sllidar_ros2) StderrLine: {'line': b'                 from \x1b[01m\x1b[K/home/rospi/aug_2024/src/sllidar_ros2/sdk/src/sl_lidarprotocol_codec.cpp:35\x1b[m\x1b[K:\n'}
[39.822687] (sllidar_ros2) StderrLine: {'line': b'\x1b[01m\x1b[K/home/rospi/aug_2024/src/sllidar_ros2/./sdk/include/sl_lidar_protocol.h:66:16:\x1b[m\x1b[K \x1b[01;35m\x1b[Kwarning: \x1b[m\x1b[KISO C++ forbids zero-size array \xe2\x80\x98\x1b[01m\x1b[Kdata\x1b[m\x1b[K\xe2\x80\x99 [\x1b[01;35m\x1b[K\x1b]8;;https://gcc.gnu.org/onlinedocs/gcc/Warning-Options.html#index-Wpedantic\x07-Wpedantic\x1b]8;;\x07\x1b[m\x1b[K]\n'}
[39.823842] (sllidar_ros2) StderrLine: {'line': b'   66 |     sl_u8 data[\x1b[01;35m\x1b[K0\x1b[m\x1b[K];\n'}
[39.825235] (sllidar_ros2) StderrLine: {'line': b'      |                \x1b[01;35m\x1b[K^\x1b[m\x1b[K\n'}
[39.829207] (sllidar_ros2) StderrLine: {'line': b'In file included from \x1b[01m\x1b[K/home/rospi/aug_2024/src/sllidar_ros2/./sdk/include/rplidar_cmd.h:36\x1b[m\x1b[K,\n'}
[39.830643] (sllidar_ros2) StderrLine: {'line': b'                 from \x1b[01m\x1b[K/home/rospi/aug_2024/src/sllidar_ros2/./sdk/include/rplidar.h:40\x1b[m\x1b[K,\n'}
[39.831768] (sllidar_ros2) StderrLine: {'line': b'                 from \x1b[01m\x1b[K/home/rospi/aug_2024/src/sllidar_ros2/sdk/src/sdkcommon.h:49\x1b[m\x1b[K,\n'}
[39.833359] (sllidar_ros2) StderrLine: {'line': b'                 from \x1b[01m\x1b[K/home/rospi/aug_2024/src/sllidar_ros2/sdk/src/sl_lidarprotocol_codec.cpp:35\x1b[m\x1b[K:\n'}
[39.834543] (sllidar_ros2) StderrLine: {'line': b'\x1b[01m\x1b[K/home/rospi/aug_2024/src/sllidar_ros2/./sdk/include/sl_lidar_cmd.h:324:20:\x1b[m\x1b[K \x1b[01;35m\x1b[Kwarning: \x1b[m\x1b[KISO C++ forbids zero-size array \xe2\x80\x98\x1b[01m\x1b[Kpayload\x1b[m\x1b[K\xe2\x80\x99 [\x1b[01;35m\x1b[K\x1b]8;;https://gcc.gnu.org/onlinedocs/gcc/Warning-Options.html#index-Wpedantic\x07-Wpedantic\x1b]8;;\x07\x1b[m\x1b[K]\n'}
[39.835749] (sllidar_ros2) StderrLine: {'line': b'  324 |     sl_u8  payload[\x1b[01;35m\x1b[K0\x1b[m\x1b[K];\n'}
[39.836912] (sllidar_ros2) StderrLine: {'line': b'      |                    \x1b[01;35m\x1b[K^\x1b[m\x1b[K\n'}
[39.844128] (sllidar_ros2) StderrLine: {'line': b'\x1b[01m\x1b[K/home/rospi/aug_2024/src/sllidar_ros2/sdk/src/sl_lidar_driver.cpp:\x1b[m\x1b[K In member function \xe2\x80\x98\x1b[01m\x1b[Kvirtual sl_result sl::SlamtecLidarDriver::startScan(bool, bool, sl_u32, sl::LidarScanMode*)\x1b[m\x1b[K\xe2\x80\x99:\n'}
[39.845042] (sllidar_ros2) StderrLine: {'line': b'\x1b[01m\x1b[K/home/rospi/aug_2024/src/sllidar_ros2/sdk/src/sl_lidar_driver.cpp:586:69:\x1b[m\x1b[K \x1b[01;35m\x1b[Kwarning: \x1b[m\x1b[Kunused parameter \xe2\x80\x98\x1b[01m\x1b[Koptions\x1b[m\x1b[K\xe2\x80\x99 [\x1b[01;35m\x1b[K\x1b]8;;https://gcc.gnu.org/onlinedocs/gcc/Warning-Options.html#index-Wunused-parameter\x07-Wunused-parameter\x1b]8;;\x07\x1b[m\x1b[K]\n'}
[39.845919] (sllidar_ros2) StderrLine: {'line': b'  586 |         sl_result startScan(bool force, bool useTypicalScan, \x1b[01;35m\x1b[Ksl_u32 options = 0\x1b[m\x1b[K, LidarScanMode* outUsedScanMode = nullptr)\n'}
[39.846808] (sllidar_ros2) StderrLine: {'line': b'      |                                                              \x1b[01;35m\x1b[K~~~~~~~^~~~~~~~~~~\x1b[m\x1b[K\n'}
[39.873635] (sllidar_ros2) StderrLine: {'line': b'\x1b[01m\x1b[K/home/rospi/aug_2024/src/sllidar_ros2/sdk/src/sl_lidar_driver.cpp:\x1b[m\x1b[K In member function \xe2\x80\x98\x1b[01m\x1b[Kvirtual sl_result sl::SlamtecLidarDriver::stop(sl_u32)\x1b[m\x1b[K\xe2\x80\x99:\n'}
[39.874532] (sllidar_ros2) StderrLine: {'line': b'\x1b[01m\x1b[K/home/rospi/aug_2024/src/sllidar_ros2/sdk/src/sl_lidar_driver.cpp:763:31:\x1b[m\x1b[K \x1b[01;35m\x1b[Kwarning: \x1b[m\x1b[Kunused parameter \xe2\x80\x98\x1b[01m\x1b[Ktimeout\x1b[m\x1b[K\xe2\x80\x99 [\x1b[01;35m\x1b[K\x1b]8;;https://gcc.gnu.org/onlinedocs/gcc/Warning-Options.html#index-Wunused-parameter\x07-Wunused-parameter\x1b]8;;\x07\x1b[m\x1b[K]\n'}
[39.875278] (sllidar_ros2) StderrLine: {'line': b'  763 |         sl_result stop(\x1b[01;35m\x1b[Ksl_u32 timeout = DEFAULT_TIMEOUT\x1b[m\x1b[K)\n'}
[39.875952] (sllidar_ros2) StderrLine: {'line': b'      |                        \x1b[01;35m\x1b[K~~~~~~~^~~~~~~~~~~~~~~~~~~~~~~~~\x1b[m\x1b[K\n'}
[39.899248] (sllidar_ros2) StderrLine: {'line': b'\x1b[01m\x1b[K/home/rospi/aug_2024/src/sllidar_ros2/sdk/src/sl_lidar_driver.cpp:\x1b[m\x1b[K In member function \xe2\x80\x98\x1b[01m\x1b[Kvirtual sl_result sl::SlamtecLidarDriver::getFrequency(const sl::LidarScanMode&, const sl_lidar_response_measurement_node_hq_t*, size_t, float&)\x1b[m\x1b[K\xe2\x80\x99:\n'}
[39.900371] (sllidar_ros2) StderrLine: {'line': b'\x1b[01m\x1b[K/home/rospi/aug_2024/src/sllidar_ros2/sdk/src/sl_lidar_driver.cpp:880:110:\x1b[m\x1b[K \x1b[01;35m\x1b[Kwarning: \x1b[m\x1b[Kunused parameter \xe2\x80\x98\x1b[01m\x1b[Knodes\x1b[m\x1b[K\xe2\x80\x99 [\x1b[01;35m\x1b[K\x1b]8;;https://gcc.gnu.org/onlinedocs/gcc/Warning-Options.html#index-Wunused-parameter\x07-Wunused-parameter\x1b]8;;\x07\x1b[m\x1b[K]\n'}
[39.901195] (sllidar_ros2) StderrLine: {'line': b'  880 |         sl_result getFrequency(const LidarScanMode& scanMode, \x1b[01;35m\x1b[Kconst sl_lidar_response_measurement_node_hq_t* nodes\x1b[m\x1b[K, size_t count, float& frequency)\n'}
[39.901940] (sllidar_ros2) StderrLine: {'line': b'      |                                                               \x1b[01;35m\x1b[K~~~~~~~~~~~~~~~~~~~~~~~~~~~~~~~~~~~~~~~~~~~~~~~^~~~~\x1b[m\x1b[K\n'}
[39.902930] (-) TimerEvent: {}
[39.911368] (sllidar_ros2) StderrLine: {'line': b'\x1b[01m\x1b[K/home/rospi/aug_2024/src/sllidar_ros2/sdk/src/sl_lidar_driver.cpp:\x1b[m\x1b[K In member function \xe2\x80\x98\x1b[01m\x1b[Kvirtual sl_result sl::SlamtecLidarDriver::getMotorInfo(sl::LidarMotorInfo&, sl_u32)\x1b[m\x1b[K\xe2\x80\x99:\n'}
[39.912286] (sllidar_ros2) StderrLine: {'line': b'\x1b[01m\x1b[K/home/rospi/aug_2024/src/sllidar_ros2/sdk/src/sl_lidar_driver.cpp:1023:66:\x1b[m\x1b[K \x1b[01;35m\x1b[Kwarning: \x1b[m\x1b[Kunused parameter \xe2\x80\x98\x1b[01m\x1b[KtimeoutInMs\x1b[m\x1b[K\xe2\x80\x99 [\x1b[01;35m\x1b[K\x1b]8;;https://gcc.gnu.org/onlinedocs/gcc/Warning-Options.html#index-Wunused-parameter\x07-Wunused-parameter\x1b]8;;\x07\x1b[m\x1b[K]\n'}
[39.913070] (sllidar_ros2) StderrLine: {'line': b' 1023 |         sl_result getMotorInfo(LidarMotorInfo &motorInfo, \x1b[01;35m\x1b[Ksl_u32 timeoutInMs\x1b[m\x1b[K)\n'}
[39.913824] (sllidar_ros2) StderrLine: {'line': b'      |                                                           \x1b[01;35m\x1b[K~~~~~~~^~~~~~~~~~~\x1b[m\x1b[K\n'}
[39.922766] (sllidar_ros2) StderrLine: {'line': b'\x1b[01m\x1b[K/home/rospi/aug_2024/src/sllidar_ros2/sdk/src/sl_lidar_driver.cpp:\x1b[m\x1b[K In member function \xe2\x80\x98\x1b[01m\x1b[Ku_result sl::SlamtecLidarDriver::getScanModeCount(sl_u16&, sl_u32)\x1b[m\x1b[K\xe2\x80\x99:\n'}
[39.923631] (sllidar_ros2) StderrLine: {'line': b'\x1b[01m\x1b[K/home/rospi/aug_2024/src/sllidar_ros2/sdk/src/sl_lidar_driver.cpp:1199:61:\x1b[m\x1b[K \x1b[01;35m\x1b[Kwarning: \x1b[m\x1b[Kunused parameter \xe2\x80\x98\x1b[01m\x1b[KtimeoutInMs\x1b[m\x1b[K\xe2\x80\x99 [\x1b[01;35m\x1b[K\x1b]8;;https://gcc.gnu.org/onlinedocs/gcc/Warning-Options.html#index-Wunused-parameter\x07-Wunused-parameter\x1b]8;;\x07\x1b[m\x1b[K]\n'}
[39.924432] (sllidar_ros2) StderrLine: {'line': b' 1199 |         u_result getScanModeCount(sl_u16& modeCount, \x1b[01;35m\x1b[Ksl_u32 timeoutInMs = DEFAULT_TIMEOUT\x1b[m\x1b[K)\n'}
[39.925181] (sllidar_ros2) StderrLine: {'line': b'      |                                                      \x1b[01;35m\x1b[K~~~~~~~^~~~~~~~~~~~~~~~~~~~~~~~~~~~~\x1b[m\x1b[K\n'}
[40.003195] (-) TimerEvent: {}
[40.104196] (-) TimerEvent: {}
[40.205193] (-) TimerEvent: {}
[40.227893] (sllidar_ros2) StderrLine: {'line': b'/home/rospi/aug_2024/src/sllidar_ros2/sdk/src/sl_lidar_driver.cpp: In instantiation of \xe2\x80\x98\x1b[01m\x1b[Kvoid sl::RawSampleNodeHolder<T>::pushNode(_u64, const T*) [with T = sl_lidar_response_measurement_node_hq_t; _u64 = long unsigned int]\x1b[m\x1b[K\xe2\x80\x99:\n'}
[40.228810] (sllidar_ros2) StderrLine: {'line': b'\x1b[01m\x1b[K/home/rospi/aug_2024/src/sllidar_ros2/sdk/src/sl_lidar_driver.cpp:1648:42:\x1b[m\x1b[K   required from here\n'}
[40.229596] (sllidar_ros2) StderrLine: {'line': b'\x1b[01m\x1b[K/home/rospi/aug_2024/src/sllidar_ros2/sdk/src/sl_lidar_driver.cpp:202:28:\x1b[m\x1b[K \x1b[01;35m\x1b[Kwarning: \x1b[m\x1b[Kunused parameter \xe2\x80\x98\x1b[01m\x1b[Ktimestamp_uS\x1b[m\x1b[K\xe2\x80\x99 [\x1b[01;35m\x1b[K\x1b]8;;https://gcc.gnu.org/onlinedocs/gcc/Warning-Options.html#index-Wunused-parameter\x07-Wunused-parameter\x1b]8;;\x07\x1b[m\x1b[K]\n'}
[40.230484] (sllidar_ros2) StderrLine: {'line': b'  202 |         void pushNode(\x1b[01;35m\x1b[K_u64 timestamp_uS\x1b[m\x1b[K, const T* node)\n'}
[40.231317] (sllidar_ros2) StderrLine: {'line': b'      |                       \x1b[01;35m\x1b[K~~~~~^~~~~~~~~~~~\x1b[m\x1b[K\n'}
[40.305505] (-) TimerEvent: {}
[40.406720] (-) TimerEvent: {}
[40.507811] (-) TimerEvent: {}
[40.608910] (-) TimerEvent: {}
[40.709903] (-) TimerEvent: {}
[40.811033] (-) TimerEvent: {}
[40.913149] (-) TimerEvent: {}
[41.018653] (-) TimerEvent: {}
[41.119712] (-) TimerEvent: {}
[41.121624] (sllidar_ros2) StderrLine: {'line': b'\x1b[01m\x1b[K/home/rospi/aug_2024/src/sllidar_ros2/sdk/src/sl_lidar_driver.cpp:\x1b[m\x1b[K At global scope:\n'}
[41.123874] (sllidar_ros2) StderrLine: {'line': b'\x1b[01m\x1b[K/home/rospi/aug_2024/src/sllidar_ros2/sdk/src/sl_lidar_driver.cpp:83:17:\x1b[m\x1b[K \x1b[01;35m\x1b[Kwarning: \x1b[m\x1b[K\xe2\x80\x98\x1b[01m\x1b[Kvoid sl::convert(const sl_lidar_response_measurement_node_hq_t&, sl_lidar_response_measurement_node_t&)\x1b[m\x1b[K\xe2\x80\x99 defined but not used [\x1b[01;35m\x1b[K\x1b]8;;https://gcc.gnu.org/onlinedocs/gcc/Warning-Options.html#index-Wunused-function\x07-Wunused-function\x1b]8;;\x07\x1b[m\x1b[K]\n'}
[41.124965] (sllidar_ros2) StderrLine: {'line': b'   83 |     static void \x1b[01;35m\x1b[Kconvert\x1b[m\x1b[K(const sl_lidar_response_measurement_node_hq_t& from, sl_lidar_response_measurement_node_t& to)\n'}
[41.125768] (sllidar_ros2) StderrLine: {'line': b'      |                 \x1b[01;35m\x1b[K^~~~~~~\x1b[m\x1b[K\n'}
[41.126742] (sllidar_ros2) StderrLine: {'line': b'\x1b[01m\x1b[K/home/rospi/aug_2024/src/sllidar_ros2/sdk/src/sl_lidar_driver.cpp:75:17:\x1b[m\x1b[K \x1b[01;35m\x1b[Kwarning: \x1b[m\x1b[K\xe2\x80\x98\x1b[01m\x1b[Kvoid sl::convert(const sl_lidar_response_measurement_node_t&, sl_lidar_response_measurement_node_hq_t&)\x1b[m\x1b[K\xe2\x80\x99 defined but not used [\x1b[01;35m\x1b[K\x1b]8;;https://gcc.gnu.org/onlinedocs/gcc/Warning-Options.html#index-Wunused-function\x07-Wunused-function\x1b]8;;\x07\x1b[m\x1b[K]\n'}
[41.127589] (sllidar_ros2) StderrLine: {'line': b'   75 |     static void \x1b[01;35m\x1b[Kconvert\x1b[m\x1b[K(const sl_lidar_response_measurement_node_t& from, sl_lidar_response_measurement_node_hq_t& to)\n'}
[41.128477] (sllidar_ros2) StderrLine: {'line': b'      |                 \x1b[01;35m\x1b[K^~~~~~~\x1b[m\x1b[K\n'}
[41.129832] (sllidar_ros2) StderrLine: {'line': b'\x1b[01m\x1b[K/home/rospi/aug_2024/src/sllidar_ros2/sdk/src/sl_lidar_driver.cpp:70:17:\x1b[m\x1b[K \x1b[01;35m\x1b[Kwarning: \x1b[m\x1b[K\xe2\x80\x98\x1b[01m\x1b[Kvoid sl::printDeprecationWarn(const char*, const char*)\x1b[m\x1b[K\xe2\x80\x99 defined but not used [\x1b[01;35m\x1b[K\x1b]8;;https://gcc.gnu.org/onlinedocs/gcc/Warning-Options.html#index-Wunused-function\x07-Wunused-function\x1b]8;;\x07\x1b[m\x1b[K]\n'}
[41.133041] (sllidar_ros2) StderrLine: {'line': b'   70 |     static void \x1b[01;35m\x1b[KprintDeprecationWarn\x1b[m\x1b[K(const char* fn, const char* replacement)\n'}
[41.133776] (sllidar_ros2) StderrLine: {'line': b'      |                 \x1b[01;35m\x1b[K^~~~~~~~~~~~~~~~~~~~\x1b[m\x1b[K\n'}
[41.220952] (-) TimerEvent: {}
[41.238924] (sllidar_ros2) StderrLine: {'line': b'In file included from \x1b[01m\x1b[K/home/rospi/aug_2024/src/sllidar_ros2/sdk/src/sl_lidarprotocol_codec.cpp:49\x1b[m\x1b[K:\n'}
[41.240292] (sllidar_ros2) StderrLine: {'line': b'\x1b[01m\x1b[K/home/rospi/aug_2024/src/sllidar_ros2/sdk/src/sl_async_transceiver.h:\x1b[m\x1b[K In member function \xe2\x80\x98\x1b[01m\x1b[Kvirtual void sl::internal::IAsyncProtocolCodec::onChannelError(u_result)\x1b[m\x1b[K\xe2\x80\x99:\n'}
[41.241088] (sllidar_ros2) StderrLine: {'line': b'\x1b[01m\x1b[K/home/rospi/aug_2024/src/sllidar_ros2/sdk/src/sl_async_transceiver.h:90:48:\x1b[m\x1b[K \x1b[01;35m\x1b[Kwarning: \x1b[m\x1b[Kunused parameter \xe2\x80\x98\x1b[01m\x1b[KerrCode\x1b[m\x1b[K\xe2\x80\x99 [\x1b[01;35m\x1b[K\x1b]8;;https://gcc.gnu.org/onlinedocs/gcc/Warning-Options.html#index-Wunused-parameter\x07-Wunused-parameter\x1b]8;;\x07\x1b[m\x1b[K]\n'}
[41.241859] (sllidar_ros2) StderrLine: {'line': b'   90 |         virtual void   onChannelError(\x1b[01;35m\x1b[Ku_result errCode\x1b[m\x1b[K) {}\n'}
[41.242660] (sllidar_ros2) StderrLine: {'line': b'      |                                       \x1b[01;35m\x1b[K~~~~~~~~~^~~~~~~\x1b[m\x1b[K\n'}
[41.321229] (-) TimerEvent: {}
[41.422190] (-) TimerEvent: {}
[41.523194] (-) TimerEvent: {}
[41.624162] (-) TimerEvent: {}
[41.725145] (-) TimerEvent: {}
[41.826084] (-) TimerEvent: {}
[41.905920] (sllidar_ros2) StdoutLine: {'line': b'[ 80%] \x1b[32mBuilding CXX object CMakeFiles/sllidar_node.dir/sdk/src/sl_serial_channel.cpp.o\x1b[0m\n'}
[41.926339] (-) TimerEvent: {}
[42.027407] (-) TimerEvent: {}
[42.128412] (-) TimerEvent: {}
[42.229474] (-) TimerEvent: {}
[42.330303] (-) TimerEvent: {}
[42.431203] (-) TimerEvent: {}
[42.532804] (-) TimerEvent: {}
[42.634343] (-) TimerEvent: {}
[42.735475] (-) TimerEvent: {}
[42.836603] (-) TimerEvent: {}
[42.937486] (-) TimerEvent: {}
[43.038402] (-) TimerEvent: {}
[43.139335] (-) TimerEvent: {}
[43.241437] (-) TimerEvent: {}
[43.351340] (-) TimerEvent: {}
[43.452852] (-) TimerEvent: {}
[43.562825] (-) TimerEvent: {}
[43.617825] (sllidar_ros2) StdoutLine: {'line': b'[ 85%] \x1b[32mBuilding CXX object CMakeFiles/sllidar_node.dir/sdk/src/sl_tcp_channel.cpp.o\x1b[0m\n'}
[43.663004] (-) TimerEvent: {}
[43.763977] (-) TimerEvent: {}
[43.865001] (-) TimerEvent: {}
[43.966211] (-) TimerEvent: {}
[43.967519] (sllidar_ros2) StderrLine: {'line': b'In file included from \x1b[01m\x1b[K/home/rospi/aug_2024/src/sllidar_ros2/./sdk/include/sl_lidar_cmd.h:41\x1b[m\x1b[K,\n'}
[43.968222] (sllidar_ros2) StderrLine: {'line': b'                 from \x1b[01m\x1b[K/home/rospi/aug_2024/src/sllidar_ros2/./sdk/include/sl_lidar_driver.h:54\x1b[m\x1b[K,\n'}
[43.968786] (sllidar_ros2) StderrLine: {'line': b'                 from \x1b[01m\x1b[K/home/rospi/aug_2024/src/sllidar_ros2/sdk/src/sl_serial_channel.cpp:33\x1b[m\x1b[K:\n'}
[43.969402] (sllidar_ros2) StderrLine: {'line': b'\x1b[01m\x1b[K/home/rospi/aug_2024/src/sllidar_ros2/./sdk/include/sl_lidar_protocol.h:66:16:\x1b[m\x1b[K \x1b[01;35m\x1b[Kwarning: \x1b[m\x1b[KISO C++ forbids zero-size array \xe2\x80\x98\x1b[01m\x1b[Kdata\x1b[m\x1b[K\xe2\x80\x99 [\x1b[01;35m\x1b[K\x1b]8;;https://gcc.gnu.org/onlinedocs/gcc/Warning-Options.html#index-Wpedantic\x07-Wpedantic\x1b]8;;\x07\x1b[m\x1b[K]\n'}
[43.970405] (sllidar_ros2) StderrLine: {'line': b'   66 |     sl_u8 data[\x1b[01;35m\x1b[K0\x1b[m\x1b[K];\n'}
[43.971085] (sllidar_ros2) StderrLine: {'line': b'      |                \x1b[01;35m\x1b[K^\x1b[m\x1b[K\n'}
[43.971644] (sllidar_ros2) StderrLine: {'line': b'In file included from \x1b[01m\x1b[K/home/rospi/aug_2024/src/sllidar_ros2/./sdk/include/sl_lidar_driver.h:54\x1b[m\x1b[K,\n'}
[43.972189] (sllidar_ros2) StderrLine: {'line': b'                 from \x1b[01m\x1b[K/home/rospi/aug_2024/src/sllidar_ros2/sdk/src/sl_serial_channel.cpp:33\x1b[m\x1b[K:\n'}
[43.972706] (sllidar_ros2) StderrLine: {'line': b'\x1b[01m\x1b[K/home/rospi/aug_2024/src/sllidar_ros2/./sdk/include/sl_lidar_cmd.h:324:20:\x1b[m\x1b[K \x1b[01;35m\x1b[Kwarning: \x1b[m\x1b[KISO C++ forbids zero-size array \xe2\x80\x98\x1b[01m\x1b[Kpayload\x1b[m\x1b[K\xe2\x80\x99 [\x1b[01;35m\x1b[K\x1b]8;;https://gcc.gnu.org/onlinedocs/gcc/Warning-Options.html#index-Wpedantic\x07-Wpedantic\x1b]8;;\x07\x1b[m\x1b[K]\n'}
[43.973312] (sllidar_ros2) StderrLine: {'line': b'  324 |     sl_u8  payload[\x1b[01;35m\x1b[K0\x1b[m\x1b[K];\n'}
[43.973908] (sllidar_ros2) StderrLine: {'line': b'      |                    \x1b[01;35m\x1b[K^\x1b[m\x1b[K\n'}
[44.066517] (-) TimerEvent: {}
[44.167410] (-) TimerEvent: {}
[44.268473] (-) TimerEvent: {}
[44.360210] (sllidar_ros2) StdoutLine: {'line': b'[ 90%] \x1b[32mBuilding CXX object CMakeFiles/sllidar_node.dir/sdk/src/sl_udp_channel.cpp.o\x1b[0m\n'}
[44.368680] (-) TimerEvent: {}
[44.469685] (-) TimerEvent: {}
[44.570955] (-) TimerEvent: {}
[44.672558] (-) TimerEvent: {}
[44.773811] (-) TimerEvent: {}
[44.879115] (-) TimerEvent: {}
[44.980604] (-) TimerEvent: {}
[45.083021] (-) TimerEvent: {}
[45.184459] (-) TimerEvent: {}
[45.286541] (-) TimerEvent: {}
[45.388328] (-) TimerEvent: {}
[45.489967] (-) TimerEvent: {}
[45.574308] (sllidar_ros2) StderrLine: {'line': b'In file included from \x1b[01m\x1b[K/home/rospi/aug_2024/src/sllidar_ros2/./sdk/include/sl_lidar_cmd.h:41\x1b[m\x1b[K,\n'}
[45.576014] (sllidar_ros2) StderrLine: {'line': b'                 from \x1b[01m\x1b[K/home/rospi/aug_2024/src/sllidar_ros2/./sdk/include/sl_lidar_driver.h:54\x1b[m\x1b[K,\n'}
[45.576932] (sllidar_ros2) StderrLine: {'line': b'                 from \x1b[01m\x1b[K/home/rospi/aug_2024/src/sllidar_ros2/sdk/src/sl_tcp_channel.cpp:33\x1b[m\x1b[K:\n'}
[45.578494] (sllidar_ros2) StderrLine: {'line': b'\x1b[01m\x1b[K/home/rospi/aug_2024/src/sllidar_ros2/./sdk/include/sl_lidar_protocol.h:66:16:\x1b[m\x1b[K \x1b[01;35m\x1b[Kwarning: \x1b[m\x1b[KISO C++ forbids zero-size array \xe2\x80\x98\x1b[01m\x1b[Kdata\x1b[m\x1b[K\xe2\x80\x99 [\x1b[01;35m\x1b[K\x1b]8;;https://gcc.gnu.org/onlinedocs/gcc/Warning-Options.html#index-Wpedantic\x07-Wpedantic\x1b]8;;\x07\x1b[m\x1b[K]\n'}
[45.579551] (sllidar_ros2) StderrLine: {'line': b'   66 |     sl_u8 data[\x1b[01;35m\x1b[K0\x1b[m\x1b[K];\n'}
[45.580396] (sllidar_ros2) StderrLine: {'line': b'      |                \x1b[01;35m\x1b[K^\x1b[m\x1b[K\n'}
[45.581193] (sllidar_ros2) StderrLine: {'line': b'In file included from \x1b[01m\x1b[K/home/rospi/aug_2024/src/sllidar_ros2/./sdk/include/sl_lidar_driver.h:54\x1b[m\x1b[K,\n'}
[45.582060] (sllidar_ros2) StderrLine: {'line': b'                 from \x1b[01m\x1b[K/home/rospi/aug_2024/src/sllidar_ros2/sdk/src/sl_tcp_channel.cpp:33\x1b[m\x1b[K:\n'}
[45.583139] (sllidar_ros2) StderrLine: {'line': b'\x1b[01m\x1b[K/home/rospi/aug_2024/src/sllidar_ros2/./sdk/include/sl_lidar_cmd.h:324:20:\x1b[m\x1b[K \x1b[01;35m\x1b[Kwarning: \x1b[m\x1b[KISO C++ forbids zero-size array \xe2\x80\x98\x1b[01m\x1b[Kpayload\x1b[m\x1b[K\xe2\x80\x99 [\x1b[01;35m\x1b[K\x1b]8;;https://gcc.gnu.org/onlinedocs/gcc/Warning-Options.html#index-Wpedantic\x07-Wpedantic\x1b]8;;\x07\x1b[m\x1b[K]\n'}
[45.584284] (sllidar_ros2) StderrLine: {'line': b'  324 |     sl_u8  payload[\x1b[01;35m\x1b[K0\x1b[m\x1b[K];\n'}
[45.585135] (sllidar_ros2) StderrLine: {'line': b'      |                    \x1b[01;35m\x1b[K^\x1b[m\x1b[K\n'}
[45.590207] (-) TimerEvent: {}
[45.601309] (sllidar_ros2) StderrLine: {'line': b'\x1b[01m\x1b[K/home/rospi/aug_2024/src/sllidar_ros2/sdk/src/sl_tcp_channel.cpp:\x1b[m\x1b[K In member function \xe2\x80\x98\x1b[01m\x1b[Kvoid sl::TcpChannel::setStatus(_u32)\x1b[m\x1b[K\xe2\x80\x99:\n'}
[45.602326] (sllidar_ros2) StderrLine: {'line': b'\x1b[01m\x1b[K/home/rospi/aug_2024/src/sllidar_ros2/sdk/src/sl_tcp_channel.cpp:109:29:\x1b[m\x1b[K \x1b[01;35m\x1b[Kwarning: \x1b[m\x1b[Kunused parameter \xe2\x80\x98\x1b[01m\x1b[Kflag\x1b[m\x1b[K\xe2\x80\x99 [\x1b[01;35m\x1b[K\x1b]8;;https://gcc.gnu.org/onlinedocs/gcc/Warning-Options.html#index-Wunused-parameter\x07-Wunused-parameter\x1b]8;;\x07\x1b[m\x1b[K]\n'}
[45.603446] (sllidar_ros2) StderrLine: {'line': b'  109 |         void setStatus(\x1b[01;35m\x1b[K_u32 flag\x1b[m\x1b[K){}\n'}
[45.604428] (sllidar_ros2) StderrLine: {'line': b'      |                        \x1b[01;35m\x1b[K~~~~~^~~~\x1b[m\x1b[K\n'}
[45.690497] (-) TimerEvent: {}
[45.792416] (-) TimerEvent: {}
[45.894268] (-) TimerEvent: {}
[45.995347] (-) TimerEvent: {}
[46.096313] (-) TimerEvent: {}
[46.119716] (sllidar_ros2) StderrLine: {'line': b'In file included from \x1b[01m\x1b[K/home/rospi/aug_2024/src/sllidar_ros2/./sdk/include/sl_lidar_cmd.h:41\x1b[m\x1b[K,\n'}
[46.120440] (sllidar_ros2) StderrLine: {'line': b'                 from \x1b[01m\x1b[K/home/rospi/aug_2024/src/sllidar_ros2/./sdk/include/sl_lidar_driver.h:54\x1b[m\x1b[K,\n'}
[46.121035] (sllidar_ros2) StderrLine: {'line': b'                 from \x1b[01m\x1b[K/home/rospi/aug_2024/src/sllidar_ros2/sdk/src/sl_udp_channel.cpp:33\x1b[m\x1b[K:\n'}
[46.121571] (sllidar_ros2) StderrLine: {'line': b'\x1b[01m\x1b[K/home/rospi/aug_2024/src/sllidar_ros2/./sdk/include/sl_lidar_protocol.h:66:16:\x1b[m\x1b[K \x1b[01;35m\x1b[Kwarning: \x1b[m\x1b[KISO C++ forbids zero-size array \xe2\x80\x98\x1b[01m\x1b[Kdata\x1b[m\x1b[K\xe2\x80\x99 [\x1b[01;35m\x1b[K\x1b]8;;https://gcc.gnu.org/onlinedocs/gcc/Warning-Options.html#index-Wpedantic\x07-Wpedantic\x1b]8;;\x07\x1b[m\x1b[K]\n'}
[46.122747] (sllidar_ros2) StderrLine: {'line': b'   66 |     sl_u8 data[\x1b[01;35m\x1b[K0\x1b[m\x1b[K];\n'}
[46.123381] (sllidar_ros2) StderrLine: {'line': b'      |                \x1b[01;35m\x1b[K^\x1b[m\x1b[K\n'}
[46.123931] (sllidar_ros2) StderrLine: {'line': b'In file included from \x1b[01m\x1b[K/home/rospi/aug_2024/src/sllidar_ros2/./sdk/include/sl_lidar_driver.h:54\x1b[m\x1b[K,\n'}
[46.124485] (sllidar_ros2) StderrLine: {'line': b'                 from \x1b[01m\x1b[K/home/rospi/aug_2024/src/sllidar_ros2/sdk/src/sl_udp_channel.cpp:33\x1b[m\x1b[K:\n'}
[46.125058] (sllidar_ros2) StderrLine: {'line': b'\x1b[01m\x1b[K/home/rospi/aug_2024/src/sllidar_ros2/./sdk/include/sl_lidar_cmd.h:324:20:\x1b[m\x1b[K \x1b[01;35m\x1b[Kwarning: \x1b[m\x1b[KISO C++ forbids zero-size array \xe2\x80\x98\x1b[01m\x1b[Kpayload\x1b[m\x1b[K\xe2\x80\x99 [\x1b[01;35m\x1b[K\x1b]8;;https://gcc.gnu.org/onlinedocs/gcc/Warning-Options.html#index-Wpedantic\x07-Wpedantic\x1b]8;;\x07\x1b[m\x1b[K]\n'}
[46.125717] (sllidar_ros2) StderrLine: {'line': b'  324 |     sl_u8  payload[\x1b[01;35m\x1b[K0\x1b[m\x1b[K];\n'}
[46.126303] (sllidar_ros2) StderrLine: {'line': b'      |                    \x1b[01;35m\x1b[K^\x1b[m\x1b[K\n'}
[46.144200] (sllidar_ros2) StderrLine: {'line': b'\x1b[01m\x1b[K/home/rospi/aug_2024/src/sllidar_ros2/sdk/src/sl_udp_channel.cpp:\x1b[m\x1b[K In member function \xe2\x80\x98\x1b[01m\x1b[Kvoid sl::UdpChannel::setStatus(_u32)\x1b[m\x1b[K\xe2\x80\x99:\n'}
[46.144929] (sllidar_ros2) StderrLine: {'line': b'\x1b[01m\x1b[K/home/rospi/aug_2024/src/sllidar_ros2/sdk/src/sl_udp_channel.cpp:112:29:\x1b[m\x1b[K \x1b[01;35m\x1b[Kwarning: \x1b[m\x1b[Kunused parameter \xe2\x80\x98\x1b[01m\x1b[Kflag\x1b[m\x1b[K\xe2\x80\x99 [\x1b[01;35m\x1b[K\x1b]8;;https://gcc.gnu.org/onlinedocs/gcc/Warning-Options.html#index-Wunused-parameter\x07-Wunused-parameter\x1b]8;;\x07\x1b[m\x1b[K]\n'}
[46.145587] (sllidar_ros2) StderrLine: {'line': b'  112 |         void setStatus(\x1b[01;35m\x1b[K_u32 flag\x1b[m\x1b[K){}\n'}
[46.146127] (sllidar_ros2) StderrLine: {'line': b'      |                        \x1b[01;35m\x1b[K~~~~~^~~~\x1b[m\x1b[K\n'}
[46.196492] (-) TimerEvent: {}
[46.297905] (-) TimerEvent: {}
[46.399410] (-) TimerEvent: {}
[46.404786] (sllidar_ros2) StdoutLine: {'line': b'[ 95%] \x1b[32m\x1b[1mLinking CXX executable sllidar_node\x1b[0m\n'}
[46.499651] (-) TimerEvent: {}
[46.601122] (-) TimerEvent: {}
[46.702051] (-) TimerEvent: {}
[46.803427] (-) TimerEvent: {}
[46.904382] (-) TimerEvent: {}
[47.005319] (-) TimerEvent: {}
[47.106098] (-) TimerEvent: {}
[47.207102] (-) TimerEvent: {}
[47.308115] (-) TimerEvent: {}
[47.409231] (-) TimerEvent: {}
[47.510063] (-) TimerEvent: {}
[47.611353] (-) TimerEvent: {}
[47.712173] (-) TimerEvent: {}
[47.813053] (-) TimerEvent: {}
[47.914049] (-) TimerEvent: {}
[48.014907] (-) TimerEvent: {}
[48.057618] (sllidar_ros2) StdoutLine: {'line': b'[ 95%] Built target sllidar_node\n'}
[48.115092] (-) TimerEvent: {}
[48.215845] (-) TimerEvent: {}
[48.316576] (-) TimerEvent: {}
[48.417296] (-) TimerEvent: {}
[48.518015] (-) TimerEvent: {}
[48.618756] (-) TimerEvent: {}
[48.719492] (-) TimerEvent: {}
[48.820374] (-) TimerEvent: {}
[48.921181] (-) TimerEvent: {}
[49.022138] (-) TimerEvent: {}
[49.123248] (-) TimerEvent: {}
[49.223965] (-) TimerEvent: {}
[49.324709] (-) TimerEvent: {}
[49.425419] (-) TimerEvent: {}
[49.526136] (-) TimerEvent: {}
[49.626895] (-) TimerEvent: {}
[49.727597] (-) TimerEvent: {}
[49.828306] (-) TimerEvent: {}
[49.929023] (-) TimerEvent: {}
[50.029714] (-) TimerEvent: {}
[50.130471] (-) TimerEvent: {}
[50.231182] (-) TimerEvent: {}
[50.331897] (-) TimerEvent: {}
[50.432591] (-) TimerEvent: {}
[50.533285] (-) TimerEvent: {}
[50.634004] (-) TimerEvent: {}
[50.734760] (-) TimerEvent: {}
[50.835449] (-) TimerEvent: {}
[50.936163] (-) TimerEvent: {}
[51.036863] (-) TimerEvent: {}
[51.137554] (-) TimerEvent: {}
[51.238270] (-) TimerEvent: {}
[51.341959] (-) TimerEvent: {}
[51.443507] (-) TimerEvent: {}
[51.544906] (-) TimerEvent: {}
[51.646447] (-) TimerEvent: {}
[51.747237] (-) TimerEvent: {}
[51.847984] (-) TimerEvent: {}
[51.948702] (-) TimerEvent: {}
[52.049419] (-) TimerEvent: {}
[52.150099] (-) TimerEvent: {}
[52.250851] (-) TimerEvent: {}
[52.351550] (-) TimerEvent: {}
[52.452258] (-) TimerEvent: {}
[52.552968] (-) TimerEvent: {}
[52.653664] (-) TimerEvent: {}
[52.754351] (-) TimerEvent: {}
[52.855133] (-) TimerEvent: {}
[52.955933] (-) TimerEvent: {}
[53.056847] (-) TimerEvent: {}
[53.157614] (-) TimerEvent: {}
[53.258381] (-) TimerEvent: {}
[53.359183] (-) TimerEvent: {}
[53.459913] (-) TimerEvent: {}
[53.560651] (-) TimerEvent: {}
[53.661358] (-) TimerEvent: {}
[53.762052] (-) TimerEvent: {}
[53.862872] (-) TimerEvent: {}
[53.963572] (-) TimerEvent: {}
[54.064262] (-) TimerEvent: {}
[54.164981] (-) TimerEvent: {}
[54.265705] (-) TimerEvent: {}
[54.366466] (-) TimerEvent: {}
[54.467192] (-) TimerEvent: {}
[54.567901] (-) TimerEvent: {}
[54.668604] (-) TimerEvent: {}
[54.769298] (-) TimerEvent: {}
[54.869998] (-) TimerEvent: {}
[54.970778] (-) TimerEvent: {}
[55.071474] (-) TimerEvent: {}
[55.172163] (-) TimerEvent: {}
[55.272883] (-) TimerEvent: {}
[55.373609] (-) TimerEvent: {}
[55.474353] (-) TimerEvent: {}
[55.575242] (-) TimerEvent: {}
[55.676141] (-) TimerEvent: {}
[55.776956] (-) TimerEvent: {}
[55.877716] (-) TimerEvent: {}
[55.978405] (-) TimerEvent: {}
[56.079198] (-) TimerEvent: {}
[56.179909] (-) TimerEvent: {}
[56.280625] (-) TimerEvent: {}
[56.381365] (-) TimerEvent: {}
[56.482335] (-) TimerEvent: {}
[56.583086] (-) TimerEvent: {}
[56.683812] (-) TimerEvent: {}
[56.784546] (-) TimerEvent: {}
[56.885256] (-) TimerEvent: {}
[56.985994] (-) TimerEvent: {}
[57.086804] (-) TimerEvent: {}
[57.187686] (-) TimerEvent: {}
[57.288579] (-) TimerEvent: {}
[57.389327] (-) TimerEvent: {}
[57.490060] (-) TimerEvent: {}
[57.590844] (-) TimerEvent: {}
[57.691561] (-) TimerEvent: {}
[57.792292] (-) TimerEvent: {}
[57.893015] (-) TimerEvent: {}
[57.993733] (-) TimerEvent: {}
[58.094460] (-) TimerEvent: {}
[58.195174] (-) TimerEvent: {}
[58.295893] (-) TimerEvent: {}
[58.396580] (-) TimerEvent: {}
[58.497536] (-) TimerEvent: {}
[58.599427] (-) TimerEvent: {}
[58.700147] (-) TimerEvent: {}
[58.800888] (-) TimerEvent: {}
[58.901717] (-) TimerEvent: {}
[59.002522] (-) TimerEvent: {}
[59.103220] (-) TimerEvent: {}
[59.193546] (sllidar_ros2) StdoutLine: {'line': b'[100%] \x1b[32m\x1b[1mLinking CXX executable sllidar_client\x1b[0m\n'}
[59.203429] (-) TimerEvent: {}
[59.304231] (-) TimerEvent: {}
[59.405558] (-) TimerEvent: {}
[59.506611] (-) TimerEvent: {}
[59.607530] (-) TimerEvent: {}
[59.708368] (-) TimerEvent: {}
[59.809139] (-) TimerEvent: {}
[59.910031] (-) TimerEvent: {}
[60.010840] (-) TimerEvent: {}
[60.111736] (-) TimerEvent: {}
[60.212781] (-) TimerEvent: {}
[60.313751] (-) TimerEvent: {}
[60.414583] (-) TimerEvent: {}
[60.515262] (-) TimerEvent: {}
[60.615926] (-) TimerEvent: {}
[60.716574] (-) TimerEvent: {}
[60.817214] (-) TimerEvent: {}
[60.917881] (-) TimerEvent: {}
[61.018829] (-) TimerEvent: {}
[61.119802] (-) TimerEvent: {}
[61.220512] (-) TimerEvent: {}
[61.321379] (-) TimerEvent: {}
[61.338504] (sllidar_ros2) StdoutLine: {'line': b'[100%] Built target sllidar_client\n'}
[61.382518] (sllidar_ros2) CommandEnded: {'returncode': 0}
[61.384757] (sllidar_ros2) JobProgress: {'identifier': 'sllidar_ros2', 'progress': 'install'}
[61.385686] (sllidar_ros2) Command: {'cmd': ['/usr/bin/cmake', '--install', '/home/rospi/aug_2024/build/sllidar_ros2'], 'cwd': '/home/rospi/aug_2024/build/sllidar_ros2', 'env': OrderedDict([('LESSOPEN', '| /usr/bin/lesspipe %s'), ('USER', 'rospi'), ('SSH_CLIENT', '10.150.42.143 64037 22'), ('XDG_SESSION_TYPE', 'tty'), ('SHLVL', '1'), ('LD_LIBRARY_PATH', '/home/rospi/aug_2024/install/BMC_2024/lib:/home/rospi/aug_2024/install/pigpio/lib:/opt/ros/humble/opt/rviz_ogre_vendor/lib:/opt/ros/humble/lib/aarch64-linux-gnu:/opt/ros/humble/lib'), ('MOTD_SHOWN', 'pam'), ('HOME', '/home/rospi'), ('OLDPWD', '/home/rospi'), ('SSH_TTY', '/dev/pts/1'), ('ROS_PYTHON_VERSION', '3'), ('DBUS_SESSION_BUS_ADDRESS', 'unix:path=/run/user/1000/bus'), ('COLCON_PREFIX_PATH', '/home/rospi/aug_2024/install'), ('ROS_DISTRO', 'humble'), ('LOGNAME', 'rospi'), ('_', '/usr/bin/colcon'), ('ROS_VERSION', '2'), ('XDG_SESSION_CLASS', 'user'), ('TERM', 'xterm-256color'), ('XDG_SESSION_ID', '3'), ('ROS_LOCALHOST_ONLY', '0'), ('PATH', '/home/rospi/aug_2024/install/pigpio/bin:/opt/ros/humble/bin:/usr/local/sbin:/usr/local/bin:/usr/sbin:/usr/bin:/sbin:/bin:/usr/games:/usr/local/games:/snap/bin'), ('XDG_RUNTIME_DIR', '/run/user/1000'), ('LANG', 'en_US.UTF-8'), ('LS_COLORS', 'rs=0:di=01;34:ln=01;36:mh=00:pi=40;33:so=01;35:do=01;35:bd=40;33;01:cd=40;33;01:or=40;31;01:mi=00:su=37;41:sg=30;43:ca=30;41:tw=30;42:ow=34;42:st=37;44:ex=01;32:*.tar=01;31:*.tgz=01;31:*.arc=01;31:*.arj=01;31:*.taz=01;31:*.lha=01;31:*.lz4=01;31:*.lzh=01;31:*.lzma=01;31:*.tlz=01;31:*.txz=01;31:*.tzo=01;31:*.t7z=01;31:*.zip=01;31:*.z=01;31:*.dz=01;31:*.gz=01;31:*.lrz=01;31:*.lz=01;31:*.lzo=01;31:*.xz=01;31:*.zst=01;31:*.tzst=01;31:*.bz2=01;31:*.bz=01;31:*.tbz=01;31:*.tbz2=01;31:*.tz=01;31:*.deb=01;31:*.rpm=01;31:*.jar=01;31:*.war=01;31:*.ear=01;31:*.sar=01;31:*.rar=01;31:*.alz=01;31:*.ace=01;31:*.zoo=01;31:*.cpio=01;31:*.7z=01;31:*.rz=01;31:*.cab=01;31:*.wim=01;31:*.swm=01;31:*.dwm=01;31:*.esd=01;31:*.jpg=01;35:*.jpeg=01;35:*.mjpg=01;35:*.mjpeg=01;35:*.gif=01;35:*.bmp=01;35:*.pbm=01;35:*.pgm=01;35:*.ppm=01;35:*.tga=01;35:*.xbm=01;35:*.xpm=01;35:*.tif=01;35:*.tiff=01;35:*.png=01;35:*.svg=01;35:*.svgz=01;35:*.mng=01;35:*.pcx=01;35:*.mov=01;35:*.mpg=01;35:*.mpeg=01;35:*.m2v=01;35:*.mkv=01;35:*.webm=01;35:*.webp=01;35:*.ogm=01;35:*.mp4=01;35:*.m4v=01;35:*.mp4v=01;35:*.vob=01;35:*.qt=01;35:*.nuv=01;35:*.wmv=01;35:*.asf=01;35:*.rm=01;35:*.rmvb=01;35:*.flc=01;35:*.avi=01;35:*.fli=01;35:*.flv=01;35:*.gl=01;35:*.dl=01;35:*.xcf=01;35:*.xwd=01;35:*.yuv=01;35:*.cgm=01;35:*.emf=01;35:*.ogv=01;35:*.ogx=01;35:*.aac=00;36:*.au=00;36:*.flac=00;36:*.m4a=00;36:*.mid=00;36:*.midi=00;36:*.mka=00;36:*.mp3=00;36:*.mpc=00;36:*.ogg=00;36:*.ra=00;36:*.wav=00;36:*.oga=00;36:*.opus=00;36:*.spx=00;36:*.xspf=00;36:'), ('AMENT_PREFIX_PATH', '/home/rospi/aug_2024/install/aug_2024:/home/rospi/aug_2024/install/BMC_2024:/home/rospi/aug_2024/install/sllidar_ros2:/home/rospi/aug_2024/install/my_robot_nav2:/opt/ros/humble'), ('SHELL', '/bin/bash'), ('LESSCLOSE', '/usr/bin/lesspipe %s %s'), ('PWD', '/home/rospi/aug_2024/build/sllidar_ros2'), ('LC_ALL', 'en_US.UTF-8'), ('SSH_CONNECTION', '10.150.42.143 64037 10.6.102.87 22'), ('XDG_DATA_DIRS', '/usr/local/share:/usr/share:/var/lib/snapd/desktop'), ('PYTHONPATH', '/opt/ros/humble/lib/python3.10/site-packages:/opt/ros/humble/local/lib/python3.10/dist-packages'), ('COLCON', '1'), ('CMAKE_PREFIX_PATH', '/home/rospi/aug_2024/install/aug_2024:/home/rospi/aug_2024/install/BMC_2024:/home/rospi/aug_2024/install/sllidar_ros2:/home/rospi/aug_2024/install/pigpio:/home/rospi/aug_2024/install/my_robot_nav2:/opt/ros/humble')]), 'shell': False}
[61.420217] (sllidar_ros2) StdoutLine: {'line': b'-- Install configuration: ""\n'}
[61.420953] (sllidar_ros2) StdoutLine: {'line': b'-- Installing: /home/rospi/aug_2024/install/sllidar_ros2/share/sllidar_ros2/launch\n'}
[61.421469] (-) TimerEvent: {}
[61.421966] (sllidar_ros2) StdoutLine: {'line': b'-- Installing: /home/rospi/aug_2024/install/sllidar_ros2/share/sllidar_ros2/launch/view_sllidar_s1_tcp_launch.py\n'}
[61.423029] (sllidar_ros2) StdoutLine: {'line': b'-- Installing: /home/rospi/aug_2024/install/sllidar_ros2/share/sllidar_ros2/launch/sllidar_a2m12_launch .py\n'}
[61.424075] (sllidar_ros2) StdoutLine: {'line': b'-- Installing: /home/rospi/aug_2024/install/sllidar_ros2/share/sllidar_ros2/launch/view_sllidar_s1_launch.py\n'}
[61.425137] (sllidar_ros2) StdoutLine: {'line': b'-- Installing: /home/rospi/aug_2024/install/sllidar_ros2/share/sllidar_ros2/launch/sllidar_s3_launch.py\n'}
[61.426159] (sllidar_ros2) StdoutLine: {'line': b'-- Installing: /home/rospi/aug_2024/install/sllidar_ros2/share/sllidar_ros2/launch/view_sllidar_a2m7_launch.py\n'}
[61.427284] (sllidar_ros2) StdoutLine: {'line': b'-- Installing: /home/rospi/aug_2024/install/sllidar_ros2/share/sllidar_ros2/launch/sllidar_a2m8_launch.py\n'}
[61.428381] (sllidar_ros2) StdoutLine: {'line': b'-- Installing: /home/rospi/aug_2024/install/sllidar_ros2/share/sllidar_ros2/launch/view_sllidar_s2_launch.py\n'}
[61.429410] (sllidar_ros2) StdoutLine: {'line': b'-- Installing: /home/rospi/aug_2024/install/sllidar_ros2/share/sllidar_ros2/launch/view_sllidar_s2e_launch.py\n'}
[61.430462] (sllidar_ros2) StdoutLine: {'line': b'-- Installing: /home/rospi/aug_2024/install/sllidar_ros2/share/sllidar_ros2/launch/view_sllidar_a2m12_launch.py\n'}
[61.431529] (sllidar_ros2) StdoutLine: {'line': b'-- Installing: /home/rospi/aug_2024/install/sllidar_ros2/share/sllidar_ros2/launch/sllidar_s1_launch.py\n'}
[61.432525] (sllidar_ros2) StdoutLine: {'line': b'-- Installing: /home/rospi/aug_2024/install/sllidar_ros2/share/sllidar_ros2/launch/view_sllidar_s3_launch.py\n'}
[61.433543] (sllidar_ros2) StdoutLine: {'line': b'-- Installing: /home/rospi/aug_2024/install/sllidar_ros2/share/sllidar_ros2/launch/view_sllidar_a2m8_launch.py\n'}
[61.434614] (sllidar_ros2) StdoutLine: {'line': b'-- Installing: /home/rospi/aug_2024/install/sllidar_ros2/share/sllidar_ros2/launch/view_sllidar_t1_launch.py\n'}
[61.435613] (sllidar_ros2) StdoutLine: {'line': b'-- Installing: /home/rospi/aug_2024/install/sllidar_ros2/share/sllidar_ros2/launch/view_sllidar_a1_launch.py\n'}
[61.436648] (sllidar_ros2) StdoutLine: {'line': b'-- Installing: /home/rospi/aug_2024/install/sllidar_ros2/share/sllidar_ros2/launch/sllidar_s2_launch.py\n'}
[61.437647] (sllidar_ros2) StdoutLine: {'line': b'-- Installing: /home/rospi/aug_2024/install/sllidar_ros2/share/sllidar_ros2/launch/sllidar_t1_launch.py\n'}
[61.438678] (sllidar_ros2) StdoutLine: {'line': b'-- Installing: /home/rospi/aug_2024/install/sllidar_ros2/share/sllidar_ros2/launch/sllidar_a1_launch.py\n'}
[61.439677] (sllidar_ros2) StdoutLine: {'line': b'-- Installing: /home/rospi/aug_2024/install/sllidar_ros2/share/sllidar_ros2/launch/sllidar_c1_launch.py\n'}
[61.440693] (sllidar_ros2) StdoutLine: {'line': b'-- Installing: /home/rospi/aug_2024/install/sllidar_ros2/share/sllidar_ros2/launch/view_sllidar_c1_launch.py\n'}
[61.441709] (sllidar_ros2) StdoutLine: {'line': b'-- Installing: /home/rospi/aug_2024/install/sllidar_ros2/share/sllidar_ros2/launch/view_sllidar_a3_launch.py\n'}
[61.442774] (sllidar_ros2) StdoutLine: {'line': b'-- Installing: /home/rospi/aug_2024/install/sllidar_ros2/share/sllidar_ros2/launch/sllidar_s1_tcp_launch.py\n'}
[61.443792] (sllidar_ros2) StdoutLine: {'line': b'-- Installing: /home/rospi/aug_2024/install/sllidar_ros2/share/sllidar_ros2/launch/sllidar_a2m7_launch.py\n'}
[61.444806] (sllidar_ros2) StdoutLine: {'line': b'-- Installing: /home/rospi/aug_2024/install/sllidar_ros2/share/sllidar_ros2/launch/sllidar_a3_launch.py\n'}
[61.445812] (sllidar_ros2) StdoutLine: {'line': b'-- Installing: /home/rospi/aug_2024/install/sllidar_ros2/share/sllidar_ros2/launch/sllidar_s2e_launch.py\n'}
[61.446882] (sllidar_ros2) StdoutLine: {'line': b'-- Installing: /home/rospi/aug_2024/install/sllidar_ros2/share/sllidar_ros2/rviz\n'}
[61.447481] (sllidar_ros2) StdoutLine: {'line': b'-- Installing: /home/rospi/aug_2024/install/sllidar_ros2/share/sllidar_ros2/rviz/sllidar_ros2.rviz\n'}
[61.449134] (sllidar_ros2) StdoutLine: {'line': b'-- Installing: /home/rospi/aug_2024/install/sllidar_ros2/lib/sllidar_ros2/sllidar_node\n'}
[61.466569] (sllidar_ros2) StdoutLine: {'line': b'-- Set runtime path of "/home/rospi/aug_2024/install/sllidar_ros2/lib/sllidar_ros2/sllidar_node" to ""\n'}
[61.467256] (sllidar_ros2) StdoutLine: {'line': b'-- Installing: /home/rospi/aug_2024/install/sllidar_ros2/lib/sllidar_ros2/sllidar_client\n'}
[61.496464] (sllidar_ros2) StdoutLine: {'line': b'-- Set runtime path of "/home/rospi/aug_2024/install/sllidar_ros2/lib/sllidar_ros2/sllidar_client" to ""\n'}
[61.497322] (sllidar_ros2) StdoutLine: {'line': b'-- Installing: /home/rospi/aug_2024/install/sllidar_ros2/share/ament_index/resource_index/package_run_dependencies/sllidar_ros2\n'}
[61.499159] (sllidar_ros2) StdoutLine: {'line': b'-- Installing: /home/rospi/aug_2024/install/sllidar_ros2/share/ament_index/resource_index/parent_prefix_path/sllidar_ros2\n'}
[61.500784] (sllidar_ros2) StdoutLine: {'line': b'-- Installing: /home/rospi/aug_2024/install/sllidar_ros2/share/sllidar_ros2/environment/ament_prefix_path.sh\n'}
[61.502034] (sllidar_ros2) StdoutLine: {'line': b'-- Installing: /home/rospi/aug_2024/install/sllidar_ros2/share/sllidar_ros2/environment/ament_prefix_path.dsv\n'}
[61.503435] (sllidar_ros2) StdoutLine: {'line': b'-- Installing: /home/rospi/aug_2024/install/sllidar_ros2/share/sllidar_ros2/environment/path.sh\n'}
[61.504642] (sllidar_ros2) StdoutLine: {'line': b'-- Installing: /home/rospi/aug_2024/install/sllidar_ros2/share/sllidar_ros2/environment/path.dsv\n'}
[61.505842] (sllidar_ros2) StdoutLine: {'line': b'-- Installing: /home/rospi/aug_2024/install/sllidar_ros2/share/sllidar_ros2/local_setup.bash\n'}
[61.507088] (sllidar_ros2) StdoutLine: {'line': b'-- Installing: /home/rospi/aug_2024/install/sllidar_ros2/share/sllidar_ros2/local_setup.sh\n'}
[61.508290] (sllidar_ros2) StdoutLine: {'line': b'-- Installing: /home/rospi/aug_2024/install/sllidar_ros2/share/sllidar_ros2/local_setup.zsh\n'}
[61.509468] (sllidar_ros2) StdoutLine: {'line': b'-- Installing: /home/rospi/aug_2024/install/sllidar_ros2/share/sllidar_ros2/local_setup.dsv\n'}
[61.510648] (sllidar_ros2) StdoutLine: {'line': b'-- Installing: /home/rospi/aug_2024/install/sllidar_ros2/share/sllidar_ros2/package.dsv\n'}
[61.512171] (sllidar_ros2) StdoutLine: {'line': b'-- Installing: /home/rospi/aug_2024/install/sllidar_ros2/share/ament_index/resource_index/packages/sllidar_ros2\n'}
[61.513769] (sllidar_ros2) StdoutLine: {'line': b'-- Installing: /home/rospi/aug_2024/install/sllidar_ros2/share/sllidar_ros2/cmake/ament_cmake_export_dependencies-extras.cmake\n'}
[61.515215] (sllidar_ros2) StdoutLine: {'line': b'-- Installing: /home/rospi/aug_2024/install/sllidar_ros2/share/sllidar_ros2/cmake/ament_cmake_export_include_directories-extras.cmake\n'}
[61.516586] (sllidar_ros2) StdoutLine: {'line': b'-- Installing: /home/rospi/aug_2024/install/sllidar_ros2/share/sllidar_ros2/cmake/sllidar_ros2Config.cmake\n'}
[61.517660] (sllidar_ros2) StdoutLine: {'line': b'-- Installing: /home/rospi/aug_2024/install/sllidar_ros2/share/sllidar_ros2/cmake/sllidar_ros2Config-version.cmake\n'}
[61.518926] (sllidar_ros2) StdoutLine: {'line': b'-- Installing: /home/rospi/aug_2024/install/sllidar_ros2/share/sllidar_ros2/package.xml\n'}
[61.521720] (-) TimerEvent: {}
[61.525487] (sllidar_ros2) CommandEnded: {'returncode': 0}
[61.587907] (sllidar_ros2) JobEnded: {'identifier': 'sllidar_ros2', 'rc': 0}
[61.596043] (BMC_2024) JobStarted: {'identifier': 'BMC_2024'}
[61.621882] (-) TimerEvent: {}
[61.628135] (BMC_2024) JobProgress: {'identifier': 'BMC_2024', 'progress': 'cmake'}
[61.630053] (BMC_2024) Command: {'cmd': ['/usr/bin/cmake', '/home/rospi/aug_2024/src/BMC_2024', '-DCMAKE_INSTALL_PREFIX=/home/rospi/aug_2024/install/BMC_2024'], 'cwd': '/home/rospi/aug_2024/build/BMC_2024', 'env': OrderedDict([('LESSOPEN', '| /usr/bin/lesspipe %s'), ('USER', 'rospi'), ('SSH_CLIENT', '10.150.42.143 64037 22'), ('XDG_SESSION_TYPE', 'tty'), ('SHLVL', '1'), ('LD_LIBRARY_PATH', '/home/rospi/aug_2024/install/BMC_2024/lib:/home/rospi/aug_2024/install/pigpio/lib:/opt/ros/humble/opt/rviz_ogre_vendor/lib:/opt/ros/humble/lib/aarch64-linux-gnu:/opt/ros/humble/lib'), ('MOTD_SHOWN', 'pam'), ('HOME', '/home/rospi'), ('OLDPWD', '/home/rospi'), ('SSH_TTY', '/dev/pts/1'), ('ROS_PYTHON_VERSION', '3'), ('DBUS_SESSION_BUS_ADDRESS', 'unix:path=/run/user/1000/bus'), ('COLCON_PREFIX_PATH', '/home/rospi/aug_2024/install'), ('ROS_DISTRO', 'humble'), ('LOGNAME', 'rospi'), ('_', '/usr/bin/colcon'), ('ROS_VERSION', '2'), ('XDG_SESSION_CLASS', 'user'), ('TERM', 'xterm-256color'), ('XDG_SESSION_ID', '3'), ('ROS_LOCALHOST_ONLY', '0'), ('PATH', '/home/rospi/aug_2024/install/pigpio/bin:/opt/ros/humble/bin:/usr/local/sbin:/usr/local/bin:/usr/sbin:/usr/bin:/sbin:/bin:/usr/games:/usr/local/games:/snap/bin'), ('XDG_RUNTIME_DIR', '/run/user/1000'), ('LANG', 'en_US.UTF-8'), ('LS_COLORS', 'rs=0:di=01;34:ln=01;36:mh=00:pi=40;33:so=01;35:do=01;35:bd=40;33;01:cd=40;33;01:or=40;31;01:mi=00:su=37;41:sg=30;43:ca=30;41:tw=30;42:ow=34;42:st=37;44:ex=01;32:*.tar=01;31:*.tgz=01;31:*.arc=01;31:*.arj=01;31:*.taz=01;31:*.lha=01;31:*.lz4=01;31:*.lzh=01;31:*.lzma=01;31:*.tlz=01;31:*.txz=01;31:*.tzo=01;31:*.t7z=01;31:*.zip=01;31:*.z=01;31:*.dz=01;31:*.gz=01;31:*.lrz=01;31:*.lz=01;31:*.lzo=01;31:*.xz=01;31:*.zst=01;31:*.tzst=01;31:*.bz2=01;31:*.bz=01;31:*.tbz=01;31:*.tbz2=01;31:*.tz=01;31:*.deb=01;31:*.rpm=01;31:*.jar=01;31:*.war=01;31:*.ear=01;31:*.sar=01;31:*.rar=01;31:*.alz=01;31:*.ace=01;31:*.zoo=01;31:*.cpio=01;31:*.7z=01;31:*.rz=01;31:*.cab=01;31:*.wim=01;31:*.swm=01;31:*.dwm=01;31:*.esd=01;31:*.jpg=01;35:*.jpeg=01;35:*.mjpg=01;35:*.mjpeg=01;35:*.gif=01;35:*.bmp=01;35:*.pbm=01;35:*.pgm=01;35:*.ppm=01;35:*.tga=01;35:*.xbm=01;35:*.xpm=01;35:*.tif=01;35:*.tiff=01;35:*.png=01;35:*.svg=01;35:*.svgz=01;35:*.mng=01;35:*.pcx=01;35:*.mov=01;35:*.mpg=01;35:*.mpeg=01;35:*.m2v=01;35:*.mkv=01;35:*.webm=01;35:*.webp=01;35:*.ogm=01;35:*.mp4=01;35:*.m4v=01;35:*.mp4v=01;35:*.vob=01;35:*.qt=01;35:*.nuv=01;35:*.wmv=01;35:*.asf=01;35:*.rm=01;35:*.rmvb=01;35:*.flc=01;35:*.avi=01;35:*.fli=01;35:*.flv=01;35:*.gl=01;35:*.dl=01;35:*.xcf=01;35:*.xwd=01;35:*.yuv=01;35:*.cgm=01;35:*.emf=01;35:*.ogv=01;35:*.ogx=01;35:*.aac=00;36:*.au=00;36:*.flac=00;36:*.m4a=00;36:*.mid=00;36:*.midi=00;36:*.mka=00;36:*.mp3=00;36:*.mpc=00;36:*.ogg=00;36:*.ra=00;36:*.wav=00;36:*.oga=00;36:*.opus=00;36:*.spx=00;36:*.xspf=00;36:'), ('AMENT_PREFIX_PATH', '/home/rospi/aug_2024/install/aug_2024:/home/rospi/aug_2024/install/BMC_2024:/home/rospi/aug_2024/install/sllidar_ros2:/home/rospi/aug_2024/install/my_robot_nav2:/opt/ros/humble'), ('SHELL', '/bin/bash'), ('LESSCLOSE', '/usr/bin/lesspipe %s %s'), ('PWD', '/home/rospi/aug_2024/build/BMC_2024'), ('LC_ALL', 'en_US.UTF-8'), ('SSH_CONNECTION', '10.150.42.143 64037 10.6.102.87 22'), ('XDG_DATA_DIRS', '/usr/local/share:/usr/share:/var/lib/snapd/desktop'), ('PYTHONPATH', '/opt/ros/humble/lib/python3.10/site-packages:/opt/ros/humble/local/lib/python3.10/dist-packages'), ('COLCON', '1'), ('CMAKE_PREFIX_PATH', '/home/rospi/aug_2024/install/sllidar_ros2:/home/rospi/aug_2024/install/aug_2024:/home/rospi/aug_2024/install/BMC_2024:/home/rospi/aug_2024/install/pigpio:/home/rospi/aug_2024/install/my_robot_nav2:/opt/ros/humble')]), 'shell': False}
[61.722109] (-) TimerEvent: {}
[61.822950] (-) TimerEvent: {}
[61.901883] (BMC_2024) StdoutLine: {'line': b'-- The C compiler identification is GNU 11.4.0\n'}
[61.923146] (-) TimerEvent: {}
[62.023909] (-) TimerEvent: {}
[62.124854] (-) TimerEvent: {}
[62.177911] (BMC_2024) StdoutLine: {'line': b'-- The CXX compiler identification is GNU 11.4.0\n'}
[62.207480] (BMC_2024) StdoutLine: {'line': b'-- Detecting C compiler ABI info\n'}
[62.225016] (-) TimerEvent: {}
[62.325761] (-) TimerEvent: {}
[62.426573] (-) TimerEvent: {}
[62.527316] (-) TimerEvent: {}
[62.532485] (BMC_2024) StdoutLine: {'line': b'-- Detecting C compiler ABI info - done\n'}
[62.560317] (BMC_2024) StdoutLine: {'line': b'-- Check for working C compiler: /usr/bin/cc - skipped\n'}
[62.561227] (BMC_2024) StdoutLine: {'line': b'-- Detecting C compile features\n'}
[62.562804] (BMC_2024) StdoutLine: {'line': b'-- Detecting C compile features - done\n'}
[62.575239] (BMC_2024) StdoutLine: {'line': b'-- Detecting CXX compiler ABI info\n'}
[62.627511] (-) TimerEvent: {}
[62.728242] (-) TimerEvent: {}
[62.829081] (-) TimerEvent: {}
[62.929896] (-) TimerEvent: {}
[62.936025] (BMC_2024) StdoutLine: {'line': b'-- Detecting CXX compiler ABI info - done\n'}
[62.964506] (BMC_2024) StdoutLine: {'line': b'-- Check for working CXX compiler: /usr/bin/c++ - skipped\n'}
[62.965499] (BMC_2024) StdoutLine: {'line': b'-- Detecting CXX compile features\n'}
[62.967385] (BMC_2024) StdoutLine: {'line': b'-- Detecting CXX compile features - done\n'}
[63.009379] (BMC_2024) StdoutLine: {'line': b'-- Found ament_cmake: 1.3.11 (/opt/ros/humble/share/ament_cmake/cmake)\n'}
[63.030175] (-) TimerEvent: {}
[63.130929] (-) TimerEvent: {}
[63.231768] (-) TimerEvent: {}
[63.332850] (-) TimerEvent: {}
[63.433580] (-) TimerEvent: {}
[63.534528] (-) TimerEvent: {}
[63.635318] (-) TimerEvent: {}
[63.736052] (-) TimerEvent: {}
[63.836731] (-) TimerEvent: {}
[63.868593] (BMC_2024) StdoutLine: {'line': b'-- Found Python3: /usr/bin/python3 (found version "3.10.12") found components: Interpreter \n'}
[63.936903] (-) TimerEvent: {}
[64.037554] (-) TimerEvent: {}
[64.138281] (-) TimerEvent: {}
[64.239163] (-) TimerEvent: {}
[64.339806] (-) TimerEvent: {}
[64.440439] (-) TimerEvent: {}
[64.541076] (-) TimerEvent: {}
[64.641710] (-) TimerEvent: {}
[64.659253] (BMC_2024) StdoutLine: {'line': b'-- Found hardware_interface: 2.49.0 (/opt/ros/humble/share/hardware_interface/cmake)\n'}
[64.741878] (-) TimerEvent: {}
[64.842544] (-) TimerEvent: {}
[64.943209] (-) TimerEvent: {}
[65.043988] (-) TimerEvent: {}
[65.144712] (-) TimerEvent: {}
[65.205194] (BMC_2024) StdoutLine: {'line': b'-- Found rosidl_generator_c: 3.1.6 (/opt/ros/humble/share/rosidl_generator_c/cmake)\n'}
[65.244871] (-) TimerEvent: {}
[65.279566] (BMC_2024) StdoutLine: {'line': b'-- Found rosidl_adapter: 3.1.6 (/opt/ros/humble/share/rosidl_adapter/cmake)\n'}
[65.345106] (-) TimerEvent: {}
[65.378939] (BMC_2024) StdoutLine: {'line': b'-- Found rosidl_generator_cpp: 3.1.6 (/opt/ros/humble/share/rosidl_generator_cpp/cmake)\n'}
[65.445299] (-) TimerEvent: {}
[65.492426] (BMC_2024) StdoutLine: {'line': b'-- Using all available rosidl_typesupport_c: rosidl_typesupport_fastrtps_c;rosidl_typesupport_introspection_c\n'}
[65.545481] (-) TimerEvent: {}
[65.643569] (BMC_2024) StdoutLine: {'line': b'-- Using all available rosidl_typesupport_cpp: rosidl_typesupport_fastrtps_cpp;rosidl_typesupport_introspection_cpp\n'}
[65.645610] (-) TimerEvent: {}
[65.746211] (-) TimerEvent: {}
[65.846930] (-) TimerEvent: {}
[65.947625] (-) TimerEvent: {}
[66.048283] (-) TimerEvent: {}
[66.148960] (-) TimerEvent: {}
[66.249670] (-) TimerEvent: {}
[66.350377] (-) TimerEvent: {}
[66.451079] (-) TimerEvent: {}
[66.551741] (-) TimerEvent: {}
[66.652381] (-) TimerEvent: {}
[66.753033] (-) TimerEvent: {}
[66.853665] (-) TimerEvent: {}
[66.954294] (-) TimerEvent: {}
[67.054951] (-) TimerEvent: {}
[67.155592] (-) TimerEvent: {}
[67.256248] (-) TimerEvent: {}
[67.349191] (BMC_2024) StdoutLine: {'line': b'-- Found rmw_implementation_cmake: 6.1.2 (/opt/ros/humble/share/rmw_implementation_cmake/cmake)\n'}
[67.356400] (-) TimerEvent: {}
[67.387122] (BMC_2024) StdoutLine: {'line': b'-- Found rmw_fastrtps_cpp: 6.2.7 (/opt/ros/humble/share/rmw_fastrtps_cpp/cmake)\n'}
[67.456571] (-) TimerEvent: {}
[67.557335] (-) TimerEvent: {}
[67.639063] (BMC_2024) StdoutLine: {'line': b'-- Found TinyXML2 via Config file: TinyXML2_DIR-NOTFOUND\n'}
[67.658621] (-) TimerEvent: {}
[67.759420] (-) TimerEvent: {}
[67.860221] (-) TimerEvent: {}
[67.886680] (BMC_2024) StdoutLine: {'line': b'-- Found OpenSSL: /usr/lib/aarch64-linux-gnu/libcrypto.so (found version "3.0.2")  \n'}
[67.901187] (BMC_2024) StdoutLine: {'line': b'-- Found TinyXML2 via Config file: TinyXML2_DIR-NOTFOUND\n'}
[67.960386] (-) TimerEvent: {}
[67.987971] (BMC_2024) StdoutLine: {'line': b'-- Found FastRTPS: /opt/ros/humble/include  \n'}
[68.001114] (BMC_2024) StdoutLine: {'line': b'-- Found TinyXML2 via Config file: TinyXML2_DIR-NOTFOUND\n'}
[68.033673] (BMC_2024) StdoutLine: {'line': b'-- Found TinyXML2 via Config file: TinyXML2_DIR-NOTFOUND\n'}
[68.060586] (-) TimerEvent: {}
[68.071741] (BMC_2024) StdoutLine: {'line': b"-- Using RMW implementation 'rmw_fastrtps_cpp' as default\n"}
[68.160752] (-) TimerEvent: {}
[68.188159] (BMC_2024) StdoutLine: {'line': b'-- Looking for pthread.h\n'}
[68.260967] (-) TimerEvent: {}
[68.361747] (-) TimerEvent: {}
[68.462542] (-) TimerEvent: {}
[68.534673] (BMC_2024) StdoutLine: {'line': b'-- Looking for pthread.h - found\n'}
[68.535782] (BMC_2024) StdoutLine: {'line': b'-- Performing Test CMAKE_HAVE_LIBC_PTHREAD\n'}
[68.562719] (-) TimerEvent: {}
[68.663483] (-) TimerEvent: {}
[68.764256] (-) TimerEvent: {}
[68.865105] (-) TimerEvent: {}
[68.882847] (BMC_2024) StdoutLine: {'line': b'-- Performing Test CMAKE_HAVE_LIBC_PTHREAD - Success\n'}
[68.887076] (BMC_2024) StdoutLine: {'line': b'-- Found Threads: TRUE  \n'}
[68.965299] (-) TimerEvent: {}
[69.065989] (-) TimerEvent: {}
[69.166718] (-) TimerEvent: {}
[69.226471] (BMC_2024) StdoutLine: {'line': b'-- Found sllidar_ros2: 1.0.1 (/home/rospi/aug_2024/install/sllidar_ros2/share/sllidar_ros2/cmake)\n'}
[69.238852] (BMC_2024) StderrLine: {'line': b'\x1b[33mCMake Warning at /home/rospi/aug_2024/install/sllidar_ros2/share/sllidar_ros2/cmake/ament_cmake_export_include_directories-extras.cmake:11 (message):\n'}
[69.239568] (BMC_2024) StderrLine: {'line': b"  Package 'sllidar_ros2' exports the include directory\n"}
[69.240030] (BMC_2024) StderrLine: {'line': b"  '/home/rospi/aug_2024/install/sllidar_ros2/share/sllidar_ros2/cmake/../../../include'\n"}
[69.240444] (BMC_2024) StderrLine: {'line': b"  which doesn't exist\n"}
[69.240769] (BMC_2024) StderrLine: {'line': b'Call Stack (most recent call first):\n'}
[69.241113] (BMC_2024) StderrLine: {'line': b'  /home/rospi/aug_2024/install/sllidar_ros2/share/sllidar_ros2/cmake/sllidar_ros2Config.cmake:41 (include)\n'}
[69.241489] (BMC_2024) StderrLine: {'line': b'  CMakeLists.txt:19 (find_package)\n'}
[69.241840] (BMC_2024) StderrLine: {'line': b'\n'}
[69.242495] (BMC_2024) StderrLine: {'line': b'\x1b[0m\n'}
[69.266895] (-) TimerEvent: {}
[69.367613] (-) TimerEvent: {}
[69.468258] (-) TimerEvent: {}
[69.542735] (BMC_2024) StderrLine: {'line': b'WARNING: Package name "BMC_2024" does not follow the naming conventions. It should start with a lower case letter and only contain lower case letters, digits, underscores, and dashes.\n'}
[69.568507] (-) TimerEvent: {}
[69.620067] (BMC_2024) StdoutLine: {'line': b'-- Configuring done\n'}
[69.668678] (-) TimerEvent: {}
[69.769385] (-) TimerEvent: {}
[69.805722] (BMC_2024) StdoutLine: {'line': b'-- Generating done\n'}
[69.828151] (BMC_2024) StdoutLine: {'line': b'-- Build files have been written to: /home/rospi/aug_2024/build/BMC_2024\n'}
[69.868615] (BMC_2024) CommandEnded: {'returncode': 0}
[69.870021] (-) TimerEvent: {}
[69.870983] (BMC_2024) JobProgress: {'identifier': 'BMC_2024', 'progress': 'build'}
[69.874602] (BMC_2024) Command: {'cmd': ['/usr/bin/cmake', '--build', '/home/rospi/aug_2024/build/BMC_2024', '--', '-j4', '-l4'], 'cwd': '/home/rospi/aug_2024/build/BMC_2024', 'env': OrderedDict([('LESSOPEN', '| /usr/bin/lesspipe %s'), ('USER', 'rospi'), ('SSH_CLIENT', '10.150.42.143 64037 22'), ('XDG_SESSION_TYPE', 'tty'), ('SHLVL', '1'), ('LD_LIBRARY_PATH', '/home/rospi/aug_2024/install/BMC_2024/lib:/home/rospi/aug_2024/install/pigpio/lib:/opt/ros/humble/opt/rviz_ogre_vendor/lib:/opt/ros/humble/lib/aarch64-linux-gnu:/opt/ros/humble/lib'), ('MOTD_SHOWN', 'pam'), ('HOME', '/home/rospi'), ('OLDPWD', '/home/rospi'), ('SSH_TTY', '/dev/pts/1'), ('ROS_PYTHON_VERSION', '3'), ('DBUS_SESSION_BUS_ADDRESS', 'unix:path=/run/user/1000/bus'), ('COLCON_PREFIX_PATH', '/home/rospi/aug_2024/install'), ('ROS_DISTRO', 'humble'), ('LOGNAME', 'rospi'), ('_', '/usr/bin/colcon'), ('ROS_VERSION', '2'), ('XDG_SESSION_CLASS', 'user'), ('TERM', 'xterm-256color'), ('XDG_SESSION_ID', '3'), ('ROS_LOCALHOST_ONLY', '0'), ('PATH', '/home/rospi/aug_2024/install/pigpio/bin:/opt/ros/humble/bin:/usr/local/sbin:/usr/local/bin:/usr/sbin:/usr/bin:/sbin:/bin:/usr/games:/usr/local/games:/snap/bin'), ('XDG_RUNTIME_DIR', '/run/user/1000'), ('LANG', 'en_US.UTF-8'), ('LS_COLORS', 'rs=0:di=01;34:ln=01;36:mh=00:pi=40;33:so=01;35:do=01;35:bd=40;33;01:cd=40;33;01:or=40;31;01:mi=00:su=37;41:sg=30;43:ca=30;41:tw=30;42:ow=34;42:st=37;44:ex=01;32:*.tar=01;31:*.tgz=01;31:*.arc=01;31:*.arj=01;31:*.taz=01;31:*.lha=01;31:*.lz4=01;31:*.lzh=01;31:*.lzma=01;31:*.tlz=01;31:*.txz=01;31:*.tzo=01;31:*.t7z=01;31:*.zip=01;31:*.z=01;31:*.dz=01;31:*.gz=01;31:*.lrz=01;31:*.lz=01;31:*.lzo=01;31:*.xz=01;31:*.zst=01;31:*.tzst=01;31:*.bz2=01;31:*.bz=01;31:*.tbz=01;31:*.tbz2=01;31:*.tz=01;31:*.deb=01;31:*.rpm=01;31:*.jar=01;31:*.war=01;31:*.ear=01;31:*.sar=01;31:*.rar=01;31:*.alz=01;31:*.ace=01;31:*.zoo=01;31:*.cpio=01;31:*.7z=01;31:*.rz=01;31:*.cab=01;31:*.wim=01;31:*.swm=01;31:*.dwm=01;31:*.esd=01;31:*.jpg=01;35:*.jpeg=01;35:*.mjpg=01;35:*.mjpeg=01;35:*.gif=01;35:*.bmp=01;35:*.pbm=01;35:*.pgm=01;35:*.ppm=01;35:*.tga=01;35:*.xbm=01;35:*.xpm=01;35:*.tif=01;35:*.tiff=01;35:*.png=01;35:*.svg=01;35:*.svgz=01;35:*.mng=01;35:*.pcx=01;35:*.mov=01;35:*.mpg=01;35:*.mpeg=01;35:*.m2v=01;35:*.mkv=01;35:*.webm=01;35:*.webp=01;35:*.ogm=01;35:*.mp4=01;35:*.m4v=01;35:*.mp4v=01;35:*.vob=01;35:*.qt=01;35:*.nuv=01;35:*.wmv=01;35:*.asf=01;35:*.rm=01;35:*.rmvb=01;35:*.flc=01;35:*.avi=01;35:*.fli=01;35:*.flv=01;35:*.gl=01;35:*.dl=01;35:*.xcf=01;35:*.xwd=01;35:*.yuv=01;35:*.cgm=01;35:*.emf=01;35:*.ogv=01;35:*.ogx=01;35:*.aac=00;36:*.au=00;36:*.flac=00;36:*.m4a=00;36:*.mid=00;36:*.midi=00;36:*.mka=00;36:*.mp3=00;36:*.mpc=00;36:*.ogg=00;36:*.ra=00;36:*.wav=00;36:*.oga=00;36:*.opus=00;36:*.spx=00;36:*.xspf=00;36:'), ('AMENT_PREFIX_PATH', '/home/rospi/aug_2024/install/aug_2024:/home/rospi/aug_2024/install/BMC_2024:/home/rospi/aug_2024/install/sllidar_ros2:/home/rospi/aug_2024/install/my_robot_nav2:/opt/ros/humble'), ('SHELL', '/bin/bash'), ('LESSCLOSE', '/usr/bin/lesspipe %s %s'), ('PWD', '/home/rospi/aug_2024/build/BMC_2024'), ('LC_ALL', 'en_US.UTF-8'), ('SSH_CONNECTION', '10.150.42.143 64037 10.6.102.87 22'), ('XDG_DATA_DIRS', '/usr/local/share:/usr/share:/var/lib/snapd/desktop'), ('PYTHONPATH', '/opt/ros/humble/lib/python3.10/site-packages:/opt/ros/humble/local/lib/python3.10/dist-packages'), ('COLCON', '1'), ('CMAKE_PREFIX_PATH', '/home/rospi/aug_2024/install/sllidar_ros2:/home/rospi/aug_2024/install/aug_2024:/home/rospi/aug_2024/install/BMC_2024:/home/rospi/aug_2024/install/pigpio:/home/rospi/aug_2024/install/my_robot_nav2:/opt/ros/humble')]), 'shell': False}
[69.970252] (-) TimerEvent: {}
[70.071012] (-) TimerEvent: {}
[70.106633] (BMC_2024) StdoutLine: {'line': b'[ 66%] \x1b[32mBuilding CXX object CMakeFiles/BMC_2024.dir/src/bmc_comms.cpp.o\x1b[0m\n'}
[70.107391] (BMC_2024) StdoutLine: {'line': b'[ 66%] \x1b[32mBuilding CXX object CMakeFiles/BMC_2024.dir/src/aug_2024_system.cpp.o\x1b[0m\n'}
[70.171219] (-) TimerEvent: {}
[70.271958] (-) TimerEvent: {}
[70.372974] (-) TimerEvent: {}
[70.473753] (-) TimerEvent: {}
[70.574539] (-) TimerEvent: {}
[70.675293] (-) TimerEvent: {}
[70.776112] (-) TimerEvent: {}
[70.876937] (-) TimerEvent: {}
[70.977833] (-) TimerEvent: {}
[71.078585] (-) TimerEvent: {}
[71.179346] (-) TimerEvent: {}
[71.280085] (-) TimerEvent: {}
[71.380868] (-) TimerEvent: {}
[71.481631] (-) TimerEvent: {}
[71.582653] (-) TimerEvent: {}
[71.684115] (-) TimerEvent: {}
[71.785451] (-) TimerEvent: {}
[71.887181] (-) TimerEvent: {}
[71.988540] (-) TimerEvent: {}
[72.089286] (-) TimerEvent: {}
[72.190246] (-) TimerEvent: {}
[72.290963] (-) TimerEvent: {}
[72.391688] (-) TimerEvent: {}
[72.492446] (-) TimerEvent: {}
[72.593201] (-) TimerEvent: {}
[72.694021] (-) TimerEvent: {}
[72.795010] (-) TimerEvent: {}
[72.895790] (-) TimerEvent: {}
[72.996648] (-) TimerEvent: {}
[73.097571] (-) TimerEvent: {}
[73.198626] (-) TimerEvent: {}
[73.299617] (-) TimerEvent: {}
[73.402615] (-) TimerEvent: {}
[73.503420] (-) TimerEvent: {}
[73.604252] (-) TimerEvent: {}
[73.705843] (-) TimerEvent: {}
[73.807551] (-) TimerEvent: {}
[73.909173] (-) TimerEvent: {}
[74.010565] (-) TimerEvent: {}
[74.111956] (-) TimerEvent: {}
[74.213580] (-) TimerEvent: {}
[74.315054] (-) TimerEvent: {}
[74.416766] (-) TimerEvent: {}
[74.518367] (-) TimerEvent: {}
[74.620073] (-) TimerEvent: {}
[74.721676] (-) TimerEvent: {}
[74.823139] (-) TimerEvent: {}
[74.924935] (-) TimerEvent: {}
[75.026527] (-) TimerEvent: {}
[75.128102] (-) TimerEvent: {}
[75.229540] (-) TimerEvent: {}
[75.331020] (-) TimerEvent: {}
[75.432533] (-) TimerEvent: {}
[75.533441] (-) TimerEvent: {}
[75.634889] (-) TimerEvent: {}
[75.736355] (-) TimerEvent: {}
[75.837876] (-) TimerEvent: {}
[75.938813] (-) TimerEvent: {}
[76.039641] (-) TimerEvent: {}
[76.140557] (-) TimerEvent: {}
[76.241465] (-) TimerEvent: {}
[76.342367] (-) TimerEvent: {}
[76.443208] (-) TimerEvent: {}
[76.544113] (-) TimerEvent: {}
[76.644990] (-) TimerEvent: {}
[76.745908] (-) TimerEvent: {}
[76.846749] (-) TimerEvent: {}
[76.947587] (-) TimerEvent: {}
[77.048433] (-) TimerEvent: {}
[77.149380] (-) TimerEvent: {}
[77.250470] (-) TimerEvent: {}
[77.352002] (-) TimerEvent: {}
[77.453644] (-) TimerEvent: {}
[77.554610] (-) TimerEvent: {}
[77.655444] (-) TimerEvent: {}
[77.756287] (-) TimerEvent: {}
[77.857127] (-) TimerEvent: {}
[77.957947] (-) TimerEvent: {}
[78.058794] (-) TimerEvent: {}
[78.159629] (-) TimerEvent: {}
[78.260435] (-) TimerEvent: {}
[78.361294] (-) TimerEvent: {}
[78.462100] (-) TimerEvent: {}
[78.562983] (-) TimerEvent: {}
[78.663832] (-) TimerEvent: {}
[78.764849] (-) TimerEvent: {}
[78.865658] (-) TimerEvent: {}
[78.966500] (-) TimerEvent: {}
[79.067313] (-) TimerEvent: {}
[79.168183] (-) TimerEvent: {}
[79.268968] (-) TimerEvent: {}
[79.369753] (-) TimerEvent: {}
[79.470590] (-) TimerEvent: {}
[79.574635] (-) TimerEvent: {}
[79.685070] (-) TimerEvent: {}
[79.790662] (-) TimerEvent: {}
[79.891453] (-) TimerEvent: {}
[79.992342] (-) TimerEvent: {}
[80.093190] (-) TimerEvent: {}
[80.193999] (-) TimerEvent: {}
[80.294868] (-) TimerEvent: {}
[80.395719] (-) TimerEvent: {}
[80.496703] (-) TimerEvent: {}
[80.597537] (-) TimerEvent: {}
[80.698360] (-) TimerEvent: {}
[80.799259] (-) TimerEvent: {}
[80.900094] (-) TimerEvent: {}
[81.000941] (-) TimerEvent: {}
[81.101763] (-) TimerEvent: {}
[81.202626] (-) TimerEvent: {}
[81.303469] (-) TimerEvent: {}
[81.406624] (-) TimerEvent: {}
[81.507664] (-) TimerEvent: {}
[81.608638] (-) TimerEvent: {}
[81.709551] (-) TimerEvent: {}
[81.810491] (-) TimerEvent: {}
[81.911362] (-) TimerEvent: {}
[82.012364] (-) TimerEvent: {}
[82.113302] (-) TimerEvent: {}
[82.214272] (-) TimerEvent: {}
[82.315261] (-) TimerEvent: {}
[82.416208] (-) TimerEvent: {}
[82.517022] (-) TimerEvent: {}
[82.617832] (-) TimerEvent: {}
[82.718685] (-) TimerEvent: {}
[82.819492] (-) TimerEvent: {}
[82.920355] (-) TimerEvent: {}
[83.021152] (-) TimerEvent: {}
[83.121956] (-) TimerEvent: {}
[83.222829] (-) TimerEvent: {}
[83.234204] (BMC_2024) StderrLine: {'line': b'\x1b[01m\x1b[K/home/rospi/aug_2024/src/BMC_2024/src/aug_2024_system.cpp:\x1b[m\x1b[K In member function \xe2\x80\x98\x1b[01m\x1b[Kvirtual hardware_interface::return_type BMC_2024::AUG2024Hardware::read(const rclcpp::Time&, const rclcpp::Duration&)\x1b[m\x1b[K\xe2\x80\x99:\n'}
[83.235106] (BMC_2024) StderrLine: {'line': b'\x1b[01m\x1b[K/home/rospi/aug_2024/src/BMC_2024/src/aug_2024_system.cpp:278:59:\x1b[m\x1b[K \x1b[01;35m\x1b[Kwarning: \x1b[m\x1b[Kunused parameter \xe2\x80\x98\x1b[01m\x1b[Kperiod\x1b[m\x1b[K\xe2\x80\x99 [\x1b[01;35m\x1b[K\x1b]8;;https://gcc.gnu.org/onlinedocs/gcc/Warning-Options.html#index-Wunused-parameter\x07-Wunused-parameter\x1b]8;;\x07\x1b[m\x1b[K]\n'}
[83.235796] (BMC_2024) StderrLine: {'line': b'  278 |   const rclcpp::Time & /*time*/, \x1b[01;35m\x1b[Kconst rclcpp::Duration & period\x1b[m\x1b[K)\n'}
[83.236421] (BMC_2024) StderrLine: {'line': b'      |                                  \x1b[01;35m\x1b[K~~~~~~~~~~~~~~~~~~~~~~~~~^~~~~~\x1b[m\x1b[K\n'}
[83.323042] (-) TimerEvent: {}
[83.423960] (-) TimerEvent: {}
[83.524866] (-) TimerEvent: {}
[83.625815] (-) TimerEvent: {}
[83.726994] (-) TimerEvent: {}
[83.835222] (-) TimerEvent: {}
[83.936079] (-) TimerEvent: {}
[84.037038] (-) TimerEvent: {}
[84.137928] (-) TimerEvent: {}
[84.238807] (-) TimerEvent: {}
[84.339621] (-) TimerEvent: {}
[84.440415] (-) TimerEvent: {}
[84.541229] (-) TimerEvent: {}
[84.642030] (-) TimerEvent: {}
[84.742896] (-) TimerEvent: {}
[84.843693] (-) TimerEvent: {}
[84.944490] (-) TimerEvent: {}
[85.045268] (-) TimerEvent: {}
[85.146055] (-) TimerEvent: {}
[85.246849] (-) TimerEvent: {}
[85.347704] (-) TimerEvent: {}
[85.448801] (-) TimerEvent: {}
[85.550819] (-) TimerEvent: {}
[85.654690] (-) TimerEvent: {}
[85.755550] (-) TimerEvent: {}
[85.856371] (-) TimerEvent: {}
[85.957181] (-) TimerEvent: {}
[86.057989] (-) TimerEvent: {}
[86.158865] (-) TimerEvent: {}
[86.259590] (-) TimerEvent: {}
[86.360317] (-) TimerEvent: {}
[86.461047] (-) TimerEvent: {}
[86.561758] (-) TimerEvent: {}
[86.662545] (-) TimerEvent: {}
[86.763216] (-) TimerEvent: {}
[86.863921] (-) TimerEvent: {}
[86.964621] (-) TimerEvent: {}
[87.065299] (-) TimerEvent: {}
[87.166004] (-) TimerEvent: {}
[87.266762] (-) TimerEvent: {}
[87.367466] (-) TimerEvent: {}
[87.468174] (-) TimerEvent: {}
[87.568880] (-) TimerEvent: {}
[87.669593] (-) TimerEvent: {}
[87.770352] (-) TimerEvent: {}
[87.871297] (-) TimerEvent: {}
[87.972179] (-) TimerEvent: {}
[88.072984] (-) TimerEvent: {}
[88.158399] (BMC_2024) StdoutLine: {'line': b'[100%] \x1b[32m\x1b[1mLinking CXX shared library libBMC_2024.so\x1b[0m\n'}
[88.173184] (-) TimerEvent: {}
[88.274350] (-) TimerEvent: {}
[88.375420] (-) TimerEvent: {}
[88.476340] (-) TimerEvent: {}
[88.577248] (-) TimerEvent: {}
[88.678062] (-) TimerEvent: {}
[88.779000] (-) TimerEvent: {}
[88.880035] (-) TimerEvent: {}
[88.980791] (-) TimerEvent: {}
[89.081626] (-) TimerEvent: {}
[89.174283] (BMC_2024) StdoutLine: {'line': b'[100%] Built target BMC_2024\n'}
[89.181816] (-) TimerEvent: {}
[89.217045] (BMC_2024) CommandEnded: {'returncode': 0}
[89.219334] (BMC_2024) JobProgress: {'identifier': 'BMC_2024', 'progress': 'install'}
[89.220353] (BMC_2024) Command: {'cmd': ['/usr/bin/cmake', '--install', '/home/rospi/aug_2024/build/BMC_2024'], 'cwd': '/home/rospi/aug_2024/build/BMC_2024', 'env': OrderedDict([('LESSOPEN', '| /usr/bin/lesspipe %s'), ('USER', 'rospi'), ('SSH_CLIENT', '10.150.42.143 64037 22'), ('XDG_SESSION_TYPE', 'tty'), ('SHLVL', '1'), ('LD_LIBRARY_PATH', '/home/rospi/aug_2024/install/BMC_2024/lib:/home/rospi/aug_2024/install/pigpio/lib:/opt/ros/humble/opt/rviz_ogre_vendor/lib:/opt/ros/humble/lib/aarch64-linux-gnu:/opt/ros/humble/lib'), ('MOTD_SHOWN', 'pam'), ('HOME', '/home/rospi'), ('OLDPWD', '/home/rospi'), ('SSH_TTY', '/dev/pts/1'), ('ROS_PYTHON_VERSION', '3'), ('DBUS_SESSION_BUS_ADDRESS', 'unix:path=/run/user/1000/bus'), ('COLCON_PREFIX_PATH', '/home/rospi/aug_2024/install'), ('ROS_DISTRO', 'humble'), ('LOGNAME', 'rospi'), ('_', '/usr/bin/colcon'), ('ROS_VERSION', '2'), ('XDG_SESSION_CLASS', 'user'), ('TERM', 'xterm-256color'), ('XDG_SESSION_ID', '3'), ('ROS_LOCALHOST_ONLY', '0'), ('PATH', '/home/rospi/aug_2024/install/pigpio/bin:/opt/ros/humble/bin:/usr/local/sbin:/usr/local/bin:/usr/sbin:/usr/bin:/sbin:/bin:/usr/games:/usr/local/games:/snap/bin'), ('XDG_RUNTIME_DIR', '/run/user/1000'), ('LANG', 'en_US.UTF-8'), ('LS_COLORS', 'rs=0:di=01;34:ln=01;36:mh=00:pi=40;33:so=01;35:do=01;35:bd=40;33;01:cd=40;33;01:or=40;31;01:mi=00:su=37;41:sg=30;43:ca=30;41:tw=30;42:ow=34;42:st=37;44:ex=01;32:*.tar=01;31:*.tgz=01;31:*.arc=01;31:*.arj=01;31:*.taz=01;31:*.lha=01;31:*.lz4=01;31:*.lzh=01;31:*.lzma=01;31:*.tlz=01;31:*.txz=01;31:*.tzo=01;31:*.t7z=01;31:*.zip=01;31:*.z=01;31:*.dz=01;31:*.gz=01;31:*.lrz=01;31:*.lz=01;31:*.lzo=01;31:*.xz=01;31:*.zst=01;31:*.tzst=01;31:*.bz2=01;31:*.bz=01;31:*.tbz=01;31:*.tbz2=01;31:*.tz=01;31:*.deb=01;31:*.rpm=01;31:*.jar=01;31:*.war=01;31:*.ear=01;31:*.sar=01;31:*.rar=01;31:*.alz=01;31:*.ace=01;31:*.zoo=01;31:*.cpio=01;31:*.7z=01;31:*.rz=01;31:*.cab=01;31:*.wim=01;31:*.swm=01;31:*.dwm=01;31:*.esd=01;31:*.jpg=01;35:*.jpeg=01;35:*.mjpg=01;35:*.mjpeg=01;35:*.gif=01;35:*.bmp=01;35:*.pbm=01;35:*.pgm=01;35:*.ppm=01;35:*.tga=01;35:*.xbm=01;35:*.xpm=01;35:*.tif=01;35:*.tiff=01;35:*.png=01;35:*.svg=01;35:*.svgz=01;35:*.mng=01;35:*.pcx=01;35:*.mov=01;35:*.mpg=01;35:*.mpeg=01;35:*.m2v=01;35:*.mkv=01;35:*.webm=01;35:*.webp=01;35:*.ogm=01;35:*.mp4=01;35:*.m4v=01;35:*.mp4v=01;35:*.vob=01;35:*.qt=01;35:*.nuv=01;35:*.wmv=01;35:*.asf=01;35:*.rm=01;35:*.rmvb=01;35:*.flc=01;35:*.avi=01;35:*.fli=01;35:*.flv=01;35:*.gl=01;35:*.dl=01;35:*.xcf=01;35:*.xwd=01;35:*.yuv=01;35:*.cgm=01;35:*.emf=01;35:*.ogv=01;35:*.ogx=01;35:*.aac=00;36:*.au=00;36:*.flac=00;36:*.m4a=00;36:*.mid=00;36:*.midi=00;36:*.mka=00;36:*.mp3=00;36:*.mpc=00;36:*.ogg=00;36:*.ra=00;36:*.wav=00;36:*.oga=00;36:*.opus=00;36:*.spx=00;36:*.xspf=00;36:'), ('AMENT_PREFIX_PATH', '/home/rospi/aug_2024/install/aug_2024:/home/rospi/aug_2024/install/BMC_2024:/home/rospi/aug_2024/install/sllidar_ros2:/home/rospi/aug_2024/install/my_robot_nav2:/opt/ros/humble'), ('SHELL', '/bin/bash'), ('LESSCLOSE', '/usr/bin/lesspipe %s %s'), ('PWD', '/home/rospi/aug_2024/build/BMC_2024'), ('LC_ALL', 'en_US.UTF-8'), ('SSH_CONNECTION', '10.150.42.143 64037 10.6.102.87 22'), ('XDG_DATA_DIRS', '/usr/local/share:/usr/share:/var/lib/snapd/desktop'), ('PYTHONPATH', '/opt/ros/humble/lib/python3.10/site-packages:/opt/ros/humble/local/lib/python3.10/dist-packages'), ('COLCON', '1'), ('CMAKE_PREFIX_PATH', '/home/rospi/aug_2024/install/sllidar_ros2:/home/rospi/aug_2024/install/aug_2024:/home/rospi/aug_2024/install/BMC_2024:/home/rospi/aug_2024/install/pigpio:/home/rospi/aug_2024/install/my_robot_nav2:/opt/ros/humble')]), 'shell': False}
[89.254694] (BMC_2024) StdoutLine: {'line': b'-- Install configuration: ""\n'}
[89.255835] (BMC_2024) StdoutLine: {'line': b'-- Installing: /home/rospi/aug_2024/install/BMC_2024/lib/libBMC_2024.so\n'}
[89.264104] (BMC_2024) StdoutLine: {'line': b'-- Set runtime path of "/home/rospi/aug_2024/install/BMC_2024/lib/libBMC_2024.so" to ""\n'}
[89.264705] (BMC_2024) StdoutLine: {'line': b'-- Installing: /home/rospi/aug_2024/install/BMC_2024/include\n'}
[89.265183] (BMC_2024) StdoutLine: {'line': b'-- Installing: /home/rospi/aug_2024/install/BMC_2024/include/BMC_2024\n'}
[89.265688] (BMC_2024) StdoutLine: {'line': b'-- Installing: /home/rospi/aug_2024/install/BMC_2024/include/BMC_2024/aug_2024_system.hpp\n'}
[89.266481] (BMC_2024) StdoutLine: {'line': b'-- Installing: /home/rospi/aug_2024/install/BMC_2024/include/BMC_2024/bmc_comms.hpp\n'}
[89.267476] (BMC_2024) StdoutLine: {'line': b'-- Installing: /home/rospi/aug_2024/install/BMC_2024/include/BMC_2024/visibility_control.h\n'}
[89.268918] (BMC_2024) StdoutLine: {'line': b'-- Installing: /home/rospi/aug_2024/install/BMC_2024/share/BMC_2024/aug_2024_hardware.xml\n'}
[89.270971] (BMC_2024) StdoutLine: {'line': b'-- Up-to-date: /home/rospi/aug_2024/install/BMC_2024/lib/libBMC_2024.so\n'}
[89.272643] (BMC_2024) StdoutLine: {'line': b'-- Installing: /home/rospi/aug_2024/install/BMC_2024/share/BMC_2024/environment/library_path.sh\n'}
[89.273897] (BMC_2024) StdoutLine: {'line': b'-- Installing: /home/rospi/aug_2024/install/BMC_2024/share/BMC_2024/environment/library_path.dsv\n'}
[89.275688] (BMC_2024) StdoutLine: {'line': b'-- Installing: /home/rospi/aug_2024/install/BMC_2024/share/ament_index/resource_index/package_run_dependencies/BMC_2024\n'}
[89.277363] (BMC_2024) StdoutLine: {'line': b'-- Installing: /home/rospi/aug_2024/install/BMC_2024/share/ament_index/resource_index/parent_prefix_path/BMC_2024\n'}
[89.278759] (BMC_2024) StdoutLine: {'line': b'-- Installing: /home/rospi/aug_2024/install/BMC_2024/share/BMC_2024/environment/ament_prefix_path.sh\n'}
[89.279979] (BMC_2024) StdoutLine: {'line': b'-- Installing: /home/rospi/aug_2024/install/BMC_2024/share/BMC_2024/environment/ament_prefix_path.dsv\n'}
[89.281212] (BMC_2024) StdoutLine: {'line': b'-- Installing: /home/rospi/aug_2024/install/BMC_2024/share/BMC_2024/environment/path.sh\n'}
[89.281904] (-) TimerEvent: {}
[89.282480] (BMC_2024) StdoutLine: {'line': b'-- Installing: /home/rospi/aug_2024/install/BMC_2024/share/BMC_2024/environment/path.dsv\n'}
[89.283765] (BMC_2024) StdoutLine: {'line': b'-- Installing: /home/rospi/aug_2024/install/BMC_2024/share/BMC_2024/local_setup.bash\n'}
[89.284888] (BMC_2024) StdoutLine: {'line': b'-- Installing: /home/rospi/aug_2024/install/BMC_2024/share/BMC_2024/local_setup.sh\n'}
[89.286065] (BMC_2024) StdoutLine: {'line': b'-- Installing: /home/rospi/aug_2024/install/BMC_2024/share/BMC_2024/local_setup.zsh\n'}
[89.287326] (BMC_2024) StdoutLine: {'line': b'-- Installing: /home/rospi/aug_2024/install/BMC_2024/share/BMC_2024/local_setup.dsv\n'}
[89.288518] (BMC_2024) StdoutLine: {'line': b'-- Installing: /home/rospi/aug_2024/install/BMC_2024/share/BMC_2024/package.dsv\n'}
[89.289974] (BMC_2024) StdoutLine: {'line': b'-- Installing: /home/rospi/aug_2024/install/BMC_2024/share/ament_index/resource_index/packages/BMC_2024\n'}
[89.291635] (BMC_2024) StdoutLine: {'line': b'-- Installing: /home/rospi/aug_2024/install/BMC_2024/share/ament_index/resource_index/hardware_interface__pluginlib__plugin/BMC_2024\n'}
[89.293315] (BMC_2024) StdoutLine: {'line': b'-- Installing: /home/rospi/aug_2024/install/BMC_2024/share/BMC_2024/cmake/ament_cmake_export_include_directories-extras.cmake\n'}
[89.294833] (BMC_2024) StdoutLine: {'line': b'-- Installing: /home/rospi/aug_2024/install/BMC_2024/share/BMC_2024/cmake/ament_cmake_export_libraries-extras.cmake\n'}
[89.296199] (BMC_2024) StdoutLine: {'line': b'-- Installing: /home/rospi/aug_2024/install/BMC_2024/share/BMC_2024/cmake/ament_cmake_export_dependencies-extras.cmake\n'}
[89.297462] (BMC_2024) StdoutLine: {'line': b'-- Installing: /home/rospi/aug_2024/install/BMC_2024/share/BMC_2024/cmake/BMC_2024Config.cmake\n'}
[89.298507] (BMC_2024) StdoutLine: {'line': b'-- Installing: /home/rospi/aug_2024/install/BMC_2024/share/BMC_2024/cmake/BMC_2024Config-version.cmake\n'}
[89.299699] (BMC_2024) StdoutLine: {'line': b'-- Installing: /home/rospi/aug_2024/install/BMC_2024/share/BMC_2024/package.xml\n'}
[89.320437] (BMC_2024) CommandEnded: {'returncode': 0}
[89.382132] (-) TimerEvent: {}
[89.423281] (BMC_2024) JobEnded: {'identifier': 'BMC_2024', 'rc': 0}
[89.428126] (aug_2024) JobStarted: {'identifier': 'aug_2024'}
[89.475960] (aug_2024) JobProgress: {'identifier': 'aug_2024', 'progress': 'cmake'}
[89.477864] (aug_2024) Command: {'cmd': ['/usr/bin/cmake', '/home/rospi/aug_2024/src/aug_2024', '-DCMAKE_INSTALL_PREFIX=/home/rospi/aug_2024/install/aug_2024'], 'cwd': '/home/rospi/aug_2024/build/aug_2024', 'env': OrderedDict([('LESSOPEN', '| /usr/bin/lesspipe %s'), ('USER', 'rospi'), ('SSH_CLIENT', '10.150.42.143 64037 22'), ('XDG_SESSION_TYPE', 'tty'), ('SHLVL', '1'), ('LD_LIBRARY_PATH', '/home/rospi/aug_2024/install/BMC_2024/lib:/home/rospi/aug_2024/install/pigpio/lib:/opt/ros/humble/opt/rviz_ogre_vendor/lib:/opt/ros/humble/lib/aarch64-linux-gnu:/opt/ros/humble/lib'), ('MOTD_SHOWN', 'pam'), ('HOME', '/home/rospi'), ('OLDPWD', '/home/rospi'), ('SSH_TTY', '/dev/pts/1'), ('ROS_PYTHON_VERSION', '3'), ('DBUS_SESSION_BUS_ADDRESS', 'unix:path=/run/user/1000/bus'), ('COLCON_PREFIX_PATH', '/home/rospi/aug_2024/install'), ('ROS_DISTRO', 'humble'), ('LOGNAME', 'rospi'), ('_', '/usr/bin/colcon'), ('ROS_VERSION', '2'), ('XDG_SESSION_CLASS', 'user'), ('TERM', 'xterm-256color'), ('XDG_SESSION_ID', '3'), ('ROS_LOCALHOST_ONLY', '0'), ('PATH', '/home/rospi/aug_2024/install/pigpio/bin:/opt/ros/humble/bin:/usr/local/sbin:/usr/local/bin:/usr/sbin:/usr/bin:/sbin:/bin:/usr/games:/usr/local/games:/snap/bin'), ('XDG_RUNTIME_DIR', '/run/user/1000'), ('LANG', 'en_US.UTF-8'), ('LS_COLORS', 'rs=0:di=01;34:ln=01;36:mh=00:pi=40;33:so=01;35:do=01;35:bd=40;33;01:cd=40;33;01:or=40;31;01:mi=00:su=37;41:sg=30;43:ca=30;41:tw=30;42:ow=34;42:st=37;44:ex=01;32:*.tar=01;31:*.tgz=01;31:*.arc=01;31:*.arj=01;31:*.taz=01;31:*.lha=01;31:*.lz4=01;31:*.lzh=01;31:*.lzma=01;31:*.tlz=01;31:*.txz=01;31:*.tzo=01;31:*.t7z=01;31:*.zip=01;31:*.z=01;31:*.dz=01;31:*.gz=01;31:*.lrz=01;31:*.lz=01;31:*.lzo=01;31:*.xz=01;31:*.zst=01;31:*.tzst=01;31:*.bz2=01;31:*.bz=01;31:*.tbz=01;31:*.tbz2=01;31:*.tz=01;31:*.deb=01;31:*.rpm=01;31:*.jar=01;31:*.war=01;31:*.ear=01;31:*.sar=01;31:*.rar=01;31:*.alz=01;31:*.ace=01;31:*.zoo=01;31:*.cpio=01;31:*.7z=01;31:*.rz=01;31:*.cab=01;31:*.wim=01;31:*.swm=01;31:*.dwm=01;31:*.esd=01;31:*.jpg=01;35:*.jpeg=01;35:*.mjpg=01;35:*.mjpeg=01;35:*.gif=01;35:*.bmp=01;35:*.pbm=01;35:*.pgm=01;35:*.ppm=01;35:*.tga=01;35:*.xbm=01;35:*.xpm=01;35:*.tif=01;35:*.tiff=01;35:*.png=01;35:*.svg=01;35:*.svgz=01;35:*.mng=01;35:*.pcx=01;35:*.mov=01;35:*.mpg=01;35:*.mpeg=01;35:*.m2v=01;35:*.mkv=01;35:*.webm=01;35:*.webp=01;35:*.ogm=01;35:*.mp4=01;35:*.m4v=01;35:*.mp4v=01;35:*.vob=01;35:*.qt=01;35:*.nuv=01;35:*.wmv=01;35:*.asf=01;35:*.rm=01;35:*.rmvb=01;35:*.flc=01;35:*.avi=01;35:*.fli=01;35:*.flv=01;35:*.gl=01;35:*.dl=01;35:*.xcf=01;35:*.xwd=01;35:*.yuv=01;35:*.cgm=01;35:*.emf=01;35:*.ogv=01;35:*.ogx=01;35:*.aac=00;36:*.au=00;36:*.flac=00;36:*.m4a=00;36:*.mid=00;36:*.midi=00;36:*.mka=00;36:*.mp3=00;36:*.mpc=00;36:*.ogg=00;36:*.ra=00;36:*.wav=00;36:*.oga=00;36:*.opus=00;36:*.spx=00;36:*.xspf=00;36:'), ('AMENT_PREFIX_PATH', '/home/rospi/aug_2024/install/aug_2024:/home/rospi/aug_2024/install/BMC_2024:/home/rospi/aug_2024/install/sllidar_ros2:/home/rospi/aug_2024/install/my_robot_nav2:/opt/ros/humble'), ('SHELL', '/bin/bash'), ('LESSCLOSE', '/usr/bin/lesspipe %s %s'), ('PWD', '/home/rospi/aug_2024/build/aug_2024'), ('LC_ALL', 'en_US.UTF-8'), ('SSH_CONNECTION', '10.150.42.143 64037 10.6.102.87 22'), ('XDG_DATA_DIRS', '/usr/local/share:/usr/share:/var/lib/snapd/desktop'), ('PYTHONPATH', '/opt/ros/humble/lib/python3.10/site-packages:/opt/ros/humble/local/lib/python3.10/dist-packages'), ('COLCON', '1'), ('CMAKE_PREFIX_PATH', '/home/rospi/aug_2024/install/BMC_2024:/home/rospi/aug_2024/install/sllidar_ros2:/home/rospi/aug_2024/install/aug_2024:/home/rospi/aug_2024/install/pigpio:/home/rospi/aug_2024/install/my_robot_nav2:/opt/ros/humble')]), 'shell': False}
[89.486880] (-) TimerEvent: {}
[89.587495] (-) TimerEvent: {}
[89.688302] (-) TimerEvent: {}
[89.751145] (aug_2024) StdoutLine: {'line': b'-- The C compiler identification is GNU 11.4.0\n'}
[89.788476] (-) TimerEvent: {}
[89.889199] (-) TimerEvent: {}
[89.989917] (-) TimerEvent: {}
[90.021507] (aug_2024) StdoutLine: {'line': b'-- The CXX compiler identification is GNU 11.4.0\n'}
[90.051416] (aug_2024) StdoutLine: {'line': b'-- Detecting C compiler ABI info\n'}
[90.090111] (-) TimerEvent: {}
[90.190835] (-) TimerEvent: {}
[90.291551] (-) TimerEvent: {}
[90.381125] (aug_2024) StdoutLine: {'line': b'-- Detecting C compiler ABI info - done\n'}
[90.391730] (-) TimerEvent: {}
[90.409490] (aug_2024) StdoutLine: {'line': b'-- Check for working C compiler: /usr/bin/cc - skipped\n'}
[90.410393] (aug_2024) StdoutLine: {'line': b'-- Detecting C compile features\n'}
[90.412054] (aug_2024) StdoutLine: {'line': b'-- Detecting C compile features - done\n'}
[90.424403] (aug_2024) StdoutLine: {'line': b'-- Detecting CXX compiler ABI info\n'}
[90.491937] (-) TimerEvent: {}
[90.592709] (-) TimerEvent: {}
[90.693541] (-) TimerEvent: {}
[90.790338] (aug_2024) StdoutLine: {'line': b'-- Detecting CXX compiler ABI info - done\n'}
[90.793651] (-) TimerEvent: {}
[90.819492] (aug_2024) StdoutLine: {'line': b'-- Check for working CXX compiler: /usr/bin/c++ - skipped\n'}
[90.820486] (aug_2024) StdoutLine: {'line': b'-- Detecting CXX compile features\n'}
[90.822348] (aug_2024) StdoutLine: {'line': b'-- Detecting CXX compile features - done\n'}
[90.859342] (aug_2024) StdoutLine: {'line': b'-- Found ament_cmake: 1.3.11 (/opt/ros/humble/share/ament_cmake/cmake)\n'}
[90.893810] (-) TimerEvent: {}
[90.994460] (-) TimerEvent: {}
[91.095122] (-) TimerEvent: {}
[91.195854] (-) TimerEvent: {}
[91.296562] (-) TimerEvent: {}
[91.397421] (-) TimerEvent: {}
[91.498086] (-) TimerEvent: {}
[91.598769] (-) TimerEvent: {}
[91.666675] (aug_2024) StdoutLine: {'line': b'-- Found Python3: /usr/bin/python3 (found version "3.10.12") found components: Interpreter \n'}
[91.698943] (-) TimerEvent: {}
[91.799635] (-) TimerEvent: {}
[91.900423] (-) TimerEvent: {}
[92.002572] (-) TimerEvent: {}
[92.103974] (-) TimerEvent: {}
[92.204656] (-) TimerEvent: {}
[92.305322] (-) TimerEvent: {}
[92.405974] (-) TimerEvent: {}
[92.460529] (aug_2024) StdoutLine: {'line': b'-- Found rclcpp: 16.0.12 (/opt/ros/humble/share/rclcpp/cmake)\n'}
[92.506134] (-) TimerEvent: {}
[92.606842] (-) TimerEvent: {}
[92.707482] (-) TimerEvent: {}
[92.808145] (-) TimerEvent: {}
[92.908813] (-) TimerEvent: {}
[92.938261] (aug_2024) StdoutLine: {'line': b'-- Found rosidl_generator_c: 3.1.6 (/opt/ros/humble/share/rosidl_generator_c/cmake)\n'}
[93.004956] (aug_2024) StdoutLine: {'line': b'-- Found rosidl_adapter: 3.1.6 (/opt/ros/humble/share/rosidl_adapter/cmake)\n'}
[93.008952] (-) TimerEvent: {}
[93.090269] (aug_2024) StdoutLine: {'line': b'-- Found rosidl_generator_cpp: 3.1.6 (/opt/ros/humble/share/rosidl_generator_cpp/cmake)\n'}
[93.109117] (-) TimerEvent: {}
[93.199619] (aug_2024) StdoutLine: {'line': b'-- Using all available rosidl_typesupport_c: rosidl_typesupport_fastrtps_c;rosidl_typesupport_introspection_c\n'}
[93.209258] (-) TimerEvent: {}
[93.309936] (-) TimerEvent: {}
[93.346515] (aug_2024) StdoutLine: {'line': b'-- Using all available rosidl_typesupport_cpp: rosidl_typesupport_fastrtps_cpp;rosidl_typesupport_introspection_cpp\n'}
[93.410124] (-) TimerEvent: {}
[93.511134] (-) TimerEvent: {}
[93.611915] (-) TimerEvent: {}
[93.712634] (-) TimerEvent: {}
[93.754452] (aug_2024) StdoutLine: {'line': b'-- Found rmw_implementation_cmake: 6.1.2 (/opt/ros/humble/share/rmw_implementation_cmake/cmake)\n'}
[93.787662] (aug_2024) StdoutLine: {'line': b'-- Found rmw_fastrtps_cpp: 6.2.7 (/opt/ros/humble/share/rmw_fastrtps_cpp/cmake)\n'}
[93.812791] (-) TimerEvent: {}
[93.913476] (-) TimerEvent: {}
[94.014147] (-) TimerEvent: {}
[94.114866] (-) TimerEvent: {}
[94.215634] (-) TimerEvent: {}
[94.316699] (-) TimerEvent: {}
[94.417513] (-) TimerEvent: {}
[94.433008] (aug_2024) StdoutLine: {'line': b'-- Found OpenSSL: /usr/lib/aarch64-linux-gnu/libcrypto.so (found version "3.0.2")  \n'}
[94.517701] (-) TimerEvent: {}
[94.618402] (-) TimerEvent: {}
[94.719125] (-) TimerEvent: {}
[94.730254] (aug_2024) StdoutLine: {'line': b'-- Found FastRTPS: /opt/ros/humble/include  \n'}
[94.819312] (-) TimerEvent: {}
[94.920016] (-) TimerEvent: {}
[95.020739] (-) TimerEvent: {}
[95.121530] (-) TimerEvent: {}
[95.222239] (-) TimerEvent: {}
[95.244593] (aug_2024) StdoutLine: {'line': b"-- Using RMW implementation 'rmw_fastrtps_cpp' as default\n"}
[95.322439] (-) TimerEvent: {}
[95.353010] (aug_2024) StdoutLine: {'line': b'-- Looking for pthread.h\n'}
[95.422611] (-) TimerEvent: {}
[95.523695] (-) TimerEvent: {}
[95.624458] (-) TimerEvent: {}
[95.713628] (aug_2024) StdoutLine: {'line': b'-- Looking for pthread.h - found\n'}
[95.721316] (aug_2024) StdoutLine: {'line': b'-- Performing Test CMAKE_HAVE_LIBC_PTHREAD\n'}
[95.724646] (-) TimerEvent: {}
[95.826602] (-) TimerEvent: {}
[95.928246] (-) TimerEvent: {}
[96.029005] (-) TimerEvent: {}
[96.104949] (aug_2024) StdoutLine: {'line': b'-- Performing Test CMAKE_HAVE_LIBC_PTHREAD - Success\n'}
[96.109294] (aug_2024) StdoutLine: {'line': b'-- Found Threads: TRUE  \n'}
[96.129160] (-) TimerEvent: {}
[96.229849] (-) TimerEvent: {}
[96.330568] (-) TimerEvent: {}
[96.431249] (-) TimerEvent: {}
[96.465603] (aug_2024) StdoutLine: {'line': b'-- Found rclpy: 3.3.16 (/opt/ros/humble/share/rclpy/cmake)\n'}
[96.495965] (aug_2024) StdoutLine: {'line': b'-- Found cv_bridge: 3.2.1 (/opt/ros/humble/share/cv_bridge/cmake)\n'}
[96.531399] (-) TimerEvent: {}
[96.632053] (-) TimerEvent: {}
[96.732711] (-) TimerEvent: {}
[96.803157] (aug_2024) StdoutLine: {'line': b'-- Found robot_state_publisher: 3.0.3 (/opt/ros/humble/share/robot_state_publisher/cmake)\n'}
[96.832865] (-) TimerEvent: {}
[96.933500] (-) TimerEvent: {}
[97.034170] (-) TimerEvent: {}
[97.063088] (aug_2024) StdoutLine: {'line': b'-- Found eigen3_cmake_module: 0.1.1 (/opt/ros/humble/share/eigen3_cmake_module/cmake)\n'}
[97.068587] (aug_2024) StdoutLine: {'line': b'-- Found Eigen3: TRUE (found version "3.4.0") \n'}
[97.069282] (aug_2024) StdoutLine: {'line': b'-- Ensuring Eigen3 include directory is part of orocos-kdl CMake target\n'}
[97.134336] (-) TimerEvent: {}
[97.235022] (-) TimerEvent: {}
[97.335726] (-) TimerEvent: {}
[97.436607] (-) TimerEvent: {}
[97.537332] (-) TimerEvent: {}
[97.638089] (-) TimerEvent: {}
[97.738947] (-) TimerEvent: {}
[97.839693] (-) TimerEvent: {}
[97.940405] (-) TimerEvent: {}
[98.041102] (-) TimerEvent: {}
[98.141779] (-) TimerEvent: {}
[98.242464] (-) TimerEvent: {}
[98.299466] (aug_2024) StdoutLine: {'line': b'-- Found xacro: 2.0.13 (/opt/ros/humble/share/xacro/cmake)\n'}
[98.328631] (aug_2024) StdoutLine: {'line': b'-- Found controller_manager: 2.49.0 (/opt/ros/humble/share/controller_manager/cmake)\n'}
[98.342607] (-) TimerEvent: {}
[98.443291] (-) TimerEvent: {}
[98.543998] (-) TimerEvent: {}
[98.644703] (-) TimerEvent: {}
[98.745371] (-) TimerEvent: {}
[98.846058] (-) TimerEvent: {}
[98.946778] (-) TimerEvent: {}
[98.999793] (aug_2024) StdoutLine: {'line': b'-- Found joint_state_broadcaster: 2.43.0 (/opt/ros/humble/share/joint_state_broadcaster/cmake)\n'}
[99.046947] (-) TimerEvent: {}
[99.147647] (-) TimerEvent: {}
[99.248388] (-) TimerEvent: {}
[99.259108] (aug_2024) StdoutLine: {'line': b'-- Found diff_drive_controller: 2.43.0 (/opt/ros/humble/share/diff_drive_controller/cmake)\n'}
[99.348576] (-) TimerEvent: {}
[99.440343] (aug_2024) StdoutLine: {'line': b'-- Found ros2_control: 2.49.0 (/opt/ros/humble/share/ros2_control/cmake)\n'}
[99.448690] (-) TimerEvent: {}
[99.468610] (aug_2024) StdoutLine: {'line': b'-- Found ros2_controllers: 2.43.0 (/opt/ros/humble/share/ros2_controllers/cmake)\n'}
[99.498294] (aug_2024) StdoutLine: {'line': b'-- Found BMC_2024: 0.0.0 (/home/rospi/aug_2024/install/BMC_2024/share/BMC_2024/cmake)\n'}
[99.548880] (-) TimerEvent: {}
[99.551054] (aug_2024) StdoutLine: {'line': b'-- Found sllidar_ros2: 1.0.1 (/home/rospi/aug_2024/install/sllidar_ros2/share/sllidar_ros2/cmake)\n'}
[99.562257] (aug_2024) StderrLine: {'line': b'\x1b[33mCMake Warning at /home/rospi/aug_2024/install/sllidar_ros2/share/sllidar_ros2/cmake/ament_cmake_export_include_directories-extras.cmake:11 (message):\n'}
[99.562938] (aug_2024) StderrLine: {'line': b"  Package 'sllidar_ros2' exports the include directory\n"}
[99.563294] (aug_2024) StderrLine: {'line': b"  '/home/rospi/aug_2024/install/sllidar_ros2/share/sllidar_ros2/cmake/../../../include'\n"}
[99.563607] (aug_2024) StderrLine: {'line': b"  which doesn't exist\n"}
[99.563912] (aug_2024) StderrLine: {'line': b'Call Stack (most recent call first):\n'}
[99.564212] (aug_2024) StderrLine: {'line': b'  /home/rospi/aug_2024/install/sllidar_ros2/share/sllidar_ros2/cmake/sllidar_ros2Config.cmake:41 (include)\n'}
[99.564591] (aug_2024) StderrLine: {'line': b'  CMakeLists.txt:34 (find_package)\n'}
[99.564925] (aug_2024) StderrLine: {'line': b'\n'}
[99.565273] (aug_2024) StderrLine: {'line': b'\x1b[0m\n'}
[99.649031] (-) TimerEvent: {}
[99.749682] (-) TimerEvent: {}
[99.850390] (-) TimerEvent: {}
[99.951135] (-) TimerEvent: {}
[99.964593] (aug_2024) StdoutLine: {'line': b'-- Configuring done\n'}
[100.045600] (aug_2024) StdoutLine: {'line': b'-- Generating done\n'}
[100.051312] (-) TimerEvent: {}
[100.064161] (aug_2024) StdoutLine: {'line': b'-- Build files have been written to: /home/rospi/aug_2024/build/aug_2024\n'}
[100.115973] (aug_2024) CommandEnded: {'returncode': 0}
[100.117881] (aug_2024) JobProgress: {'identifier': 'aug_2024', 'progress': 'build'}
[100.119126] (aug_2024) Command: {'cmd': ['/usr/bin/cmake', '--build', '/home/rospi/aug_2024/build/aug_2024', '--', '-j4', '-l4'], 'cwd': '/home/rospi/aug_2024/build/aug_2024', 'env': OrderedDict([('LESSOPEN', '| /usr/bin/lesspipe %s'), ('USER', 'rospi'), ('SSH_CLIENT', '10.150.42.143 64037 22'), ('XDG_SESSION_TYPE', 'tty'), ('SHLVL', '1'), ('LD_LIBRARY_PATH', '/home/rospi/aug_2024/install/BMC_2024/lib:/home/rospi/aug_2024/install/pigpio/lib:/opt/ros/humble/opt/rviz_ogre_vendor/lib:/opt/ros/humble/lib/aarch64-linux-gnu:/opt/ros/humble/lib'), ('MOTD_SHOWN', 'pam'), ('HOME', '/home/rospi'), ('OLDPWD', '/home/rospi'), ('SSH_TTY', '/dev/pts/1'), ('ROS_PYTHON_VERSION', '3'), ('DBUS_SESSION_BUS_ADDRESS', 'unix:path=/run/user/1000/bus'), ('COLCON_PREFIX_PATH', '/home/rospi/aug_2024/install'), ('ROS_DISTRO', 'humble'), ('LOGNAME', 'rospi'), ('_', '/usr/bin/colcon'), ('ROS_VERSION', '2'), ('XDG_SESSION_CLASS', 'user'), ('TERM', 'xterm-256color'), ('XDG_SESSION_ID', '3'), ('ROS_LOCALHOST_ONLY', '0'), ('PATH', '/home/rospi/aug_2024/install/pigpio/bin:/opt/ros/humble/bin:/usr/local/sbin:/usr/local/bin:/usr/sbin:/usr/bin:/sbin:/bin:/usr/games:/usr/local/games:/snap/bin'), ('XDG_RUNTIME_DIR', '/run/user/1000'), ('LANG', 'en_US.UTF-8'), ('LS_COLORS', 'rs=0:di=01;34:ln=01;36:mh=00:pi=40;33:so=01;35:do=01;35:bd=40;33;01:cd=40;33;01:or=40;31;01:mi=00:su=37;41:sg=30;43:ca=30;41:tw=30;42:ow=34;42:st=37;44:ex=01;32:*.tar=01;31:*.tgz=01;31:*.arc=01;31:*.arj=01;31:*.taz=01;31:*.lha=01;31:*.lz4=01;31:*.lzh=01;31:*.lzma=01;31:*.tlz=01;31:*.txz=01;31:*.tzo=01;31:*.t7z=01;31:*.zip=01;31:*.z=01;31:*.dz=01;31:*.gz=01;31:*.lrz=01;31:*.lz=01;31:*.lzo=01;31:*.xz=01;31:*.zst=01;31:*.tzst=01;31:*.bz2=01;31:*.bz=01;31:*.tbz=01;31:*.tbz2=01;31:*.tz=01;31:*.deb=01;31:*.rpm=01;31:*.jar=01;31:*.war=01;31:*.ear=01;31:*.sar=01;31:*.rar=01;31:*.alz=01;31:*.ace=01;31:*.zoo=01;31:*.cpio=01;31:*.7z=01;31:*.rz=01;31:*.cab=01;31:*.wim=01;31:*.swm=01;31:*.dwm=01;31:*.esd=01;31:*.jpg=01;35:*.jpeg=01;35:*.mjpg=01;35:*.mjpeg=01;35:*.gif=01;35:*.bmp=01;35:*.pbm=01;35:*.pgm=01;35:*.ppm=01;35:*.tga=01;35:*.xbm=01;35:*.xpm=01;35:*.tif=01;35:*.tiff=01;35:*.png=01;35:*.svg=01;35:*.svgz=01;35:*.mng=01;35:*.pcx=01;35:*.mov=01;35:*.mpg=01;35:*.mpeg=01;35:*.m2v=01;35:*.mkv=01;35:*.webm=01;35:*.webp=01;35:*.ogm=01;35:*.mp4=01;35:*.m4v=01;35:*.mp4v=01;35:*.vob=01;35:*.qt=01;35:*.nuv=01;35:*.wmv=01;35:*.asf=01;35:*.rm=01;35:*.rmvb=01;35:*.flc=01;35:*.avi=01;35:*.fli=01;35:*.flv=01;35:*.gl=01;35:*.dl=01;35:*.xcf=01;35:*.xwd=01;35:*.yuv=01;35:*.cgm=01;35:*.emf=01;35:*.ogv=01;35:*.ogx=01;35:*.aac=00;36:*.au=00;36:*.flac=00;36:*.m4a=00;36:*.mid=00;36:*.midi=00;36:*.mka=00;36:*.mp3=00;36:*.mpc=00;36:*.ogg=00;36:*.ra=00;36:*.wav=00;36:*.oga=00;36:*.opus=00;36:*.spx=00;36:*.xspf=00;36:'), ('AMENT_PREFIX_PATH', '/home/rospi/aug_2024/install/aug_2024:/home/rospi/aug_2024/install/BMC_2024:/home/rospi/aug_2024/install/sllidar_ros2:/home/rospi/aug_2024/install/my_robot_nav2:/opt/ros/humble'), ('SHELL', '/bin/bash'), ('LESSCLOSE', '/usr/bin/lesspipe %s %s'), ('PWD', '/home/rospi/aug_2024/build/aug_2024'), ('LC_ALL', 'en_US.UTF-8'), ('SSH_CONNECTION', '10.150.42.143 64037 10.6.102.87 22'), ('XDG_DATA_DIRS', '/usr/local/share:/usr/share:/var/lib/snapd/desktop'), ('PYTHONPATH', '/opt/ros/humble/lib/python3.10/site-packages:/opt/ros/humble/local/lib/python3.10/dist-packages'), ('COLCON', '1'), ('CMAKE_PREFIX_PATH', '/home/rospi/aug_2024/install/BMC_2024:/home/rospi/aug_2024/install/sllidar_ros2:/home/rospi/aug_2024/install/aug_2024:/home/rospi/aug_2024/install/pigpio:/home/rospi/aug_2024/install/my_robot_nav2:/opt/ros/humble')]), 'shell': False}
[100.151522] (-) TimerEvent: {}
[100.252267] (-) TimerEvent: {}
[100.353168] (-) TimerEvent: {}
[100.362324] (aug_2024) StdoutLine: {'line': b'[ 50%] \x1b[32mBuilding CXX object CMakeFiles/gpio_controller.dir/src/gpio_controller.cpp.o\x1b[0m\n'}
[100.453354] (-) TimerEvent: {}
[100.554078] (-) TimerEvent: {}
[100.654837] (-) TimerEvent: {}
[100.755771] (-) TimerEvent: {}
[100.856454] (-) TimerEvent: {}
[100.957137] (-) TimerEvent: {}
[101.057831] (-) TimerEvent: {}
[101.158598] (-) TimerEvent: {}
[101.259292] (-) TimerEvent: {}
[101.359986] (-) TimerEvent: {}
[101.460713] (-) TimerEvent: {}
[101.561575] (-) TimerEvent: {}
[101.662367] (-) TimerEvent: {}
[101.763231] (-) TimerEvent: {}
[101.863981] (-) TimerEvent: {}
[101.964689] (-) TimerEvent: {}
[102.065414] (-) TimerEvent: {}
[102.166124] (-) TimerEvent: {}
[102.266987] (-) TimerEvent: {}
[102.367923] (-) TimerEvent: {}
[102.468820] (-) TimerEvent: {}
[102.569626] (-) TimerEvent: {}
[102.670452] (-) TimerEvent: {}
[102.771239] (-) TimerEvent: {}
[102.872015] (-) TimerEvent: {}
[102.972782] (-) TimerEvent: {}
[103.073533] (-) TimerEvent: {}
[103.174279] (-) TimerEvent: {}
[103.275164] (-) TimerEvent: {}
[103.375939] (-) TimerEvent: {}
[103.476724] (-) TimerEvent: {}
[103.577551] (-) TimerEvent: {}
[103.678274] (-) TimerEvent: {}
[103.779047] (-) TimerEvent: {}
[103.879846] (-) TimerEvent: {}
[103.980820] (-) TimerEvent: {}
[104.081764] (-) TimerEvent: {}
[104.182792] (-) TimerEvent: {}
[104.283523] (-) TimerEvent: {}
[104.384227] (-) TimerEvent: {}
[104.484944] (-) TimerEvent: {}
[104.585657] (-) TimerEvent: {}
[104.686396] (-) TimerEvent: {}
[104.787216] (-) TimerEvent: {}
[104.887962] (-) TimerEvent: {}
[104.988665] (-) TimerEvent: {}
[105.089370] (-) TimerEvent: {}
[105.190080] (-) TimerEvent: {}
[105.290922] (-) TimerEvent: {}
[105.391730] (-) TimerEvent: {}
[105.492535] (-) TimerEvent: {}
[105.593399] (-) TimerEvent: {}
[105.694201] (-) TimerEvent: {}
[105.795067] (-) TimerEvent: {}
[105.895808] (-) TimerEvent: {}
[105.996527] (-) TimerEvent: {}
[106.097233] (-) TimerEvent: {}
[106.197939] (-) TimerEvent: {}
[106.298682] (-) TimerEvent: {}
[106.399375] (-) TimerEvent: {}
[106.500072] (-) TimerEvent: {}
[106.600779] (-) TimerEvent: {}
[106.701478] (-) TimerEvent: {}
[106.802181] (-) TimerEvent: {}
[106.902942] (-) TimerEvent: {}
[107.003645] (-) TimerEvent: {}
[107.104334] (-) TimerEvent: {}
[107.205042] (-) TimerEvent: {}
[107.305746] (-) TimerEvent: {}
[107.406514] (-) TimerEvent: {}
[107.507234] (-) TimerEvent: {}
[107.607934] (-) TimerEvent: {}
[107.708641] (-) TimerEvent: {}
[107.809351] (-) TimerEvent: {}
[107.918621] (-) TimerEvent: {}
[108.019490] (-) TimerEvent: {}
[108.120293] (-) TimerEvent: {}
[108.221094] (-) TimerEvent: {}
[108.321894] (-) TimerEvent: {}
[108.422623] (-) TimerEvent: {}
[108.523360] (-) TimerEvent: {}
[108.624091] (-) TimerEvent: {}
[108.724852] (-) TimerEvent: {}
[108.825556] (-) TimerEvent: {}
[108.926264] (-) TimerEvent: {}
[109.027094] (-) TimerEvent: {}
[109.127795] (-) TimerEvent: {}
[109.228516] (-) TimerEvent: {}
[109.329261] (-) TimerEvent: {}
[109.429984] (-) TimerEvent: {}
[109.530855] (-) TimerEvent: {}
[109.631717] (-) TimerEvent: {}
[109.732534] (-) TimerEvent: {}
[109.833311] (-) TimerEvent: {}
[109.934035] (-) TimerEvent: {}
[110.034798] (-) TimerEvent: {}
[110.135519] (-) TimerEvent: {}
[110.236346] (-) TimerEvent: {}
[110.337366] (-) TimerEvent: {}
[110.438086] (-) TimerEvent: {}
[110.538846] (-) TimerEvent: {}
[110.639564] (-) TimerEvent: {}
[110.740280] (-) TimerEvent: {}
[110.841029] (-) TimerEvent: {}
[110.941806] (-) TimerEvent: {}
[111.042568] (-) TimerEvent: {}
[111.143261] (-) TimerEvent: {}
[111.243953] (-) TimerEvent: {}
[111.344647] (-) TimerEvent: {}
[111.445359] (-) TimerEvent: {}
[111.546056] (-) TimerEvent: {}
[111.646897] (-) TimerEvent: {}
[111.747584] (-) TimerEvent: {}
[111.848419] (-) TimerEvent: {}
[111.949294] (-) TimerEvent: {}
[112.052546] (-) TimerEvent: {}
[112.153323] (-) TimerEvent: {}
[112.254058] (-) TimerEvent: {}
[112.354833] (-) TimerEvent: {}
[112.455574] (-) TimerEvent: {}
[112.556294] (-) TimerEvent: {}
[112.656989] (-) TimerEvent: {}
[112.757704] (-) TimerEvent: {}
[112.858408] (-) TimerEvent: {}
[112.959166] (-) TimerEvent: {}
[113.059851] (-) TimerEvent: {}
[113.160565] (-) TimerEvent: {}
[113.261266] (-) TimerEvent: {}
[113.361992] (-) TimerEvent: {}
[113.462756] (-) TimerEvent: {}
[113.563555] (-) TimerEvent: {}
[113.664373] (-) TimerEvent: {}
[113.765316] (-) TimerEvent: {}
[113.866083] (-) TimerEvent: {}
[113.966885] (-) TimerEvent: {}
[114.067596] (-) TimerEvent: {}
[114.168312] (-) TimerEvent: {}
[114.269037] (-) TimerEvent: {}
[114.369757] (-) TimerEvent: {}
[114.470520] (-) TimerEvent: {}
[114.571224] (-) TimerEvent: {}
[114.671932] (-) TimerEvent: {}
[114.772668] (-) TimerEvent: {}
[114.873413] (-) TimerEvent: {}
[114.974122] (-) TimerEvent: {}
[115.074887] (-) TimerEvent: {}
[115.175591] (-) TimerEvent: {}
[115.276290] (-) TimerEvent: {}
[115.377015] (-) TimerEvent: {}
[115.477775] (-) TimerEvent: {}
[115.578580] (-) TimerEvent: {}
[115.679280] (-) TimerEvent: {}
[115.779998] (-) TimerEvent: {}
[115.880730] (-) TimerEvent: {}
[115.981509] (-) TimerEvent: {}
[116.083382] (-) TimerEvent: {}
[116.184313] (-) TimerEvent: {}
[116.285106] (-) TimerEvent: {}
[116.385888] (-) TimerEvent: {}
[116.486651] (-) TimerEvent: {}
[116.587429] (-) TimerEvent: {}
[116.688196] (-) TimerEvent: {}
[116.788956] (-) TimerEvent: {}
[116.889729] (-) TimerEvent: {}
[116.990502] (-) TimerEvent: {}
[117.091252] (-) TimerEvent: {}
[117.192013] (-) TimerEvent: {}
[117.292783] (-) TimerEvent: {}
[117.393582] (-) TimerEvent: {}
[117.494389] (-) TimerEvent: {}
[117.595263] (-) TimerEvent: {}
[117.696194] (-) TimerEvent: {}
[117.797122] (-) TimerEvent: {}
[117.898205] (-) TimerEvent: {}
[117.999173] (-) TimerEvent: {}
[118.099959] (-) TimerEvent: {}
[118.200733] (-) TimerEvent: {}
[118.301502] (-) TimerEvent: {}
[118.402307] (-) TimerEvent: {}
[118.503310] (-) TimerEvent: {}
[118.604295] (-) TimerEvent: {}
[118.705076] (-) TimerEvent: {}
[118.805861] (-) TimerEvent: {}
[118.906610] (-) TimerEvent: {}
[119.007374] (-) TimerEvent: {}
[119.108131] (-) TimerEvent: {}
[119.208878] (-) TimerEvent: {}
[119.309740] (-) TimerEvent: {}
[119.410815] (-) TimerEvent: {}
[119.511544] (-) TimerEvent: {}
[119.612252] (-) TimerEvent: {}
[119.712939] (-) TimerEvent: {}
[119.813646] (-) TimerEvent: {}
[119.914401] (-) TimerEvent: {}
[120.015239] (-) TimerEvent: {}
[120.116137] (-) TimerEvent: {}
[120.216967] (-) TimerEvent: {}
[120.317999] (-) TimerEvent: {}
[120.418798] (-) TimerEvent: {}
[120.519552] (-) TimerEvent: {}
[120.620291] (-) TimerEvent: {}
[120.721024] (-) TimerEvent: {}
[120.821784] (-) TimerEvent: {}
[120.922564] (-) TimerEvent: {}
[121.023308] (-) TimerEvent: {}
[121.124118] (-) TimerEvent: {}
[121.224843] (-) TimerEvent: {}
[121.325594] (-) TimerEvent: {}
[121.426734] (-) TimerEvent: {}
[121.528167] (-) TimerEvent: {}
[121.628956] (-) TimerEvent: {}
[121.729918] (-) TimerEvent: {}
[121.830730] (-) TimerEvent: {}
[121.931517] (-) TimerEvent: {}
[122.032237] (-) TimerEvent: {}
[122.132946] (-) TimerEvent: {}
[122.233623] (-) TimerEvent: {}
[122.334354] (-) TimerEvent: {}
[122.435090] (-) TimerEvent: {}
[122.535789] (-) TimerEvent: {}
[122.636492] (-) TimerEvent: {}
[122.737218] (-) TimerEvent: {}
[122.837892] (-) TimerEvent: {}
[122.938592] (-) TimerEvent: {}
[123.039295] (-) TimerEvent: {}
[123.140005] (-) TimerEvent: {}
[123.240708] (-) TimerEvent: {}
[123.341418] (-) TimerEvent: {}
[123.442101] (-) TimerEvent: {}
[123.542856] (-) TimerEvent: {}
[123.643521] (-) TimerEvent: {}
[123.744222] (-) TimerEvent: {}
[123.844925] (-) TimerEvent: {}
[123.945632] (-) TimerEvent: {}
[124.046450] (-) TimerEvent: {}
[124.147343] (-) TimerEvent: {}
[124.248223] (-) TimerEvent: {}
[124.349068] (-) TimerEvent: {}
[124.449901] (-) TimerEvent: {}
[124.550715] (-) TimerEvent: {}
[124.651462] (-) TimerEvent: {}
[124.752217] (-) TimerEvent: {}
[124.852973] (-) TimerEvent: {}
[124.953743] (-) TimerEvent: {}
[125.054541] (-) TimerEvent: {}
[125.155285] (-) TimerEvent: {}
[125.256027] (-) TimerEvent: {}
[125.356768] (-) TimerEvent: {}
[125.457543] (-) TimerEvent: {}
[125.558309] (-) TimerEvent: {}
[125.659158] (-) TimerEvent: {}
[125.760221] (-) TimerEvent: {}
[125.861077] (-) TimerEvent: {}
[125.961858] (-) TimerEvent: {}
[126.062675] (-) TimerEvent: {}
[126.163466] (-) TimerEvent: {}
[126.264246] (-) TimerEvent: {}
[126.365003] (-) TimerEvent: {}
[126.465786] (-) TimerEvent: {}
[126.566577] (-) TimerEvent: {}
[126.667522] (-) TimerEvent: {}
[126.768289] (-) TimerEvent: {}
[126.869065] (-) TimerEvent: {}
[126.969839] (-) TimerEvent: {}
[127.070605] (-) TimerEvent: {}
[127.171333] (-) TimerEvent: {}
[127.272068] (-) TimerEvent: {}
[127.372796] (-) TimerEvent: {}
[127.473544] (-) TimerEvent: {}
[127.574310] (-) TimerEvent: {}
[127.675256] (-) TimerEvent: {}
[127.776399] (-) TimerEvent: {}
[127.877177] (-) TimerEvent: {}
[127.978835] (-) TimerEvent: {}
[128.079684] (-) TimerEvent: {}
[128.180584] (-) TimerEvent: {}
[128.281360] (-) TimerEvent: {}
[128.382100] (-) TimerEvent: {}
[128.482868] (-) TimerEvent: {}
[128.583570] (-) TimerEvent: {}
[128.684291] (-) TimerEvent: {}
[128.785011] (-) TimerEvent: {}
[128.885735] (-) TimerEvent: {}
[128.986485] (-) TimerEvent: {}
[129.087207] (-) TimerEvent: {}
[129.187905] (-) TimerEvent: {}
[129.288609] (-) TimerEvent: {}
[129.389331] (-) TimerEvent: {}
[129.490047] (-) TimerEvent: {}
[129.590830] (-) TimerEvent: {}
[129.691648] (-) TimerEvent: {}
[129.792466] (-) TimerEvent: {}
[129.893440] (-) TimerEvent: {}
[129.994216] (-) TimerEvent: {}
[130.094989] (-) TimerEvent: {}
[130.195701] (-) TimerEvent: {}
[130.296390] (-) TimerEvent: {}
[130.397113] (-) TimerEvent: {}
[130.497855] (-) TimerEvent: {}
[130.598590] (-) TimerEvent: {}
[130.699299] (-) TimerEvent: {}
[130.800013] (-) TimerEvent: {}
[130.900691] (-) TimerEvent: {}
[131.001408] (-) TimerEvent: {}
[131.102106] (-) TimerEvent: {}
[131.202851] (-) TimerEvent: {}
[131.303581] (-) TimerEvent: {}
[131.404273] (-) TimerEvent: {}
[131.504952] (-) TimerEvent: {}
[131.605660] (-) TimerEvent: {}
[131.706376] (-) TimerEvent: {}
[131.807113] (-) TimerEvent: {}
[131.907783] (-) TimerEvent: {}
[132.008487] (-) TimerEvent: {}
[132.109199] (-) TimerEvent: {}
[132.209933] (-) TimerEvent: {}
[132.310949] (-) TimerEvent: {}
[132.411821] (-) TimerEvent: {}
[132.512544] (-) TimerEvent: {}
[132.613287] (-) TimerEvent: {}
[132.713995] (-) TimerEvent: {}
[132.814754] (-) TimerEvent: {}
[132.915455] (-) TimerEvent: {}
[133.016140] (-) TimerEvent: {}
[133.116857] (-) TimerEvent: {}
[133.217554] (-) TimerEvent: {}
[133.318280] (-) TimerEvent: {}
[133.419075] (-) TimerEvent: {}
[133.519788] (-) TimerEvent: {}
[133.620487] (-) TimerEvent: {}
[133.721229] (-) TimerEvent: {}
[133.822033] (-) TimerEvent: {}
[133.922837] (-) TimerEvent: {}
[134.023616] (-) TimerEvent: {}
[134.124379] (-) TimerEvent: {}
[134.225095] (-) TimerEvent: {}
[134.325803] (-) TimerEvent: {}
[134.426721] (-) TimerEvent: {}
[134.528211] (-) TimerEvent: {}
[134.628921] (-) TimerEvent: {}
[134.729660] (-) TimerEvent: {}
[134.830591] (-) TimerEvent: {}
[134.931506] (-) TimerEvent: {}
[135.032281] (-) TimerEvent: {}
[135.126498] (aug_2024) StdoutLine: {'line': b'[100%] \x1b[32m\x1b[1mLinking CXX executable gpio_controller\x1b[0m\n'}
[135.132457] (-) TimerEvent: {}
[135.233333] (-) TimerEvent: {}
[135.334151] (-) TimerEvent: {}
[135.435017] (-) TimerEvent: {}
[135.535809] (-) TimerEvent: {}
[135.636940] (-) TimerEvent: {}
[135.738017] (-) TimerEvent: {}
[135.838970] (-) TimerEvent: {}
[135.939878] (-) TimerEvent: {}
[136.040903] (-) TimerEvent: {}
[136.141656] (-) TimerEvent: {}
[136.242501] (-) TimerEvent: {}
[136.343234] (-) TimerEvent: {}
[136.443979] (-) TimerEvent: {}
[136.544822] (-) TimerEvent: {}
[136.646183] (-) TimerEvent: {}
[136.747832] (-) TimerEvent: {}
[136.848485] (-) TimerEvent: {}
[136.949227] (-) TimerEvent: {}
[136.962071] (aug_2024) StdoutLine: {'line': b'[100%] Built target gpio_controller\n'}
[137.004129] (aug_2024) CommandEnded: {'returncode': 0}
[137.006285] (aug_2024) JobProgress: {'identifier': 'aug_2024', 'progress': 'install'}
[137.007364] (aug_2024) Command: {'cmd': ['/usr/bin/cmake', '--install', '/home/rospi/aug_2024/build/aug_2024'], 'cwd': '/home/rospi/aug_2024/build/aug_2024', 'env': OrderedDict([('LESSOPEN', '| /usr/bin/lesspipe %s'), ('USER', 'rospi'), ('SSH_CLIENT', '10.150.42.143 64037 22'), ('XDG_SESSION_TYPE', 'tty'), ('SHLVL', '1'), ('LD_LIBRARY_PATH', '/home/rospi/aug_2024/install/BMC_2024/lib:/home/rospi/aug_2024/install/pigpio/lib:/opt/ros/humble/opt/rviz_ogre_vendor/lib:/opt/ros/humble/lib/aarch64-linux-gnu:/opt/ros/humble/lib'), ('MOTD_SHOWN', 'pam'), ('HOME', '/home/rospi'), ('OLDPWD', '/home/rospi'), ('SSH_TTY', '/dev/pts/1'), ('ROS_PYTHON_VERSION', '3'), ('DBUS_SESSION_BUS_ADDRESS', 'unix:path=/run/user/1000/bus'), ('COLCON_PREFIX_PATH', '/home/rospi/aug_2024/install'), ('ROS_DISTRO', 'humble'), ('LOGNAME', 'rospi'), ('_', '/usr/bin/colcon'), ('ROS_VERSION', '2'), ('XDG_SESSION_CLASS', 'user'), ('TERM', 'xterm-256color'), ('XDG_SESSION_ID', '3'), ('ROS_LOCALHOST_ONLY', '0'), ('PATH', '/home/rospi/aug_2024/install/pigpio/bin:/opt/ros/humble/bin:/usr/local/sbin:/usr/local/bin:/usr/sbin:/usr/bin:/sbin:/bin:/usr/games:/usr/local/games:/snap/bin'), ('XDG_RUNTIME_DIR', '/run/user/1000'), ('LANG', 'en_US.UTF-8'), ('LS_COLORS', 'rs=0:di=01;34:ln=01;36:mh=00:pi=40;33:so=01;35:do=01;35:bd=40;33;01:cd=40;33;01:or=40;31;01:mi=00:su=37;41:sg=30;43:ca=30;41:tw=30;42:ow=34;42:st=37;44:ex=01;32:*.tar=01;31:*.tgz=01;31:*.arc=01;31:*.arj=01;31:*.taz=01;31:*.lha=01;31:*.lz4=01;31:*.lzh=01;31:*.lzma=01;31:*.tlz=01;31:*.txz=01;31:*.tzo=01;31:*.t7z=01;31:*.zip=01;31:*.z=01;31:*.dz=01;31:*.gz=01;31:*.lrz=01;31:*.lz=01;31:*.lzo=01;31:*.xz=01;31:*.zst=01;31:*.tzst=01;31:*.bz2=01;31:*.bz=01;31:*.tbz=01;31:*.tbz2=01;31:*.tz=01;31:*.deb=01;31:*.rpm=01;31:*.jar=01;31:*.war=01;31:*.ear=01;31:*.sar=01;31:*.rar=01;31:*.alz=01;31:*.ace=01;31:*.zoo=01;31:*.cpio=01;31:*.7z=01;31:*.rz=01;31:*.cab=01;31:*.wim=01;31:*.swm=01;31:*.dwm=01;31:*.esd=01;31:*.jpg=01;35:*.jpeg=01;35:*.mjpg=01;35:*.mjpeg=01;35:*.gif=01;35:*.bmp=01;35:*.pbm=01;35:*.pgm=01;35:*.ppm=01;35:*.tga=01;35:*.xbm=01;35:*.xpm=01;35:*.tif=01;35:*.tiff=01;35:*.png=01;35:*.svg=01;35:*.svgz=01;35:*.mng=01;35:*.pcx=01;35:*.mov=01;35:*.mpg=01;35:*.mpeg=01;35:*.m2v=01;35:*.mkv=01;35:*.webm=01;35:*.webp=01;35:*.ogm=01;35:*.mp4=01;35:*.m4v=01;35:*.mp4v=01;35:*.vob=01;35:*.qt=01;35:*.nuv=01;35:*.wmv=01;35:*.asf=01;35:*.rm=01;35:*.rmvb=01;35:*.flc=01;35:*.avi=01;35:*.fli=01;35:*.flv=01;35:*.gl=01;35:*.dl=01;35:*.xcf=01;35:*.xwd=01;35:*.yuv=01;35:*.cgm=01;35:*.emf=01;35:*.ogv=01;35:*.ogx=01;35:*.aac=00;36:*.au=00;36:*.flac=00;36:*.m4a=00;36:*.mid=00;36:*.midi=00;36:*.mka=00;36:*.mp3=00;36:*.mpc=00;36:*.ogg=00;36:*.ra=00;36:*.wav=00;36:*.oga=00;36:*.opus=00;36:*.spx=00;36:*.xspf=00;36:'), ('AMENT_PREFIX_PATH', '/home/rospi/aug_2024/install/aug_2024:/home/rospi/aug_2024/install/BMC_2024:/home/rospi/aug_2024/install/sllidar_ros2:/home/rospi/aug_2024/install/my_robot_nav2:/opt/ros/humble'), ('SHELL', '/bin/bash'), ('LESSCLOSE', '/usr/bin/lesspipe %s %s'), ('PWD', '/home/rospi/aug_2024/build/aug_2024'), ('LC_ALL', 'en_US.UTF-8'), ('SSH_CONNECTION', '10.150.42.143 64037 10.6.102.87 22'), ('XDG_DATA_DIRS', '/usr/local/share:/usr/share:/var/lib/snapd/desktop'), ('PYTHONPATH', '/opt/ros/humble/lib/python3.10/site-packages:/opt/ros/humble/local/lib/python3.10/dist-packages'), ('COLCON', '1'), ('CMAKE_PREFIX_PATH', '/home/rospi/aug_2024/install/BMC_2024:/home/rospi/aug_2024/install/sllidar_ros2:/home/rospi/aug_2024/install/aug_2024:/home/rospi/aug_2024/install/pigpio:/home/rospi/aug_2024/install/my_robot_nav2:/opt/ros/humble')]), 'shell': False}
[137.042601] (aug_2024) StdoutLine: {'line': b'-- Install configuration: ""\n'}
[137.043244] (aug_2024) StdoutLine: {'line': b'-- Installing: /home/rospi/aug_2024/install/aug_2024/share/aug_2024//config\n'}
[137.043833] (aug_2024) StdoutLine: {'line': b'-- Installing: /home/rospi/aug_2024/install/aug_2024/share/aug_2024//config/ekf.yaml\n'}
[137.044840] (aug_2024) StdoutLine: {'line': b'-- Installing: /home/rospi/aug_2024/install/aug_2024/share/aug_2024//config/backup\n'}
[137.045445] (aug_2024) StdoutLine: {'line': b'-- Installing: /home/rospi/aug_2024/install/aug_2024/share/aug_2024//config/backup/map1.pgm\n'}
[137.049379] (-) TimerEvent: {}
[137.049975] (aug_2024) StdoutLine: {'line': b'-- Installing: /home/rospi/aug_2024/install/aug_2024/share/aug_2024//config/backup/map1.yaml\n'}
[137.050742] (aug_2024) StdoutLine: {'line': b'-- Installing: /home/rospi/aug_2024/install/aug_2024/share/aug_2024//config/twist_mux.yaml\n'}
[137.051745] (aug_2024) StdoutLine: {'line': b'-- Installing: /home/rospi/aug_2024/install/aug_2024/share/aug_2024//config/nav2_params.yaml\n'}
[137.052785] (aug_2024) StdoutLine: {'line': b'-- Installing: /home/rospi/aug_2024/install/aug_2024/share/aug_2024//config/ps4_controller.yaml\n'}
[137.053743] (aug_2024) StdoutLine: {'line': b'-- Installing: /home/rospi/aug_2024/install/aug_2024/share/aug_2024//config/map1.pgm\n'}
[137.057104] (aug_2024) StdoutLine: {'line': b'-- Installing: /home/rospi/aug_2024/install/aug_2024/share/aug_2024//config/validate_yaml.py\n'}
[137.058082] (aug_2024) StdoutLine: {'line': b'-- Installing: /home/rospi/aug_2024/install/aug_2024/share/aug_2024//config/direct_controllers.yaml\n'}
[137.059110] (aug_2024) StdoutLine: {'line': b'-- Installing: /home/rospi/aug_2024/install/aug_2024/share/aug_2024//config/map1.yaml\n'}
[137.060099] (aug_2024) StdoutLine: {'line': b'-- Installing: /home/rospi/aug_2024/install/aug_2024/share/aug_2024//config/gazebo_ros2_control_params.yaml\n'}
[137.061068] (aug_2024) StdoutLine: {'line': b'-- Installing: /home/rospi/aug_2024/install/aug_2024/share/aug_2024//config/amcl_config.yaml\n'}
[137.062013] (aug_2024) StdoutLine: {'line': b'-- Installing: /home/rospi/aug_2024/install/aug_2024/share/aug_2024//config/flippo_controllers.yaml\n'}
[137.063029] (aug_2024) StdoutLine: {'line': b'-- Installing: /home/rospi/aug_2024/install/aug_2024/share/aug_2024//description\n'}
[137.063599] (aug_2024) StdoutLine: {'line': b'-- Installing: /home/rospi/aug_2024/install/aug_2024/share/aug_2024//description/meshes\n'}
[137.064260] (aug_2024) StdoutLine: {'line': b'-- Installing: /home/rospi/aug_2024/install/aug_2024/share/aug_2024//description/meshes/rear_right_wheel_link.STL\n'}
[137.066964] (aug_2024) StdoutLine: {'line': b'-- Installing: /home/rospi/aug_2024/install/aug_2024/share/aug_2024//description/meshes/front_right_wheel_link.STL\n'}
[137.069590] (aug_2024) StdoutLine: {'line': b'-- Installing: /home/rospi/aug_2024/install/aug_2024/share/aug_2024//description/meshes/chassis_link.STL\n'}
[137.077088] (aug_2024) StdoutLine: {'line': b'-- Installing: /home/rospi/aug_2024/install/aug_2024/share/aug_2024//description/meshes/rear_left_wheel_link.STL\n'}
[137.079795] (aug_2024) StdoutLine: {'line': b'-- Installing: /home/rospi/aug_2024/install/aug_2024/share/aug_2024//description/meshes/front_left_wheel_link.STL\n'}
[137.082331] (aug_2024) StdoutLine: {'line': b'-- Installing: /home/rospi/aug_2024/install/aug_2024/share/aug_2024//description/rviz\n'}
[137.082995] (aug_2024) StdoutLine: {'line': b'-- Installing: /home/rospi/aug_2024/install/aug_2024/share/aug_2024//description/rviz/urdf_config.rviz\n'}
[137.083997] (aug_2024) StdoutLine: {'line': b'-- Installing: /home/rospi/aug_2024/install/aug_2024/share/aug_2024//description/config\n'}
[137.084615] (aug_2024) StdoutLine: {'line': b'-- Installing: /home/rospi/aug_2024/install/aug_2024/share/aug_2024//description/config/ekf.yaml\n'}
[137.085655] (aug_2024) StdoutLine: {'line': b'-- Installing: /home/rospi/aug_2024/install/aug_2024/share/aug_2024//description/config/aug_2024_joint_names.yaml\n'}
[137.086888] (aug_2024) StdoutLine: {'line': b'-- Installing: /home/rospi/aug_2024/install/aug_2024/share/aug_2024//description/urdf\n'}
[137.087565] (aug_2024) StdoutLine: {'line': b'-- Installing: /home/rospi/aug_2024/install/aug_2024/share/aug_2024//description/urdf/aug_2024.urdf\n'}
[137.088694] (aug_2024) StdoutLine: {'line': b'-- Installing: /home/rospi/aug_2024/install/aug_2024/share/aug_2024//description/urdf/aug_2024-cast.urdf\n'}
[137.089849] (aug_2024) StdoutLine: {'line': b'-- Installing: /home/rospi/aug_2024/install/aug_2024/share/aug_2024//description/urdf/aug_2024_old.xacro\n'}
[137.090989] (aug_2024) StdoutLine: {'line': b'-- Installing: /home/rospi/aug_2024/install/aug_2024/share/aug_2024//description/urdf/aug_2024 _no_caster.xacro\n'}
[137.092562] (aug_2024) StdoutLine: {'line': b'-- Installing: /home/rospi/aug_2024/install/aug_2024/share/aug_2024//description/urdf/aug_2024-1.xacro\n'}
[137.093668] (aug_2024) StdoutLine: {'line': b'-- Installing: /home/rospi/aug_2024/install/aug_2024/share/aug_2024//description/urdf/aug_2024-nocaster.urdf\n'}
[137.094812] (aug_2024) StdoutLine: {'line': b'-- Installing: /home/rospi/aug_2024/install/aug_2024/share/aug_2024//launch\n'}
[137.095541] (aug_2024) StdoutLine: {'line': b'-- Installing: /home/rospi/aug_2024/install/aug_2024/share/aug_2024//launch/sllidar_a2m12_launch .py\n'}
[137.096560] (aug_2024) StdoutLine: {'line': b'-- Installing: /home/rospi/aug_2024/install/aug_2024/share/aug_2024//launch/min_launch.py\n'}
[137.097493] (aug_2024) StdoutLine: {'line': b'-- Installing: /home/rospi/aug_2024/install/aug_2024/share/aug_2024//launch/test_launch.py\n'}
[137.098442] (aug_2024) StdoutLine: {'line': b'-- Installing: /home/rospi/aug_2024/install/aug_2024/share/aug_2024//launch/aug_2024_launch.py\n'}
[137.099440] (aug_2024) StdoutLine: {'line': b'-- Installing: /home/rospi/aug_2024/install/aug_2024/share/aug_2024//launch/aug_2024_rospi_launch.py\n'}
[137.100470] (aug_2024) StdoutLine: {'line': b'-- Installing: /home/rospi/aug_2024/install/aug_2024/share/aug_2024//launch/ros2_control_debug.launch.py\n'}
[137.101459] (aug_2024) StdoutLine: {'line': b'-- Installing: /home/rospi/aug_2024/install/aug_2024/share/aug_2024//launch/aug_2024_sim_launch.py\n'}
[137.102500] (aug_2024) StdoutLine: {'line': b'-- Installing: /home/rospi/aug_2024/install/aug_2024/share/aug_2024//launch/rospi_cam_launch.py\n'}
[137.103581] (aug_2024) StdoutLine: {'line': b'-- Installing: /home/rospi/aug_2024/install/aug_2024/share/aug_2024//launch/aug_2024_sim_launch1.py\n'}
[137.104674] (aug_2024) StdoutLine: {'line': b'-- Installing: /home/rospi/aug_2024/install/aug_2024/share/aug_2024//launch/aug_2024_rospi_launch_broken.py\n'}
[137.105708] (aug_2024) StdoutLine: {'line': b'-- Installing: /home/rospi/aug_2024/install/aug_2024/share/aug_2024//launch/simple.py\n'}
[137.106716] (aug_2024) StdoutLine: {'line': b'-- Installing: /home/rospi/aug_2024/install/aug_2024/share/aug_2024//worlds\n'}
[137.107329] (aug_2024) StdoutLine: {'line': b'-- Installing: /home/rospi/aug_2024/install/aug_2024/share/aug_2024//worlds/usda_rough_dim.sdf\n'}
[137.109170] (aug_2024) StdoutLine: {'line': b'-- Installing: /home/rospi/aug_2024/install/aug_2024/share/aug_2024//worlds/usda_build_full\n'}
[137.109785] (aug_2024) StdoutLine: {'line': b'-- Installing: /home/rospi/aug_2024/install/aug_2024/share/aug_2024//worlds/usda_build_full/model.sdf\n'}
[137.111789] (aug_2024) StdoutLine: {'line': b'-- Installing: /home/rospi/aug_2024/install/aug_2024/share/aug_2024//worlds/usda_build_full/model.config\n'}
[137.112776] (aug_2024) StdoutLine: {'line': b'-- Installing: /home/rospi/aug_2024/install/aug_2024/share/aug_2024//worlds/gaz_goof_001\n'}
[137.113951] (aug_2024) StdoutLine: {'line': b'-- Installing: /home/rospi/aug_2024/install/aug_2024/share/aug_2024//src\n'}
[137.114690] (aug_2024) StdoutLine: {'line': b'-- Installing: /home/rospi/aug_2024/install/aug_2024/share/aug_2024//src/waypoint_navigator.py\n'}
[137.115754] (aug_2024) StdoutLine: {'line': b'-- Installing: /home/rospi/aug_2024/install/aug_2024/share/aug_2024//src/skunk_aug.cpp\n'}
[137.117190] (aug_2024) StdoutLine: {'line': b'-- Installing: /home/rospi/aug_2024/install/aug_2024/share/aug_2024//src/gpio_controller.cpp\n'}
[137.118133] (aug_2024) StdoutLine: {'line': b'-- Installing: /home/rospi/aug_2024/install/aug_2024/share/aug_2024//src/gpio_controller.py\n'}
[137.119150] (aug_2024) StdoutLine: {'line': b'-- Installing: /home/rospi/aug_2024/install/aug_2024/share/aug_2024//src/image_annotator.py\n'}
[137.120696] (aug_2024) StdoutLine: {'line': b'-- Installing: /home/rospi/aug_2024/install/aug_2024/lib/aug_2024/image_annotator.py\n'}
[137.121986] (aug_2024) StdoutLine: {'line': b'-- Installing: /home/rospi/aug_2024/install/aug_2024/lib/aug_2024/gpio_controller\n'}
[137.149550] (-) TimerEvent: {}
[137.152101] (aug_2024) StdoutLine: {'line': b'-- Set runtime path of "/home/rospi/aug_2024/install/aug_2024/lib/aug_2024/gpio_controller" to ""\n'}
[137.153021] (aug_2024) StdoutLine: {'line': b'-- Installing: /home/rospi/aug_2024/install/aug_2024/share/ament_index/resource_index/package_run_dependencies/aug_2024\n'}
[137.154837] (aug_2024) StdoutLine: {'line': b'-- Installing: /home/rospi/aug_2024/install/aug_2024/share/ament_index/resource_index/parent_prefix_path/aug_2024\n'}
[137.156457] (aug_2024) StdoutLine: {'line': b'-- Installing: /home/rospi/aug_2024/install/aug_2024/share/aug_2024/environment/ament_prefix_path.sh\n'}
[137.157682] (aug_2024) StdoutLine: {'line': b'-- Installing: /home/rospi/aug_2024/install/aug_2024/share/aug_2024/environment/ament_prefix_path.dsv\n'}
[137.158963] (aug_2024) StdoutLine: {'line': b'-- Installing: /home/rospi/aug_2024/install/aug_2024/share/aug_2024/environment/path.sh\n'}
[137.160139] (aug_2024) StdoutLine: {'line': b'-- Installing: /home/rospi/aug_2024/install/aug_2024/share/aug_2024/environment/path.dsv\n'}
[137.161297] (aug_2024) StdoutLine: {'line': b'-- Installing: /home/rospi/aug_2024/install/aug_2024/share/aug_2024/local_setup.bash\n'}
[137.162473] (aug_2024) StdoutLine: {'line': b'-- Installing: /home/rospi/aug_2024/install/aug_2024/share/aug_2024/local_setup.sh\n'}
[137.163766] (aug_2024) StdoutLine: {'line': b'-- Installing: /home/rospi/aug_2024/install/aug_2024/share/aug_2024/local_setup.zsh\n'}
[137.164910] (aug_2024) StdoutLine: {'line': b'-- Installing: /home/rospi/aug_2024/install/aug_2024/share/aug_2024/local_setup.dsv\n'}
[137.166040] (aug_2024) StdoutLine: {'line': b'-- Installing: /home/rospi/aug_2024/install/aug_2024/share/aug_2024/package.dsv\n'}
[137.167607] (aug_2024) StdoutLine: {'line': b'-- Installing: /home/rospi/aug_2024/install/aug_2024/share/ament_index/resource_index/packages/aug_2024\n'}
[137.169068] (aug_2024) StdoutLine: {'line': b'-- Installing: /home/rospi/aug_2024/install/aug_2024/share/aug_2024/cmake/aug_2024Config.cmake\n'}
[137.170080] (aug_2024) StdoutLine: {'line': b'-- Installing: /home/rospi/aug_2024/install/aug_2024/share/aug_2024/cmake/aug_2024Config-version.cmake\n'}
[137.171274] (aug_2024) StdoutLine: {'line': b'-- Installing: /home/rospi/aug_2024/install/aug_2024/share/aug_2024/package.xml\n'}
[137.177455] (aug_2024) CommandEnded: {'returncode': 0}
[137.242215] (aug_2024) JobEnded: {'identifier': 'aug_2024', 'rc': 0}
[137.245497] (-) EventReactorShutdown: {}
