[0.125s] DEBUG:colcon:Command line arguments: ['/usr/bin/colcon', 'build']
[0.125s] DEBUG:colcon:Parsed command line arguments: Namespace(log_base=None, log_level=None, verb_name='build', build_base='build', install_base='install', merge_install=False, symlink_install=False, test_result_base=None, continue_on_error=False, executor='parallel', parallel_workers=12, event_handlers=None, ignore_user_meta=False, metas=['./colcon.meta'], base_paths=['.'], packages_ignore=None, packages_ignore_regex=None, paths=None, packages_up_to=None, packages_up_to_regex=None, packages_above=None, packages_above_and_dependencies=None, packages_above_depth=None, packages_select_by_dep=None, packages_skip_by_dep=None, packages_skip_up_to=None, packages_select_build_failed=False, packages_skip_build_finished=False, packages_select_test_failures=False, packages_skip_test_passed=False, packages_select=None, packages_skip=None, packages_select_regex=None, packages_skip_regex=None, packages_start=None, packages_end=None, allow_overriding=[], cmake_args=None, cmake_target=None, cmake_target_skip_unavailable=False, cmake_clean_cache=False, cmake_clean_first=False, cmake_force_configure=False, ament_cmake_args=None, catkin_cmake_args=None, catkin_skip_building_tests=False, mixin_files=None, mixin=None, verb_parser=<colcon_mixin.mixin.mixin_argument.MixinArgumentDecorator object at 0x740a23887f10>, verb_extension=<colcon_core.verb.build.BuildVerb object at 0x740a238878e0>, main=<bound method BuildVerb.main of <colcon_core.verb.build.BuildVerb object at 0x740a238878e0>>, mixin_verb=('build',))
[0.309s] Level 1:colcon.colcon_core.package_discovery:discover_packages(colcon_meta) check parameters
[0.309s] Level 1:colcon.colcon_core.package_discovery:discover_packages(recursive) check parameters
[0.309s] Level 1:colcon.colcon_core.package_discovery:discover_packages(ignore) check parameters
[0.309s] Level 1:colcon.colcon_core.package_discovery:discover_packages(path) check parameters
[0.309s] Level 1:colcon.colcon_core.package_discovery:discover_packages(colcon_meta) discover
[0.309s] Level 1:colcon.colcon_core.package_discovery:discover_packages(recursive) discover
[0.309s] INFO:colcon.colcon_core.package_discovery:Crawling recursively for packages in '/home/dkflippo/aug2024'
[0.309s] Level 1:colcon.colcon_core.package_identification:_identify(.) by extensions ['ignore', 'ignore_ament_install']
[0.310s] Level 1:colcon.colcon_core.package_identification:_identify(.) by extension 'ignore'
[0.310s] Level 1:colcon.colcon_core.package_identification:_identify(.) by extension 'ignore_ament_install'
[0.310s] Level 1:colcon.colcon_core.package_identification:_identify(.) by extensions ['colcon_pkg']
[0.310s] Level 1:colcon.colcon_core.package_identification:_identify(.) by extension 'colcon_pkg'
[0.310s] Level 1:colcon.colcon_core.package_identification:_identify(.) by extensions ['colcon_meta']
[0.310s] Level 1:colcon.colcon_core.package_identification:_identify(.) by extension 'colcon_meta'
[0.310s] Level 1:colcon.colcon_core.package_identification:_identify(.) by extensions ['ros']
[0.310s] Level 1:colcon.colcon_core.package_identification:_identify(.) by extension 'ros'
[0.319s] Level 1:colcon.colcon_core.package_identification:_identify(.) by extensions ['cmake', 'python']
[0.319s] Level 1:colcon.colcon_core.package_identification:_identify(.) by extension 'cmake'
[0.319s] Level 1:colcon.colcon_core.package_identification:_identify(.) by extension 'python'
[0.319s] Level 1:colcon.colcon_core.package_identification:_identify(.) by extensions ['python_setup_py']
[0.319s] Level 1:colcon.colcon_core.package_identification:_identify(.) by extension 'python_setup_py'
[0.319s] Level 1:colcon.colcon_core.package_identification:_identify(build) by extensions ['ignore', 'ignore_ament_install']
[0.319s] Level 1:colcon.colcon_core.package_identification:_identify(build) by extension 'ignore'
[0.319s] Level 1:colcon.colcon_core.package_identification:_identify(build) ignored
[0.320s] Level 1:colcon.colcon_core.package_identification:_identify(install) by extensions ['ignore', 'ignore_ament_install']
[0.320s] Level 1:colcon.colcon_core.package_identification:_identify(install) by extension 'ignore'
[0.320s] Level 1:colcon.colcon_core.package_identification:_identify(install) ignored
[0.320s] Level 1:colcon.colcon_core.package_identification:_identify(log) by extensions ['ignore', 'ignore_ament_install']
[0.320s] Level 1:colcon.colcon_core.package_identification:_identify(log) by extension 'ignore'
[0.320s] Level 1:colcon.colcon_core.package_identification:_identify(log) ignored
[0.320s] Level 1:colcon.colcon_core.package_identification:_identify(src) by extensions ['ignore', 'ignore_ament_install']
[0.320s] Level 1:colcon.colcon_core.package_identification:_identify(src) by extension 'ignore'
[0.320s] Level 1:colcon.colcon_core.package_identification:_identify(src) by extension 'ignore_ament_install'
[0.320s] Level 1:colcon.colcon_core.package_identification:_identify(src) by extensions ['colcon_pkg']
[0.320s] Level 1:colcon.colcon_core.package_identification:_identify(src) by extension 'colcon_pkg'
[0.320s] Level 1:colcon.colcon_core.package_identification:_identify(src) by extensions ['colcon_meta']
[0.320s] Level 1:colcon.colcon_core.package_identification:_identify(src) by extension 'colcon_meta'
[0.320s] Level 1:colcon.colcon_core.package_identification:_identify(src) by extensions ['ros']
[0.320s] Level 1:colcon.colcon_core.package_identification:_identify(src) by extension 'ros'
[0.320s] Level 1:colcon.colcon_core.package_identification:_identify(src) by extensions ['cmake', 'python']
[0.320s] Level 1:colcon.colcon_core.package_identification:_identify(src) by extension 'cmake'
[0.320s] Level 1:colcon.colcon_core.package_identification:_identify(src) by extension 'python'
[0.321s] Level 1:colcon.colcon_core.package_identification:_identify(src) by extensions ['python_setup_py']
[0.321s] Level 1:colcon.colcon_core.package_identification:_identify(src) by extension 'python_setup_py'
[0.321s] Level 1:colcon.colcon_core.package_identification:_identify(src/BMC_2024) by extensions ['ignore', 'ignore_ament_install']
[0.321s] Level 1:colcon.colcon_core.package_identification:_identify(src/BMC_2024) by extension 'ignore'
[0.321s] Level 1:colcon.colcon_core.package_identification:_identify(src/BMC_2024) by extension 'ignore_ament_install'
[0.321s] Level 1:colcon.colcon_core.package_identification:_identify(src/BMC_2024) by extensions ['colcon_pkg']
[0.321s] Level 1:colcon.colcon_core.package_identification:_identify(src/BMC_2024) by extension 'colcon_pkg'
[0.321s] Level 1:colcon.colcon_core.package_identification:_identify(src/BMC_2024) by extensions ['colcon_meta']
[0.321s] Level 1:colcon.colcon_core.package_identification:_identify(src/BMC_2024) by extension 'colcon_meta'
[0.321s] Level 1:colcon.colcon_core.package_identification:_identify(src/BMC_2024) by extensions ['ros']
[0.321s] Level 1:colcon.colcon_core.package_identification:_identify(src/BMC_2024) by extension 'ros'
[0.324s] DEBUG:colcon.colcon_core.package_identification:Package 'src/BMC_2024' with type 'ros.ament_cmake' and name 'BMC_2024'
[0.324s] Level 1:colcon.colcon_core.package_identification:_identify(src/aug_2024) by extensions ['ignore', 'ignore_ament_install']
[0.324s] Level 1:colcon.colcon_core.package_identification:_identify(src/aug_2024) by extension 'ignore'
[0.324s] Level 1:colcon.colcon_core.package_identification:_identify(src/aug_2024) by extension 'ignore_ament_install'
[0.324s] Level 1:colcon.colcon_core.package_identification:_identify(src/aug_2024) by extensions ['colcon_pkg']
[0.324s] Level 1:colcon.colcon_core.package_identification:_identify(src/aug_2024) by extension 'colcon_pkg'
[0.324s] Level 1:colcon.colcon_core.package_identification:_identify(src/aug_2024) by extensions ['colcon_meta']
[0.324s] Level 1:colcon.colcon_core.package_identification:_identify(src/aug_2024) by extension 'colcon_meta'
[0.324s] Level 1:colcon.colcon_core.package_identification:_identify(src/aug_2024) by extensions ['ros']
[0.324s] Level 1:colcon.colcon_core.package_identification:_identify(src/aug_2024) by extension 'ros'
[0.326s] DEBUG:colcon.colcon_core.package_identification:Package 'src/aug_2024' with type 'ros.ament_cmake' and name 'aug_2024'
[0.326s] Level 1:colcon.colcon_core.package_identification:_identify(src/bmc_2024) by extensions ['ignore', 'ignore_ament_install']
[0.326s] Level 1:colcon.colcon_core.package_identification:_identify(src/bmc_2024) by extension 'ignore'
[0.326s] Level 1:colcon.colcon_core.package_identification:_identify(src/bmc_2024) by extension 'ignore_ament_install'
[0.326s] Level 1:colcon.colcon_core.package_identification:_identify(src/bmc_2024) by extensions ['colcon_pkg']
[0.326s] Level 1:colcon.colcon_core.package_identification:_identify(src/bmc_2024) by extension 'colcon_pkg'
[0.327s] Level 1:colcon.colcon_core.package_identification:_identify(src/bmc_2024) by extensions ['colcon_meta']
[0.327s] Level 1:colcon.colcon_core.package_identification:_identify(src/bmc_2024) by extension 'colcon_meta'
[0.327s] Level 1:colcon.colcon_core.package_identification:_identify(src/bmc_2024) by extensions ['ros']
[0.327s] Level 1:colcon.colcon_core.package_identification:_identify(src/bmc_2024) by extension 'ros'
[0.327s] Level 1:colcon.colcon_core.package_identification:_identify(src/bmc_2024) by extensions ['cmake', 'python']
[0.327s] Level 1:colcon.colcon_core.package_identification:_identify(src/bmc_2024) by extension 'cmake'
[0.327s] Level 1:colcon.colcon_core.package_identification:_identify(src/bmc_2024) by extension 'python'
[0.327s] Level 1:colcon.colcon_core.package_identification:_identify(src/bmc_2024) by extensions ['python_setup_py']
[0.327s] Level 1:colcon.colcon_core.package_identification:_identify(src/bmc_2024) by extension 'python_setup_py'
[0.327s] Level 1:colcon.colcon_core.package_identification:_identify(src/bmc_2024/hardware) by extensions ['ignore', 'ignore_ament_install']
[0.327s] Level 1:colcon.colcon_core.package_identification:_identify(src/bmc_2024/hardware) by extension 'ignore'
[0.327s] Level 1:colcon.colcon_core.package_identification:_identify(src/bmc_2024/hardware) by extension 'ignore_ament_install'
[0.327s] Level 1:colcon.colcon_core.package_identification:_identify(src/bmc_2024/hardware) by extensions ['colcon_pkg']
[0.327s] Level 1:colcon.colcon_core.package_identification:_identify(src/bmc_2024/hardware) by extension 'colcon_pkg'
[0.327s] Level 1:colcon.colcon_core.package_identification:_identify(src/bmc_2024/hardware) by extensions ['colcon_meta']
[0.327s] Level 1:colcon.colcon_core.package_identification:_identify(src/bmc_2024/hardware) by extension 'colcon_meta'
[0.327s] Level 1:colcon.colcon_core.package_identification:_identify(src/bmc_2024/hardware) by extensions ['ros']
[0.327s] Level 1:colcon.colcon_core.package_identification:_identify(src/bmc_2024/hardware) by extension 'ros'
[0.327s] Level 1:colcon.colcon_core.package_identification:_identify(src/bmc_2024/hardware) by extensions ['cmake', 'python']
[0.327s] Level 1:colcon.colcon_core.package_identification:_identify(src/bmc_2024/hardware) by extension 'cmake'
[0.327s] Level 1:colcon.colcon_core.package_identification:_identify(src/bmc_2024/hardware) by extension 'python'
[0.327s] Level 1:colcon.colcon_core.package_identification:_identify(src/bmc_2024/hardware) by extensions ['python_setup_py']
[0.327s] Level 1:colcon.colcon_core.package_identification:_identify(src/bmc_2024/hardware) by extension 'python_setup_py'
[0.328s] Level 1:colcon.colcon_core.package_identification:_identify(src/bmc_2024/hardware/include) by extensions ['ignore', 'ignore_ament_install']
[0.328s] Level 1:colcon.colcon_core.package_identification:_identify(src/bmc_2024/hardware/include) by extension 'ignore'
[0.328s] Level 1:colcon.colcon_core.package_identification:_identify(src/bmc_2024/hardware/include) by extension 'ignore_ament_install'
[0.328s] Level 1:colcon.colcon_core.package_identification:_identify(src/bmc_2024/hardware/include) by extensions ['colcon_pkg']
[0.328s] Level 1:colcon.colcon_core.package_identification:_identify(src/bmc_2024/hardware/include) by extension 'colcon_pkg'
[0.328s] Level 1:colcon.colcon_core.package_identification:_identify(src/bmc_2024/hardware/include) by extensions ['colcon_meta']
[0.328s] Level 1:colcon.colcon_core.package_identification:_identify(src/bmc_2024/hardware/include) by extension 'colcon_meta'
[0.328s] Level 1:colcon.colcon_core.package_identification:_identify(src/bmc_2024/hardware/include) by extensions ['ros']
[0.328s] Level 1:colcon.colcon_core.package_identification:_identify(src/bmc_2024/hardware/include) by extension 'ros'
[0.328s] Level 1:colcon.colcon_core.package_identification:_identify(src/bmc_2024/hardware/include) by extensions ['cmake', 'python']
[0.328s] Level 1:colcon.colcon_core.package_identification:_identify(src/bmc_2024/hardware/include) by extension 'cmake'
[0.328s] Level 1:colcon.colcon_core.package_identification:_identify(src/bmc_2024/hardware/include) by extension 'python'
[0.328s] Level 1:colcon.colcon_core.package_identification:_identify(src/bmc_2024/hardware/include) by extensions ['python_setup_py']
[0.328s] Level 1:colcon.colcon_core.package_identification:_identify(src/bmc_2024/hardware/include) by extension 'python_setup_py'
[0.328s] Level 1:colcon.colcon_core.package_identification:_identify(src/bmc_2024/hardware/include/rowbot_bmc) by extensions ['ignore', 'ignore_ament_install']
[0.328s] Level 1:colcon.colcon_core.package_identification:_identify(src/bmc_2024/hardware/include/rowbot_bmc) by extension 'ignore'
[0.328s] Level 1:colcon.colcon_core.package_identification:_identify(src/bmc_2024/hardware/include/rowbot_bmc) by extension 'ignore_ament_install'
[0.328s] Level 1:colcon.colcon_core.package_identification:_identify(src/bmc_2024/hardware/include/rowbot_bmc) by extensions ['colcon_pkg']
[0.328s] Level 1:colcon.colcon_core.package_identification:_identify(src/bmc_2024/hardware/include/rowbot_bmc) by extension 'colcon_pkg'
[0.328s] Level 1:colcon.colcon_core.package_identification:_identify(src/bmc_2024/hardware/include/rowbot_bmc) by extensions ['colcon_meta']
[0.328s] Level 1:colcon.colcon_core.package_identification:_identify(src/bmc_2024/hardware/include/rowbot_bmc) by extension 'colcon_meta'
[0.328s] Level 1:colcon.colcon_core.package_identification:_identify(src/bmc_2024/hardware/include/rowbot_bmc) by extensions ['ros']
[0.329s] Level 1:colcon.colcon_core.package_identification:_identify(src/bmc_2024/hardware/include/rowbot_bmc) by extension 'ros'
[0.329s] Level 1:colcon.colcon_core.package_identification:_identify(src/bmc_2024/hardware/include/rowbot_bmc) by extensions ['cmake', 'python']
[0.329s] Level 1:colcon.colcon_core.package_identification:_identify(src/bmc_2024/hardware/include/rowbot_bmc) by extension 'cmake'
[0.329s] Level 1:colcon.colcon_core.package_identification:_identify(src/bmc_2024/hardware/include/rowbot_bmc) by extension 'python'
[0.329s] Level 1:colcon.colcon_core.package_identification:_identify(src/bmc_2024/hardware/include/rowbot_bmc) by extensions ['python_setup_py']
[0.329s] Level 1:colcon.colcon_core.package_identification:_identify(src/bmc_2024/hardware/include/rowbot_bmc) by extension 'python_setup_py'
[0.329s] Level 1:colcon.colcon_core.package_identification:_identify(src/bmc_2024/include) by extensions ['ignore', 'ignore_ament_install']
[0.329s] Level 1:colcon.colcon_core.package_identification:_identify(src/bmc_2024/include) by extension 'ignore'
[0.329s] Level 1:colcon.colcon_core.package_identification:_identify(src/bmc_2024/include) by extension 'ignore_ament_install'
[0.329s] Level 1:colcon.colcon_core.package_identification:_identify(src/bmc_2024/include) by extensions ['colcon_pkg']
[0.329s] Level 1:colcon.colcon_core.package_identification:_identify(src/bmc_2024/include) by extension 'colcon_pkg'
[0.329s] Level 1:colcon.colcon_core.package_identification:_identify(src/bmc_2024/include) by extensions ['colcon_meta']
[0.329s] Level 1:colcon.colcon_core.package_identification:_identify(src/bmc_2024/include) by extension 'colcon_meta'
[0.329s] Level 1:colcon.colcon_core.package_identification:_identify(src/bmc_2024/include) by extensions ['ros']
[0.329s] Level 1:colcon.colcon_core.package_identification:_identify(src/bmc_2024/include) by extension 'ros'
[0.329s] Level 1:colcon.colcon_core.package_identification:_identify(src/bmc_2024/include) by extensions ['cmake', 'python']
[0.329s] Level 1:colcon.colcon_core.package_identification:_identify(src/bmc_2024/include) by extension 'cmake'
[0.329s] Level 1:colcon.colcon_core.package_identification:_identify(src/bmc_2024/include) by extension 'python'
[0.329s] Level 1:colcon.colcon_core.package_identification:_identify(src/bmc_2024/include) by extensions ['python_setup_py']
[0.329s] Level 1:colcon.colcon_core.package_identification:_identify(src/bmc_2024/include) by extension 'python_setup_py'
[0.329s] Level 1:colcon.colcon_core.package_identification:_identify(src/bmc_2024/include/bmc_2024) by extensions ['ignore', 'ignore_ament_install']
[0.329s] Level 1:colcon.colcon_core.package_identification:_identify(src/bmc_2024/include/bmc_2024) by extension 'ignore'
[0.330s] Level 1:colcon.colcon_core.package_identification:_identify(src/bmc_2024/include/bmc_2024) by extension 'ignore_ament_install'
[0.330s] Level 1:colcon.colcon_core.package_identification:_identify(src/bmc_2024/include/bmc_2024) by extensions ['colcon_pkg']
[0.330s] Level 1:colcon.colcon_core.package_identification:_identify(src/bmc_2024/include/bmc_2024) by extension 'colcon_pkg'
[0.330s] Level 1:colcon.colcon_core.package_identification:_identify(src/bmc_2024/include/bmc_2024) by extensions ['colcon_meta']
[0.330s] Level 1:colcon.colcon_core.package_identification:_identify(src/bmc_2024/include/bmc_2024) by extension 'colcon_meta'
[0.330s] Level 1:colcon.colcon_core.package_identification:_identify(src/bmc_2024/include/bmc_2024) by extensions ['ros']
[0.330s] Level 1:colcon.colcon_core.package_identification:_identify(src/bmc_2024/include/bmc_2024) by extension 'ros'
[0.330s] Level 1:colcon.colcon_core.package_identification:_identify(src/bmc_2024/include/bmc_2024) by extensions ['cmake', 'python']
[0.330s] Level 1:colcon.colcon_core.package_identification:_identify(src/bmc_2024/include/bmc_2024) by extension 'cmake'
[0.330s] Level 1:colcon.colcon_core.package_identification:_identify(src/bmc_2024/include/bmc_2024) by extension 'python'
[0.330s] Level 1:colcon.colcon_core.package_identification:_identify(src/bmc_2024/include/bmc_2024) by extensions ['python_setup_py']
[0.330s] Level 1:colcon.colcon_core.package_identification:_identify(src/bmc_2024/include/bmc_2024) by extension 'python_setup_py'
[0.330s] Level 1:colcon.colcon_core.package_identification:_identify(src/bmc_2024/src) by extensions ['ignore', 'ignore_ament_install']
[0.330s] Level 1:colcon.colcon_core.package_identification:_identify(src/bmc_2024/src) by extension 'ignore'
[0.330s] Level 1:colcon.colcon_core.package_identification:_identify(src/bmc_2024/src) by extension 'ignore_ament_install'
[0.330s] Level 1:colcon.colcon_core.package_identification:_identify(src/bmc_2024/src) by extensions ['colcon_pkg']
[0.330s] Level 1:colcon.colcon_core.package_identification:_identify(src/bmc_2024/src) by extension 'colcon_pkg'
[0.330s] Level 1:colcon.colcon_core.package_identification:_identify(src/bmc_2024/src) by extensions ['colcon_meta']
[0.330s] Level 1:colcon.colcon_core.package_identification:_identify(src/bmc_2024/src) by extension 'colcon_meta'
[0.330s] Level 1:colcon.colcon_core.package_identification:_identify(src/bmc_2024/src) by extensions ['ros']
[0.330s] Level 1:colcon.colcon_core.package_identification:_identify(src/bmc_2024/src) by extension 'ros'
[0.330s] Level 1:colcon.colcon_core.package_identification:_identify(src/bmc_2024/src) by extensions ['cmake', 'python']
[0.330s] Level 1:colcon.colcon_core.package_identification:_identify(src/bmc_2024/src) by extension 'cmake'
[0.330s] Level 1:colcon.colcon_core.package_identification:_identify(src/bmc_2024/src) by extension 'python'
[0.331s] Level 1:colcon.colcon_core.package_identification:_identify(src/bmc_2024/src) by extensions ['python_setup_py']
[0.331s] Level 1:colcon.colcon_core.package_identification:_identify(src/bmc_2024/src) by extension 'python_setup_py'
[0.331s] Level 1:colcon.colcon_core.package_identification:_identify(src/build) by extensions ['ignore', 'ignore_ament_install']
[0.331s] Level 1:colcon.colcon_core.package_identification:_identify(src/build) by extension 'ignore'
[0.331s] Level 1:colcon.colcon_core.package_identification:_identify(src/build) ignored
[0.331s] Level 1:colcon.colcon_core.package_identification:_identify(src/gazebo_ros2_control) by extensions ['ignore', 'ignore_ament_install']
[0.331s] Level 1:colcon.colcon_core.package_identification:_identify(src/gazebo_ros2_control) by extension 'ignore'
[0.331s] Level 1:colcon.colcon_core.package_identification:_identify(src/gazebo_ros2_control) by extension 'ignore_ament_install'
[0.331s] Level 1:colcon.colcon_core.package_identification:_identify(src/gazebo_ros2_control) by extensions ['colcon_pkg']
[0.331s] Level 1:colcon.colcon_core.package_identification:_identify(src/gazebo_ros2_control) by extension 'colcon_pkg'
[0.331s] Level 1:colcon.colcon_core.package_identification:_identify(src/gazebo_ros2_control) by extensions ['colcon_meta']
[0.331s] Level 1:colcon.colcon_core.package_identification:_identify(src/gazebo_ros2_control) by extension 'colcon_meta'
[0.331s] Level 1:colcon.colcon_core.package_identification:_identify(src/gazebo_ros2_control) by extensions ['ros']
[0.331s] Level 1:colcon.colcon_core.package_identification:_identify(src/gazebo_ros2_control) by extension 'ros'
[0.331s] Level 1:colcon.colcon_core.package_identification:_identify(src/gazebo_ros2_control) by extensions ['cmake', 'python']
[0.331s] Level 1:colcon.colcon_core.package_identification:_identify(src/gazebo_ros2_control) by extension 'cmake'
[0.331s] Level 1:colcon.colcon_core.package_identification:_identify(src/gazebo_ros2_control) by extension 'python'
[0.331s] Level 1:colcon.colcon_core.package_identification:_identify(src/gazebo_ros2_control) by extensions ['python_setup_py']
[0.331s] Level 1:colcon.colcon_core.package_identification:_identify(src/gazebo_ros2_control) by extension 'python_setup_py'
[0.331s] Level 1:colcon.colcon_core.package_identification:_identify(src/gazebo_ros2_control/Docker) by extensions ['ignore', 'ignore_ament_install']
[0.332s] Level 1:colcon.colcon_core.package_identification:_identify(src/gazebo_ros2_control/Docker) by extension 'ignore'
[0.332s] Level 1:colcon.colcon_core.package_identification:_identify(src/gazebo_ros2_control/Docker) by extension 'ignore_ament_install'
[0.332s] Level 1:colcon.colcon_core.package_identification:_identify(src/gazebo_ros2_control/Docker) by extensions ['colcon_pkg']
[0.332s] Level 1:colcon.colcon_core.package_identification:_identify(src/gazebo_ros2_control/Docker) by extension 'colcon_pkg'
[0.332s] Level 1:colcon.colcon_core.package_identification:_identify(src/gazebo_ros2_control/Docker) by extensions ['colcon_meta']
[0.332s] Level 1:colcon.colcon_core.package_identification:_identify(src/gazebo_ros2_control/Docker) by extension 'colcon_meta'
[0.332s] Level 1:colcon.colcon_core.package_identification:_identify(src/gazebo_ros2_control/Docker) by extensions ['ros']
[0.332s] Level 1:colcon.colcon_core.package_identification:_identify(src/gazebo_ros2_control/Docker) by extension 'ros'
[0.332s] Level 1:colcon.colcon_core.package_identification:_identify(src/gazebo_ros2_control/Docker) by extensions ['cmake', 'python']
[0.332s] Level 1:colcon.colcon_core.package_identification:_identify(src/gazebo_ros2_control/Docker) by extension 'cmake'
[0.332s] Level 1:colcon.colcon_core.package_identification:_identify(src/gazebo_ros2_control/Docker) by extension 'python'
[0.332s] Level 1:colcon.colcon_core.package_identification:_identify(src/gazebo_ros2_control/Docker) by extensions ['python_setup_py']
[0.332s] Level 1:colcon.colcon_core.package_identification:_identify(src/gazebo_ros2_control/Docker) by extension 'python_setup_py'
[0.332s] Level 1:colcon.colcon_core.package_identification:_identify(src/gazebo_ros2_control/doc) by extensions ['ignore', 'ignore_ament_install']
[0.332s] Level 1:colcon.colcon_core.package_identification:_identify(src/gazebo_ros2_control/doc) by extension 'ignore'
[0.332s] Level 1:colcon.colcon_core.package_identification:_identify(src/gazebo_ros2_control/doc) by extension 'ignore_ament_install'
[0.332s] Level 1:colcon.colcon_core.package_identification:_identify(src/gazebo_ros2_control/doc) by extensions ['colcon_pkg']
[0.332s] Level 1:colcon.colcon_core.package_identification:_identify(src/gazebo_ros2_control/doc) by extension 'colcon_pkg'
[0.332s] Level 1:colcon.colcon_core.package_identification:_identify(src/gazebo_ros2_control/doc) by extensions ['colcon_meta']
[0.332s] Level 1:colcon.colcon_core.package_identification:_identify(src/gazebo_ros2_control/doc) by extension 'colcon_meta'
[0.332s] Level 1:colcon.colcon_core.package_identification:_identify(src/gazebo_ros2_control/doc) by extensions ['ros']
[0.332s] Level 1:colcon.colcon_core.package_identification:_identify(src/gazebo_ros2_control/doc) by extension 'ros'
[0.332s] Level 1:colcon.colcon_core.package_identification:_identify(src/gazebo_ros2_control/doc) by extensions ['cmake', 'python']
[0.333s] Level 1:colcon.colcon_core.package_identification:_identify(src/gazebo_ros2_control/doc) by extension 'cmake'
[0.333s] Level 1:colcon.colcon_core.package_identification:_identify(src/gazebo_ros2_control/doc) by extension 'python'
[0.333s] Level 1:colcon.colcon_core.package_identification:_identify(src/gazebo_ros2_control/doc) by extensions ['python_setup_py']
[0.333s] Level 1:colcon.colcon_core.package_identification:_identify(src/gazebo_ros2_control/doc) by extension 'python_setup_py'
[0.333s] Level 1:colcon.colcon_core.package_identification:_identify(src/gazebo_ros2_control/doc/img) by extensions ['ignore', 'ignore_ament_install']
[0.333s] Level 1:colcon.colcon_core.package_identification:_identify(src/gazebo_ros2_control/doc/img) by extension 'ignore'
[0.333s] Level 1:colcon.colcon_core.package_identification:_identify(src/gazebo_ros2_control/doc/img) by extension 'ignore_ament_install'
[0.333s] Level 1:colcon.colcon_core.package_identification:_identify(src/gazebo_ros2_control/doc/img) by extensions ['colcon_pkg']
[0.333s] Level 1:colcon.colcon_core.package_identification:_identify(src/gazebo_ros2_control/doc/img) by extension 'colcon_pkg'
[0.333s] Level 1:colcon.colcon_core.package_identification:_identify(src/gazebo_ros2_control/doc/img) by extensions ['colcon_meta']
[0.333s] Level 1:colcon.colcon_core.package_identification:_identify(src/gazebo_ros2_control/doc/img) by extension 'colcon_meta'
[0.333s] Level 1:colcon.colcon_core.package_identification:_identify(src/gazebo_ros2_control/doc/img) by extensions ['ros']
[0.333s] Level 1:colcon.colcon_core.package_identification:_identify(src/gazebo_ros2_control/doc/img) by extension 'ros'
[0.333s] Level 1:colcon.colcon_core.package_identification:_identify(src/gazebo_ros2_control/doc/img) by extensions ['cmake', 'python']
[0.333s] Level 1:colcon.colcon_core.package_identification:_identify(src/gazebo_ros2_control/doc/img) by extension 'cmake'
[0.333s] Level 1:colcon.colcon_core.package_identification:_identify(src/gazebo_ros2_control/doc/img) by extension 'python'
[0.333s] Level 1:colcon.colcon_core.package_identification:_identify(src/gazebo_ros2_control/doc/img) by extensions ['python_setup_py']
[0.333s] Level 1:colcon.colcon_core.package_identification:_identify(src/gazebo_ros2_control/doc/img) by extension 'python_setup_py'
[0.333s] Level 1:colcon.colcon_core.package_identification:_identify(src/gazebo_ros2_control/gazebo_ros2_control) by extensions ['ignore', 'ignore_ament_install']
[0.333s] Level 1:colcon.colcon_core.package_identification:_identify(src/gazebo_ros2_control/gazebo_ros2_control) by extension 'ignore'
[0.333s] Level 1:colcon.colcon_core.package_identification:_identify(src/gazebo_ros2_control/gazebo_ros2_control) by extension 'ignore_ament_install'
[0.333s] Level 1:colcon.colcon_core.package_identification:_identify(src/gazebo_ros2_control/gazebo_ros2_control) by extensions ['colcon_pkg']
[0.334s] Level 1:colcon.colcon_core.package_identification:_identify(src/gazebo_ros2_control/gazebo_ros2_control) by extension 'colcon_pkg'
[0.334s] Level 1:colcon.colcon_core.package_identification:_identify(src/gazebo_ros2_control/gazebo_ros2_control) by extensions ['colcon_meta']
[0.334s] Level 1:colcon.colcon_core.package_identification:_identify(src/gazebo_ros2_control/gazebo_ros2_control) by extension 'colcon_meta'
[0.334s] Level 1:colcon.colcon_core.package_identification:_identify(src/gazebo_ros2_control/gazebo_ros2_control) by extensions ['ros']
[0.334s] Level 1:colcon.colcon_core.package_identification:_identify(src/gazebo_ros2_control/gazebo_ros2_control) by extension 'ros'
[0.335s] DEBUG:colcon.colcon_core.package_identification:Package 'src/gazebo_ros2_control/gazebo_ros2_control' with type 'ros.ament_cmake' and name 'gazebo_ros2_control'
[0.335s] Level 1:colcon.colcon_core.package_identification:_identify(src/gazebo_ros2_control/gazebo_ros2_control_demos) by extensions ['ignore', 'ignore_ament_install']
[0.335s] Level 1:colcon.colcon_core.package_identification:_identify(src/gazebo_ros2_control/gazebo_ros2_control_demos) by extension 'ignore'
[0.335s] Level 1:colcon.colcon_core.package_identification:_identify(src/gazebo_ros2_control/gazebo_ros2_control_demos) by extension 'ignore_ament_install'
[0.335s] Level 1:colcon.colcon_core.package_identification:_identify(src/gazebo_ros2_control/gazebo_ros2_control_demos) by extensions ['colcon_pkg']
[0.335s] Level 1:colcon.colcon_core.package_identification:_identify(src/gazebo_ros2_control/gazebo_ros2_control_demos) by extension 'colcon_pkg'
[0.335s] Level 1:colcon.colcon_core.package_identification:_identify(src/gazebo_ros2_control/gazebo_ros2_control_demos) by extensions ['colcon_meta']
[0.335s] Level 1:colcon.colcon_core.package_identification:_identify(src/gazebo_ros2_control/gazebo_ros2_control_demos) by extension 'colcon_meta'
[0.335s] Level 1:colcon.colcon_core.package_identification:_identify(src/gazebo_ros2_control/gazebo_ros2_control_demos) by extensions ['ros']
[0.335s] Level 1:colcon.colcon_core.package_identification:_identify(src/gazebo_ros2_control/gazebo_ros2_control_demos) by extension 'ros'
[0.336s] DEBUG:colcon.colcon_core.package_identification:Package 'src/gazebo_ros2_control/gazebo_ros2_control_demos' with type 'ros.ament_cmake' and name 'gazebo_ros2_control_demos'
[0.336s] Level 1:colcon.colcon_core.package_identification:_identify(src/install) by extensions ['ignore', 'ignore_ament_install']
[0.336s] Level 1:colcon.colcon_core.package_identification:_identify(src/install) by extension 'ignore'
[0.336s] Level 1:colcon.colcon_core.package_identification:_identify(src/install) ignored
[0.336s] Level 1:colcon.colcon_core.package_identification:_identify(src/log) by extensions ['ignore', 'ignore_ament_install']
[0.336s] Level 1:colcon.colcon_core.package_identification:_identify(src/log) by extension 'ignore'
[0.336s] Level 1:colcon.colcon_core.package_identification:_identify(src/log) ignored
[0.336s] Level 1:colcon.colcon_core.package_identification:_identify(src/my_robot_nav2) by extensions ['ignore', 'ignore_ament_install']
[0.336s] Level 1:colcon.colcon_core.package_identification:_identify(src/my_robot_nav2) by extension 'ignore'
[0.336s] Level 1:colcon.colcon_core.package_identification:_identify(src/my_robot_nav2) by extension 'ignore_ament_install'
[0.337s] Level 1:colcon.colcon_core.package_identification:_identify(src/my_robot_nav2) by extensions ['colcon_pkg']
[0.337s] Level 1:colcon.colcon_core.package_identification:_identify(src/my_robot_nav2) by extension 'colcon_pkg'
[0.337s] Level 1:colcon.colcon_core.package_identification:_identify(src/my_robot_nav2) by extensions ['colcon_meta']
[0.337s] Level 1:colcon.colcon_core.package_identification:_identify(src/my_robot_nav2) by extension 'colcon_meta'
[0.337s] Level 1:colcon.colcon_core.package_identification:_identify(src/my_robot_nav2) by extensions ['ros']
[0.337s] Level 1:colcon.colcon_core.package_identification:_identify(src/my_robot_nav2) by extension 'ros'
[0.337s] DEBUG:colcon.colcon_core.package_identification:Package 'src/my_robot_nav2' with type 'ros.ament_cmake' and name 'my_robot_nav2'
[0.337s] Level 1:colcon.colcon_core.package_identification:_identify(src/sllidar_ros2) by extensions ['ignore', 'ignore_ament_install']
[0.337s] Level 1:colcon.colcon_core.package_identification:_identify(src/sllidar_ros2) by extension 'ignore'
[0.337s] Level 1:colcon.colcon_core.package_identification:_identify(src/sllidar_ros2) by extension 'ignore_ament_install'
[0.337s] Level 1:colcon.colcon_core.package_identification:_identify(src/sllidar_ros2) by extensions ['colcon_pkg']
[0.337s] Level 1:colcon.colcon_core.package_identification:_identify(src/sllidar_ros2) by extension 'colcon_pkg'
[0.337s] Level 1:colcon.colcon_core.package_identification:_identify(src/sllidar_ros2) by extensions ['colcon_meta']
[0.337s] Level 1:colcon.colcon_core.package_identification:_identify(src/sllidar_ros2) by extension 'colcon_meta'
[0.338s] Level 1:colcon.colcon_core.package_identification:_identify(src/sllidar_ros2) by extensions ['ros']
[0.338s] Level 1:colcon.colcon_core.package_identification:_identify(src/sllidar_ros2) by extension 'ros'
[0.338s] DEBUG:colcon.colcon_core.package_identification:Package 'src/sllidar_ros2' with type 'ros.ament_cmake' and name 'sllidar_ros2'
[0.338s] Level 1:colcon.colcon_core.package_discovery:discover_packages(recursive) using defaults
[0.338s] Level 1:colcon.colcon_core.package_discovery:discover_packages(ignore) discover
[0.338s] Level 1:colcon.colcon_core.package_discovery:discover_packages(ignore) using defaults
[0.338s] Level 1:colcon.colcon_core.package_discovery:discover_packages(path) discover
[0.338s] Level 1:colcon.colcon_core.package_discovery:discover_packages(path) using defaults
[0.357s] Level 1:colcon.colcon_core.package_discovery:discover_packages(prefix_path) check parameters
[0.357s] Level 1:colcon.colcon_core.package_discovery:discover_packages(prefix_path) discover
[0.361s] DEBUG:colcon.colcon_installed_package_information.package_discovery:Found 6 installed packages in /home/dkflippo/aug2024/install
[0.363s] DEBUG:colcon.colcon_installed_package_information.package_discovery:Found 35 installed packages in /home/dkflippo/ros2_control_ws/install
[0.363s] DEBUG:colcon.colcon_installed_package_information.package_discovery:Found 3 installed packages in /home/dkflippo/aug2024/src/install
[0.365s] DEBUG:colcon.colcon_installed_package_information.package_discovery:Found 421 installed packages in /opt/ros/humble
[0.368s] Level 1:colcon.colcon_core.package_discovery:discover_packages(prefix_path) using defaults
[0.419s] Level 5:colcon.colcon_core.verb:set package 'gazebo_ros2_control' build argument 'cmake_args' from command line to 'None'
[0.419s] Level 5:colcon.colcon_core.verb:set package 'gazebo_ros2_control' build argument 'cmake_target' from command line to 'None'
[0.419s] Level 5:colcon.colcon_core.verb:set package 'gazebo_ros2_control' build argument 'cmake_target_skip_unavailable' from command line to 'False'
[0.419s] Level 5:colcon.colcon_core.verb:set package 'gazebo_ros2_control' build argument 'cmake_clean_cache' from command line to 'False'
[0.419s] Level 5:colcon.colcon_core.verb:set package 'gazebo_ros2_control' build argument 'cmake_clean_first' from command line to 'False'
[0.419s] Level 5:colcon.colcon_core.verb:set package 'gazebo_ros2_control' build argument 'cmake_force_configure' from command line to 'False'
[0.419s] Level 5:colcon.colcon_core.verb:set package 'gazebo_ros2_control' build argument 'ament_cmake_args' from command line to 'None'
[0.419s] Level 5:colcon.colcon_core.verb:set package 'gazebo_ros2_control' build argument 'catkin_cmake_args' from command line to 'None'
[0.419s] Level 5:colcon.colcon_core.verb:set package 'gazebo_ros2_control' build argument 'catkin_skip_building_tests' from command line to 'False'
[0.419s] DEBUG:colcon.colcon_core.verb:Building package 'gazebo_ros2_control' with the following arguments: {'ament_cmake_args': None, 'build_base': '/home/dkflippo/aug2024/build/gazebo_ros2_control', 'catkin_cmake_args': None, 'catkin_skip_building_tests': False, 'cmake_args': None, 'cmake_clean_cache': False, 'cmake_clean_first': False, 'cmake_force_configure': False, 'cmake_target': None, 'cmake_target_skip_unavailable': False, 'install_base': '/home/dkflippo/aug2024/install/gazebo_ros2_control', 'merge_install': False, 'path': '/home/dkflippo/aug2024/src/gazebo_ros2_control/gazebo_ros2_control', 'symlink_install': False, 'test_result_base': None}
[0.420s] Level 5:colcon.colcon_core.verb:set package 'my_robot_nav2' build argument 'cmake_args' from command line to 'None'
[0.420s] Level 5:colcon.colcon_core.verb:set package 'my_robot_nav2' build argument 'cmake_target' from command line to 'None'
[0.420s] Level 5:colcon.colcon_core.verb:set package 'my_robot_nav2' build argument 'cmake_target_skip_unavailable' from command line to 'False'
[0.420s] Level 5:colcon.colcon_core.verb:set package 'my_robot_nav2' build argument 'cmake_clean_cache' from command line to 'False'
[0.420s] Level 5:colcon.colcon_core.verb:set package 'my_robot_nav2' build argument 'cmake_clean_first' from command line to 'False'
[0.420s] Level 5:colcon.colcon_core.verb:set package 'my_robot_nav2' build argument 'cmake_force_configure' from command line to 'False'
[0.420s] Level 5:colcon.colcon_core.verb:set package 'my_robot_nav2' build argument 'ament_cmake_args' from command line to 'None'
[0.420s] Level 5:colcon.colcon_core.verb:set package 'my_robot_nav2' build argument 'catkin_cmake_args' from command line to 'None'
[0.420s] Level 5:colcon.colcon_core.verb:set package 'my_robot_nav2' build argument 'catkin_skip_building_tests' from command line to 'False'
[0.420s] DEBUG:colcon.colcon_core.verb:Building package 'my_robot_nav2' with the following arguments: {'ament_cmake_args': None, 'build_base': '/home/dkflippo/aug2024/build/my_robot_nav2', 'catkin_cmake_args': None, 'catkin_skip_building_tests': False, 'cmake_args': None, 'cmake_clean_cache': False, 'cmake_clean_first': False, 'cmake_force_configure': False, 'cmake_target': None, 'cmake_target_skip_unavailable': False, 'install_base': '/home/dkflippo/aug2024/install/my_robot_nav2', 'merge_install': False, 'path': '/home/dkflippo/aug2024/src/my_robot_nav2', 'symlink_install': False, 'test_result_base': None}
[0.420s] Level 5:colcon.colcon_core.verb:set package 'sllidar_ros2' build argument 'cmake_args' from command line to 'None'
[0.420s] Level 5:colcon.colcon_core.verb:set package 'sllidar_ros2' build argument 'cmake_target' from command line to 'None'
[0.420s] Level 5:colcon.colcon_core.verb:set package 'sllidar_ros2' build argument 'cmake_target_skip_unavailable' from command line to 'False'
[0.420s] Level 5:colcon.colcon_core.verb:set package 'sllidar_ros2' build argument 'cmake_clean_cache' from command line to 'False'
[0.420s] Level 5:colcon.colcon_core.verb:set package 'sllidar_ros2' build argument 'cmake_clean_first' from command line to 'False'
[0.420s] Level 5:colcon.colcon_core.verb:set package 'sllidar_ros2' build argument 'cmake_force_configure' from command line to 'False'
[0.420s] Level 5:colcon.colcon_core.verb:set package 'sllidar_ros2' build argument 'ament_cmake_args' from command line to 'None'
[0.420s] Level 5:colcon.colcon_core.verb:set package 'sllidar_ros2' build argument 'catkin_cmake_args' from command line to 'None'
[0.420s] Level 5:colcon.colcon_core.verb:set package 'sllidar_ros2' build argument 'catkin_skip_building_tests' from command line to 'False'
[0.420s] DEBUG:colcon.colcon_core.verb:Building package 'sllidar_ros2' with the following arguments: {'ament_cmake_args': None, 'build_base': '/home/dkflippo/aug2024/build/sllidar_ros2', 'catkin_cmake_args': None, 'catkin_skip_building_tests': False, 'cmake_args': None, 'cmake_clean_cache': False, 'cmake_clean_first': False, 'cmake_force_configure': False, 'cmake_target': None, 'cmake_target_skip_unavailable': False, 'install_base': '/home/dkflippo/aug2024/install/sllidar_ros2', 'merge_install': False, 'path': '/home/dkflippo/aug2024/src/sllidar_ros2', 'symlink_install': False, 'test_result_base': None}
[0.421s] Level 5:colcon.colcon_core.verb:set package 'BMC_2024' build argument 'cmake_args' from command line to 'None'
[0.421s] Level 5:colcon.colcon_core.verb:set package 'BMC_2024' build argument 'cmake_target' from command line to 'None'
[0.421s] Level 5:colcon.colcon_core.verb:set package 'BMC_2024' build argument 'cmake_target_skip_unavailable' from command line to 'False'
[0.421s] Level 5:colcon.colcon_core.verb:set package 'BMC_2024' build argument 'cmake_clean_cache' from command line to 'False'
[0.421s] Level 5:colcon.colcon_core.verb:set package 'BMC_2024' build argument 'cmake_clean_first' from command line to 'False'
[0.421s] Level 5:colcon.colcon_core.verb:set package 'BMC_2024' build argument 'cmake_force_configure' from command line to 'False'
[0.421s] Level 5:colcon.colcon_core.verb:set package 'BMC_2024' build argument 'ament_cmake_args' from command line to 'None'
[0.421s] Level 5:colcon.colcon_core.verb:set package 'BMC_2024' build argument 'catkin_cmake_args' from command line to 'None'
[0.421s] Level 5:colcon.colcon_core.verb:set package 'BMC_2024' build argument 'catkin_skip_building_tests' from command line to 'False'
[0.421s] DEBUG:colcon.colcon_core.verb:Building package 'BMC_2024' with the following arguments: {'ament_cmake_args': None, 'build_base': '/home/dkflippo/aug2024/build/BMC_2024', 'catkin_cmake_args': None, 'catkin_skip_building_tests': False, 'cmake_args': None, 'cmake_clean_cache': False, 'cmake_clean_first': False, 'cmake_force_configure': False, 'cmake_target': None, 'cmake_target_skip_unavailable': False, 'install_base': '/home/dkflippo/aug2024/install/BMC_2024', 'merge_install': False, 'path': '/home/dkflippo/aug2024/src/BMC_2024', 'symlink_install': False, 'test_result_base': None}
[0.421s] Level 5:colcon.colcon_core.verb:set package 'gazebo_ros2_control_demos' build argument 'cmake_args' from command line to 'None'
[0.421s] Level 5:colcon.colcon_core.verb:set package 'gazebo_ros2_control_demos' build argument 'cmake_target' from command line to 'None'
[0.421s] Level 5:colcon.colcon_core.verb:set package 'gazebo_ros2_control_demos' build argument 'cmake_target_skip_unavailable' from command line to 'False'
[0.421s] Level 5:colcon.colcon_core.verb:set package 'gazebo_ros2_control_demos' build argument 'cmake_clean_cache' from command line to 'False'
[0.421s] Level 5:colcon.colcon_core.verb:set package 'gazebo_ros2_control_demos' build argument 'cmake_clean_first' from command line to 'False'
[0.421s] Level 5:colcon.colcon_core.verb:set package 'gazebo_ros2_control_demos' build argument 'cmake_force_configure' from command line to 'False'
[0.421s] Level 5:colcon.colcon_core.verb:set package 'gazebo_ros2_control_demos' build argument 'ament_cmake_args' from command line to 'None'
[0.421s] Level 5:colcon.colcon_core.verb:set package 'gazebo_ros2_control_demos' build argument 'catkin_cmake_args' from command line to 'None'
[0.421s] Level 5:colcon.colcon_core.verb:set package 'gazebo_ros2_control_demos' build argument 'catkin_skip_building_tests' from command line to 'False'
[0.421s] DEBUG:colcon.colcon_core.verb:Building package 'gazebo_ros2_control_demos' with the following arguments: {'ament_cmake_args': None, 'build_base': '/home/dkflippo/aug2024/build/gazebo_ros2_control_demos', 'catkin_cmake_args': None, 'catkin_skip_building_tests': False, 'cmake_args': None, 'cmake_clean_cache': False, 'cmake_clean_first': False, 'cmake_force_configure': False, 'cmake_target': None, 'cmake_target_skip_unavailable': False, 'install_base': '/home/dkflippo/aug2024/install/gazebo_ros2_control_demos', 'merge_install': False, 'path': '/home/dkflippo/aug2024/src/gazebo_ros2_control/gazebo_ros2_control_demos', 'symlink_install': False, 'test_result_base': None}
[0.422s] Level 5:colcon.colcon_core.verb:set package 'aug_2024' build argument 'cmake_args' from command line to 'None'
[0.422s] Level 5:colcon.colcon_core.verb:set package 'aug_2024' build argument 'cmake_target' from command line to 'None'
[0.422s] Level 5:colcon.colcon_core.verb:set package 'aug_2024' build argument 'cmake_target_skip_unavailable' from command line to 'False'
[0.422s] Level 5:colcon.colcon_core.verb:set package 'aug_2024' build argument 'cmake_clean_cache' from command line to 'False'
[0.422s] Level 5:colcon.colcon_core.verb:set package 'aug_2024' build argument 'cmake_clean_first' from command line to 'False'
[0.422s] Level 5:colcon.colcon_core.verb:set package 'aug_2024' build argument 'cmake_force_configure' from command line to 'False'
[0.422s] Level 5:colcon.colcon_core.verb:set package 'aug_2024' build argument 'ament_cmake_args' from command line to 'None'
[0.422s] Level 5:colcon.colcon_core.verb:set package 'aug_2024' build argument 'catkin_cmake_args' from command line to 'None'
[0.422s] Level 5:colcon.colcon_core.verb:set package 'aug_2024' build argument 'catkin_skip_building_tests' from command line to 'False'
[0.422s] DEBUG:colcon.colcon_core.verb:Building package 'aug_2024' with the following arguments: {'ament_cmake_args': None, 'build_base': '/home/dkflippo/aug2024/build/aug_2024', 'catkin_cmake_args': None, 'catkin_skip_building_tests': False, 'cmake_args': None, 'cmake_clean_cache': False, 'cmake_clean_first': False, 'cmake_force_configure': False, 'cmake_target': None, 'cmake_target_skip_unavailable': False, 'install_base': '/home/dkflippo/aug2024/install/aug_2024', 'merge_install': False, 'path': '/home/dkflippo/aug2024/src/aug_2024', 'symlink_install': False, 'test_result_base': None}
[0.422s] INFO:colcon.colcon_core.executor:Executing jobs using 'parallel' executor
[0.423s] DEBUG:colcon.colcon_parallel_executor.executor.parallel:run_until_complete
[0.423s] INFO:colcon.colcon_ros.task.ament_cmake.build:Building ROS package in '/home/dkflippo/aug2024/src/gazebo_ros2_control/gazebo_ros2_control' with build type 'ament_cmake'
[0.423s] INFO:colcon.colcon_cmake.task.cmake.build:Building CMake package in '/home/dkflippo/aug2024/src/gazebo_ros2_control/gazebo_ros2_control'
[0.425s] INFO:colcon.colcon_core.plugin_system:Skipping extension 'colcon_core.shell.bat': Not used on non-Windows systems
[0.425s] INFO:colcon.colcon_core.shell:Skip shell extension 'powershell' for command environment: Not usable outside of PowerShell
[0.425s] DEBUG:colcon.colcon_core.shell:Skip shell extension 'dsv' for command environment
[0.432s] INFO:colcon.colcon_ros.task.ament_cmake.build:Building ROS package in '/home/dkflippo/aug2024/src/my_robot_nav2' with build type 'ament_cmake'
[0.433s] INFO:colcon.colcon_cmake.task.cmake.build:Building CMake package in '/home/dkflippo/aug2024/src/my_robot_nav2'
[0.433s] INFO:colcon.colcon_core.shell:Skip shell extension 'powershell' for command environment: Not usable outside of PowerShell
[0.433s] DEBUG:colcon.colcon_core.shell:Skip shell extension 'dsv' for command environment
[0.441s] INFO:colcon.colcon_ros.task.ament_cmake.build:Building ROS package in '/home/dkflippo/aug2024/src/sllidar_ros2' with build type 'ament_cmake'
[0.441s] INFO:colcon.colcon_cmake.task.cmake.build:Building CMake package in '/home/dkflippo/aug2024/src/sllidar_ros2'
[0.441s] INFO:colcon.colcon_core.shell:Skip shell extension 'powershell' for command environment: Not usable outside of PowerShell
[0.441s] DEBUG:colcon.colcon_core.shell:Skip shell extension 'dsv' for command environment
[0.458s] DEBUG:colcon.colcon_core.event_handler.log_command:Invoking command in '/home/dkflippo/aug2024/build/gazebo_ros2_control': CMAKE_PREFIX_PATH=${CMAKE_PREFIX_PATH}:/home/dkflippo/ros2_control_ws/install/rqt_joint_trajectory_controller:/home/dkflippo/ros2_control_ws/install/rqt_controller_manager:/home/dkflippo/ros2_control_ws/install/ros2controlcli:/home/dkflippo/ros2_control_ws/install/ros2_controllers_test_nodes:/opt/ros/humble /usr/bin/cmake --build /home/dkflippo/aug2024/build/gazebo_ros2_control -- -j12 -l12
[0.466s] DEBUG:colcon.colcon_core.event_handler.log_command:Invoking command in '/home/dkflippo/aug2024/build/my_robot_nav2': CMAKE_PREFIX_PATH=${CMAKE_PREFIX_PATH}:/home/dkflippo/ros2_control_ws/install/rqt_joint_trajectory_controller:/home/dkflippo/ros2_control_ws/install/rqt_controller_manager:/home/dkflippo/ros2_control_ws/install/ros2controlcli:/home/dkflippo/ros2_control_ws/install/ros2_controllers_test_nodes:/opt/ros/humble /usr/bin/cmake --build /home/dkflippo/aug2024/build/my_robot_nav2 -- -j12 -l12
[0.471s] DEBUG:colcon.colcon_core.event_handler.log_command:Invoking command in '/home/dkflippo/aug2024/build/sllidar_ros2': CMAKE_PREFIX_PATH=${CMAKE_PREFIX_PATH}:/home/dkflippo/ros2_control_ws/install/rqt_joint_trajectory_controller:/home/dkflippo/ros2_control_ws/install/rqt_controller_manager:/home/dkflippo/ros2_control_ws/install/ros2controlcli:/home/dkflippo/ros2_control_ws/install/ros2_controllers_test_nodes:/opt/ros/humble /usr/bin/cmake --build /home/dkflippo/aug2024/build/sllidar_ros2 -- -j12 -l12
[0.532s] DEBUG:colcon.colcon_core.event_handler.log_command:Invoked command in '/home/dkflippo/aug2024/build/my_robot_nav2' returned '0': CMAKE_PREFIX_PATH=${CMAKE_PREFIX_PATH}:/home/dkflippo/ros2_control_ws/install/rqt_joint_trajectory_controller:/home/dkflippo/ros2_control_ws/install/rqt_controller_manager:/home/dkflippo/ros2_control_ws/install/ros2controlcli:/home/dkflippo/ros2_control_ws/install/ros2_controllers_test_nodes:/opt/ros/humble /usr/bin/cmake --build /home/dkflippo/aug2024/build/my_robot_nav2 -- -j12 -l12
[0.550s] DEBUG:colcon.colcon_core.event_handler.log_command:Invoking command in '/home/dkflippo/aug2024/build/my_robot_nav2': CMAKE_PREFIX_PATH=${CMAKE_PREFIX_PATH}:/home/dkflippo/ros2_control_ws/install/rqt_joint_trajectory_controller:/home/dkflippo/ros2_control_ws/install/rqt_controller_manager:/home/dkflippo/ros2_control_ws/install/ros2controlcli:/home/dkflippo/ros2_control_ws/install/ros2_controllers_test_nodes:/opt/ros/humble /usr/bin/cmake --install /home/dkflippo/aug2024/build/my_robot_nav2
[0.569s] Level 1:colcon.colcon_core.environment:create_environment_scripts_only(my_robot_nav2)
[0.573s] DEBUG:colcon.colcon_core.event_handler.log_command:Invoked command in '/home/dkflippo/aug2024/build/my_robot_nav2' returned '0': CMAKE_PREFIX_PATH=${CMAKE_PREFIX_PATH}:/home/dkflippo/ros2_control_ws/install/rqt_joint_trajectory_controller:/home/dkflippo/ros2_control_ws/install/rqt_controller_manager:/home/dkflippo/ros2_control_ws/install/ros2controlcli:/home/dkflippo/ros2_control_ws/install/ros2_controllers_test_nodes:/opt/ros/humble /usr/bin/cmake --install /home/dkflippo/aug2024/build/my_robot_nav2
[0.575s] Level 1:colcon.colcon_core.environment:checking '/home/dkflippo/aug2024/install/my_robot_nav2' for CMake module files
[0.576s] Level 1:colcon.colcon_core.environment:checking '/home/dkflippo/aug2024/install/my_robot_nav2' for CMake config files
[0.577s] Level 1:colcon.colcon_core.shell:create_environment_hook('my_robot_nav2', 'cmake_prefix_path')
[0.577s] INFO:colcon.colcon_core.shell:Creating environment hook '/home/dkflippo/aug2024/install/my_robot_nav2/share/my_robot_nav2/hook/cmake_prefix_path.ps1'
[0.578s] INFO:colcon.colcon_core.shell:Creating environment descriptor '/home/dkflippo/aug2024/install/my_robot_nav2/share/my_robot_nav2/hook/cmake_prefix_path.dsv'
[0.579s] INFO:colcon.colcon_core.shell:Creating environment hook '/home/dkflippo/aug2024/install/my_robot_nav2/share/my_robot_nav2/hook/cmake_prefix_path.sh'
[0.580s] Level 1:colcon.colcon_core.environment:checking '/home/dkflippo/aug2024/install/my_robot_nav2/bin'
[0.580s] Level 1:colcon.colcon_core.environment:checking '/home/dkflippo/aug2024/install/my_robot_nav2/lib/pkgconfig/my_robot_nav2.pc'
[0.580s] Level 1:colcon.colcon_core.environment:checking '/home/dkflippo/aug2024/install/my_robot_nav2/lib/python3.10/site-packages'
[0.580s] Level 1:colcon.colcon_core.environment:checking '/home/dkflippo/aug2024/install/my_robot_nav2/bin'
[0.581s] INFO:colcon.colcon_core.shell:Creating package script '/home/dkflippo/aug2024/install/my_robot_nav2/share/my_robot_nav2/package.ps1'
[0.582s] INFO:colcon.colcon_core.shell:Creating package descriptor '/home/dkflippo/aug2024/install/my_robot_nav2/share/my_robot_nav2/package.dsv'
[0.583s] INFO:colcon.colcon_core.shell:Creating package script '/home/dkflippo/aug2024/install/my_robot_nav2/share/my_robot_nav2/package.sh'
[0.583s] INFO:colcon.colcon_core.shell:Creating package script '/home/dkflippo/aug2024/install/my_robot_nav2/share/my_robot_nav2/package.bash'
[0.584s] INFO:colcon.colcon_core.shell:Creating package script '/home/dkflippo/aug2024/install/my_robot_nav2/share/my_robot_nav2/package.zsh'
[0.585s] Level 1:colcon.colcon_core.environment:create_file_with_runtime_dependencies(/home/dkflippo/aug2024/install/my_robot_nav2/share/colcon-core/packages/my_robot_nav2)
[0.585s] Level 1:colcon.colcon_core.environment:create_environment_scripts_only(my_robot_nav2)
[0.586s] Level 1:colcon.colcon_core.environment:checking '/home/dkflippo/aug2024/install/my_robot_nav2' for CMake module files
[0.586s] Level 1:colcon.colcon_core.environment:checking '/home/dkflippo/aug2024/install/my_robot_nav2' for CMake config files
[0.587s] Level 1:colcon.colcon_core.shell:create_environment_hook('my_robot_nav2', 'cmake_prefix_path')
[0.587s] INFO:colcon.colcon_core.shell:Creating environment hook '/home/dkflippo/aug2024/install/my_robot_nav2/share/my_robot_nav2/hook/cmake_prefix_path.ps1'
[0.588s] INFO:colcon.colcon_core.shell:Creating environment descriptor '/home/dkflippo/aug2024/install/my_robot_nav2/share/my_robot_nav2/hook/cmake_prefix_path.dsv'
[0.588s] INFO:colcon.colcon_core.shell:Creating environment hook '/home/dkflippo/aug2024/install/my_robot_nav2/share/my_robot_nav2/hook/cmake_prefix_path.sh'
[0.589s] Level 1:colcon.colcon_core.environment:checking '/home/dkflippo/aug2024/install/my_robot_nav2/bin'
[0.589s] Level 1:colcon.colcon_core.environment:checking '/home/dkflippo/aug2024/install/my_robot_nav2/lib/pkgconfig/my_robot_nav2.pc'
[0.589s] Level 1:colcon.colcon_core.environment:checking '/home/dkflippo/aug2024/install/my_robot_nav2/lib/python3.10/site-packages'
[0.589s] Level 1:colcon.colcon_core.environment:checking '/home/dkflippo/aug2024/install/my_robot_nav2/bin'
[0.590s] INFO:colcon.colcon_core.shell:Creating package script '/home/dkflippo/aug2024/install/my_robot_nav2/share/my_robot_nav2/package.ps1'
[0.590s] INFO:colcon.colcon_core.shell:Creating package descriptor '/home/dkflippo/aug2024/install/my_robot_nav2/share/my_robot_nav2/package.dsv'
[0.591s] INFO:colcon.colcon_core.shell:Creating package script '/home/dkflippo/aug2024/install/my_robot_nav2/share/my_robot_nav2/package.sh'
[0.591s] INFO:colcon.colcon_core.shell:Creating package script '/home/dkflippo/aug2024/install/my_robot_nav2/share/my_robot_nav2/package.bash'
[0.591s] INFO:colcon.colcon_core.shell:Creating package script '/home/dkflippo/aug2024/install/my_robot_nav2/share/my_robot_nav2/package.zsh'
[0.592s] Level 1:colcon.colcon_core.environment:create_file_with_runtime_dependencies(/home/dkflippo/aug2024/install/my_robot_nav2/share/colcon-core/packages/my_robot_nav2)
[0.596s] DEBUG:colcon.colcon_core.event_handler.log_command:Invoked command in '/home/dkflippo/aug2024/build/sllidar_ros2' returned '0': CMAKE_PREFIX_PATH=${CMAKE_PREFIX_PATH}:/home/dkflippo/ros2_control_ws/install/rqt_joint_trajectory_controller:/home/dkflippo/ros2_control_ws/install/rqt_controller_manager:/home/dkflippo/ros2_control_ws/install/ros2controlcli:/home/dkflippo/ros2_control_ws/install/ros2_controllers_test_nodes:/opt/ros/humble /usr/bin/cmake --build /home/dkflippo/aug2024/build/sllidar_ros2 -- -j12 -l12
[0.598s] DEBUG:colcon.colcon_core.event_handler.log_command:Invoking command in '/home/dkflippo/aug2024/build/sllidar_ros2': CMAKE_PREFIX_PATH=${CMAKE_PREFIX_PATH}:/home/dkflippo/ros2_control_ws/install/rqt_joint_trajectory_controller:/home/dkflippo/ros2_control_ws/install/rqt_controller_manager:/home/dkflippo/ros2_control_ws/install/ros2controlcli:/home/dkflippo/ros2_control_ws/install/ros2_controllers_test_nodes:/opt/ros/humble /usr/bin/cmake --install /home/dkflippo/aug2024/build/sllidar_ros2
[0.602s] DEBUG:colcon.colcon_core.event_handler.log_command:Invoked command in '/home/dkflippo/aug2024/build/gazebo_ros2_control' returned '0': CMAKE_PREFIX_PATH=${CMAKE_PREFIX_PATH}:/home/dkflippo/ros2_control_ws/install/rqt_joint_trajectory_controller:/home/dkflippo/ros2_control_ws/install/rqt_controller_manager:/home/dkflippo/ros2_control_ws/install/ros2controlcli:/home/dkflippo/ros2_control_ws/install/ros2_controllers_test_nodes:/opt/ros/humble /usr/bin/cmake --build /home/dkflippo/aug2024/build/gazebo_ros2_control -- -j12 -l12
[0.604s] DEBUG:colcon.colcon_core.event_handler.log_command:Invoking command in '/home/dkflippo/aug2024/build/gazebo_ros2_control': CMAKE_PREFIX_PATH=${CMAKE_PREFIX_PATH}:/home/dkflippo/ros2_control_ws/install/rqt_joint_trajectory_controller:/home/dkflippo/ros2_control_ws/install/rqt_controller_manager:/home/dkflippo/ros2_control_ws/install/ros2controlcli:/home/dkflippo/ros2_control_ws/install/ros2_controllers_test_nodes:/opt/ros/humble /usr/bin/cmake --install /home/dkflippo/aug2024/build/gazebo_ros2_control
[0.614s] Level 1:colcon.colcon_core.environment:create_environment_scripts_only(sllidar_ros2)
[0.615s] Level 1:colcon.colcon_core.environment:checking '/home/dkflippo/aug2024/install/sllidar_ros2' for CMake module files
[0.615s] DEBUG:colcon.colcon_core.event_handler.log_command:Invoked command in '/home/dkflippo/aug2024/build/sllidar_ros2' returned '0': CMAKE_PREFIX_PATH=${CMAKE_PREFIX_PATH}:/home/dkflippo/ros2_control_ws/install/rqt_joint_trajectory_controller:/home/dkflippo/ros2_control_ws/install/rqt_controller_manager:/home/dkflippo/ros2_control_ws/install/ros2controlcli:/home/dkflippo/ros2_control_ws/install/ros2_controllers_test_nodes:/opt/ros/humble /usr/bin/cmake --install /home/dkflippo/aug2024/build/sllidar_ros2
[0.617s] Level 1:colcon.colcon_core.environment:checking '/home/dkflippo/aug2024/install/sllidar_ros2' for CMake config files
[0.618s] Level 1:colcon.colcon_core.shell:create_environment_hook('sllidar_ros2', 'cmake_prefix_path')
[0.618s] INFO:colcon.colcon_core.shell:Creating environment hook '/home/dkflippo/aug2024/install/sllidar_ros2/share/sllidar_ros2/hook/cmake_prefix_path.ps1'
[0.619s] INFO:colcon.colcon_core.shell:Creating environment descriptor '/home/dkflippo/aug2024/install/sllidar_ros2/share/sllidar_ros2/hook/cmake_prefix_path.dsv'
[0.620s] INFO:colcon.colcon_core.shell:Creating environment hook '/home/dkflippo/aug2024/install/sllidar_ros2/share/sllidar_ros2/hook/cmake_prefix_path.sh'
[0.621s] Level 1:colcon.colcon_core.environment:checking '/home/dkflippo/aug2024/install/sllidar_ros2/lib'
[0.621s] Level 1:colcon.colcon_core.environment:checking '/home/dkflippo/aug2024/install/sllidar_ros2/bin'
[0.621s] Level 1:colcon.colcon_core.environment:checking '/home/dkflippo/aug2024/install/sllidar_ros2/lib/pkgconfig/sllidar_ros2.pc'
[0.621s] Level 1:colcon.colcon_core.environment:checking '/home/dkflippo/aug2024/install/sllidar_ros2/lib/python3.10/site-packages'
[0.621s] Level 1:colcon.colcon_core.environment:checking '/home/dkflippo/aug2024/install/sllidar_ros2/bin'
[0.622s] INFO:colcon.colcon_core.shell:Creating package script '/home/dkflippo/aug2024/install/sllidar_ros2/share/sllidar_ros2/package.ps1'
[0.623s] INFO:colcon.colcon_core.shell:Creating package descriptor '/home/dkflippo/aug2024/install/sllidar_ros2/share/sllidar_ros2/package.dsv'
[0.623s] INFO:colcon.colcon_core.shell:Creating package script '/home/dkflippo/aug2024/install/sllidar_ros2/share/sllidar_ros2/package.sh'
[0.623s] INFO:colcon.colcon_core.shell:Creating package script '/home/dkflippo/aug2024/install/sllidar_ros2/share/sllidar_ros2/package.bash'
[0.624s] INFO:colcon.colcon_core.shell:Creating package script '/home/dkflippo/aug2024/install/sllidar_ros2/share/sllidar_ros2/package.zsh'
[0.624s] Level 1:colcon.colcon_core.environment:create_file_with_runtime_dependencies(/home/dkflippo/aug2024/install/sllidar_ros2/share/colcon-core/packages/sllidar_ros2)
[0.625s] Level 1:colcon.colcon_core.environment:create_environment_scripts_only(sllidar_ros2)
[0.625s] Level 1:colcon.colcon_core.environment:checking '/home/dkflippo/aug2024/install/sllidar_ros2' for CMake module files
[0.625s] Level 1:colcon.colcon_core.environment:checking '/home/dkflippo/aug2024/install/sllidar_ros2' for CMake config files
[0.625s] Level 1:colcon.colcon_core.shell:create_environment_hook('sllidar_ros2', 'cmake_prefix_path')
[0.626s] INFO:colcon.colcon_core.shell:Creating environment hook '/home/dkflippo/aug2024/install/sllidar_ros2/share/sllidar_ros2/hook/cmake_prefix_path.ps1'
[0.626s] INFO:colcon.colcon_core.shell:Creating environment descriptor '/home/dkflippo/aug2024/install/sllidar_ros2/share/sllidar_ros2/hook/cmake_prefix_path.dsv'
[0.626s] INFO:colcon.colcon_core.shell:Creating environment hook '/home/dkflippo/aug2024/install/sllidar_ros2/share/sllidar_ros2/hook/cmake_prefix_path.sh'
[0.627s] Level 1:colcon.colcon_core.environment:checking '/home/dkflippo/aug2024/install/sllidar_ros2/lib'
[0.627s] Level 1:colcon.colcon_core.environment:checking '/home/dkflippo/aug2024/install/sllidar_ros2/bin'
[0.627s] Level 1:colcon.colcon_core.environment:checking '/home/dkflippo/aug2024/install/sllidar_ros2/lib/pkgconfig/sllidar_ros2.pc'
[0.627s] Level 1:colcon.colcon_core.environment:checking '/home/dkflippo/aug2024/install/sllidar_ros2/lib/python3.10/site-packages'
[0.627s] Level 1:colcon.colcon_core.environment:checking '/home/dkflippo/aug2024/install/sllidar_ros2/bin'
[0.627s] INFO:colcon.colcon_core.shell:Creating package script '/home/dkflippo/aug2024/install/sllidar_ros2/share/sllidar_ros2/package.ps1'
[0.628s] INFO:colcon.colcon_core.shell:Creating package descriptor '/home/dkflippo/aug2024/install/sllidar_ros2/share/sllidar_ros2/package.dsv'
[0.629s] INFO:colcon.colcon_core.shell:Creating package script '/home/dkflippo/aug2024/install/sllidar_ros2/share/sllidar_ros2/package.sh'
[0.629s] INFO:colcon.colcon_core.shell:Creating package script '/home/dkflippo/aug2024/install/sllidar_ros2/share/sllidar_ros2/package.bash'
[0.630s] INFO:colcon.colcon_core.shell:Creating package script '/home/dkflippo/aug2024/install/sllidar_ros2/share/sllidar_ros2/package.zsh'
[0.630s] Level 1:colcon.colcon_core.environment:create_file_with_runtime_dependencies(/home/dkflippo/aug2024/install/sllidar_ros2/share/colcon-core/packages/sllidar_ros2)
[0.631s] Level 1:colcon.colcon_core.environment:create_environment_scripts_only(gazebo_ros2_control)
[0.631s] Level 1:colcon.colcon_core.environment:checking '/home/dkflippo/aug2024/install/gazebo_ros2_control' for CMake module files
[0.632s] DEBUG:colcon.colcon_core.event_handler.log_command:Invoked command in '/home/dkflippo/aug2024/build/gazebo_ros2_control' returned '0': CMAKE_PREFIX_PATH=${CMAKE_PREFIX_PATH}:/home/dkflippo/ros2_control_ws/install/rqt_joint_trajectory_controller:/home/dkflippo/ros2_control_ws/install/rqt_controller_manager:/home/dkflippo/ros2_control_ws/install/ros2controlcli:/home/dkflippo/ros2_control_ws/install/ros2_controllers_test_nodes:/opt/ros/humble /usr/bin/cmake --install /home/dkflippo/aug2024/build/gazebo_ros2_control
[0.632s] Level 1:colcon.colcon_core.environment:checking '/home/dkflippo/aug2024/install/gazebo_ros2_control' for CMake config files
[0.632s] Level 1:colcon.colcon_core.shell:create_environment_hook('gazebo_ros2_control', 'cmake_prefix_path')
[0.632s] INFO:colcon.colcon_core.shell:Creating environment hook '/home/dkflippo/aug2024/install/gazebo_ros2_control/share/gazebo_ros2_control/hook/cmake_prefix_path.ps1'
[0.633s] INFO:colcon.colcon_core.shell:Creating environment descriptor '/home/dkflippo/aug2024/install/gazebo_ros2_control/share/gazebo_ros2_control/hook/cmake_prefix_path.dsv'
[0.633s] INFO:colcon.colcon_core.shell:Creating environment hook '/home/dkflippo/aug2024/install/gazebo_ros2_control/share/gazebo_ros2_control/hook/cmake_prefix_path.sh'
[0.634s] Level 1:colcon.colcon_core.environment:checking '/home/dkflippo/aug2024/install/gazebo_ros2_control/lib'
[0.634s] Level 1:colcon.colcon_core.shell:create_environment_hook('gazebo_ros2_control', 'ld_library_path_lib')
[0.634s] INFO:colcon.colcon_core.shell:Creating environment hook '/home/dkflippo/aug2024/install/gazebo_ros2_control/share/gazebo_ros2_control/hook/ld_library_path_lib.ps1'
[0.634s] INFO:colcon.colcon_core.shell:Creating environment descriptor '/home/dkflippo/aug2024/install/gazebo_ros2_control/share/gazebo_ros2_control/hook/ld_library_path_lib.dsv'
[0.635s] INFO:colcon.colcon_core.shell:Creating environment hook '/home/dkflippo/aug2024/install/gazebo_ros2_control/share/gazebo_ros2_control/hook/ld_library_path_lib.sh'
[0.635s] Level 1:colcon.colcon_core.environment:checking '/home/dkflippo/aug2024/install/gazebo_ros2_control/bin'
[0.635s] Level 1:colcon.colcon_core.environment:checking '/home/dkflippo/aug2024/install/gazebo_ros2_control/lib/pkgconfig/gazebo_ros2_control.pc'
[0.635s] Level 1:colcon.colcon_core.environment:checking '/home/dkflippo/aug2024/install/gazebo_ros2_control/lib/python3.10/site-packages'
[0.636s] Level 1:colcon.colcon_core.environment:checking '/home/dkflippo/aug2024/install/gazebo_ros2_control/bin'
[0.636s] INFO:colcon.colcon_core.shell:Creating package script '/home/dkflippo/aug2024/install/gazebo_ros2_control/share/gazebo_ros2_control/package.ps1'
[0.636s] INFO:colcon.colcon_core.shell:Creating package descriptor '/home/dkflippo/aug2024/install/gazebo_ros2_control/share/gazebo_ros2_control/package.dsv'
[0.637s] INFO:colcon.colcon_core.shell:Creating package script '/home/dkflippo/aug2024/install/gazebo_ros2_control/share/gazebo_ros2_control/package.sh'
[0.637s] INFO:colcon.colcon_core.shell:Creating package script '/home/dkflippo/aug2024/install/gazebo_ros2_control/share/gazebo_ros2_control/package.bash'
[0.638s] INFO:colcon.colcon_core.shell:Creating package script '/home/dkflippo/aug2024/install/gazebo_ros2_control/share/gazebo_ros2_control/package.zsh'
[0.638s] Level 1:colcon.colcon_core.environment:create_file_with_runtime_dependencies(/home/dkflippo/aug2024/install/gazebo_ros2_control/share/colcon-core/packages/gazebo_ros2_control)
[0.639s] Level 1:colcon.colcon_core.environment:create_environment_scripts_only(gazebo_ros2_control)
[0.639s] Level 1:colcon.colcon_core.environment:checking '/home/dkflippo/aug2024/install/gazebo_ros2_control' for CMake module files
[0.639s] Level 1:colcon.colcon_core.environment:checking '/home/dkflippo/aug2024/install/gazebo_ros2_control' for CMake config files
[0.639s] Level 1:colcon.colcon_core.shell:create_environment_hook('gazebo_ros2_control', 'cmake_prefix_path')
[0.640s] INFO:colcon.colcon_core.shell:Creating environment hook '/home/dkflippo/aug2024/install/gazebo_ros2_control/share/gazebo_ros2_control/hook/cmake_prefix_path.ps1'
[0.640s] INFO:colcon.colcon_core.shell:Creating environment descriptor '/home/dkflippo/aug2024/install/gazebo_ros2_control/share/gazebo_ros2_control/hook/cmake_prefix_path.dsv'
[0.640s] INFO:colcon.colcon_core.shell:Creating environment hook '/home/dkflippo/aug2024/install/gazebo_ros2_control/share/gazebo_ros2_control/hook/cmake_prefix_path.sh'
[0.641s] Level 1:colcon.colcon_core.environment:checking '/home/dkflippo/aug2024/install/gazebo_ros2_control/lib'
[0.641s] Level 1:colcon.colcon_core.shell:create_environment_hook('gazebo_ros2_control', 'ld_library_path_lib')
[0.641s] INFO:colcon.colcon_core.shell:Creating environment hook '/home/dkflippo/aug2024/install/gazebo_ros2_control/share/gazebo_ros2_control/hook/ld_library_path_lib.ps1'
[0.641s] INFO:colcon.colcon_core.shell:Creating environment descriptor '/home/dkflippo/aug2024/install/gazebo_ros2_control/share/gazebo_ros2_control/hook/ld_library_path_lib.dsv'
[0.642s] INFO:colcon.colcon_core.shell:Creating environment hook '/home/dkflippo/aug2024/install/gazebo_ros2_control/share/gazebo_ros2_control/hook/ld_library_path_lib.sh'
[0.642s] Level 1:colcon.colcon_core.environment:checking '/home/dkflippo/aug2024/install/gazebo_ros2_control/bin'
[0.642s] Level 1:colcon.colcon_core.environment:checking '/home/dkflippo/aug2024/install/gazebo_ros2_control/lib/pkgconfig/gazebo_ros2_control.pc'
[0.642s] Level 1:colcon.colcon_core.environment:checking '/home/dkflippo/aug2024/install/gazebo_ros2_control/lib/python3.10/site-packages'
[0.642s] Level 1:colcon.colcon_core.environment:checking '/home/dkflippo/aug2024/install/gazebo_ros2_control/bin'
[0.643s] INFO:colcon.colcon_core.shell:Creating package script '/home/dkflippo/aug2024/install/gazebo_ros2_control/share/gazebo_ros2_control/package.ps1'
[0.643s] INFO:colcon.colcon_core.shell:Creating package descriptor '/home/dkflippo/aug2024/install/gazebo_ros2_control/share/gazebo_ros2_control/package.dsv'
[0.644s] INFO:colcon.colcon_core.shell:Creating package script '/home/dkflippo/aug2024/install/gazebo_ros2_control/share/gazebo_ros2_control/package.sh'
[0.644s] INFO:colcon.colcon_core.shell:Creating package script '/home/dkflippo/aug2024/install/gazebo_ros2_control/share/gazebo_ros2_control/package.bash'
[0.644s] INFO:colcon.colcon_core.shell:Creating package script '/home/dkflippo/aug2024/install/gazebo_ros2_control/share/gazebo_ros2_control/package.zsh'
[0.645s] Level 1:colcon.colcon_core.environment:create_file_with_runtime_dependencies(/home/dkflippo/aug2024/install/gazebo_ros2_control/share/colcon-core/packages/gazebo_ros2_control)
[0.645s] INFO:colcon.colcon_ros.task.ament_cmake.build:Building ROS package in '/home/dkflippo/aug2024/src/BMC_2024' with build type 'ament_cmake'
[0.645s] INFO:colcon.colcon_cmake.task.cmake.build:Building CMake package in '/home/dkflippo/aug2024/src/BMC_2024'
[0.645s] INFO:colcon.colcon_core.shell:Skip shell extension 'powershell' for command environment: Not usable outside of PowerShell
[0.645s] DEBUG:colcon.colcon_core.shell:Skip shell extension 'dsv' for command environment
[0.654s] INFO:colcon.colcon_ros.task.ament_cmake.build:Building ROS package in '/home/dkflippo/aug2024/src/gazebo_ros2_control/gazebo_ros2_control_demos' with build type 'ament_cmake'
[0.654s] INFO:colcon.colcon_cmake.task.cmake.build:Building CMake package in '/home/dkflippo/aug2024/src/gazebo_ros2_control/gazebo_ros2_control_demos'
[0.655s] INFO:colcon.colcon_core.shell:Skip shell extension 'powershell' for command environment: Not usable outside of PowerShell
[0.655s] DEBUG:colcon.colcon_core.shell:Skip shell extension 'dsv' for command environment
[0.670s] DEBUG:colcon.colcon_core.event_handler.log_command:Invoking command in '/home/dkflippo/aug2024/build/BMC_2024': CMAKE_PREFIX_PATH=/home/dkflippo/aug2024/install/gazebo_ros2_control:/home/dkflippo/aug2024/install/sllidar_ros2:/home/dkflippo/aug2024/install/my_robot_nav2:/home/dkflippo/aug2024/install/gazebo_ros2_control_demos:/home/dkflippo/aug2024/install/aug_2024:/home/dkflippo/aug2024/install/BMC_2024:/home/dkflippo/ros2_control_ws/install/ros2_controllers:/home/dkflippo/ros2_control_ws/install/velocity_controllers:/home/dkflippo/ros2_control_ws/install/tricycle_steering_controller:/home/dkflippo/ros2_control_ws/install/tricycle_controller:/home/dkflippo/ros2_control_ws/install/ros2_control:/home/dkflippo/ros2_control_ws/install/transmission_interface:/home/dkflippo/ros2_control_ws/install/bicycle_steering_controller:/home/dkflippo/ros2_control_ws/install/ackermann_steering_controller:/home/dkflippo/ros2_control_ws/install/steering_controllers_library:/home/dkflippo/ros2_control_ws/install/hardware_interface_testing:/home/dkflippo/ros2_control_ws/install/controller_manager:/home/dkflippo/ros2_control_ws/install/ros2_control_test_assets:/home/dkflippo/ros2_control_ws/install/range_sensor_broadcaster:/home/dkflippo/ros2_control_ws/install/position_controllers:/home/dkflippo/ros2_control_ws/install/pose_broadcaster:/home/dkflippo/ros2_control_ws/install/pid_controller:/home/dkflippo/ros2_control_ws/install/mecanum_drive_controller:/home/dkflippo/ros2_control_ws/install/joint_trajectory_controller:/home/dkflippo/ros2_control_ws/install/joint_state_broadcaster:/home/dkflippo/ros2_control_ws/install/joint_limits:/home/dkflippo/ros2_control_ws/install/imu_sensor_broadcaster:/home/dkflippo/ros2_control_ws/install/gripper_controllers:/home/dkflippo/ros2_control_ws/install/gpio_controllers:/home/dkflippo/ros2_control_ws/install/effort_controllers:/home/dkflippo/ros2_control_ws/install/forward_command_controller:/home/dkflippo/ros2_control_ws/install/force_torque_sensor_broadcaster:/home/dkflippo/ros2_control_ws/install/diff_drive_controller:/home/dkflippo/ros2_control_ws/install/admittance_controller:/home/dkflippo/ros2_control_ws/install/controller_interface:/home/dkflippo/ros2_control_ws/install/hardware_interface:/home/dkflippo/ros2_control_ws/install/controller_manager_msgs:/home/dkflippo/ros2_control_ws/install/rqt_joint_trajectory_controller:/home/dkflippo/ros2_control_ws/install/rqt_controller_manager:/home/dkflippo/ros2_control_ws/install/ros2controlcli:/home/dkflippo/ros2_control_ws/install/ros2_controllers_test_nodes:/opt/ros/humble LD_LIBRARY_PATH=/home/dkflippo/aug2024/install/gazebo_ros2_control/lib:/home/dkflippo/ros2_control_ws/install/velocity_controllers/lib:/home/dkflippo/ros2_control_ws/install/tricycle_steering_controller/lib:/home/dkflippo/ros2_control_ws/install/tricycle_controller/lib:/home/dkflippo/ros2_control_ws/install/transmission_interface/lib:/home/dkflippo/ros2_control_ws/install/bicycle_steering_controller/lib:/home/dkflippo/ros2_control_ws/install/ackermann_steering_controller/lib:/home/dkflippo/ros2_control_ws/install/steering_controllers_library/lib:/home/dkflippo/ros2_control_ws/install/hardware_interface_testing/lib:/home/dkflippo/ros2_control_ws/install/controller_manager/lib:/home/dkflippo/ros2_control_ws/install/range_sensor_broadcaster/lib:/home/dkflippo/ros2_control_ws/install/position_controllers/lib:/home/dkflippo/ros2_control_ws/install/pose_broadcaster/lib:/home/dkflippo/ros2_control_ws/install/pid_controller/lib:/home/dkflippo/ros2_control_ws/install/mecanum_drive_controller/lib:/home/dkflippo/ros2_control_ws/install/joint_trajectory_controller/lib:/home/dkflippo/ros2_control_ws/install/joint_state_broadcaster/lib:/home/dkflippo/ros2_control_ws/install/joint_limits/lib:/home/dkflippo/ros2_control_ws/install/imu_sensor_broadcaster/lib:/home/dkflippo/ros2_control_ws/install/gripper_controllers/lib:/home/dkflippo/ros2_control_ws/install/gpio_controllers/lib:/home/dkflippo/ros2_control_ws/install/effort_controllers/lib:/home/dkflippo/ros2_control_ws/install/forward_command_controller/lib:/home/dkflippo/ros2_control_ws/install/force_torque_sensor_broadcaster/lib:/home/dkflippo/ros2_control_ws/install/diff_drive_controller/lib:/home/dkflippo/ros2_control_ws/install/admittance_controller/lib:/home/dkflippo/ros2_control_ws/install/controller_interface/lib:/home/dkflippo/ros2_control_ws/install/hardware_interface/lib:/home/dkflippo/ros2_control_ws/install/controller_manager_msgs/lib:/home/dkflippo/aug2024/install/BMC_2024/lib:/usr/lib/x86_64-linux-gnu/gazebo-11/plugins:/opt/ros/humble/opt/rviz_ogre_vendor/lib:/opt/ros/humble/lib/x86_64-linux-gnu:/opt/ros/humble/lib /usr/bin/cmake --build /home/dkflippo/aug2024/build/BMC_2024 -- -j12 -l12
[0.678s] DEBUG:colcon.colcon_core.event_handler.log_command:Invoking command in '/home/dkflippo/aug2024/build/gazebo_ros2_control_demos': CMAKE_PREFIX_PATH=/home/dkflippo/aug2024/install/gazebo_ros2_control:/home/dkflippo/aug2024/install/sllidar_ros2:/home/dkflippo/aug2024/install/my_robot_nav2:/home/dkflippo/aug2024/install/gazebo_ros2_control_demos:/home/dkflippo/aug2024/install/aug_2024:/home/dkflippo/aug2024/install/BMC_2024:/home/dkflippo/ros2_control_ws/install/ros2_controllers:/home/dkflippo/ros2_control_ws/install/velocity_controllers:/home/dkflippo/ros2_control_ws/install/tricycle_steering_controller:/home/dkflippo/ros2_control_ws/install/tricycle_controller:/home/dkflippo/ros2_control_ws/install/ros2_control:/home/dkflippo/ros2_control_ws/install/transmission_interface:/home/dkflippo/ros2_control_ws/install/bicycle_steering_controller:/home/dkflippo/ros2_control_ws/install/ackermann_steering_controller:/home/dkflippo/ros2_control_ws/install/steering_controllers_library:/home/dkflippo/ros2_control_ws/install/hardware_interface_testing:/home/dkflippo/ros2_control_ws/install/controller_manager:/home/dkflippo/ros2_control_ws/install/ros2_control_test_assets:/home/dkflippo/ros2_control_ws/install/range_sensor_broadcaster:/home/dkflippo/ros2_control_ws/install/position_controllers:/home/dkflippo/ros2_control_ws/install/pose_broadcaster:/home/dkflippo/ros2_control_ws/install/pid_controller:/home/dkflippo/ros2_control_ws/install/mecanum_drive_controller:/home/dkflippo/ros2_control_ws/install/joint_trajectory_controller:/home/dkflippo/ros2_control_ws/install/joint_state_broadcaster:/home/dkflippo/ros2_control_ws/install/joint_limits:/home/dkflippo/ros2_control_ws/install/imu_sensor_broadcaster:/home/dkflippo/ros2_control_ws/install/gripper_controllers:/home/dkflippo/ros2_control_ws/install/gpio_controllers:/home/dkflippo/ros2_control_ws/install/effort_controllers:/home/dkflippo/ros2_control_ws/install/forward_command_controller:/home/dkflippo/ros2_control_ws/install/force_torque_sensor_broadcaster:/home/dkflippo/ros2_control_ws/install/diff_drive_controller:/home/dkflippo/ros2_control_ws/install/admittance_controller:/home/dkflippo/ros2_control_ws/install/controller_interface:/home/dkflippo/ros2_control_ws/install/hardware_interface:/home/dkflippo/ros2_control_ws/install/controller_manager_msgs:/home/dkflippo/ros2_control_ws/install/rqt_joint_trajectory_controller:/home/dkflippo/ros2_control_ws/install/rqt_controller_manager:/home/dkflippo/ros2_control_ws/install/ros2controlcli:/home/dkflippo/ros2_control_ws/install/ros2_controllers_test_nodes:/opt/ros/humble LD_LIBRARY_PATH=/home/dkflippo/aug2024/install/gazebo_ros2_control/lib:/home/dkflippo/ros2_control_ws/install/velocity_controllers/lib:/home/dkflippo/ros2_control_ws/install/tricycle_steering_controller/lib:/home/dkflippo/ros2_control_ws/install/tricycle_controller/lib:/home/dkflippo/ros2_control_ws/install/transmission_interface/lib:/home/dkflippo/ros2_control_ws/install/bicycle_steering_controller/lib:/home/dkflippo/ros2_control_ws/install/ackermann_steering_controller/lib:/home/dkflippo/ros2_control_ws/install/steering_controllers_library/lib:/home/dkflippo/ros2_control_ws/install/hardware_interface_testing/lib:/home/dkflippo/ros2_control_ws/install/controller_manager/lib:/home/dkflippo/ros2_control_ws/install/range_sensor_broadcaster/lib:/home/dkflippo/ros2_control_ws/install/position_controllers/lib:/home/dkflippo/ros2_control_ws/install/pose_broadcaster/lib:/home/dkflippo/ros2_control_ws/install/pid_controller/lib:/home/dkflippo/ros2_control_ws/install/mecanum_drive_controller/lib:/home/dkflippo/ros2_control_ws/install/joint_trajectory_controller/lib:/home/dkflippo/ros2_control_ws/install/joint_state_broadcaster/lib:/home/dkflippo/ros2_control_ws/install/joint_limits/lib:/home/dkflippo/ros2_control_ws/install/imu_sensor_broadcaster/lib:/home/dkflippo/ros2_control_ws/install/gripper_controllers/lib:/home/dkflippo/ros2_control_ws/install/gpio_controllers/lib:/home/dkflippo/ros2_control_ws/install/effort_controllers/lib:/home/dkflippo/ros2_control_ws/install/forward_command_controller/lib:/home/dkflippo/ros2_control_ws/install/force_torque_sensor_broadcaster/lib:/home/dkflippo/ros2_control_ws/install/diff_drive_controller/lib:/home/dkflippo/ros2_control_ws/install/admittance_controller/lib:/home/dkflippo/ros2_control_ws/install/controller_interface/lib:/home/dkflippo/ros2_control_ws/install/hardware_interface/lib:/home/dkflippo/ros2_control_ws/install/controller_manager_msgs/lib:/home/dkflippo/aug2024/install/BMC_2024/lib:/usr/lib/x86_64-linux-gnu/gazebo-11/plugins:/opt/ros/humble/opt/rviz_ogre_vendor/lib:/opt/ros/humble/lib/x86_64-linux-gnu:/opt/ros/humble/lib /usr/bin/cmake --build /home/dkflippo/aug2024/build/gazebo_ros2_control_demos -- -j12 -l12
[0.827s] DEBUG:colcon.colcon_core.event_handler.log_command:Invoked command in '/home/dkflippo/aug2024/build/gazebo_ros2_control_demos' returned '0': CMAKE_PREFIX_PATH=/home/dkflippo/aug2024/install/gazebo_ros2_control:/home/dkflippo/aug2024/install/sllidar_ros2:/home/dkflippo/aug2024/install/my_robot_nav2:/home/dkflippo/aug2024/install/gazebo_ros2_control_demos:/home/dkflippo/aug2024/install/aug_2024:/home/dkflippo/aug2024/install/BMC_2024:/home/dkflippo/ros2_control_ws/install/ros2_controllers:/home/dkflippo/ros2_control_ws/install/velocity_controllers:/home/dkflippo/ros2_control_ws/install/tricycle_steering_controller:/home/dkflippo/ros2_control_ws/install/tricycle_controller:/home/dkflippo/ros2_control_ws/install/ros2_control:/home/dkflippo/ros2_control_ws/install/transmission_interface:/home/dkflippo/ros2_control_ws/install/bicycle_steering_controller:/home/dkflippo/ros2_control_ws/install/ackermann_steering_controller:/home/dkflippo/ros2_control_ws/install/steering_controllers_library:/home/dkflippo/ros2_control_ws/install/hardware_interface_testing:/home/dkflippo/ros2_control_ws/install/controller_manager:/home/dkflippo/ros2_control_ws/install/ros2_control_test_assets:/home/dkflippo/ros2_control_ws/install/range_sensor_broadcaster:/home/dkflippo/ros2_control_ws/install/position_controllers:/home/dkflippo/ros2_control_ws/install/pose_broadcaster:/home/dkflippo/ros2_control_ws/install/pid_controller:/home/dkflippo/ros2_control_ws/install/mecanum_drive_controller:/home/dkflippo/ros2_control_ws/install/joint_trajectory_controller:/home/dkflippo/ros2_control_ws/install/joint_state_broadcaster:/home/dkflippo/ros2_control_ws/install/joint_limits:/home/dkflippo/ros2_control_ws/install/imu_sensor_broadcaster:/home/dkflippo/ros2_control_ws/install/gripper_controllers:/home/dkflippo/ros2_control_ws/install/gpio_controllers:/home/dkflippo/ros2_control_ws/install/effort_controllers:/home/dkflippo/ros2_control_ws/install/forward_command_controller:/home/dkflippo/ros2_control_ws/install/force_torque_sensor_broadcaster:/home/dkflippo/ros2_control_ws/install/diff_drive_controller:/home/dkflippo/ros2_control_ws/install/admittance_controller:/home/dkflippo/ros2_control_ws/install/controller_interface:/home/dkflippo/ros2_control_ws/install/hardware_interface:/home/dkflippo/ros2_control_ws/install/controller_manager_msgs:/home/dkflippo/ros2_control_ws/install/rqt_joint_trajectory_controller:/home/dkflippo/ros2_control_ws/install/rqt_controller_manager:/home/dkflippo/ros2_control_ws/install/ros2controlcli:/home/dkflippo/ros2_control_ws/install/ros2_controllers_test_nodes:/opt/ros/humble LD_LIBRARY_PATH=/home/dkflippo/aug2024/install/gazebo_ros2_control/lib:/home/dkflippo/ros2_control_ws/install/velocity_controllers/lib:/home/dkflippo/ros2_control_ws/install/tricycle_steering_controller/lib:/home/dkflippo/ros2_control_ws/install/tricycle_controller/lib:/home/dkflippo/ros2_control_ws/install/transmission_interface/lib:/home/dkflippo/ros2_control_ws/install/bicycle_steering_controller/lib:/home/dkflippo/ros2_control_ws/install/ackermann_steering_controller/lib:/home/dkflippo/ros2_control_ws/install/steering_controllers_library/lib:/home/dkflippo/ros2_control_ws/install/hardware_interface_testing/lib:/home/dkflippo/ros2_control_ws/install/controller_manager/lib:/home/dkflippo/ros2_control_ws/install/range_sensor_broadcaster/lib:/home/dkflippo/ros2_control_ws/install/position_controllers/lib:/home/dkflippo/ros2_control_ws/install/pose_broadcaster/lib:/home/dkflippo/ros2_control_ws/install/pid_controller/lib:/home/dkflippo/ros2_control_ws/install/mecanum_drive_controller/lib:/home/dkflippo/ros2_control_ws/install/joint_trajectory_controller/lib:/home/dkflippo/ros2_control_ws/install/joint_state_broadcaster/lib:/home/dkflippo/ros2_control_ws/install/joint_limits/lib:/home/dkflippo/ros2_control_ws/install/imu_sensor_broadcaster/lib:/home/dkflippo/ros2_control_ws/install/gripper_controllers/lib:/home/dkflippo/ros2_control_ws/install/gpio_controllers/lib:/home/dkflippo/ros2_control_ws/install/effort_controllers/lib:/home/dkflippo/ros2_control_ws/install/forward_command_controller/lib:/home/dkflippo/ros2_control_ws/install/force_torque_sensor_broadcaster/lib:/home/dkflippo/ros2_control_ws/install/diff_drive_controller/lib:/home/dkflippo/ros2_control_ws/install/admittance_controller/lib:/home/dkflippo/ros2_control_ws/install/controller_interface/lib:/home/dkflippo/ros2_control_ws/install/hardware_interface/lib:/home/dkflippo/ros2_control_ws/install/controller_manager_msgs/lib:/home/dkflippo/aug2024/install/BMC_2024/lib:/usr/lib/x86_64-linux-gnu/gazebo-11/plugins:/opt/ros/humble/opt/rviz_ogre_vendor/lib:/opt/ros/humble/lib/x86_64-linux-gnu:/opt/ros/humble/lib /usr/bin/cmake --build /home/dkflippo/aug2024/build/gazebo_ros2_control_demos -- -j12 -l12
[0.828s] DEBUG:colcon.colcon_core.event_handler.log_command:Invoking command in '/home/dkflippo/aug2024/build/gazebo_ros2_control_demos': CMAKE_PREFIX_PATH=/home/dkflippo/aug2024/install/gazebo_ros2_control:/home/dkflippo/aug2024/install/sllidar_ros2:/home/dkflippo/aug2024/install/my_robot_nav2:/home/dkflippo/aug2024/install/gazebo_ros2_control_demos:/home/dkflippo/aug2024/install/aug_2024:/home/dkflippo/aug2024/install/BMC_2024:/home/dkflippo/ros2_control_ws/install/ros2_controllers:/home/dkflippo/ros2_control_ws/install/velocity_controllers:/home/dkflippo/ros2_control_ws/install/tricycle_steering_controller:/home/dkflippo/ros2_control_ws/install/tricycle_controller:/home/dkflippo/ros2_control_ws/install/ros2_control:/home/dkflippo/ros2_control_ws/install/transmission_interface:/home/dkflippo/ros2_control_ws/install/bicycle_steering_controller:/home/dkflippo/ros2_control_ws/install/ackermann_steering_controller:/home/dkflippo/ros2_control_ws/install/steering_controllers_library:/home/dkflippo/ros2_control_ws/install/hardware_interface_testing:/home/dkflippo/ros2_control_ws/install/controller_manager:/home/dkflippo/ros2_control_ws/install/ros2_control_test_assets:/home/dkflippo/ros2_control_ws/install/range_sensor_broadcaster:/home/dkflippo/ros2_control_ws/install/position_controllers:/home/dkflippo/ros2_control_ws/install/pose_broadcaster:/home/dkflippo/ros2_control_ws/install/pid_controller:/home/dkflippo/ros2_control_ws/install/mecanum_drive_controller:/home/dkflippo/ros2_control_ws/install/joint_trajectory_controller:/home/dkflippo/ros2_control_ws/install/joint_state_broadcaster:/home/dkflippo/ros2_control_ws/install/joint_limits:/home/dkflippo/ros2_control_ws/install/imu_sensor_broadcaster:/home/dkflippo/ros2_control_ws/install/gripper_controllers:/home/dkflippo/ros2_control_ws/install/gpio_controllers:/home/dkflippo/ros2_control_ws/install/effort_controllers:/home/dkflippo/ros2_control_ws/install/forward_command_controller:/home/dkflippo/ros2_control_ws/install/force_torque_sensor_broadcaster:/home/dkflippo/ros2_control_ws/install/diff_drive_controller:/home/dkflippo/ros2_control_ws/install/admittance_controller:/home/dkflippo/ros2_control_ws/install/controller_interface:/home/dkflippo/ros2_control_ws/install/hardware_interface:/home/dkflippo/ros2_control_ws/install/controller_manager_msgs:/home/dkflippo/ros2_control_ws/install/rqt_joint_trajectory_controller:/home/dkflippo/ros2_control_ws/install/rqt_controller_manager:/home/dkflippo/ros2_control_ws/install/ros2controlcli:/home/dkflippo/ros2_control_ws/install/ros2_controllers_test_nodes:/opt/ros/humble LD_LIBRARY_PATH=/home/dkflippo/aug2024/install/gazebo_ros2_control/lib:/home/dkflippo/ros2_control_ws/install/velocity_controllers/lib:/home/dkflippo/ros2_control_ws/install/tricycle_steering_controller/lib:/home/dkflippo/ros2_control_ws/install/tricycle_controller/lib:/home/dkflippo/ros2_control_ws/install/transmission_interface/lib:/home/dkflippo/ros2_control_ws/install/bicycle_steering_controller/lib:/home/dkflippo/ros2_control_ws/install/ackermann_steering_controller/lib:/home/dkflippo/ros2_control_ws/install/steering_controllers_library/lib:/home/dkflippo/ros2_control_ws/install/hardware_interface_testing/lib:/home/dkflippo/ros2_control_ws/install/controller_manager/lib:/home/dkflippo/ros2_control_ws/install/range_sensor_broadcaster/lib:/home/dkflippo/ros2_control_ws/install/position_controllers/lib:/home/dkflippo/ros2_control_ws/install/pose_broadcaster/lib:/home/dkflippo/ros2_control_ws/install/pid_controller/lib:/home/dkflippo/ros2_control_ws/install/mecanum_drive_controller/lib:/home/dkflippo/ros2_control_ws/install/joint_trajectory_controller/lib:/home/dkflippo/ros2_control_ws/install/joint_state_broadcaster/lib:/home/dkflippo/ros2_control_ws/install/joint_limits/lib:/home/dkflippo/ros2_control_ws/install/imu_sensor_broadcaster/lib:/home/dkflippo/ros2_control_ws/install/gripper_controllers/lib:/home/dkflippo/ros2_control_ws/install/gpio_controllers/lib:/home/dkflippo/ros2_control_ws/install/effort_controllers/lib:/home/dkflippo/ros2_control_ws/install/forward_command_controller/lib:/home/dkflippo/ros2_control_ws/install/force_torque_sensor_broadcaster/lib:/home/dkflippo/ros2_control_ws/install/diff_drive_controller/lib:/home/dkflippo/ros2_control_ws/install/admittance_controller/lib:/home/dkflippo/ros2_control_ws/install/controller_interface/lib:/home/dkflippo/ros2_control_ws/install/hardware_interface/lib:/home/dkflippo/ros2_control_ws/install/controller_manager_msgs/lib:/home/dkflippo/aug2024/install/BMC_2024/lib:/usr/lib/x86_64-linux-gnu/gazebo-11/plugins:/opt/ros/humble/opt/rviz_ogre_vendor/lib:/opt/ros/humble/lib/x86_64-linux-gnu:/opt/ros/humble/lib /usr/bin/cmake --install /home/dkflippo/aug2024/build/gazebo_ros2_control_demos
[0.847s] Level 1:colcon.colcon_core.environment:create_environment_scripts_only(gazebo_ros2_control_demos)
[0.847s] Level 1:colcon.colcon_core.environment:checking '/home/dkflippo/aug2024/install/gazebo_ros2_control_demos' for CMake module files
[0.847s] DEBUG:colcon.colcon_core.event_handler.log_command:Invoked command in '/home/dkflippo/aug2024/build/gazebo_ros2_control_demos' returned '0': CMAKE_PREFIX_PATH=/home/dkflippo/aug2024/install/gazebo_ros2_control:/home/dkflippo/aug2024/install/sllidar_ros2:/home/dkflippo/aug2024/install/my_robot_nav2:/home/dkflippo/aug2024/install/gazebo_ros2_control_demos:/home/dkflippo/aug2024/install/aug_2024:/home/dkflippo/aug2024/install/BMC_2024:/home/dkflippo/ros2_control_ws/install/ros2_controllers:/home/dkflippo/ros2_control_ws/install/velocity_controllers:/home/dkflippo/ros2_control_ws/install/tricycle_steering_controller:/home/dkflippo/ros2_control_ws/install/tricycle_controller:/home/dkflippo/ros2_control_ws/install/ros2_control:/home/dkflippo/ros2_control_ws/install/transmission_interface:/home/dkflippo/ros2_control_ws/install/bicycle_steering_controller:/home/dkflippo/ros2_control_ws/install/ackermann_steering_controller:/home/dkflippo/ros2_control_ws/install/steering_controllers_library:/home/dkflippo/ros2_control_ws/install/hardware_interface_testing:/home/dkflippo/ros2_control_ws/install/controller_manager:/home/dkflippo/ros2_control_ws/install/ros2_control_test_assets:/home/dkflippo/ros2_control_ws/install/range_sensor_broadcaster:/home/dkflippo/ros2_control_ws/install/position_controllers:/home/dkflippo/ros2_control_ws/install/pose_broadcaster:/home/dkflippo/ros2_control_ws/install/pid_controller:/home/dkflippo/ros2_control_ws/install/mecanum_drive_controller:/home/dkflippo/ros2_control_ws/install/joint_trajectory_controller:/home/dkflippo/ros2_control_ws/install/joint_state_broadcaster:/home/dkflippo/ros2_control_ws/install/joint_limits:/home/dkflippo/ros2_control_ws/install/imu_sensor_broadcaster:/home/dkflippo/ros2_control_ws/install/gripper_controllers:/home/dkflippo/ros2_control_ws/install/gpio_controllers:/home/dkflippo/ros2_control_ws/install/effort_controllers:/home/dkflippo/ros2_control_ws/install/forward_command_controller:/home/dkflippo/ros2_control_ws/install/force_torque_sensor_broadcaster:/home/dkflippo/ros2_control_ws/install/diff_drive_controller:/home/dkflippo/ros2_control_ws/install/admittance_controller:/home/dkflippo/ros2_control_ws/install/controller_interface:/home/dkflippo/ros2_control_ws/install/hardware_interface:/home/dkflippo/ros2_control_ws/install/controller_manager_msgs:/home/dkflippo/ros2_control_ws/install/rqt_joint_trajectory_controller:/home/dkflippo/ros2_control_ws/install/rqt_controller_manager:/home/dkflippo/ros2_control_ws/install/ros2controlcli:/home/dkflippo/ros2_control_ws/install/ros2_controllers_test_nodes:/opt/ros/humble LD_LIBRARY_PATH=/home/dkflippo/aug2024/install/gazebo_ros2_control/lib:/home/dkflippo/ros2_control_ws/install/velocity_controllers/lib:/home/dkflippo/ros2_control_ws/install/tricycle_steering_controller/lib:/home/dkflippo/ros2_control_ws/install/tricycle_controller/lib:/home/dkflippo/ros2_control_ws/install/transmission_interface/lib:/home/dkflippo/ros2_control_ws/install/bicycle_steering_controller/lib:/home/dkflippo/ros2_control_ws/install/ackermann_steering_controller/lib:/home/dkflippo/ros2_control_ws/install/steering_controllers_library/lib:/home/dkflippo/ros2_control_ws/install/hardware_interface_testing/lib:/home/dkflippo/ros2_control_ws/install/controller_manager/lib:/home/dkflippo/ros2_control_ws/install/range_sensor_broadcaster/lib:/home/dkflippo/ros2_control_ws/install/position_controllers/lib:/home/dkflippo/ros2_control_ws/install/pose_broadcaster/lib:/home/dkflippo/ros2_control_ws/install/pid_controller/lib:/home/dkflippo/ros2_control_ws/install/mecanum_drive_controller/lib:/home/dkflippo/ros2_control_ws/install/joint_trajectory_controller/lib:/home/dkflippo/ros2_control_ws/install/joint_state_broadcaster/lib:/home/dkflippo/ros2_control_ws/install/joint_limits/lib:/home/dkflippo/ros2_control_ws/install/imu_sensor_broadcaster/lib:/home/dkflippo/ros2_control_ws/install/gripper_controllers/lib:/home/dkflippo/ros2_control_ws/install/gpio_controllers/lib:/home/dkflippo/ros2_control_ws/install/effort_controllers/lib:/home/dkflippo/ros2_control_ws/install/forward_command_controller/lib:/home/dkflippo/ros2_control_ws/install/force_torque_sensor_broadcaster/lib:/home/dkflippo/ros2_control_ws/install/diff_drive_controller/lib:/home/dkflippo/ros2_control_ws/install/admittance_controller/lib:/home/dkflippo/ros2_control_ws/install/controller_interface/lib:/home/dkflippo/ros2_control_ws/install/hardware_interface/lib:/home/dkflippo/ros2_control_ws/install/controller_manager_msgs/lib:/home/dkflippo/aug2024/install/BMC_2024/lib:/usr/lib/x86_64-linux-gnu/gazebo-11/plugins:/opt/ros/humble/opt/rviz_ogre_vendor/lib:/opt/ros/humble/lib/x86_64-linux-gnu:/opt/ros/humble/lib /usr/bin/cmake --install /home/dkflippo/aug2024/build/gazebo_ros2_control_demos
[0.848s] Level 1:colcon.colcon_core.environment:checking '/home/dkflippo/aug2024/install/gazebo_ros2_control_demos' for CMake config files
[0.848s] Level 1:colcon.colcon_core.shell:create_environment_hook('gazebo_ros2_control_demos', 'cmake_prefix_path')
[0.849s] INFO:colcon.colcon_core.shell:Creating environment hook '/home/dkflippo/aug2024/install/gazebo_ros2_control_demos/share/gazebo_ros2_control_demos/hook/cmake_prefix_path.ps1'
[0.849s] INFO:colcon.colcon_core.shell:Creating environment descriptor '/home/dkflippo/aug2024/install/gazebo_ros2_control_demos/share/gazebo_ros2_control_demos/hook/cmake_prefix_path.dsv'
[0.849s] INFO:colcon.colcon_core.shell:Creating environment hook '/home/dkflippo/aug2024/install/gazebo_ros2_control_demos/share/gazebo_ros2_control_demos/hook/cmake_prefix_path.sh'
[0.850s] Level 1:colcon.colcon_core.environment:checking '/home/dkflippo/aug2024/install/gazebo_ros2_control_demos/lib'
[0.850s] Level 1:colcon.colcon_core.environment:checking '/home/dkflippo/aug2024/install/gazebo_ros2_control_demos/bin'
[0.850s] Level 1:colcon.colcon_core.environment:checking '/home/dkflippo/aug2024/install/gazebo_ros2_control_demos/lib/pkgconfig/gazebo_ros2_control_demos.pc'
[0.850s] Level 1:colcon.colcon_core.environment:checking '/home/dkflippo/aug2024/install/gazebo_ros2_control_demos/lib/python3.10/site-packages'
[0.850s] Level 1:colcon.colcon_core.environment:checking '/home/dkflippo/aug2024/install/gazebo_ros2_control_demos/bin'
[0.851s] INFO:colcon.colcon_core.shell:Creating package script '/home/dkflippo/aug2024/install/gazebo_ros2_control_demos/share/gazebo_ros2_control_demos/package.ps1'
[0.851s] INFO:colcon.colcon_core.shell:Creating package descriptor '/home/dkflippo/aug2024/install/gazebo_ros2_control_demos/share/gazebo_ros2_control_demos/package.dsv'
[0.852s] INFO:colcon.colcon_core.shell:Creating package script '/home/dkflippo/aug2024/install/gazebo_ros2_control_demos/share/gazebo_ros2_control_demos/package.sh'
[0.852s] INFO:colcon.colcon_core.shell:Creating package script '/home/dkflippo/aug2024/install/gazebo_ros2_control_demos/share/gazebo_ros2_control_demos/package.bash'
[0.853s] INFO:colcon.colcon_core.shell:Creating package script '/home/dkflippo/aug2024/install/gazebo_ros2_control_demos/share/gazebo_ros2_control_demos/package.zsh'
[0.853s] Level 1:colcon.colcon_core.environment:create_file_with_runtime_dependencies(/home/dkflippo/aug2024/install/gazebo_ros2_control_demos/share/colcon-core/packages/gazebo_ros2_control_demos)
[0.854s] Level 1:colcon.colcon_core.environment:create_environment_scripts_only(gazebo_ros2_control_demos)
[0.854s] Level 1:colcon.colcon_core.environment:checking '/home/dkflippo/aug2024/install/gazebo_ros2_control_demos' for CMake module files
[0.855s] Level 1:colcon.colcon_core.environment:checking '/home/dkflippo/aug2024/install/gazebo_ros2_control_demos' for CMake config files
[0.855s] Level 1:colcon.colcon_core.shell:create_environment_hook('gazebo_ros2_control_demos', 'cmake_prefix_path')
[0.855s] INFO:colcon.colcon_core.shell:Creating environment hook '/home/dkflippo/aug2024/install/gazebo_ros2_control_demos/share/gazebo_ros2_control_demos/hook/cmake_prefix_path.ps1'
[0.859s] INFO:colcon.colcon_core.shell:Creating environment descriptor '/home/dkflippo/aug2024/install/gazebo_ros2_control_demos/share/gazebo_ros2_control_demos/hook/cmake_prefix_path.dsv'
[0.860s] INFO:colcon.colcon_core.shell:Creating environment hook '/home/dkflippo/aug2024/install/gazebo_ros2_control_demos/share/gazebo_ros2_control_demos/hook/cmake_prefix_path.sh'
[0.860s] Level 1:colcon.colcon_core.environment:checking '/home/dkflippo/aug2024/install/gazebo_ros2_control_demos/lib'
[0.860s] Level 1:colcon.colcon_core.environment:checking '/home/dkflippo/aug2024/install/gazebo_ros2_control_demos/bin'
[0.860s] Level 1:colcon.colcon_core.environment:checking '/home/dkflippo/aug2024/install/gazebo_ros2_control_demos/lib/pkgconfig/gazebo_ros2_control_demos.pc'
[0.860s] Level 1:colcon.colcon_core.environment:checking '/home/dkflippo/aug2024/install/gazebo_ros2_control_demos/lib/python3.10/site-packages'
[0.861s] Level 1:colcon.colcon_core.environment:checking '/home/dkflippo/aug2024/install/gazebo_ros2_control_demos/bin'
[0.861s] INFO:colcon.colcon_core.shell:Creating package script '/home/dkflippo/aug2024/install/gazebo_ros2_control_demos/share/gazebo_ros2_control_demos/package.ps1'
[0.862s] INFO:colcon.colcon_core.shell:Creating package descriptor '/home/dkflippo/aug2024/install/gazebo_ros2_control_demos/share/gazebo_ros2_control_demos/package.dsv'
[0.862s] INFO:colcon.colcon_core.shell:Creating package script '/home/dkflippo/aug2024/install/gazebo_ros2_control_demos/share/gazebo_ros2_control_demos/package.sh'
[0.863s] INFO:colcon.colcon_core.shell:Creating package script '/home/dkflippo/aug2024/install/gazebo_ros2_control_demos/share/gazebo_ros2_control_demos/package.bash'
[0.863s] INFO:colcon.colcon_core.shell:Creating package script '/home/dkflippo/aug2024/install/gazebo_ros2_control_demos/share/gazebo_ros2_control_demos/package.zsh'
[0.864s] Level 1:colcon.colcon_core.environment:create_file_with_runtime_dependencies(/home/dkflippo/aug2024/install/gazebo_ros2_control_demos/share/colcon-core/packages/gazebo_ros2_control_demos)
[2.104s] DEBUG:colcon.colcon_core.event_handler.log_command:Invoked command in '/home/dkflippo/aug2024/build/BMC_2024' returned '2': CMAKE_PREFIX_PATH=/home/dkflippo/aug2024/install/gazebo_ros2_control:/home/dkflippo/aug2024/install/sllidar_ros2:/home/dkflippo/aug2024/install/my_robot_nav2:/home/dkflippo/aug2024/install/gazebo_ros2_control_demos:/home/dkflippo/aug2024/install/aug_2024:/home/dkflippo/aug2024/install/BMC_2024:/home/dkflippo/ros2_control_ws/install/ros2_controllers:/home/dkflippo/ros2_control_ws/install/velocity_controllers:/home/dkflippo/ros2_control_ws/install/tricycle_steering_controller:/home/dkflippo/ros2_control_ws/install/tricycle_controller:/home/dkflippo/ros2_control_ws/install/ros2_control:/home/dkflippo/ros2_control_ws/install/transmission_interface:/home/dkflippo/ros2_control_ws/install/bicycle_steering_controller:/home/dkflippo/ros2_control_ws/install/ackermann_steering_controller:/home/dkflippo/ros2_control_ws/install/steering_controllers_library:/home/dkflippo/ros2_control_ws/install/hardware_interface_testing:/home/dkflippo/ros2_control_ws/install/controller_manager:/home/dkflippo/ros2_control_ws/install/ros2_control_test_assets:/home/dkflippo/ros2_control_ws/install/range_sensor_broadcaster:/home/dkflippo/ros2_control_ws/install/position_controllers:/home/dkflippo/ros2_control_ws/install/pose_broadcaster:/home/dkflippo/ros2_control_ws/install/pid_controller:/home/dkflippo/ros2_control_ws/install/mecanum_drive_controller:/home/dkflippo/ros2_control_ws/install/joint_trajectory_controller:/home/dkflippo/ros2_control_ws/install/joint_state_broadcaster:/home/dkflippo/ros2_control_ws/install/joint_limits:/home/dkflippo/ros2_control_ws/install/imu_sensor_broadcaster:/home/dkflippo/ros2_control_ws/install/gripper_controllers:/home/dkflippo/ros2_control_ws/install/gpio_controllers:/home/dkflippo/ros2_control_ws/install/effort_controllers:/home/dkflippo/ros2_control_ws/install/forward_command_controller:/home/dkflippo/ros2_control_ws/install/force_torque_sensor_broadcaster:/home/dkflippo/ros2_control_ws/install/diff_drive_controller:/home/dkflippo/ros2_control_ws/install/admittance_controller:/home/dkflippo/ros2_control_ws/install/controller_interface:/home/dkflippo/ros2_control_ws/install/hardware_interface:/home/dkflippo/ros2_control_ws/install/controller_manager_msgs:/home/dkflippo/ros2_control_ws/install/rqt_joint_trajectory_controller:/home/dkflippo/ros2_control_ws/install/rqt_controller_manager:/home/dkflippo/ros2_control_ws/install/ros2controlcli:/home/dkflippo/ros2_control_ws/install/ros2_controllers_test_nodes:/opt/ros/humble LD_LIBRARY_PATH=/home/dkflippo/aug2024/install/gazebo_ros2_control/lib:/home/dkflippo/ros2_control_ws/install/velocity_controllers/lib:/home/dkflippo/ros2_control_ws/install/tricycle_steering_controller/lib:/home/dkflippo/ros2_control_ws/install/tricycle_controller/lib:/home/dkflippo/ros2_control_ws/install/transmission_interface/lib:/home/dkflippo/ros2_control_ws/install/bicycle_steering_controller/lib:/home/dkflippo/ros2_control_ws/install/ackermann_steering_controller/lib:/home/dkflippo/ros2_control_ws/install/steering_controllers_library/lib:/home/dkflippo/ros2_control_ws/install/hardware_interface_testing/lib:/home/dkflippo/ros2_control_ws/install/controller_manager/lib:/home/dkflippo/ros2_control_ws/install/range_sensor_broadcaster/lib:/home/dkflippo/ros2_control_ws/install/position_controllers/lib:/home/dkflippo/ros2_control_ws/install/pose_broadcaster/lib:/home/dkflippo/ros2_control_ws/install/pid_controller/lib:/home/dkflippo/ros2_control_ws/install/mecanum_drive_controller/lib:/home/dkflippo/ros2_control_ws/install/joint_trajectory_controller/lib:/home/dkflippo/ros2_control_ws/install/joint_state_broadcaster/lib:/home/dkflippo/ros2_control_ws/install/joint_limits/lib:/home/dkflippo/ros2_control_ws/install/imu_sensor_broadcaster/lib:/home/dkflippo/ros2_control_ws/install/gripper_controllers/lib:/home/dkflippo/ros2_control_ws/install/gpio_controllers/lib:/home/dkflippo/ros2_control_ws/install/effort_controllers/lib:/home/dkflippo/ros2_control_ws/install/forward_command_controller/lib:/home/dkflippo/ros2_control_ws/install/force_torque_sensor_broadcaster/lib:/home/dkflippo/ros2_control_ws/install/diff_drive_controller/lib:/home/dkflippo/ros2_control_ws/install/admittance_controller/lib:/home/dkflippo/ros2_control_ws/install/controller_interface/lib:/home/dkflippo/ros2_control_ws/install/hardware_interface/lib:/home/dkflippo/ros2_control_ws/install/controller_manager_msgs/lib:/home/dkflippo/aug2024/install/BMC_2024/lib:/usr/lib/x86_64-linux-gnu/gazebo-11/plugins:/opt/ros/humble/opt/rviz_ogre_vendor/lib:/opt/ros/humble/lib/x86_64-linux-gnu:/opt/ros/humble/lib /usr/bin/cmake --build /home/dkflippo/aug2024/build/BMC_2024 -- -j12 -l12
[2.104s] Level 1:colcon.colcon_core.environment:create_environment_scripts_only(BMC_2024)
[2.105s] Level 1:colcon.colcon_core.environment:checking '/home/dkflippo/aug2024/install/BMC_2024' for CMake module files
[2.105s] Level 1:colcon.colcon_core.environment:checking '/home/dkflippo/aug2024/install/BMC_2024' for CMake config files
[2.105s] Level 1:colcon.colcon_core.shell:create_environment_hook('BMC_2024', 'cmake_prefix_path')
[2.105s] INFO:colcon.colcon_core.shell:Creating environment hook '/home/dkflippo/aug2024/install/BMC_2024/share/BMC_2024/hook/cmake_prefix_path.ps1'
[2.106s] INFO:colcon.colcon_core.shell:Creating environment descriptor '/home/dkflippo/aug2024/install/BMC_2024/share/BMC_2024/hook/cmake_prefix_path.dsv'
[2.106s] INFO:colcon.colcon_core.shell:Creating environment hook '/home/dkflippo/aug2024/install/BMC_2024/share/BMC_2024/hook/cmake_prefix_path.sh'
[2.107s] Level 1:colcon.colcon_core.environment:checking '/home/dkflippo/aug2024/install/BMC_2024/lib'
[2.107s] Level 1:colcon.colcon_core.shell:create_environment_hook('BMC_2024', 'ld_library_path_lib')
[2.107s] INFO:colcon.colcon_core.shell:Creating environment hook '/home/dkflippo/aug2024/install/BMC_2024/share/BMC_2024/hook/ld_library_path_lib.ps1'
[2.107s] INFO:colcon.colcon_core.shell:Creating environment descriptor '/home/dkflippo/aug2024/install/BMC_2024/share/BMC_2024/hook/ld_library_path_lib.dsv'
[2.108s] INFO:colcon.colcon_core.shell:Creating environment hook '/home/dkflippo/aug2024/install/BMC_2024/share/BMC_2024/hook/ld_library_path_lib.sh'
[2.108s] Level 1:colcon.colcon_core.environment:checking '/home/dkflippo/aug2024/install/BMC_2024/bin'
[2.108s] Level 1:colcon.colcon_core.environment:checking '/home/dkflippo/aug2024/install/BMC_2024/lib/pkgconfig/BMC_2024.pc'
[2.108s] Level 1:colcon.colcon_core.environment:checking '/home/dkflippo/aug2024/install/BMC_2024/lib/python3.10/site-packages'
[2.108s] Level 1:colcon.colcon_core.environment:checking '/home/dkflippo/aug2024/install/BMC_2024/bin'
[2.109s] INFO:colcon.colcon_core.shell:Creating package script '/home/dkflippo/aug2024/install/BMC_2024/share/BMC_2024/package.ps1'
[2.109s] INFO:colcon.colcon_core.shell:Creating package descriptor '/home/dkflippo/aug2024/install/BMC_2024/share/BMC_2024/package.dsv'
[2.110s] INFO:colcon.colcon_core.shell:Creating package script '/home/dkflippo/aug2024/install/BMC_2024/share/BMC_2024/package.sh'
[2.110s] INFO:colcon.colcon_core.shell:Creating package script '/home/dkflippo/aug2024/install/BMC_2024/share/BMC_2024/package.bash'
[2.110s] INFO:colcon.colcon_core.shell:Creating package script '/home/dkflippo/aug2024/install/BMC_2024/share/BMC_2024/package.zsh'
[2.111s] Level 1:colcon.colcon_core.environment:create_file_with_runtime_dependencies(/home/dkflippo/aug2024/install/BMC_2024/share/colcon-core/packages/BMC_2024)
[2.121s] DEBUG:colcon.colcon_parallel_executor.executor.parallel:closing loop
[2.121s] DEBUG:colcon.colcon_parallel_executor.executor.parallel:loop closed
[2.121s] DEBUG:colcon.colcon_parallel_executor.executor.parallel:run_until_complete finished with '2'
[2.121s] DEBUG:colcon.colcon_core.event_reactor:joining thread
[2.127s] INFO:colcon.colcon_core.plugin_system:Skipping extension 'colcon_notification.desktop_notification.terminal_notifier': Not used on non-Darwin systems
[2.127s] INFO:colcon.colcon_core.plugin_system:Skipping extension 'colcon_notification.desktop_notification.win32': Not used on non-Windows systems
[2.127s] INFO:colcon.colcon_notification.desktop_notification:Sending desktop notification using 'notify2'
[2.135s] DEBUG:colcon.colcon_core.event_reactor:joined thread
[2.136s] INFO:colcon.colcon_core.shell:Creating prefix script '/home/dkflippo/aug2024/install/local_setup.ps1'
[2.136s] INFO:colcon.colcon_core.shell:Creating prefix util module '/home/dkflippo/aug2024/install/_local_setup_util_ps1.py'
[2.138s] INFO:colcon.colcon_core.shell:Creating prefix chain script '/home/dkflippo/aug2024/install/setup.ps1'
[2.141s] INFO:colcon.colcon_core.shell:Creating prefix script '/home/dkflippo/aug2024/install/local_setup.sh'
[2.141s] INFO:colcon.colcon_core.shell:Creating prefix util module '/home/dkflippo/aug2024/install/_local_setup_util_sh.py'
[2.142s] INFO:colcon.colcon_core.shell:Creating prefix chain script '/home/dkflippo/aug2024/install/setup.sh'
[2.146s] INFO:colcon.colcon_core.shell:Creating prefix script '/home/dkflippo/aug2024/install/local_setup.bash'
[2.147s] INFO:colcon.colcon_core.shell:Creating prefix chain script '/home/dkflippo/aug2024/install/setup.bash'
[2.151s] INFO:colcon.colcon_core.shell:Creating prefix script '/home/dkflippo/aug2024/install/local_setup.zsh'
[2.152s] INFO:colcon.colcon_core.shell:Creating prefix chain script '/home/dkflippo/aug2024/install/setup.zsh'
