[0.000000] (-) TimerEvent: {}
[0.001832] (BMC_2024) JobQueued: {'identifier': 'BMC_2024', 'dependencies': OrderedDict()}
[0.002391] (my_robot_nav2) JobQueued: {'identifier': 'my_robot_nav2', 'dependencies': OrderedDict()}
[0.002644] (sllidar_ros2) JobQueued: {'identifier': 'sllidar_ros2', 'dependencies': OrderedDict()}
[0.002745] (aug_2024) JobQueued: {'identifier': 'aug_2024', 'dependencies': OrderedDict([('BMC_2024', '/home/rospi/aug_2024/install/BMC_2024'), ('sllidar_ros2', '/home/rospi/aug_2024/install/sllidar_ros2')])}
[0.002861] (BMC_2024) JobStarted: {'identifier': 'BMC_2024'}
[0.034377] (sllidar_ros2) JobStarted: {'identifier': 'sllidar_ros2'}
[0.057629] (my_robot_nav2) JobStarted: {'identifier': 'my_robot_nav2'}
[0.085651] (BMC_2024) JobProgress: {'identifier': 'BMC_2024', 'progress': 'cmake'}
[0.088111] (BMC_2024) Command: {'cmd': ['/usr/bin/cmake', '/home/rospi/aug_2024/src/BMC_2024', '-DCMAKE_INSTALL_PREFIX=/home/rospi/aug_2024/install/BMC_2024'], 'cwd': '/home/rospi/aug_2024/build/BMC_2024', 'env': OrderedDict([('LESSOPEN', '| /usr/bin/lesspipe %s'), ('USER', 'rospi'), ('SSH_CLIENT', '10.150.15.24 55434 22'), ('XDG_SESSION_TYPE', 'tty'), ('SHLVL', '1'), ('LD_LIBRARY_PATH', '/home/rospi/aug_2024/install/BMC_2024/lib:/opt/ros/humble/opt/rviz_ogre_vendor/lib:/opt/ros/humble/lib/aarch64-linux-gnu:/opt/ros/humble/lib'), ('MOTD_SHOWN', 'pam'), ('HOME', '/home/rospi'), ('OLDPWD', '/home/rospi'), ('SSH_TTY', '/dev/pts/0'), ('ROS_PYTHON_VERSION', '3'), ('DBUS_SESSION_BUS_ADDRESS', 'unix:path=/run/user/1000/bus'), ('COLCON_PREFIX_PATH', '/home/rospi/aug_2024/install'), ('ROS_DISTRO', 'humble'), ('LOGNAME', 'rospi'), ('_', '/usr/bin/colcon'), ('ROS_VERSION', '2'), ('XDG_SESSION_CLASS', 'user'), ('TERM', 'xterm-256color'), ('XDG_SESSION_ID', '56'), ('ROS_LOCALHOST_ONLY', '0'), ('PATH', '/opt/ros/humble/bin:/usr/local/sbin:/usr/local/bin:/usr/sbin:/usr/bin:/sbin:/bin:/usr/games:/usr/local/games:/snap/bin'), ('XDG_RUNTIME_DIR', '/run/user/1000'), ('LANG', 'en_US.UTF-8'), ('RMW_IMPLEMENTATION', 'rmw_fastrtps_cpp'), ('LS_COLORS', 'rs=0:di=01;34:ln=01;36:mh=00:pi=40;33:so=01;35:do=01;35:bd=40;33;01:cd=40;33;01:or=40;31;01:mi=00:su=37;41:sg=30;43:ca=30;41:tw=30;42:ow=34;42:st=37;44:ex=01;32:*.tar=01;31:*.tgz=01;31:*.arc=01;31:*.arj=01;31:*.taz=01;31:*.lha=01;31:*.lz4=01;31:*.lzh=01;31:*.lzma=01;31:*.tlz=01;31:*.txz=01;31:*.tzo=01;31:*.t7z=01;31:*.zip=01;31:*.z=01;31:*.dz=01;31:*.gz=01;31:*.lrz=01;31:*.lz=01;31:*.lzo=01;31:*.xz=01;31:*.zst=01;31:*.tzst=01;31:*.bz2=01;31:*.bz=01;31:*.tbz=01;31:*.tbz2=01;31:*.tz=01;31:*.deb=01;31:*.rpm=01;31:*.jar=01;31:*.war=01;31:*.ear=01;31:*.sar=01;31:*.rar=01;31:*.alz=01;31:*.ace=01;31:*.zoo=01;31:*.cpio=01;31:*.7z=01;31:*.rz=01;31:*.cab=01;31:*.wim=01;31:*.swm=01;31:*.dwm=01;31:*.esd=01;31:*.jpg=01;35:*.jpeg=01;35:*.mjpg=01;35:*.mjpeg=01;35:*.gif=01;35:*.bmp=01;35:*.pbm=01;35:*.pgm=01;35:*.ppm=01;35:*.tga=01;35:*.xbm=01;35:*.xpm=01;35:*.tif=01;35:*.tiff=01;35:*.png=01;35:*.svg=01;35:*.svgz=01;35:*.mng=01;35:*.pcx=01;35:*.mov=01;35:*.mpg=01;35:*.mpeg=01;35:*.m2v=01;35:*.mkv=01;35:*.webm=01;35:*.webp=01;35:*.ogm=01;35:*.mp4=01;35:*.m4v=01;35:*.mp4v=01;35:*.vob=01;35:*.qt=01;35:*.nuv=01;35:*.wmv=01;35:*.asf=01;35:*.rm=01;35:*.rmvb=01;35:*.flc=01;35:*.avi=01;35:*.fli=01;35:*.flv=01;35:*.gl=01;35:*.dl=01;35:*.xcf=01;35:*.xwd=01;35:*.yuv=01;35:*.cgm=01;35:*.emf=01;35:*.ogv=01;35:*.ogx=01;35:*.aac=00;36:*.au=00;36:*.flac=00;36:*.m4a=00;36:*.mid=00;36:*.midi=00;36:*.mka=00;36:*.mp3=00;36:*.mpc=00;36:*.ogg=00;36:*.ra=00;36:*.wav=00;36:*.oga=00;36:*.opus=00;36:*.spx=00;36:*.xspf=00;36:'), ('ROS_DOMAIN_ID', '13'), ('AMENT_PREFIX_PATH', '/home/rospi/aug_2024/install/aug_2024:/home/rospi/aug_2024/install/sllidar_ros2:/home/rospi/aug_2024/install/my_robot_nav2:/home/rospi/aug_2024/install/BMC_2024:/opt/ros/humble'), ('SHELL', '/bin/bash'), ('LESSCLOSE', '/usr/bin/lesspipe %s %s'), ('PWD', '/home/rospi/aug_2024/build/BMC_2024'), ('LC_ALL', 'en_US.UTF-8'), ('SSH_CONNECTION', '10.150.15.24 55434 10.6.102.87 22'), ('XDG_DATA_DIRS', '/usr/local/share:/usr/share:/var/lib/snapd/desktop'), ('PYTHONPATH', '/opt/ros/humble/lib/python3.10/site-packages:/opt/ros/humble/local/lib/python3.10/dist-packages'), ('COLCON', '1'), ('CMAKE_PREFIX_PATH', '/home/rospi/aug_2024/install/aug_2024:/home/rospi/aug_2024/install/sllidar_ros2:/home/rospi/aug_2024/install/my_robot_nav2:/home/rospi/aug_2024/install/BMC_2024:/opt/ros/humble')]), 'shell': False}
[0.098616] (-) TimerEvent: {}
[0.100995] (sllidar_ros2) JobProgress: {'identifier': 'sllidar_ros2', 'progress': 'cmake'}
[0.103047] (sllidar_ros2) Command: {'cmd': ['/usr/bin/cmake', '/home/rospi/aug_2024/src/sllidar_ros2', '-DCMAKE_INSTALL_PREFIX=/home/rospi/aug_2024/install/sllidar_ros2'], 'cwd': '/home/rospi/aug_2024/build/sllidar_ros2', 'env': OrderedDict([('LESSOPEN', '| /usr/bin/lesspipe %s'), ('USER', 'rospi'), ('SSH_CLIENT', '10.150.15.24 55434 22'), ('XDG_SESSION_TYPE', 'tty'), ('SHLVL', '1'), ('LD_LIBRARY_PATH', '/home/rospi/aug_2024/install/BMC_2024/lib:/opt/ros/humble/opt/rviz_ogre_vendor/lib:/opt/ros/humble/lib/aarch64-linux-gnu:/opt/ros/humble/lib'), ('MOTD_SHOWN', 'pam'), ('HOME', '/home/rospi'), ('OLDPWD', '/home/rospi'), ('SSH_TTY', '/dev/pts/0'), ('ROS_PYTHON_VERSION', '3'), ('DBUS_SESSION_BUS_ADDRESS', 'unix:path=/run/user/1000/bus'), ('COLCON_PREFIX_PATH', '/home/rospi/aug_2024/install'), ('ROS_DISTRO', 'humble'), ('LOGNAME', 'rospi'), ('_', '/usr/bin/colcon'), ('ROS_VERSION', '2'), ('XDG_SESSION_CLASS', 'user'), ('TERM', 'xterm-256color'), ('XDG_SESSION_ID', '56'), ('ROS_LOCALHOST_ONLY', '0'), ('PATH', '/opt/ros/humble/bin:/usr/local/sbin:/usr/local/bin:/usr/sbin:/usr/bin:/sbin:/bin:/usr/games:/usr/local/games:/snap/bin'), ('XDG_RUNTIME_DIR', '/run/user/1000'), ('LANG', 'en_US.UTF-8'), ('RMW_IMPLEMENTATION', 'rmw_fastrtps_cpp'), ('LS_COLORS', 'rs=0:di=01;34:ln=01;36:mh=00:pi=40;33:so=01;35:do=01;35:bd=40;33;01:cd=40;33;01:or=40;31;01:mi=00:su=37;41:sg=30;43:ca=30;41:tw=30;42:ow=34;42:st=37;44:ex=01;32:*.tar=01;31:*.tgz=01;31:*.arc=01;31:*.arj=01;31:*.taz=01;31:*.lha=01;31:*.lz4=01;31:*.lzh=01;31:*.lzma=01;31:*.tlz=01;31:*.txz=01;31:*.tzo=01;31:*.t7z=01;31:*.zip=01;31:*.z=01;31:*.dz=01;31:*.gz=01;31:*.lrz=01;31:*.lz=01;31:*.lzo=01;31:*.xz=01;31:*.zst=01;31:*.tzst=01;31:*.bz2=01;31:*.bz=01;31:*.tbz=01;31:*.tbz2=01;31:*.tz=01;31:*.deb=01;31:*.rpm=01;31:*.jar=01;31:*.war=01;31:*.ear=01;31:*.sar=01;31:*.rar=01;31:*.alz=01;31:*.ace=01;31:*.zoo=01;31:*.cpio=01;31:*.7z=01;31:*.rz=01;31:*.cab=01;31:*.wim=01;31:*.swm=01;31:*.dwm=01;31:*.esd=01;31:*.jpg=01;35:*.jpeg=01;35:*.mjpg=01;35:*.mjpeg=01;35:*.gif=01;35:*.bmp=01;35:*.pbm=01;35:*.pgm=01;35:*.ppm=01;35:*.tga=01;35:*.xbm=01;35:*.xpm=01;35:*.tif=01;35:*.tiff=01;35:*.png=01;35:*.svg=01;35:*.svgz=01;35:*.mng=01;35:*.pcx=01;35:*.mov=01;35:*.mpg=01;35:*.mpeg=01;35:*.m2v=01;35:*.mkv=01;35:*.webm=01;35:*.webp=01;35:*.ogm=01;35:*.mp4=01;35:*.m4v=01;35:*.mp4v=01;35:*.vob=01;35:*.qt=01;35:*.nuv=01;35:*.wmv=01;35:*.asf=01;35:*.rm=01;35:*.rmvb=01;35:*.flc=01;35:*.avi=01;35:*.fli=01;35:*.flv=01;35:*.gl=01;35:*.dl=01;35:*.xcf=01;35:*.xwd=01;35:*.yuv=01;35:*.cgm=01;35:*.emf=01;35:*.ogv=01;35:*.ogx=01;35:*.aac=00;36:*.au=00;36:*.flac=00;36:*.m4a=00;36:*.mid=00;36:*.midi=00;36:*.mka=00;36:*.mp3=00;36:*.mpc=00;36:*.ogg=00;36:*.ra=00;36:*.wav=00;36:*.oga=00;36:*.opus=00;36:*.spx=00;36:*.xspf=00;36:'), ('ROS_DOMAIN_ID', '13'), ('AMENT_PREFIX_PATH', '/home/rospi/aug_2024/install/aug_2024:/home/rospi/aug_2024/install/sllidar_ros2:/home/rospi/aug_2024/install/my_robot_nav2:/home/rospi/aug_2024/install/BMC_2024:/opt/ros/humble'), ('SHELL', '/bin/bash'), ('LESSCLOSE', '/usr/bin/lesspipe %s %s'), ('PWD', '/home/rospi/aug_2024/build/sllidar_ros2'), ('LC_ALL', 'en_US.UTF-8'), ('SSH_CONNECTION', '10.150.15.24 55434 10.6.102.87 22'), ('XDG_DATA_DIRS', '/usr/local/share:/usr/share:/var/lib/snapd/desktop'), ('PYTHONPATH', '/opt/ros/humble/lib/python3.10/site-packages:/opt/ros/humble/local/lib/python3.10/dist-packages'), ('COLCON', '1'), ('CMAKE_PREFIX_PATH', '/home/rospi/aug_2024/install/aug_2024:/home/rospi/aug_2024/install/sllidar_ros2:/home/rospi/aug_2024/install/my_robot_nav2:/home/rospi/aug_2024/install/BMC_2024:/opt/ros/humble')]), 'shell': False}
[0.121733] (my_robot_nav2) JobProgress: {'identifier': 'my_robot_nav2', 'progress': 'cmake'}
[0.125231] (my_robot_nav2) Command: {'cmd': ['/usr/bin/cmake', '/home/rospi/aug_2024/src/my_robot_nav2', '-DCMAKE_INSTALL_PREFIX=/home/rospi/aug_2024/install/my_robot_nav2'], 'cwd': '/home/rospi/aug_2024/build/my_robot_nav2', 'env': OrderedDict([('LESSOPEN', '| /usr/bin/lesspipe %s'), ('USER', 'rospi'), ('SSH_CLIENT', '10.150.15.24 55434 22'), ('XDG_SESSION_TYPE', 'tty'), ('SHLVL', '1'), ('LD_LIBRARY_PATH', '/home/rospi/aug_2024/install/BMC_2024/lib:/opt/ros/humble/opt/rviz_ogre_vendor/lib:/opt/ros/humble/lib/aarch64-linux-gnu:/opt/ros/humble/lib'), ('MOTD_SHOWN', 'pam'), ('HOME', '/home/rospi'), ('OLDPWD', '/home/rospi'), ('SSH_TTY', '/dev/pts/0'), ('ROS_PYTHON_VERSION', '3'), ('DBUS_SESSION_BUS_ADDRESS', 'unix:path=/run/user/1000/bus'), ('COLCON_PREFIX_PATH', '/home/rospi/aug_2024/install'), ('ROS_DISTRO', 'humble'), ('LOGNAME', 'rospi'), ('_', '/usr/bin/colcon'), ('ROS_VERSION', '2'), ('XDG_SESSION_CLASS', 'user'), ('TERM', 'xterm-256color'), ('XDG_SESSION_ID', '56'), ('ROS_LOCALHOST_ONLY', '0'), ('PATH', '/opt/ros/humble/bin:/usr/local/sbin:/usr/local/bin:/usr/sbin:/usr/bin:/sbin:/bin:/usr/games:/usr/local/games:/snap/bin'), ('XDG_RUNTIME_DIR', '/run/user/1000'), ('LANG', 'en_US.UTF-8'), ('RMW_IMPLEMENTATION', 'rmw_fastrtps_cpp'), ('LS_COLORS', 'rs=0:di=01;34:ln=01;36:mh=00:pi=40;33:so=01;35:do=01;35:bd=40;33;01:cd=40;33;01:or=40;31;01:mi=00:su=37;41:sg=30;43:ca=30;41:tw=30;42:ow=34;42:st=37;44:ex=01;32:*.tar=01;31:*.tgz=01;31:*.arc=01;31:*.arj=01;31:*.taz=01;31:*.lha=01;31:*.lz4=01;31:*.lzh=01;31:*.lzma=01;31:*.tlz=01;31:*.txz=01;31:*.tzo=01;31:*.t7z=01;31:*.zip=01;31:*.z=01;31:*.dz=01;31:*.gz=01;31:*.lrz=01;31:*.lz=01;31:*.lzo=01;31:*.xz=01;31:*.zst=01;31:*.tzst=01;31:*.bz2=01;31:*.bz=01;31:*.tbz=01;31:*.tbz2=01;31:*.tz=01;31:*.deb=01;31:*.rpm=01;31:*.jar=01;31:*.war=01;31:*.ear=01;31:*.sar=01;31:*.rar=01;31:*.alz=01;31:*.ace=01;31:*.zoo=01;31:*.cpio=01;31:*.7z=01;31:*.rz=01;31:*.cab=01;31:*.wim=01;31:*.swm=01;31:*.dwm=01;31:*.esd=01;31:*.jpg=01;35:*.jpeg=01;35:*.mjpg=01;35:*.mjpeg=01;35:*.gif=01;35:*.bmp=01;35:*.pbm=01;35:*.pgm=01;35:*.ppm=01;35:*.tga=01;35:*.xbm=01;35:*.xpm=01;35:*.tif=01;35:*.tiff=01;35:*.png=01;35:*.svg=01;35:*.svgz=01;35:*.mng=01;35:*.pcx=01;35:*.mov=01;35:*.mpg=01;35:*.mpeg=01;35:*.m2v=01;35:*.mkv=01;35:*.webm=01;35:*.webp=01;35:*.ogm=01;35:*.mp4=01;35:*.m4v=01;35:*.mp4v=01;35:*.vob=01;35:*.qt=01;35:*.nuv=01;35:*.wmv=01;35:*.asf=01;35:*.rm=01;35:*.rmvb=01;35:*.flc=01;35:*.avi=01;35:*.fli=01;35:*.flv=01;35:*.gl=01;35:*.dl=01;35:*.xcf=01;35:*.xwd=01;35:*.yuv=01;35:*.cgm=01;35:*.emf=01;35:*.ogv=01;35:*.ogx=01;35:*.aac=00;36:*.au=00;36:*.flac=00;36:*.m4a=00;36:*.mid=00;36:*.midi=00;36:*.mka=00;36:*.mp3=00;36:*.mpc=00;36:*.ogg=00;36:*.ra=00;36:*.wav=00;36:*.oga=00;36:*.opus=00;36:*.spx=00;36:*.xspf=00;36:'), ('ROS_DOMAIN_ID', '13'), ('AMENT_PREFIX_PATH', '/home/rospi/aug_2024/install/aug_2024:/home/rospi/aug_2024/install/sllidar_ros2:/home/rospi/aug_2024/install/my_robot_nav2:/home/rospi/aug_2024/install/BMC_2024:/opt/ros/humble'), ('SHELL', '/bin/bash'), ('LESSCLOSE', '/usr/bin/lesspipe %s %s'), ('PWD', '/home/rospi/aug_2024/build/my_robot_nav2'), ('LC_ALL', 'en_US.UTF-8'), ('SSH_CONNECTION', '10.150.15.24 55434 10.6.102.87 22'), ('XDG_DATA_DIRS', '/usr/local/share:/usr/share:/var/lib/snapd/desktop'), ('PYTHONPATH', '/opt/ros/humble/lib/python3.10/site-packages:/opt/ros/humble/local/lib/python3.10/dist-packages'), ('COLCON', '1'), ('CMAKE_PREFIX_PATH', '/home/rospi/aug_2024/install/aug_2024:/home/rospi/aug_2024/install/sllidar_ros2:/home/rospi/aug_2024/install/my_robot_nav2:/home/rospi/aug_2024/install/BMC_2024:/opt/ros/humble')]), 'shell': False}
[0.198865] (-) TimerEvent: {}
[0.300330] (-) TimerEvent: {}
[0.401229] (-) TimerEvent: {}
[0.502337] (-) TimerEvent: {}
[0.510961] (sllidar_ros2) StdoutLine: {'line': b'-- The C compiler identification is GNU 11.4.0\n'}
[0.512582] (BMC_2024) StdoutLine: {'line': b'-- The C compiler identification is GNU 11.4.0\n'}
[0.513248] (my_robot_nav2) StdoutLine: {'line': b'-- The C compiler identification is GNU 11.4.0\n'}
[0.602591] (-) TimerEvent: {}
[0.703720] (-) TimerEvent: {}
[0.805958] (-) TimerEvent: {}
[0.900664] (BMC_2024) StdoutLine: {'line': b'-- The CXX compiler identification is GNU 11.4.0\n'}
[0.902058] (sllidar_ros2) StdoutLine: {'line': b'-- The CXX compiler identification is GNU 11.4.0\n'}
[0.906077] (-) TimerEvent: {}
[0.908299] (my_robot_nav2) StdoutLine: {'line': b'-- The CXX compiler identification is GNU 11.4.0\n'}
[0.937285] (sllidar_ros2) StdoutLine: {'line': b'-- Detecting C compiler ABI info\n'}
[0.938065] (BMC_2024) StdoutLine: {'line': b'-- Detecting C compiler ABI info\n'}
[0.942135] (my_robot_nav2) StdoutLine: {'line': b'-- Detecting C compiler ABI info\n'}
[1.006384] (-) TimerEvent: {}
[1.107950] (-) TimerEvent: {}
[1.209531] (-) TimerEvent: {}
[1.311085] (-) TimerEvent: {}
[1.330411] (sllidar_ros2) StdoutLine: {'line': b'-- Detecting C compiler ABI info - done\n'}
[1.344222] (BMC_2024) StdoutLine: {'line': b'-- Detecting C compiler ABI info - done\n'}
[1.344891] (my_robot_nav2) StdoutLine: {'line': b'-- Detecting C compiler ABI info - done\n'}
[1.360785] (sllidar_ros2) StdoutLine: {'line': b'-- Check for working C compiler: /usr/bin/cc - skipped\n'}
[1.362410] (sllidar_ros2) StdoutLine: {'line': b'-- Detecting C compile features\n'}
[1.365651] (sllidar_ros2) StdoutLine: {'line': b'-- Detecting C compile features - done\n'}
[1.366750] (my_robot_nav2) StdoutLine: {'line': b'-- Check for working C compiler: /usr/bin/cc - skipped\n'}
[1.367686] (my_robot_nav2) StdoutLine: {'line': b'-- Detecting C compile features\n'}
[1.369538] (my_robot_nav2) StdoutLine: {'line': b'-- Detecting C compile features - done\n'}
[1.374512] (BMC_2024) StdoutLine: {'line': b'-- Check for working C compiler: /usr/bin/cc - skipped\n'}
[1.375604] (BMC_2024) StdoutLine: {'line': b'-- Detecting C compile features\n'}
[1.377469] (BMC_2024) StdoutLine: {'line': b'-- Detecting C compile features - done\n'}
[1.385203] (my_robot_nav2) StdoutLine: {'line': b'-- Detecting CXX compiler ABI info\n'}
[1.389074] (sllidar_ros2) StdoutLine: {'line': b'-- Detecting CXX compiler ABI info\n'}
[1.391826] (BMC_2024) StdoutLine: {'line': b'-- Detecting CXX compiler ABI info\n'}
[1.411275] (-) TimerEvent: {}
[1.512752] (-) TimerEvent: {}
[1.614244] (-) TimerEvent: {}
[1.716212] (-) TimerEvent: {}
[1.817809] (-) TimerEvent: {}
[1.919477] (-) TimerEvent: {}
[1.953042] (my_robot_nav2) StdoutLine: {'line': b'-- Detecting CXX compiler ABI info - done\n'}
[1.957040] (BMC_2024) StdoutLine: {'line': b'-- Detecting CXX compiler ABI info - done\n'}
[1.966107] (sllidar_ros2) StdoutLine: {'line': b'-- Detecting CXX compiler ABI info - done\n'}
[1.986353] (my_robot_nav2) StdoutLine: {'line': b'-- Check for working CXX compiler: /usr/bin/c++ - skipped\n'}
[1.987644] (BMC_2024) StdoutLine: {'line': b'-- Check for working CXX compiler: /usr/bin/c++ - skipped\n'}
[1.988597] (my_robot_nav2) StdoutLine: {'line': b'-- Detecting CXX compile features\n'}
[1.989430] (BMC_2024) StdoutLine: {'line': b'-- Detecting CXX compile features\n'}
[1.990313] (my_robot_nav2) StdoutLine: {'line': b'-- Detecting CXX compile features - done\n'}
[1.991180] (BMC_2024) StdoutLine: {'line': b'-- Detecting CXX compile features - done\n'}
[1.996297] (sllidar_ros2) StdoutLine: {'line': b'-- Check for working CXX compiler: /usr/bin/c++ - skipped\n'}
[1.997422] (sllidar_ros2) StdoutLine: {'line': b'-- Detecting CXX compile features\n'}
[1.999248] (sllidar_ros2) StdoutLine: {'line': b'-- Detecting CXX compile features - done\n'}
[2.019648] (-) TimerEvent: {}
[2.032305] (my_robot_nav2) StdoutLine: {'line': b'-- Found ament_cmake: 1.3.11 (/opt/ros/humble/share/ament_cmake/cmake)\n'}
[2.032941] (BMC_2024) StdoutLine: {'line': b'-- Found ament_cmake: 1.3.11 (/opt/ros/humble/share/ament_cmake/cmake)\n'}
[2.038653] (sllidar_ros2) StdoutLine: {'line': b'-- Found ament_cmake: 1.3.11 (/opt/ros/humble/share/ament_cmake/cmake)\n'}
[2.119868] (-) TimerEvent: {}
[2.221190] (-) TimerEvent: {}
[2.322674] (-) TimerEvent: {}
[2.425083] (-) TimerEvent: {}
[2.527224] (-) TimerEvent: {}
[2.628949] (-) TimerEvent: {}
[2.731064] (-) TimerEvent: {}
[2.834079] (-) TimerEvent: {}
[2.935701] (-) TimerEvent: {}
[3.038667] (-) TimerEvent: {}
[3.106071] (sllidar_ros2) StdoutLine: {'line': b'-- Found Python3: /usr/bin/python3 (found version "3.10.12") found components: Interpreter \n'}
[3.114589] (BMC_2024) StdoutLine: {'line': b'-- Found Python3: /usr/bin/python3 (found version "3.10.12") found components: Interpreter \n'}
[3.138999] (-) TimerEvent: {}
[3.160033] (my_robot_nav2) StdoutLine: {'line': b'-- Found Python3: /usr/bin/python3 (found version "3.10.12") found components: Interpreter \n'}
[3.239189] (-) TimerEvent: {}
[3.341459] (-) TimerEvent: {}
[3.443081] (-) TimerEvent: {}
[3.544634] (-) TimerEvent: {}
[3.646844] (-) TimerEvent: {}
[3.749026] (-) TimerEvent: {}
[3.849819] (-) TimerEvent: {}
[3.951036] (-) TimerEvent: {}
[4.052334] (-) TimerEvent: {}
[4.091823] (sllidar_ros2) StdoutLine: {'line': b'-- Found rclcpp: 16.0.12 (/opt/ros/humble/share/rclcpp/cmake)\n'}
[4.092553] (my_robot_nav2) StdoutLine: {'line': b'-- Found ament_lint_auto: 0.12.12 (/opt/ros/humble/share/ament_lint_auto/cmake)\n'}
[4.093106] (BMC_2024) StdoutLine: {'line': b'-- Found hardware_interface: 2.49.0 (/opt/ros/humble/share/hardware_interface/cmake)\n'}
[4.152514] (-) TimerEvent: {}
[4.253338] (-) TimerEvent: {}
[4.354872] (-) TimerEvent: {}
[4.456096] (-) TimerEvent: {}
[4.557743] (-) TimerEvent: {}
[4.601827] (sllidar_ros2) StdoutLine: {'line': b'-- Found rosidl_generator_c: 3.1.6 (/opt/ros/humble/share/rosidl_generator_c/cmake)\n'}
[4.602457] (BMC_2024) StdoutLine: {'line': b'-- Found rosidl_generator_c: 3.1.6 (/opt/ros/humble/share/rosidl_generator_c/cmake)\n'}
[4.657916] (-) TimerEvent: {}
[4.670316] (BMC_2024) StdoutLine: {'line': b'-- Found rosidl_adapter: 3.1.6 (/opt/ros/humble/share/rosidl_adapter/cmake)\n'}
[4.670943] (sllidar_ros2) StdoutLine: {'line': b'-- Found rosidl_adapter: 3.1.6 (/opt/ros/humble/share/rosidl_adapter/cmake)\n'}
[4.736978] (my_robot_nav2) StdoutLine: {'line': b"-- Added test 'flake8' to check Python code syntax and style conventions\n"}
[4.752573] (my_robot_nav2) StdoutLine: {'line': b"-- Added test 'lint_cmake' to check CMake code style\n"}
[4.757451] (BMC_2024) StdoutLine: {'line': b'-- Found rosidl_generator_cpp: 3.1.6 (/opt/ros/humble/share/rosidl_generator_cpp/cmake)\n'}
[4.758021] (-) TimerEvent: {}
[4.759105] (sllidar_ros2) StdoutLine: {'line': b'-- Found rosidl_generator_cpp: 3.1.6 (/opt/ros/humble/share/rosidl_generator_cpp/cmake)\n'}
[4.762371] (my_robot_nav2) StdoutLine: {'line': b"-- Added test 'pep257' to check Python code against some of the docstring style conventions in PEP 257\n"}
[4.822967] (my_robot_nav2) StdoutLine: {'line': b"-- Added test 'xmllint' to check XML markup files\n"}
[4.833659] (my_robot_nav2) StdoutLine: {'line': b'-- Configuring done\n'}
[4.857279] (my_robot_nav2) StdoutLine: {'line': b'-- Generating done\n'}
[4.858170] (-) TimerEvent: {}
[4.867398] (sllidar_ros2) StdoutLine: {'line': b'-- Using all available rosidl_typesupport_c: rosidl_typesupport_fastrtps_c;rosidl_typesupport_introspection_c\n'}
[4.868418] (BMC_2024) StdoutLine: {'line': b'-- Using all available rosidl_typesupport_c: rosidl_typesupport_fastrtps_c;rosidl_typesupport_introspection_c\n'}
[4.868997] (my_robot_nav2) StdoutLine: {'line': b'-- Build files have been written to: /home/rospi/aug_2024/build/my_robot_nav2\n'}
[4.884828] (my_robot_nav2) CommandEnded: {'returncode': 0}
[4.886737] (my_robot_nav2) JobProgress: {'identifier': 'my_robot_nav2', 'progress': 'build'}
[4.889416] (my_robot_nav2) Command: {'cmd': ['/usr/bin/cmake', '--build', '/home/rospi/aug_2024/build/my_robot_nav2', '--', '-j4', '-l4'], 'cwd': '/home/rospi/aug_2024/build/my_robot_nav2', 'env': OrderedDict([('LESSOPEN', '| /usr/bin/lesspipe %s'), ('USER', 'rospi'), ('SSH_CLIENT', '10.150.15.24 55434 22'), ('XDG_SESSION_TYPE', 'tty'), ('SHLVL', '1'), ('LD_LIBRARY_PATH', '/home/rospi/aug_2024/install/BMC_2024/lib:/opt/ros/humble/opt/rviz_ogre_vendor/lib:/opt/ros/humble/lib/aarch64-linux-gnu:/opt/ros/humble/lib'), ('MOTD_SHOWN', 'pam'), ('HOME', '/home/rospi'), ('OLDPWD', '/home/rospi'), ('SSH_TTY', '/dev/pts/0'), ('ROS_PYTHON_VERSION', '3'), ('DBUS_SESSION_BUS_ADDRESS', 'unix:path=/run/user/1000/bus'), ('COLCON_PREFIX_PATH', '/home/rospi/aug_2024/install'), ('ROS_DISTRO', 'humble'), ('LOGNAME', 'rospi'), ('_', '/usr/bin/colcon'), ('ROS_VERSION', '2'), ('XDG_SESSION_CLASS', 'user'), ('TERM', 'xterm-256color'), ('XDG_SESSION_ID', '56'), ('ROS_LOCALHOST_ONLY', '0'), ('PATH', '/opt/ros/humble/bin:/usr/local/sbin:/usr/local/bin:/usr/sbin:/usr/bin:/sbin:/bin:/usr/games:/usr/local/games:/snap/bin'), ('XDG_RUNTIME_DIR', '/run/user/1000'), ('LANG', 'en_US.UTF-8'), ('RMW_IMPLEMENTATION', 'rmw_fastrtps_cpp'), ('LS_COLORS', 'rs=0:di=01;34:ln=01;36:mh=00:pi=40;33:so=01;35:do=01;35:bd=40;33;01:cd=40;33;01:or=40;31;01:mi=00:su=37;41:sg=30;43:ca=30;41:tw=30;42:ow=34;42:st=37;44:ex=01;32:*.tar=01;31:*.tgz=01;31:*.arc=01;31:*.arj=01;31:*.taz=01;31:*.lha=01;31:*.lz4=01;31:*.lzh=01;31:*.lzma=01;31:*.tlz=01;31:*.txz=01;31:*.tzo=01;31:*.t7z=01;31:*.zip=01;31:*.z=01;31:*.dz=01;31:*.gz=01;31:*.lrz=01;31:*.lz=01;31:*.lzo=01;31:*.xz=01;31:*.zst=01;31:*.tzst=01;31:*.bz2=01;31:*.bz=01;31:*.tbz=01;31:*.tbz2=01;31:*.tz=01;31:*.deb=01;31:*.rpm=01;31:*.jar=01;31:*.war=01;31:*.ear=01;31:*.sar=01;31:*.rar=01;31:*.alz=01;31:*.ace=01;31:*.zoo=01;31:*.cpio=01;31:*.7z=01;31:*.rz=01;31:*.cab=01;31:*.wim=01;31:*.swm=01;31:*.dwm=01;31:*.esd=01;31:*.jpg=01;35:*.jpeg=01;35:*.mjpg=01;35:*.mjpeg=01;35:*.gif=01;35:*.bmp=01;35:*.pbm=01;35:*.pgm=01;35:*.ppm=01;35:*.tga=01;35:*.xbm=01;35:*.xpm=01;35:*.tif=01;35:*.tiff=01;35:*.png=01;35:*.svg=01;35:*.svgz=01;35:*.mng=01;35:*.pcx=01;35:*.mov=01;35:*.mpg=01;35:*.mpeg=01;35:*.m2v=01;35:*.mkv=01;35:*.webm=01;35:*.webp=01;35:*.ogm=01;35:*.mp4=01;35:*.m4v=01;35:*.mp4v=01;35:*.vob=01;35:*.qt=01;35:*.nuv=01;35:*.wmv=01;35:*.asf=01;35:*.rm=01;35:*.rmvb=01;35:*.flc=01;35:*.avi=01;35:*.fli=01;35:*.flv=01;35:*.gl=01;35:*.dl=01;35:*.xcf=01;35:*.xwd=01;35:*.yuv=01;35:*.cgm=01;35:*.emf=01;35:*.ogv=01;35:*.ogx=01;35:*.aac=00;36:*.au=00;36:*.flac=00;36:*.m4a=00;36:*.mid=00;36:*.midi=00;36:*.mka=00;36:*.mp3=00;36:*.mpc=00;36:*.ogg=00;36:*.ra=00;36:*.wav=00;36:*.oga=00;36:*.opus=00;36:*.spx=00;36:*.xspf=00;36:'), ('ROS_DOMAIN_ID', '13'), ('AMENT_PREFIX_PATH', '/home/rospi/aug_2024/install/aug_2024:/home/rospi/aug_2024/install/sllidar_ros2:/home/rospi/aug_2024/install/my_robot_nav2:/home/rospi/aug_2024/install/BMC_2024:/opt/ros/humble'), ('SHELL', '/bin/bash'), ('LESSCLOSE', '/usr/bin/lesspipe %s %s'), ('PWD', '/home/rospi/aug_2024/build/my_robot_nav2'), ('LC_ALL', 'en_US.UTF-8'), ('SSH_CONNECTION', '10.150.15.24 55434 10.6.102.87 22'), ('XDG_DATA_DIRS', '/usr/local/share:/usr/share:/var/lib/snapd/desktop'), ('PYTHONPATH', '/opt/ros/humble/lib/python3.10/site-packages:/opt/ros/humble/local/lib/python3.10/dist-packages'), ('COLCON', '1'), ('CMAKE_PREFIX_PATH', '/home/rospi/aug_2024/install/aug_2024:/home/rospi/aug_2024/install/sllidar_ros2:/home/rospi/aug_2024/install/my_robot_nav2:/home/rospi/aug_2024/install/BMC_2024:/opt/ros/humble')]), 'shell': False}
[4.958401] (-) TimerEvent: {}
[5.024865] (sllidar_ros2) StdoutLine: {'line': b'-- Using all available rosidl_typesupport_cpp: rosidl_typesupport_fastrtps_cpp;rosidl_typesupport_introspection_cpp\n'}
[5.025923] (BMC_2024) StdoutLine: {'line': b'-- Using all available rosidl_typesupport_cpp: rosidl_typesupport_fastrtps_cpp;rosidl_typesupport_introspection_cpp\n'}
[5.053823] (my_robot_nav2) CommandEnded: {'returncode': 0}
[5.056127] (my_robot_nav2) JobProgress: {'identifier': 'my_robot_nav2', 'progress': 'install'}
[5.059184] (-) TimerEvent: {}
[5.094691] (my_robot_nav2) Command: {'cmd': ['/usr/bin/cmake', '--install', '/home/rospi/aug_2024/build/my_robot_nav2'], 'cwd': '/home/rospi/aug_2024/build/my_robot_nav2', 'env': OrderedDict([('LESSOPEN', '| /usr/bin/lesspipe %s'), ('USER', 'rospi'), ('SSH_CLIENT', '10.150.15.24 55434 22'), ('XDG_SESSION_TYPE', 'tty'), ('SHLVL', '1'), ('LD_LIBRARY_PATH', '/home/rospi/aug_2024/install/BMC_2024/lib:/opt/ros/humble/opt/rviz_ogre_vendor/lib:/opt/ros/humble/lib/aarch64-linux-gnu:/opt/ros/humble/lib'), ('MOTD_SHOWN', 'pam'), ('HOME', '/home/rospi'), ('OLDPWD', '/home/rospi'), ('SSH_TTY', '/dev/pts/0'), ('ROS_PYTHON_VERSION', '3'), ('DBUS_SESSION_BUS_ADDRESS', 'unix:path=/run/user/1000/bus'), ('COLCON_PREFIX_PATH', '/home/rospi/aug_2024/install'), ('ROS_DISTRO', 'humble'), ('LOGNAME', 'rospi'), ('_', '/usr/bin/colcon'), ('ROS_VERSION', '2'), ('XDG_SESSION_CLASS', 'user'), ('TERM', 'xterm-256color'), ('XDG_SESSION_ID', '56'), ('ROS_LOCALHOST_ONLY', '0'), ('PATH', '/opt/ros/humble/bin:/usr/local/sbin:/usr/local/bin:/usr/sbin:/usr/bin:/sbin:/bin:/usr/games:/usr/local/games:/snap/bin'), ('XDG_RUNTIME_DIR', '/run/user/1000'), ('LANG', 'en_US.UTF-8'), ('RMW_IMPLEMENTATION', 'rmw_fastrtps_cpp'), ('LS_COLORS', 'rs=0:di=01;34:ln=01;36:mh=00:pi=40;33:so=01;35:do=01;35:bd=40;33;01:cd=40;33;01:or=40;31;01:mi=00:su=37;41:sg=30;43:ca=30;41:tw=30;42:ow=34;42:st=37;44:ex=01;32:*.tar=01;31:*.tgz=01;31:*.arc=01;31:*.arj=01;31:*.taz=01;31:*.lha=01;31:*.lz4=01;31:*.lzh=01;31:*.lzma=01;31:*.tlz=01;31:*.txz=01;31:*.tzo=01;31:*.t7z=01;31:*.zip=01;31:*.z=01;31:*.dz=01;31:*.gz=01;31:*.lrz=01;31:*.lz=01;31:*.lzo=01;31:*.xz=01;31:*.zst=01;31:*.tzst=01;31:*.bz2=01;31:*.bz=01;31:*.tbz=01;31:*.tbz2=01;31:*.tz=01;31:*.deb=01;31:*.rpm=01;31:*.jar=01;31:*.war=01;31:*.ear=01;31:*.sar=01;31:*.rar=01;31:*.alz=01;31:*.ace=01;31:*.zoo=01;31:*.cpio=01;31:*.7z=01;31:*.rz=01;31:*.cab=01;31:*.wim=01;31:*.swm=01;31:*.dwm=01;31:*.esd=01;31:*.jpg=01;35:*.jpeg=01;35:*.mjpg=01;35:*.mjpeg=01;35:*.gif=01;35:*.bmp=01;35:*.pbm=01;35:*.pgm=01;35:*.ppm=01;35:*.tga=01;35:*.xbm=01;35:*.xpm=01;35:*.tif=01;35:*.tiff=01;35:*.png=01;35:*.svg=01;35:*.svgz=01;35:*.mng=01;35:*.pcx=01;35:*.mov=01;35:*.mpg=01;35:*.mpeg=01;35:*.m2v=01;35:*.mkv=01;35:*.webm=01;35:*.webp=01;35:*.ogm=01;35:*.mp4=01;35:*.m4v=01;35:*.mp4v=01;35:*.vob=01;35:*.qt=01;35:*.nuv=01;35:*.wmv=01;35:*.asf=01;35:*.rm=01;35:*.rmvb=01;35:*.flc=01;35:*.avi=01;35:*.fli=01;35:*.flv=01;35:*.gl=01;35:*.dl=01;35:*.xcf=01;35:*.xwd=01;35:*.yuv=01;35:*.cgm=01;35:*.emf=01;35:*.ogv=01;35:*.ogx=01;35:*.aac=00;36:*.au=00;36:*.flac=00;36:*.m4a=00;36:*.mid=00;36:*.midi=00;36:*.mka=00;36:*.mp3=00;36:*.mpc=00;36:*.ogg=00;36:*.ra=00;36:*.wav=00;36:*.oga=00;36:*.opus=00;36:*.spx=00;36:*.xspf=00;36:'), ('ROS_DOMAIN_ID', '13'), ('AMENT_PREFIX_PATH', '/home/rospi/aug_2024/install/aug_2024:/home/rospi/aug_2024/install/sllidar_ros2:/home/rospi/aug_2024/install/my_robot_nav2:/home/rospi/aug_2024/install/BMC_2024:/opt/ros/humble'), ('SHELL', '/bin/bash'), ('LESSCLOSE', '/usr/bin/lesspipe %s %s'), ('PWD', '/home/rospi/aug_2024/build/my_robot_nav2'), ('LC_ALL', 'en_US.UTF-8'), ('SSH_CONNECTION', '10.150.15.24 55434 10.6.102.87 22'), ('XDG_DATA_DIRS', '/usr/local/share:/usr/share:/var/lib/snapd/desktop'), ('PYTHONPATH', '/opt/ros/humble/lib/python3.10/site-packages:/opt/ros/humble/local/lib/python3.10/dist-packages'), ('COLCON', '1'), ('CMAKE_PREFIX_PATH', '/home/rospi/aug_2024/install/aug_2024:/home/rospi/aug_2024/install/sllidar_ros2:/home/rospi/aug_2024/install/my_robot_nav2:/home/rospi/aug_2024/install/BMC_2024:/opt/ros/humble')]), 'shell': False}
[5.127082] (my_robot_nav2) StdoutLine: {'line': b'-- Install configuration: ""\n'}
[5.128119] (my_robot_nav2) StdoutLine: {'line': b'-- Installing: /home/rospi/aug_2024/install/my_robot_nav2/share/my_robot_nav2//config\n'}
[5.128893] (my_robot_nav2) StdoutLine: {'line': b'-- Installing: /home/rospi/aug_2024/install/my_robot_nav2/share/my_robot_nav2//config/slam_toolbox_params.yaml\n'}
[5.130392] (my_robot_nav2) StdoutLine: {'line': b'-- Installing: /home/rospi/aug_2024/install/my_robot_nav2/share/my_robot_nav2//config/nav2_params.yaml\n'}
[5.131867] (my_robot_nav2) StdoutLine: {'line': b'-- Installing: /home/rospi/aug_2024/install/my_robot_nav2/share/my_robot_nav2//include\n'}
[5.132563] (my_robot_nav2) StdoutLine: {'line': b'-- Installing: /home/rospi/aug_2024/install/my_robot_nav2/share/my_robot_nav2//launch\n'}
[5.133333] (my_robot_nav2) StdoutLine: {'line': b'-- Installing: /home/rospi/aug_2024/install/my_robot_nav2/share/my_robot_nav2//launch/slam_toolbox.launch.py\n'}
[5.134347] (my_robot_nav2) StdoutLine: {'line': b'-- Installing: /home/rospi/aug_2024/install/my_robot_nav2/share/my_robot_nav2//maps\n'}
[5.135301] (my_robot_nav2) StdoutLine: {'line': b'-- Installing: /home/rospi/aug_2024/install/my_robot_nav2/share/my_robot_nav2//maps/simple_map.yaml\n'}
[5.136842] (my_robot_nav2) StdoutLine: {'line': b'-- Installing: /home/rospi/aug_2024/install/my_robot_nav2/share/my_robot_nav2//maps/simple_map.pgm\n'}
[5.139160] (my_robot_nav2) StdoutLine: {'line': b'-- Installing: /home/rospi/aug_2024/install/my_robot_nav2/share/ament_index/resource_index/package_run_dependencies/my_robot_nav2\n'}
[5.141134] (my_robot_nav2) StdoutLine: {'line': b'-- Installing: /home/rospi/aug_2024/install/my_robot_nav2/share/ament_index/resource_index/parent_prefix_path/my_robot_nav2\n'}
[5.142927] (my_robot_nav2) StdoutLine: {'line': b'-- Installing: /home/rospi/aug_2024/install/my_robot_nav2/share/my_robot_nav2/environment/ament_prefix_path.sh\n'}
[5.144324] (my_robot_nav2) StdoutLine: {'line': b'-- Installing: /home/rospi/aug_2024/install/my_robot_nav2/share/my_robot_nav2/environment/ament_prefix_path.dsv\n'}
[5.145774] (my_robot_nav2) StdoutLine: {'line': b'-- Installing: /home/rospi/aug_2024/install/my_robot_nav2/share/my_robot_nav2/environment/path.sh\n'}
[5.147211] (my_robot_nav2) StdoutLine: {'line': b'-- Installing: /home/rospi/aug_2024/install/my_robot_nav2/share/my_robot_nav2/environment/path.dsv\n'}
[5.148719] (my_robot_nav2) StdoutLine: {'line': b'-- Installing: /home/rospi/aug_2024/install/my_robot_nav2/share/my_robot_nav2/local_setup.bash\n'}
[5.150108] (my_robot_nav2) StdoutLine: {'line': b'-- Installing: /home/rospi/aug_2024/install/my_robot_nav2/share/my_robot_nav2/local_setup.sh\n'}
[5.151575] (my_robot_nav2) StdoutLine: {'line': b'-- Installing: /home/rospi/aug_2024/install/my_robot_nav2/share/my_robot_nav2/local_setup.zsh\n'}
[5.152940] (my_robot_nav2) StdoutLine: {'line': b'-- Installing: /home/rospi/aug_2024/install/my_robot_nav2/share/my_robot_nav2/local_setup.dsv\n'}
[5.154154] (my_robot_nav2) StdoutLine: {'line': b'-- Installing: /home/rospi/aug_2024/install/my_robot_nav2/share/my_robot_nav2/package.dsv\n'}
[5.155764] (my_robot_nav2) StdoutLine: {'line': b'-- Installing: /home/rospi/aug_2024/install/my_robot_nav2/share/ament_index/resource_index/packages/my_robot_nav2\n'}
[5.157343] (my_robot_nav2) StdoutLine: {'line': b'-- Installing: /home/rospi/aug_2024/install/my_robot_nav2/share/my_robot_nav2/cmake/my_robot_nav2Config.cmake\n'}
[5.158446] (my_robot_nav2) StdoutLine: {'line': b'-- Installing: /home/rospi/aug_2024/install/my_robot_nav2/share/my_robot_nav2/cmake/my_robot_nav2Config-version.cmake\n'}
[5.159294] (-) TimerEvent: {}
[5.160641] (my_robot_nav2) StdoutLine: {'line': b'-- Installing: /home/rospi/aug_2024/install/my_robot_nav2/share/my_robot_nav2/package.xml\n'}
[5.183679] (my_robot_nav2) CommandEnded: {'returncode': 0}
[5.259856] (my_robot_nav2) JobEnded: {'identifier': 'my_robot_nav2', 'rc': 0}
[5.261852] (-) TimerEvent: {}
[5.362732] (-) TimerEvent: {}
[5.463599] (-) TimerEvent: {}
[5.473861] (sllidar_ros2) StdoutLine: {'line': b'-- Found rmw_implementation_cmake: 6.1.2 (/opt/ros/humble/share/rmw_implementation_cmake/cmake)\n'}
[5.520042] (sllidar_ros2) StdoutLine: {'line': b'-- Found rmw_fastrtps_cpp: 6.2.7 (/opt/ros/humble/share/rmw_fastrtps_cpp/cmake)\n'}
[5.565188] (-) TimerEvent: {}
[5.666137] (-) TimerEvent: {}
[5.767306] (-) TimerEvent: {}
[5.869095] (-) TimerEvent: {}
[5.970063] (-) TimerEvent: {}
[6.070898] (-) TimerEvent: {}
[6.171723] (-) TimerEvent: {}
[6.232818] (sllidar_ros2) StdoutLine: {'line': b'-- Found OpenSSL: /usr/lib/aarch64-linux-gnu/libcrypto.so (found version "3.0.2")  \n'}
[6.271910] (-) TimerEvent: {}
[6.373105] (-) TimerEvent: {}
[6.474281] (-) TimerEvent: {}
[6.529091] (sllidar_ros2) StdoutLine: {'line': b'-- Found FastRTPS: /opt/ros/humble/include  \n'}
[6.574460] (-) TimerEvent: {}
[6.675707] (-) TimerEvent: {}
[6.777031] (-) TimerEvent: {}
[6.878319] (-) TimerEvent: {}
[6.893630] (BMC_2024) StdoutLine: {'line': b'-- Found rmw_implementation_cmake: 6.1.2 (/opt/ros/humble/share/rmw_implementation_cmake/cmake)\n'}
[6.929838] (BMC_2024) StdoutLine: {'line': b'-- Found rmw_fastrtps_cpp: 6.2.7 (/opt/ros/humble/share/rmw_fastrtps_cpp/cmake)\n'}
[6.978517] (-) TimerEvent: {}
[7.005383] (sllidar_ros2) StdoutLine: {'line': b"-- Using RMW implementation 'rmw_fastrtps_cpp' as default\n"}
[7.078738] (-) TimerEvent: {}
[7.124510] (sllidar_ros2) StdoutLine: {'line': b'-- Looking for pthread.h\n'}
[7.178020] (BMC_2024) StdoutLine: {'line': b'-- Found TinyXML2 via Config file: TinyXML2_DIR-NOTFOUND\n'}
[7.178774] (-) TimerEvent: {}
[7.280455] (-) TimerEvent: {}
[7.381427] (-) TimerEvent: {}
[7.435659] (BMC_2024) StdoutLine: {'line': b'-- Found OpenSSL: /usr/lib/aarch64-linux-gnu/libcrypto.so (found version "3.0.2")  \n'}
[7.455443] (BMC_2024) StdoutLine: {'line': b'-- Found TinyXML2 via Config file: TinyXML2_DIR-NOTFOUND\n'}
[7.481657] (-) TimerEvent: {}
[7.509595] (sllidar_ros2) StdoutLine: {'line': b'-- Looking for pthread.h - found\n'}
[7.511616] (sllidar_ros2) StdoutLine: {'line': b'-- Performing Test CMAKE_HAVE_LIBC_PTHREAD\n'}
[7.548418] (BMC_2024) StdoutLine: {'line': b'-- Found FastRTPS: /opt/ros/humble/include  \n'}
[7.562802] (BMC_2024) StdoutLine: {'line': b'-- Found TinyXML2 via Config file: TinyXML2_DIR-NOTFOUND\n'}
[7.581882] (-) TimerEvent: {}
[7.599161] (BMC_2024) StdoutLine: {'line': b'-- Found TinyXML2 via Config file: TinyXML2_DIR-NOTFOUND\n'}
[7.639954] (BMC_2024) StdoutLine: {'line': b"-- Using RMW implementation 'rmw_fastrtps_cpp' as default\n"}
[7.682101] (-) TimerEvent: {}
[7.753524] (BMC_2024) StdoutLine: {'line': b'-- Looking for pthread.h\n'}
[7.782305] (-) TimerEvent: {}
[7.879115] (sllidar_ros2) StdoutLine: {'line': b'-- Performing Test CMAKE_HAVE_LIBC_PTHREAD - Success\n'}
[7.882498] (-) TimerEvent: {}
[7.883572] (sllidar_ros2) StdoutLine: {'line': b'-- Found Threads: TRUE  \n'}
[7.982679] (-) TimerEvent: {}
[8.083565] (-) TimerEvent: {}
[8.124384] (BMC_2024) StdoutLine: {'line': b'-- Looking for pthread.h - found\n'}
[8.125599] (BMC_2024) StdoutLine: {'line': b'-- Performing Test CMAKE_HAVE_LIBC_PTHREAD\n'}
[8.183812] (-) TimerEvent: {}
[8.282815] (sllidar_ros2) StdoutLine: {'line': b'-- Found sensor_msgs: 4.8.0 (/opt/ros/humble/share/sensor_msgs/cmake)\n'}
[8.283921] (-) TimerEvent: {}
[8.384830] (-) TimerEvent: {}
[8.482993] (BMC_2024) StdoutLine: {'line': b'-- Performing Test CMAKE_HAVE_LIBC_PTHREAD - Success\n'}
[8.484965] (-) TimerEvent: {}
[8.487469] (BMC_2024) StdoutLine: {'line': b'-- Found Threads: TRUE  \n'}
[8.496244] (sllidar_ros2) StdoutLine: {'line': b'-- Found std_srvs: 4.8.0 (/opt/ros/humble/share/std_srvs/cmake)\n'}
[8.585130] (-) TimerEvent: {}
[8.686248] (-) TimerEvent: {}
[8.787362] (-) TimerEvent: {}
[8.888354] (-) TimerEvent: {}
[8.900706] (sllidar_ros2) StdoutLine: {'line': b'-- Configuring done\n'}
[8.988537] (-) TimerEvent: {}
[8.995385] (sllidar_ros2) StdoutLine: {'line': b'-- Generating done\n'}
[9.020681] (sllidar_ros2) StdoutLine: {'line': b'-- Build files have been written to: /home/rospi/aug_2024/build/sllidar_ros2\n'}
[9.056839] (BMC_2024) StderrLine: {'line': b'\x1b[31mCMake Error at CMakeLists.txt:19 (find_package):\n'}
[9.058019] (BMC_2024) StderrLine: {'line': b'  By not providing "Findsllidar_ros2.cmake" in CMAKE_MODULE_PATH this project\n'}
[9.058523] (BMC_2024) StderrLine: {'line': b'  has asked CMake to find a package configuration file provided by\n'}
[9.059131] (BMC_2024) StderrLine: {'line': b'  "sllidar_ros2", but CMake did not find one.\n'}
[9.059636] (BMC_2024) StderrLine: {'line': b'\n'}
[9.060941] (BMC_2024) StderrLine: {'line': b'  Could not find a package configuration file provided by "sllidar_ros2" with\n'}
[9.063635] (BMC_2024) StderrLine: {'line': b'  any of the following names:\n'}
[9.064511] (BMC_2024) StderrLine: {'line': b'\n'}
[9.065826] (BMC_2024) StderrLine: {'line': b'    sllidar_ros2Config.cmake\n'}
[9.066710] (BMC_2024) StderrLine: {'line': b'    sllidar_ros2-config.cmake\n'}
[9.077508] (BMC_2024) StderrLine: {'line': b'\n'}
[9.080466] (BMC_2024) StderrLine: {'line': b'  Add the installation prefix of "sllidar_ros2" to CMAKE_PREFIX_PATH or set\n'}
[9.081311] (BMC_2024) StderrLine: {'line': b'  "sllidar_ros2_DIR" to a directory containing one of the above files.  If\n'}
[9.082032] (BMC_2024) StderrLine: {'line': b'  "sllidar_ros2" provides a separate development package or SDK, be sure it\n'}
[9.082690] (BMC_2024) StderrLine: {'line': b'  has been installed.\n'}
[9.083707] (BMC_2024) StderrLine: {'line': b'\n'}
[9.085040] (BMC_2024) StderrLine: {'line': b'\x1b[0m\n'}
[9.086434] (BMC_2024) StdoutLine: {'line': b'-- Configuring incomplete, errors occurred!\n'}
[9.087466] (BMC_2024) StdoutLine: {'line': b'See also "/home/rospi/aug_2024/build/BMC_2024/CMakeFiles/CMakeOutput.log".\n'}
[9.088380] (sllidar_ros2) CommandEnded: {'returncode': 0}
[9.090723] (-) TimerEvent: {}
[9.091607] (sllidar_ros2) JobProgress: {'identifier': 'sllidar_ros2', 'progress': 'build'}
[9.091963] (sllidar_ros2) Command: {'cmd': ['/usr/bin/cmake', '--build', '/home/rospi/aug_2024/build/sllidar_ros2', '--', '-j4', '-l4'], 'cwd': '/home/rospi/aug_2024/build/sllidar_ros2', 'env': OrderedDict([('LESSOPEN', '| /usr/bin/lesspipe %s'), ('USER', 'rospi'), ('SSH_CLIENT', '10.150.15.24 55434 22'), ('XDG_SESSION_TYPE', 'tty'), ('SHLVL', '1'), ('LD_LIBRARY_PATH', '/home/rospi/aug_2024/install/BMC_2024/lib:/opt/ros/humble/opt/rviz_ogre_vendor/lib:/opt/ros/humble/lib/aarch64-linux-gnu:/opt/ros/humble/lib'), ('MOTD_SHOWN', 'pam'), ('HOME', '/home/rospi'), ('OLDPWD', '/home/rospi'), ('SSH_TTY', '/dev/pts/0'), ('ROS_PYTHON_VERSION', '3'), ('DBUS_SESSION_BUS_ADDRESS', 'unix:path=/run/user/1000/bus'), ('COLCON_PREFIX_PATH', '/home/rospi/aug_2024/install'), ('ROS_DISTRO', 'humble'), ('LOGNAME', 'rospi'), ('_', '/usr/bin/colcon'), ('ROS_VERSION', '2'), ('XDG_SESSION_CLASS', 'user'), ('TERM', 'xterm-256color'), ('XDG_SESSION_ID', '56'), ('ROS_LOCALHOST_ONLY', '0'), ('PATH', '/opt/ros/humble/bin:/usr/local/sbin:/usr/local/bin:/usr/sbin:/usr/bin:/sbin:/bin:/usr/games:/usr/local/games:/snap/bin'), ('XDG_RUNTIME_DIR', '/run/user/1000'), ('LANG', 'en_US.UTF-8'), ('RMW_IMPLEMENTATION', 'rmw_fastrtps_cpp'), ('LS_COLORS', 'rs=0:di=01;34:ln=01;36:mh=00:pi=40;33:so=01;35:do=01;35:bd=40;33;01:cd=40;33;01:or=40;31;01:mi=00:su=37;41:sg=30;43:ca=30;41:tw=30;42:ow=34;42:st=37;44:ex=01;32:*.tar=01;31:*.tgz=01;31:*.arc=01;31:*.arj=01;31:*.taz=01;31:*.lha=01;31:*.lz4=01;31:*.lzh=01;31:*.lzma=01;31:*.tlz=01;31:*.txz=01;31:*.tzo=01;31:*.t7z=01;31:*.zip=01;31:*.z=01;31:*.dz=01;31:*.gz=01;31:*.lrz=01;31:*.lz=01;31:*.lzo=01;31:*.xz=01;31:*.zst=01;31:*.tzst=01;31:*.bz2=01;31:*.bz=01;31:*.tbz=01;31:*.tbz2=01;31:*.tz=01;31:*.deb=01;31:*.rpm=01;31:*.jar=01;31:*.war=01;31:*.ear=01;31:*.sar=01;31:*.rar=01;31:*.alz=01;31:*.ace=01;31:*.zoo=01;31:*.cpio=01;31:*.7z=01;31:*.rz=01;31:*.cab=01;31:*.wim=01;31:*.swm=01;31:*.dwm=01;31:*.esd=01;31:*.jpg=01;35:*.jpeg=01;35:*.mjpg=01;35:*.mjpeg=01;35:*.gif=01;35:*.bmp=01;35:*.pbm=01;35:*.pgm=01;35:*.ppm=01;35:*.tga=01;35:*.xbm=01;35:*.xpm=01;35:*.tif=01;35:*.tiff=01;35:*.png=01;35:*.svg=01;35:*.svgz=01;35:*.mng=01;35:*.pcx=01;35:*.mov=01;35:*.mpg=01;35:*.mpeg=01;35:*.m2v=01;35:*.mkv=01;35:*.webm=01;35:*.webp=01;35:*.ogm=01;35:*.mp4=01;35:*.m4v=01;35:*.mp4v=01;35:*.vob=01;35:*.qt=01;35:*.nuv=01;35:*.wmv=01;35:*.asf=01;35:*.rm=01;35:*.rmvb=01;35:*.flc=01;35:*.avi=01;35:*.fli=01;35:*.flv=01;35:*.gl=01;35:*.dl=01;35:*.xcf=01;35:*.xwd=01;35:*.yuv=01;35:*.cgm=01;35:*.emf=01;35:*.ogv=01;35:*.ogx=01;35:*.aac=00;36:*.au=00;36:*.flac=00;36:*.m4a=00;36:*.mid=00;36:*.midi=00;36:*.mka=00;36:*.mp3=00;36:*.mpc=00;36:*.ogg=00;36:*.ra=00;36:*.wav=00;36:*.oga=00;36:*.opus=00;36:*.spx=00;36:*.xspf=00;36:'), ('ROS_DOMAIN_ID', '13'), ('AMENT_PREFIX_PATH', '/home/rospi/aug_2024/install/aug_2024:/home/rospi/aug_2024/install/sllidar_ros2:/home/rospi/aug_2024/install/my_robot_nav2:/home/rospi/aug_2024/install/BMC_2024:/opt/ros/humble'), ('SHELL', '/bin/bash'), ('LESSCLOSE', '/usr/bin/lesspipe %s %s'), ('PWD', '/home/rospi/aug_2024/build/sllidar_ros2'), ('LC_ALL', 'en_US.UTF-8'), ('SSH_CONNECTION', '10.150.15.24 55434 10.6.102.87 22'), ('XDG_DATA_DIRS', '/usr/local/share:/usr/share:/var/lib/snapd/desktop'), ('PYTHONPATH', '/opt/ros/humble/lib/python3.10/site-packages:/opt/ros/humble/local/lib/python3.10/dist-packages'), ('COLCON', '1'), ('CMAKE_PREFIX_PATH', '/home/rospi/aug_2024/install/aug_2024:/home/rospi/aug_2024/install/sllidar_ros2:/home/rospi/aug_2024/install/my_robot_nav2:/home/rospi/aug_2024/install/BMC_2024:/opt/ros/humble')]), 'shell': False}
[9.104858] (BMC_2024) CommandEnded: {'returncode': 1}
[9.177380] (BMC_2024) JobEnded: {'identifier': 'BMC_2024', 'rc': 1}
[9.190901] (-) TimerEvent: {}
[9.291654] (-) TimerEvent: {}
[9.316031] (sllidar_ros2) StdoutLine: {'line': b'[  5%] \x1b[32mBuilding CXX object CMakeFiles/sllidar_client.dir/src/sllidar_client.cpp.o\x1b[0m\n'}
[9.318333] (sllidar_ros2) StdoutLine: {'line': b'[ 10%] \x1b[32mBuilding CXX object CMakeFiles/sllidar_node.dir/sdk/src/arch/linux/net_serial.cpp.o\x1b[0m\n'}
[9.320711] (sllidar_ros2) StdoutLine: {'line': b'[ 15%] \x1b[32mBuilding CXX object CMakeFiles/sllidar_node.dir/src/sllidar_node.cpp.o\x1b[0m\n'}
[9.324965] (sllidar_ros2) StdoutLine: {'line': b'[ 20%] \x1b[32mBuilding CXX object CMakeFiles/sllidar_node.dir/sdk/src/arch/linux/net_socket.cpp.o\x1b[0m\n'}
[9.391879] (-) TimerEvent: {}
[9.493143] (-) TimerEvent: {}
[9.593869] (-) TimerEvent: {}
[9.695100] (-) TimerEvent: {}
[9.796829] (-) TimerEvent: {}
[9.898998] (-) TimerEvent: {}
[10.001723] (-) TimerEvent: {}
[10.102617] (-) TimerEvent: {}
[10.203491] (-) TimerEvent: {}
[10.304393] (-) TimerEvent: {}
[10.405176] (-) TimerEvent: {}
[10.506006] (-) TimerEvent: {}
[10.606760] (-) TimerEvent: {}
[10.707514] (-) TimerEvent: {}
[10.808489] (-) TimerEvent: {}
[10.909448] (-) TimerEvent: {}
[11.011023] (-) TimerEvent: {}
[11.111973] (-) TimerEvent: {}
[11.212860] (-) TimerEvent: {}
[11.314122] (-) TimerEvent: {}
[11.415675] (-) TimerEvent: {}
[11.517139] (-) TimerEvent: {}
[11.618552] (-) TimerEvent: {}
[11.719917] (-) TimerEvent: {}
[11.821321] (-) TimerEvent: {}
[11.922801] (-) TimerEvent: {}
[12.024544] (-) TimerEvent: {}
[12.126274] (-) TimerEvent: {}
[12.228128] (-) TimerEvent: {}
[12.255474] (sllidar_ros2) StderrLine: {'line': b'In file included from \x1b[01m\x1b[K/home/rospi/aug_2024/src/sllidar_ros2/./sdk/include/rplidar_protocol.h:36\x1b[m\x1b[K,\n'}
[12.256609] (sllidar_ros2) StderrLine: {'line': b'                 from \x1b[01m\x1b[K/home/rospi/aug_2024/src/sllidar_ros2/./sdk/include/rplidar.h:39\x1b[m\x1b[K,\n'}
[12.257326] (sllidar_ros2) StderrLine: {'line': b'                 from \x1b[01m\x1b[K/home/rospi/aug_2024/src/sllidar_ros2/./sdk/src/sdkcommon.h:49\x1b[m\x1b[K,\n'}
[12.258551] (sllidar_ros2) StderrLine: {'line': b'                 from \x1b[01m\x1b[K/home/rospi/aug_2024/src/sllidar_ros2/sdk/src/arch/linux/net_socket.cpp:10\x1b[m\x1b[K:\n'}
[12.259241] (sllidar_ros2) StderrLine: {'line': b'\x1b[01m\x1b[K/home/rospi/aug_2024/src/sllidar_ros2/./sdk/include/sl_lidar_protocol.h:66:16:\x1b[m\x1b[K \x1b[01;35m\x1b[Kwarning: \x1b[m\x1b[KISO C++ forbids zero-size array \xe2\x80\x98\x1b[01m\x1b[Kdata\x1b[m\x1b[K\xe2\x80\x99 [\x1b[01;35m\x1b[K\x1b]8;;https://gcc.gnu.org/onlinedocs/gcc/Warning-Options.html#index-Wpedantic\x07-Wpedantic\x1b]8;;\x07\x1b[m\x1b[K]\n'}
[12.260071] (sllidar_ros2) StderrLine: {'line': b'   66 |     sl_u8 data[\x1b[01;35m\x1b[K0\x1b[m\x1b[K];\n'}
[12.260991] (sllidar_ros2) StderrLine: {'line': b'      |                \x1b[01;35m\x1b[K^\x1b[m\x1b[K\n'}
[12.261734] (sllidar_ros2) StderrLine: {'line': b'In file included from \x1b[01m\x1b[K/home/rospi/aug_2024/src/sllidar_ros2/./sdk/include/rplidar_cmd.h:36\x1b[m\x1b[K,\n'}
[12.262583] (sllidar_ros2) StderrLine: {'line': b'                 from \x1b[01m\x1b[K/home/rospi/aug_2024/src/sllidar_ros2/./sdk/include/rplidar.h:40\x1b[m\x1b[K,\n'}
[12.263502] (sllidar_ros2) StderrLine: {'line': b'                 from \x1b[01m\x1b[K/home/rospi/aug_2024/src/sllidar_ros2/./sdk/src/sdkcommon.h:49\x1b[m\x1b[K,\n'}
[12.264477] (sllidar_ros2) StderrLine: {'line': b'                 from \x1b[01m\x1b[K/home/rospi/aug_2024/src/sllidar_ros2/sdk/src/arch/linux/net_socket.cpp:10\x1b[m\x1b[K:\n'}
[12.265205] (sllidar_ros2) StderrLine: {'line': b'\x1b[01m\x1b[K/home/rospi/aug_2024/src/sllidar_ros2/./sdk/include/sl_lidar_cmd.h:324:20:\x1b[m\x1b[K \x1b[01;35m\x1b[Kwarning: \x1b[m\x1b[KISO C++ forbids zero-size array \xe2\x80\x98\x1b[01m\x1b[Kpayload\x1b[m\x1b[K\xe2\x80\x99 [\x1b[01;35m\x1b[K\x1b]8;;https://gcc.gnu.org/onlinedocs/gcc/Warning-Options.html#index-Wpedantic\x07-Wpedantic\x1b]8;;\x07\x1b[m\x1b[K]\n'}
[12.266000] (sllidar_ros2) StderrLine: {'line': b'  324 |     sl_u8  payload[\x1b[01;35m\x1b[K0\x1b[m\x1b[K];\n'}
[12.266962] (sllidar_ros2) StderrLine: {'line': b'      |                    \x1b[01;35m\x1b[K^\x1b[m\x1b[K\n'}
[12.328402] (-) TimerEvent: {}
[12.429511] (-) TimerEvent: {}
[12.530741] (-) TimerEvent: {}
[12.631854] (-) TimerEvent: {}
[12.638588] (sllidar_ros2) StderrLine: {'line': b'In file included from \x1b[01m\x1b[K/home/rospi/aug_2024/src/sllidar_ros2/./sdk/src/arch/linux/arch_linux.h:42\x1b[m\x1b[K,\n'}
[12.639466] (sllidar_ros2) StderrLine: {'line': b'                 from \x1b[01m\x1b[K/home/rospi/aug_2024/src/sllidar_ros2/./sdk/src/sdkcommon.h:41\x1b[m\x1b[K,\n'}
[12.640396] (sllidar_ros2) StderrLine: {'line': b'                 from \x1b[01m\x1b[K/home/rospi/aug_2024/src/sllidar_ros2/sdk/src/arch/linux/net_socket.cpp:10\x1b[m\x1b[K:\n'}
[12.641121] (sllidar_ros2) StderrLine: {'line': b'\x1b[01m\x1b[K/home/rospi/aug_2024/src/sllidar_ros2/sdk/src/arch/linux/net_socket.cpp:\x1b[m\x1b[K In member function \xe2\x80\x98\x1b[01m\x1b[Kvirtual u_result rp::arch::net::DGramSocketImpl::sendTo(const rp::net::SocketAddress*, const void*, size_t)\x1b[m\x1b[K\xe2\x80\x99:\n'}
[12.642100] (sllidar_ros2) StderrLine: {'line': b'\x1b[01m\x1b[K/home/rospi/aug_2024/src/sllidar_ros2/sdk/src/arch/linux/net_socket.cpp:733:24:\x1b[m\x1b[K \x1b[01;35m\x1b[Kwarning: \x1b[m\x1b[Kcomparison of integer expressions of different signedness: \xe2\x80\x98\x1b[01m\x1b[Kint\x1b[m\x1b[K\xe2\x80\x99 and \xe2\x80\x98\x1b[01m\x1b[Ksize_t\x1b[m\x1b[K\xe2\x80\x99 {aka \xe2\x80\x98\x1b[01m\x1b[Klong unsigned int\x1b[m\x1b[K\xe2\x80\x99} [\x1b[01;35m\x1b[K\x1b]8;;https://gcc.gnu.org/onlinedocs/gcc/Warning-Options.html#index-Wsign-compare\x07-Wsign-compare\x1b]8;;\x07\x1b[m\x1b[K]\n'}
[12.643053] (sllidar_ros2) StderrLine: {'line': b'  733 |             assert(\x1b[01;35m\x1b[Kans == len\x1b[m\x1b[K);\n'}
[12.643860] (sllidar_ros2) StderrLine: {'line': b'      |                    \x1b[01;35m\x1b[K~~~~^~~~~~\x1b[m\x1b[K\n'}
[12.732086] (-) TimerEvent: {}
[12.833359] (-) TimerEvent: {}
[12.934419] (-) TimerEvent: {}
[13.035479] (-) TimerEvent: {}
[13.092583] (sllidar_ros2) StderrLine: {'line': b'\x1b[01m\x1b[K/home/rospi/aug_2024/src/sllidar_ros2/sdk/src/arch/linux/net_serial.cpp:\x1b[m\x1b[K In member function \xe2\x80\x98\x1b[01m\x1b[Kbool rp::arch::net::raw_serial::open(const char*, uint32_t, uint32_t)\x1b[m\x1b[K\xe2\x80\x99:\n'}
[13.094055] (sllidar_ros2) StderrLine: {'line': b'\x1b[01m\x1b[K/home/rospi/aug_2024/src/sllidar_ros2/sdk/src/arch/linux/net_serial.cpp:97:74:\x1b[m\x1b[K \x1b[01;35m\x1b[Kwarning: \x1b[m\x1b[Kunused parameter \xe2\x80\x98\x1b[01m\x1b[Kflags\x1b[m\x1b[K\xe2\x80\x99 [\x1b[01;35m\x1b[K\x1b]8;;https://gcc.gnu.org/onlinedocs/gcc/Warning-Options.html#index-Wunused-parameter\x07-Wunused-parameter\x1b]8;;\x07\x1b[m\x1b[K]\n'}
[13.095406] (sllidar_ros2) StderrLine: {'line': b'   97 | bool raw_serial::open(const char * portname, uint32_t baudrate, \x1b[01;35m\x1b[Kuint32_t flags\x1b[m\x1b[K)\n'}
[13.096887] (sllidar_ros2) StderrLine: {'line': b'      |                                                                 \x1b[01;35m\x1b[K~~~~~~~~~^~~~~\x1b[m\x1b[K\n'}
[13.101419] (sllidar_ros2) StderrLine: {'line': b'\x1b[01m\x1b[K/home/rospi/aug_2024/src/sllidar_ros2/sdk/src/arch/linux/net_serial.cpp:\x1b[m\x1b[K In member function \xe2\x80\x98\x1b[01m\x1b[Kvirtual void rp::arch::net::raw_serial::flush(_u32)\x1b[m\x1b[K\xe2\x80\x99:\n'}
[13.102919] (sllidar_ros2) StderrLine: {'line': b'\x1b[01m\x1b[K/home/rospi/aug_2024/src/sllidar_ros2/sdk/src/arch/linux/net_serial.cpp:281:30:\x1b[m\x1b[K \x1b[01;35m\x1b[Kwarning: \x1b[m\x1b[Kunused parameter \xe2\x80\x98\x1b[01m\x1b[Kflags\x1b[m\x1b[K\xe2\x80\x99 [\x1b[01;35m\x1b[K\x1b]8;;https://gcc.gnu.org/onlinedocs/gcc/Warning-Options.html#index-Wunused-parameter\x07-Wunused-parameter\x1b]8;;\x07\x1b[m\x1b[K]\n'}
[13.104645] (sllidar_ros2) StderrLine: {'line': b'  281 | void raw_serial::flush( \x1b[01;35m\x1b[K_u32 flags\x1b[m\x1b[K)\n'}
[13.106196] (sllidar_ros2) StderrLine: {'line': b'      |                         \x1b[01;35m\x1b[K~~~~~^~~~~\x1b[m\x1b[K\n'}
[13.108510] (sllidar_ros2) StderrLine: {'line': b'\x1b[01m\x1b[K/home/rospi/aug_2024/src/sllidar_ros2/sdk/src/arch/linux/net_serial.cpp:\x1b[m\x1b[K In member function \xe2\x80\x98\x1b[01m\x1b[Kvirtual int rp::arch::net::raw_serial::waitforsent(_u32, size_t*)\x1b[m\x1b[K\xe2\x80\x99:\n'}
[13.111295] (sllidar_ros2) StderrLine: {'line': b'\x1b[01m\x1b[K/home/rospi/aug_2024/src/sllidar_ros2/sdk/src/arch/linux/net_serial.cpp:286:34:\x1b[m\x1b[K \x1b[01;35m\x1b[Kwarning: \x1b[m\x1b[Kunused parameter \xe2\x80\x98\x1b[01m\x1b[Ktimeout\x1b[m\x1b[K\xe2\x80\x99 [\x1b[01;35m\x1b[K\x1b]8;;https://gcc.gnu.org/onlinedocs/gcc/Warning-Options.html#index-Wunused-parameter\x07-Wunused-parameter\x1b]8;;\x07\x1b[m\x1b[K]\n'}
[13.113218] (sllidar_ros2) StderrLine: {'line': b'  286 | int raw_serial::waitforsent(\x1b[01;35m\x1b[K_u32 timeout\x1b[m\x1b[K, size_t * returned_size)\n'}
[13.114880] (sllidar_ros2) StderrLine: {'line': b'      |                             \x1b[01;35m\x1b[K~~~~~^~~~~~~\x1b[m\x1b[K\n'}
[13.117723] (sllidar_ros2) StderrLine: {'line': b'\x1b[01m\x1b[K/home/rospi/aug_2024/src/sllidar_ros2/sdk/src/arch/linux/net_serial.cpp:\x1b[m\x1b[K In member function \xe2\x80\x98\x1b[01m\x1b[Kvirtual int rp::arch::net::raw_serial::waitforrecv(_u32, size_t*)\x1b[m\x1b[K\xe2\x80\x99:\n'}
[13.132049] (sllidar_ros2) StderrLine: {'line': b'\x1b[01m\x1b[K/home/rospi/aug_2024/src/sllidar_ros2/sdk/src/arch/linux/net_serial.cpp:292:34:\x1b[m\x1b[K \x1b[01;35m\x1b[Kwarning: \x1b[m\x1b[Kunused parameter \xe2\x80\x98\x1b[01m\x1b[Ktimeout\x1b[m\x1b[K\xe2\x80\x99 [\x1b[01;35m\x1b[K\x1b]8;;https://gcc.gnu.org/onlinedocs/gcc/Warning-Options.html#index-Wunused-parameter\x07-Wunused-parameter\x1b]8;;\x07\x1b[m\x1b[K]\n'}
[13.133716] (sllidar_ros2) StderrLine: {'line': b'  292 | int raw_serial::waitforrecv(\x1b[01;35m\x1b[K_u32 timeout\x1b[m\x1b[K, size_t * returned_size)\n'}
[13.135035] (sllidar_ros2) StderrLine: {'line': b'      |                             \x1b[01;35m\x1b[K~~~~~^~~~~~~\x1b[m\x1b[K\n'}
[13.136230] (-) TimerEvent: {}
[13.138346] (sllidar_ros2) StderrLine: {'line': b'\x1b[01m\x1b[K/home/rospi/aug_2024/src/sllidar_ros2/sdk/src/arch/linux/net_serial.cpp:\x1b[m\x1b[K In member function \xe2\x80\x98\x1b[01m\x1b[Kvirtual void rp::arch::net::raw_serial::cancelOperation()\x1b[m\x1b[K\xe2\x80\x99:\n'}
[13.139885] (sllidar_ros2) StderrLine: {'line': b'\x1b[01m\x1b[K/home/rospi/aug_2024/src/sllidar_ros2/sdk/src/arch/linux/net_serial.cpp:427:5:\x1b[m\x1b[K \x1b[01;35m\x1b[Kwarning: \x1b[m\x1b[Kvalue computed is not used [\x1b[01;35m\x1b[K\x1b]8;;https://gcc.gnu.org/onlinedocs/gcc/Warning-Options.html#index-Wunused-value\x07-Wunused-value\x1b]8;;\x07\x1b[m\x1b[K]\n'}
[13.141459] (sllidar_ros2) StderrLine: {'line': b'  427 |     \x1b[01;35m\x1b[K(int)::write(_selfpipe[1], "x", 1)\x1b[m\x1b[K;\n'}
[13.142858] (sllidar_ros2) StderrLine: {'line': b'      |     \x1b[01;35m\x1b[K^~~~~~~~~~~~~~~~~~~~~~~~~~~~~~~~~~\x1b[m\x1b[K\n'}
[13.236523] (-) TimerEvent: {}
[13.337671] (-) TimerEvent: {}
[13.438863] (-) TimerEvent: {}
[13.540051] (-) TimerEvent: {}
[13.641042] (-) TimerEvent: {}
[13.742847] (sllidar_ros2) StdoutLine: {'line': b'[ 25%] \x1b[32mBuilding CXX object CMakeFiles/sllidar_node.dir/sdk/src/arch/linux/timer.cpp.o\x1b[0m\n'}
[13.743624] (-) TimerEvent: {}
[13.845053] (-) TimerEvent: {}
[13.874387] (sllidar_ros2) StdoutLine: {'line': b'[ 30%] \x1b[32mBuilding CXX object CMakeFiles/sllidar_node.dir/sdk/src/dataunpacker/dataunpacker.cpp.o\x1b[0m\n'}
[13.946895] (-) TimerEvent: {}
[14.049365] (-) TimerEvent: {}
[14.150442] (-) TimerEvent: {}
[14.251594] (-) TimerEvent: {}
[14.353104] (-) TimerEvent: {}
[14.454105] (-) TimerEvent: {}
[14.555128] (-) TimerEvent: {}
[14.656101] (-) TimerEvent: {}
[14.757357] (-) TimerEvent: {}
[14.858619] (-) TimerEvent: {}
[14.959648] (-) TimerEvent: {}
[15.060824] (-) TimerEvent: {}
[15.162015] (-) TimerEvent: {}
[15.263151] (-) TimerEvent: {}
[15.365805] (-) TimerEvent: {}
[15.467640] (-) TimerEvent: {}
[15.569566] (-) TimerEvent: {}
[15.671347] (-) TimerEvent: {}
[15.773152] (-) TimerEvent: {}
[15.874257] (-) TimerEvent: {}
[15.975476] (-) TimerEvent: {}
[16.076679] (-) TimerEvent: {}
[16.177795] (-) TimerEvent: {}
[16.279149] (-) TimerEvent: {}
[16.380238] (-) TimerEvent: {}
[16.481294] (-) TimerEvent: {}
[16.582376] (-) TimerEvent: {}
[16.683693] (-) TimerEvent: {}
[16.784777] (-) TimerEvent: {}
[16.886045] (-) TimerEvent: {}
[16.987328] (-) TimerEvent: {}
[17.088302] (-) TimerEvent: {}
[17.148771] (sllidar_ros2) StdoutLine: {'line': b'[ 35%] \x1b[32mBuilding CXX object CMakeFiles/sllidar_node.dir/sdk/src/dataunpacker/unpacker/handler_capsules.cpp.o\x1b[0m\n'}
[17.154766] (sllidar_ros2) StderrLine: {'line': b'In file included from \x1b[01m\x1b[K/home/rospi/aug_2024/src/sllidar_ros2/./sdk/include/rplidar_protocol.h:36\x1b[m\x1b[K,\n'}
[17.156086] (sllidar_ros2) StderrLine: {'line': b'                 from \x1b[01m\x1b[K/home/rospi/aug_2024/src/sllidar_ros2/./sdk/include/rplidar.h:39\x1b[m\x1b[K,\n'}
[17.157153] (sllidar_ros2) StderrLine: {'line': b'                 from \x1b[01m\x1b[K/home/rospi/aug_2024/src/sllidar_ros2/./sdk/src/sdkcommon.h:49\x1b[m\x1b[K,\n'}
[17.158241] (sllidar_ros2) StderrLine: {'line': b'                 from \x1b[01m\x1b[K/home/rospi/aug_2024/src/sllidar_ros2/sdk/src/dataunpacker/dataunnpacker_commondef.h:41\x1b[m\x1b[K,\n'}
[17.159431] (sllidar_ros2) StderrLine: {'line': b'                 from \x1b[01m\x1b[K/home/rospi/aug_2024/src/sllidar_ros2/sdk/src/dataunpacker/dataunpacker.cpp:39\x1b[m\x1b[K:\n'}
[17.160699] (sllidar_ros2) StderrLine: {'line': b'\x1b[01m\x1b[K/home/rospi/aug_2024/src/sllidar_ros2/./sdk/include/sl_lidar_protocol.h:66:16:\x1b[m\x1b[K \x1b[01;35m\x1b[Kwarning: \x1b[m\x1b[KISO C++ forbids zero-size array \xe2\x80\x98\x1b[01m\x1b[Kdata\x1b[m\x1b[K\xe2\x80\x99 [\x1b[01;35m\x1b[K\x1b]8;;https://gcc.gnu.org/onlinedocs/gcc/Warning-Options.html#index-Wpedantic\x07-Wpedantic\x1b]8;;\x07\x1b[m\x1b[K]\n'}
[17.161876] (sllidar_ros2) StderrLine: {'line': b'   66 |     sl_u8 data[\x1b[01;35m\x1b[K0\x1b[m\x1b[K];\n'}
[17.163041] (sllidar_ros2) StderrLine: {'line': b'      |                \x1b[01;35m\x1b[K^\x1b[m\x1b[K\n'}
[17.166484] (sllidar_ros2) StderrLine: {'line': b'In file included from \x1b[01m\x1b[K/home/rospi/aug_2024/src/sllidar_ros2/./sdk/include/rplidar_cmd.h:36\x1b[m\x1b[K,\n'}
[17.167587] (sllidar_ros2) StderrLine: {'line': b'                 from \x1b[01m\x1b[K/home/rospi/aug_2024/src/sllidar_ros2/./sdk/include/rplidar.h:40\x1b[m\x1b[K,\n'}
[17.168767] (sllidar_ros2) StderrLine: {'line': b'                 from \x1b[01m\x1b[K/home/rospi/aug_2024/src/sllidar_ros2/./sdk/src/sdkcommon.h:49\x1b[m\x1b[K,\n'}
[17.169974] (sllidar_ros2) StderrLine: {'line': b'                 from \x1b[01m\x1b[K/home/rospi/aug_2024/src/sllidar_ros2/sdk/src/dataunpacker/dataunnpacker_commondef.h:41\x1b[m\x1b[K,\n'}
[17.171224] (sllidar_ros2) StderrLine: {'line': b'                 from \x1b[01m\x1b[K/home/rospi/aug_2024/src/sllidar_ros2/sdk/src/dataunpacker/dataunpacker.cpp:39\x1b[m\x1b[K:\n'}
[17.172592] (sllidar_ros2) StderrLine: {'line': b'\x1b[01m\x1b[K/home/rospi/aug_2024/src/sllidar_ros2/./sdk/include/sl_lidar_cmd.h:324:20:\x1b[m\x1b[K \x1b[01;35m\x1b[Kwarning: \x1b[m\x1b[KISO C++ forbids zero-size array \xe2\x80\x98\x1b[01m\x1b[Kpayload\x1b[m\x1b[K\xe2\x80\x99 [\x1b[01;35m\x1b[K\x1b]8;;https://gcc.gnu.org/onlinedocs/gcc/Warning-Options.html#index-Wpedantic\x07-Wpedantic\x1b]8;;\x07\x1b[m\x1b[K]\n'}
[17.174501] (sllidar_ros2) StderrLine: {'line': b'  324 |     sl_u8  payload[\x1b[01;35m\x1b[K0\x1b[m\x1b[K];\n'}
[17.179224] (sllidar_ros2) StderrLine: {'line': b'      |                    \x1b[01;35m\x1b[K^\x1b[m\x1b[K\n'}
[17.188528] (-) TimerEvent: {}
[17.290207] (-) TimerEvent: {}
[17.391243] (-) TimerEvent: {}
[17.495951] (-) TimerEvent: {}
[17.596930] (-) TimerEvent: {}
[17.714199] (-) TimerEvent: {}
[17.830274] (-) TimerEvent: {}
[17.942816] (-) TimerEvent: {}
[18.045900] (-) TimerEvent: {}
[18.147591] (-) TimerEvent: {}
[18.249747] (-) TimerEvent: {}
[18.350882] (-) TimerEvent: {}
[18.396363] (sllidar_ros2) StderrLine: {'line': b'In file included from \x1b[01m\x1b[K/home/rospi/aug_2024/src/sllidar_ros2/sdk/src/dataunpacker/dataunpacker.cpp:40\x1b[m\x1b[K:\n'}
[18.398560] (sllidar_ros2) StderrLine: {'line': b'\x1b[01m\x1b[K/home/rospi/aug_2024/src/sllidar_ros2/sdk/src/dataunpacker/dataunpacker.h:\x1b[m\x1b[K In member function \xe2\x80\x98\x1b[01m\x1b[Kvirtual void sl::internal::LIDARSampleDataListener::onCustomSampleDataDecoded(_u8, _u32, const void*, size_t)\x1b[m\x1b[K\xe2\x80\x99:\n'}
[18.399669] (sllidar_ros2) StderrLine: {'line': b'\x1b[01m\x1b[K/home/rospi/aug_2024/src/sllidar_ros2/sdk/src/dataunpacker/dataunpacker.h:54:52:\x1b[m\x1b[K \x1b[01;35m\x1b[Kwarning: \x1b[m\x1b[Kunused parameter \xe2\x80\x98\x1b[01m\x1b[KansType\x1b[m\x1b[K\xe2\x80\x99 [\x1b[01;35m\x1b[K\x1b]8;;https://gcc.gnu.org/onlinedocs/gcc/Warning-Options.html#index-Wunused-parameter\x07-Wunused-parameter\x1b]8;;\x07\x1b[m\x1b[K]\n'}
[18.400776] (sllidar_ros2) StderrLine: {'line': b'   54 |         virtual void onCustomSampleDataDecoded(\x1b[01;35m\x1b[K_u8 ansType\x1b[m\x1b[K, _u32 customCode, const void* data, size_t size) {}\n'}
[18.401695] (sllidar_ros2) StderrLine: {'line': b'      |                                                \x1b[01;35m\x1b[K~~~~^~~~~~~\x1b[m\x1b[K\n'}
[18.402607] (sllidar_ros2) StderrLine: {'line': b'\x1b[01m\x1b[K/home/rospi/aug_2024/src/sllidar_ros2/sdk/src/dataunpacker/dataunpacker.h:54:66:\x1b[m\x1b[K \x1b[01;35m\x1b[Kwarning: \x1b[m\x1b[Kunused parameter \xe2\x80\x98\x1b[01m\x1b[KcustomCode\x1b[m\x1b[K\xe2\x80\x99 [\x1b[01;35m\x1b[K\x1b]8;;https://gcc.gnu.org/onlinedocs/gcc/Warning-Options.html#index-Wunused-parameter\x07-Wunused-parameter\x1b]8;;\x07\x1b[m\x1b[K]\n'}
[18.403551] (sllidar_ros2) StderrLine: {'line': b'   54 |         virtual void onCustomSampleDataDecoded(_u8 ansType, \x1b[01;35m\x1b[K_u32 customCode\x1b[m\x1b[K, const void* data, size_t size) {}\n'}
[18.404488] (sllidar_ros2) StderrLine: {'line': b'      |                                                             \x1b[01;35m\x1b[K~~~~~^~~~~~~~~~\x1b[m\x1b[K\n'}
[18.405395] (sllidar_ros2) StderrLine: {'line': b'\x1b[01m\x1b[K/home/rospi/aug_2024/src/sllidar_ros2/sdk/src/dataunpacker/dataunpacker.h:54:90:\x1b[m\x1b[K \x1b[01;35m\x1b[Kwarning: \x1b[m\x1b[Kunused parameter \xe2\x80\x98\x1b[01m\x1b[Kdata\x1b[m\x1b[K\xe2\x80\x99 [\x1b[01;35m\x1b[K\x1b]8;;https://gcc.gnu.org/onlinedocs/gcc/Warning-Options.html#index-Wunused-parameter\x07-Wunused-parameter\x1b]8;;\x07\x1b[m\x1b[K]\n'}
[18.406306] (sllidar_ros2) StderrLine: {'line': b'   54 |         virtual void onCustomSampleDataDecoded(_u8 ansType, _u32 customCode, \x1b[01;35m\x1b[Kconst void* data\x1b[m\x1b[K, size_t size) {}\n'}
[18.407216] (sllidar_ros2) StderrLine: {'line': b'      |                                                                              \x1b[01;35m\x1b[K~~~~~~~~~~~~^~~~\x1b[m\x1b[K\n'}
[18.420923] (sllidar_ros2) StderrLine: {'line': b'\x1b[01m\x1b[K/home/rospi/aug_2024/src/sllidar_ros2/sdk/src/dataunpacker/dataunpacker.h:54:103:\x1b[m\x1b[K \x1b[01;35m\x1b[Kwarning: \x1b[m\x1b[Kunused parameter \xe2\x80\x98\x1b[01m\x1b[Ksize\x1b[m\x1b[K\xe2\x80\x99 [\x1b[01;35m\x1b[K\x1b]8;;https://gcc.gnu.org/onlinedocs/gcc/Warning-Options.html#index-Wunused-parameter\x07-Wunused-parameter\x1b]8;;\x07\x1b[m\x1b[K]\n'}
[18.421759] (sllidar_ros2) StderrLine: {'line': b'   54 |         virtual void onCustomSampleDataDecoded(_u8 ansType, _u32 customCode, const void* data, \x1b[01;35m\x1b[Ksize_t size\x1b[m\x1b[K) {}\n'}
[18.422517] (sllidar_ros2) StderrLine: {'line': b'      |                                                                                                \x1b[01;35m\x1b[K~~~~~~~^~~~\x1b[m\x1b[K\n'}
[18.423313] (sllidar_ros2) StderrLine: {'line': b'\x1b[01m\x1b[K/home/rospi/aug_2024/src/sllidar_ros2/sdk/src/dataunpacker/dataunpacker.h:\x1b[m\x1b[K In member function \xe2\x80\x98\x1b[01m\x1b[Kvirtual void sl::internal::LIDARSampleDataListener::onDecodingError(int, _u8, const void*, size_t)\x1b[m\x1b[K\xe2\x80\x99:\n'}
[18.424139] (sllidar_ros2) StderrLine: {'line': b'\x1b[01m\x1b[K/home/rospi/aug_2024/src/sllidar_ros2/sdk/src/dataunpacker/dataunpacker.h:56:42:\x1b[m\x1b[K \x1b[01;35m\x1b[Kwarning: \x1b[m\x1b[Kunused parameter \xe2\x80\x98\x1b[01m\x1b[KerrMsg\x1b[m\x1b[K\xe2\x80\x99 [\x1b[01;35m\x1b[K\x1b]8;;https://gcc.gnu.org/onlinedocs/gcc/Warning-Options.html#index-Wunused-parameter\x07-Wunused-parameter\x1b]8;;\x07\x1b[m\x1b[K]\n'}
[18.424911] (sllidar_ros2) StderrLine: {'line': b'   56 |         virtual void onDecodingError(\x1b[01;35m\x1b[Kint errMsg\x1b[m\x1b[K, _u8 ansType, const void* payload, size_t size) {}\n'}
[18.425649] (sllidar_ros2) StderrLine: {'line': b'      |                                      \x1b[01;35m\x1b[K~~~~^~~~~~\x1b[m\x1b[K\n'}
[18.426320] (sllidar_ros2) StderrLine: {'line': b'\x1b[01m\x1b[K/home/rospi/aug_2024/src/sllidar_ros2/sdk/src/dataunpacker/dataunpacker.h:56:54:\x1b[m\x1b[K \x1b[01;35m\x1b[Kwarning: \x1b[m\x1b[Kunused parameter \xe2\x80\x98\x1b[01m\x1b[KansType\x1b[m\x1b[K\xe2\x80\x99 [\x1b[01;35m\x1b[K\x1b]8;;https://gcc.gnu.org/onlinedocs/gcc/Warning-Options.html#index-Wunused-parameter\x07-Wunused-parameter\x1b]8;;\x07\x1b[m\x1b[K]\n'}
[18.427050] (sllidar_ros2) StderrLine: {'line': b'   56 |         virtual void onDecodingError(int errMsg, \x1b[01;35m\x1b[K_u8 ansType\x1b[m\x1b[K, const void* payload, size_t size) {}\n'}
[18.427810] (sllidar_ros2) StderrLine: {'line': b'      |                                                  \x1b[01;35m\x1b[K~~~~^~~~~~~\x1b[m\x1b[K\n'}
[18.428659] (sllidar_ros2) StderrLine: {'line': b'\x1b[01m\x1b[K/home/rospi/aug_2024/src/sllidar_ros2/sdk/src/dataunpacker/dataunpacker.h:56:75:\x1b[m\x1b[K \x1b[01;35m\x1b[Kwarning: \x1b[m\x1b[Kunused parameter \xe2\x80\x98\x1b[01m\x1b[Kpayload\x1b[m\x1b[K\xe2\x80\x99 [\x1b[01;35m\x1b[K\x1b]8;;https://gcc.gnu.org/onlinedocs/gcc/Warning-Options.html#index-Wunused-parameter\x07-Wunused-parameter\x1b]8;;\x07\x1b[m\x1b[K]\n'}
[18.429390] (sllidar_ros2) StderrLine: {'line': b'   56 |         virtual void onDecodingError(int errMsg, _u8 ansType, \x1b[01;35m\x1b[Kconst void* payload\x1b[m\x1b[K, size_t size) {}\n'}
[18.430228] (sllidar_ros2) StderrLine: {'line': b'      |                                                               \x1b[01;35m\x1b[K~~~~~~~~~~~~^~~~~~~\x1b[m\x1b[K\n'}
[18.431042] (sllidar_ros2) StderrLine: {'line': b'\x1b[01m\x1b[K/home/rospi/aug_2024/src/sllidar_ros2/sdk/src/dataunpacker/dataunpacker.h:56:91:\x1b[m\x1b[K \x1b[01;35m\x1b[Kwarning: \x1b[m\x1b[Kunused parameter \xe2\x80\x98\x1b[01m\x1b[Ksize\x1b[m\x1b[K\xe2\x80\x99 [\x1b[01;35m\x1b[K\x1b]8;;https://gcc.gnu.org/onlinedocs/gcc/Warning-Options.html#index-Wunused-parameter\x07-Wunused-parameter\x1b]8;;\x07\x1b[m\x1b[K]\n'}
[18.443944] (sllidar_ros2) StderrLine: {'line': b'   56 |         virtual void onDecodingError(int errMsg, _u8 ansType, const void* payload, \x1b[01;35m\x1b[Ksize_t size\x1b[m\x1b[K) {}\n'}
[18.444939] (sllidar_ros2) StderrLine: {'line': b'      |                                                                                    \x1b[01;35m\x1b[K~~~~~~~^~~~\x1b[m\x1b[K\n'}
[18.451103] (-) TimerEvent: {}
[18.552584] (-) TimerEvent: {}
[18.653596] (-) TimerEvent: {}
[18.754694] (-) TimerEvent: {}
[18.855975] (-) TimerEvent: {}
[18.957194] (-) TimerEvent: {}
[19.058338] (-) TimerEvent: {}
[19.159541] (-) TimerEvent: {}
[19.260817] (-) TimerEvent: {}
[19.368154] (-) TimerEvent: {}
[19.469603] (-) TimerEvent: {}
[19.574293] (-) TimerEvent: {}
[19.676169] (-) TimerEvent: {}
[19.778123] (-) TimerEvent: {}
[19.789364] (sllidar_ros2) StdoutLine: {'line': b'[ 40%] \x1b[32mBuilding CXX object CMakeFiles/sllidar_node.dir/sdk/src/dataunpacker/unpacker/handler_hqnode.cpp.o\x1b[0m\n'}
[19.878376] (-) TimerEvent: {}
[19.979971] (-) TimerEvent: {}
[20.081706] (-) TimerEvent: {}
[20.183486] (-) TimerEvent: {}
[20.285251] (-) TimerEvent: {}
[20.386894] (-) TimerEvent: {}
[20.459849] (sllidar_ros2) StderrLine: {'line': b'In file included from \x1b[01m\x1b[K/home/rospi/aug_2024/src/sllidar_ros2/./sdk/include/rplidar_protocol.h:36\x1b[m\x1b[K,\n'}
[20.461230] (sllidar_ros2) StderrLine: {'line': b'                 from \x1b[01m\x1b[K/home/rospi/aug_2024/src/sllidar_ros2/./sdk/include/rplidar.h:39\x1b[m\x1b[K,\n'}
[20.462354] (sllidar_ros2) StderrLine: {'line': b'                 from \x1b[01m\x1b[K/home/rospi/aug_2024/src/sllidar_ros2/./sdk/src/sdkcommon.h:49\x1b[m\x1b[K,\n'}
[20.463571] (sllidar_ros2) StderrLine: {'line': b'                 from \x1b[01m\x1b[K/home/rospi/aug_2024/src/sllidar_ros2/sdk/src/dataunpacker/unpacker/../dataunnpacker_commondef.h:41\x1b[m\x1b[K,\n'}
[20.464894] (sllidar_ros2) StderrLine: {'line': b'                 from \x1b[01m\x1b[K/home/rospi/aug_2024/src/sllidar_ros2/sdk/src/dataunpacker/unpacker/handler_capsules.cpp:39\x1b[m\x1b[K:\n'}
[20.466147] (sllidar_ros2) StderrLine: {'line': b'\x1b[01m\x1b[K/home/rospi/aug_2024/src/sllidar_ros2/./sdk/include/sl_lidar_protocol.h:66:16:\x1b[m\x1b[K \x1b[01;35m\x1b[Kwarning: \x1b[m\x1b[KISO C++ forbids zero-size array \xe2\x80\x98\x1b[01m\x1b[Kdata\x1b[m\x1b[K\xe2\x80\x99 [\x1b[01;35m\x1b[K\x1b]8;;https://gcc.gnu.org/onlinedocs/gcc/Warning-Options.html#index-Wpedantic\x07-Wpedantic\x1b]8;;\x07\x1b[m\x1b[K]\n'}
[20.467330] (sllidar_ros2) StderrLine: {'line': b'   66 |     sl_u8 data[\x1b[01;35m\x1b[K0\x1b[m\x1b[K];\n'}
[20.468593] (sllidar_ros2) StderrLine: {'line': b'      |                \x1b[01;35m\x1b[K^\x1b[m\x1b[K\n'}
[20.472299] (sllidar_ros2) StderrLine: {'line': b'In file included from \x1b[01m\x1b[K/home/rospi/aug_2024/src/sllidar_ros2/./sdk/include/rplidar_cmd.h:36\x1b[m\x1b[K,\n'}
[20.473613] (sllidar_ros2) StderrLine: {'line': b'                 from \x1b[01m\x1b[K/home/rospi/aug_2024/src/sllidar_ros2/./sdk/include/rplidar.h:40\x1b[m\x1b[K,\n'}
[20.474809] (sllidar_ros2) StderrLine: {'line': b'                 from \x1b[01m\x1b[K/home/rospi/aug_2024/src/sllidar_ros2/./sdk/src/sdkcommon.h:49\x1b[m\x1b[K,\n'}
[20.476061] (sllidar_ros2) StderrLine: {'line': b'                 from \x1b[01m\x1b[K/home/rospi/aug_2024/src/sllidar_ros2/sdk/src/dataunpacker/unpacker/../dataunnpacker_commondef.h:41\x1b[m\x1b[K,\n'}
[20.477226] (sllidar_ros2) StderrLine: {'line': b'                 from \x1b[01m\x1b[K/home/rospi/aug_2024/src/sllidar_ros2/sdk/src/dataunpacker/unpacker/handler_capsules.cpp:39\x1b[m\x1b[K:\n'}
[20.478402] (sllidar_ros2) StderrLine: {'line': b'\x1b[01m\x1b[K/home/rospi/aug_2024/src/sllidar_ros2/./sdk/include/sl_lidar_cmd.h:324:20:\x1b[m\x1b[K \x1b[01;35m\x1b[Kwarning: \x1b[m\x1b[KISO C++ forbids zero-size array \xe2\x80\x98\x1b[01m\x1b[Kpayload\x1b[m\x1b[K\xe2\x80\x99 [\x1b[01;35m\x1b[K\x1b]8;;https://gcc.gnu.org/onlinedocs/gcc/Warning-Options.html#index-Wpedantic\x07-Wpedantic\x1b]8;;\x07\x1b[m\x1b[K]\n'}
[20.487980] (sllidar_ros2) StderrLine: {'line': b'  324 |     sl_u8  payload[\x1b[01;35m\x1b[K0\x1b[m\x1b[K];\n'}
[20.488798] (-) TimerEvent: {}
[20.490123] (sllidar_ros2) StderrLine: {'line': b'      |                    \x1b[01;35m\x1b[K^\x1b[m\x1b[K\n'}
[20.589052] (-) TimerEvent: {}
[20.690589] (-) TimerEvent: {}
[20.792200] (-) TimerEvent: {}
[20.893155] (-) TimerEvent: {}
[20.994203] (-) TimerEvent: {}
[21.095113] (-) TimerEvent: {}
[21.196178] (-) TimerEvent: {}
[21.297317] (-) TimerEvent: {}
[21.398470] (-) TimerEvent: {}
[21.499553] (-) TimerEvent: {}
[21.557814] (sllidar_ros2) StderrLine: {'line': b'In file included from \x1b[01m\x1b[K/home/rospi/aug_2024/src/sllidar_ros2/sdk/src/dataunpacker/unpacker/handler_capsules.cpp:40\x1b[m\x1b[K:\n'}
[21.559288] (sllidar_ros2) StderrLine: {'line': b'\x1b[01m\x1b[K/home/rospi/aug_2024/src/sllidar_ros2/sdk/src/dataunpacker/unpacker/../dataunpacker.h:\x1b[m\x1b[K In member function \xe2\x80\x98\x1b[01m\x1b[Kvirtual void sl::internal::LIDARSampleDataListener::onCustomSampleDataDecoded(_u8, _u32, const void*, size_t)\x1b[m\x1b[K\xe2\x80\x99:\n'}
[21.560977] (sllidar_ros2) StderrLine: {'line': b'\x1b[01m\x1b[K/home/rospi/aug_2024/src/sllidar_ros2/sdk/src/dataunpacker/unpacker/../dataunpacker.h:54:52:\x1b[m\x1b[K \x1b[01;35m\x1b[Kwarning: \x1b[m\x1b[Kunused parameter \xe2\x80\x98\x1b[01m\x1b[KansType\x1b[m\x1b[K\xe2\x80\x99 [\x1b[01;35m\x1b[K\x1b]8;;https://gcc.gnu.org/onlinedocs/gcc/Warning-Options.html#index-Wunused-parameter\x07-Wunused-parameter\x1b]8;;\x07\x1b[m\x1b[K]\n'}
[21.562427] (sllidar_ros2) StderrLine: {'line': b'   54 |         virtual void onCustomSampleDataDecoded(\x1b[01;35m\x1b[K_u8 ansType\x1b[m\x1b[K, _u32 customCode, const void* data, size_t size) {}\n'}
[21.563857] (sllidar_ros2) StderrLine: {'line': b'      |                                                \x1b[01;35m\x1b[K~~~~^~~~~~~\x1b[m\x1b[K\n'}
[21.565454] (sllidar_ros2) StderrLine: {'line': b'\x1b[01m\x1b[K/home/rospi/aug_2024/src/sllidar_ros2/sdk/src/dataunpacker/unpacker/../dataunpacker.h:54:66:\x1b[m\x1b[K \x1b[01;35m\x1b[Kwarning: \x1b[m\x1b[Kunused parameter \xe2\x80\x98\x1b[01m\x1b[KcustomCode\x1b[m\x1b[K\xe2\x80\x99 [\x1b[01;35m\x1b[K\x1b]8;;https://gcc.gnu.org/onlinedocs/gcc/Warning-Options.html#index-Wunused-parameter\x07-Wunused-parameter\x1b]8;;\x07\x1b[m\x1b[K]\n'}
[21.566948] (sllidar_ros2) StderrLine: {'line': b'   54 |         virtual void onCustomSampleDataDecoded(_u8 ansType, \x1b[01;35m\x1b[K_u32 customCode\x1b[m\x1b[K, const void* data, size_t size) {}\n'}
[21.568684] (sllidar_ros2) StderrLine: {'line': b'      |                                                             \x1b[01;35m\x1b[K~~~~~^~~~~~~~~~\x1b[m\x1b[K\n'}
[21.570414] (sllidar_ros2) StderrLine: {'line': b'\x1b[01m\x1b[K/home/rospi/aug_2024/src/sllidar_ros2/sdk/src/dataunpacker/unpacker/../dataunpacker.h:54:90:\x1b[m\x1b[K \x1b[01;35m\x1b[Kwarning: \x1b[m\x1b[Kunused parameter \xe2\x80\x98\x1b[01m\x1b[Kdata\x1b[m\x1b[K\xe2\x80\x99 [\x1b[01;35m\x1b[K\x1b]8;;https://gcc.gnu.org/onlinedocs/gcc/Warning-Options.html#index-Wunused-parameter\x07-Wunused-parameter\x1b]8;;\x07\x1b[m\x1b[K]\n'}
[21.572708] (sllidar_ros2) StderrLine: {'line': b'   54 |         virtual void onCustomSampleDataDecoded(_u8 ansType, _u32 customCode, \x1b[01;35m\x1b[Kconst void* data\x1b[m\x1b[K, size_t size) {}\n'}
[21.573638] (sllidar_ros2) StderrLine: {'line': b'      |                                                                              \x1b[01;35m\x1b[K~~~~~~~~~~~~^~~~\x1b[m\x1b[K\n'}
[21.574522] (sllidar_ros2) StderrLine: {'line': b'\x1b[01m\x1b[K/home/rospi/aug_2024/src/sllidar_ros2/sdk/src/dataunpacker/unpacker/../dataunpacker.h:54:103:\x1b[m\x1b[K \x1b[01;35m\x1b[Kwarning: \x1b[m\x1b[Kunused parameter \xe2\x80\x98\x1b[01m\x1b[Ksize\x1b[m\x1b[K\xe2\x80\x99 [\x1b[01;35m\x1b[K\x1b]8;;https://gcc.gnu.org/onlinedocs/gcc/Warning-Options.html#index-Wunused-parameter\x07-Wunused-parameter\x1b]8;;\x07\x1b[m\x1b[K]\n'}
[21.591968] (sllidar_ros2) StderrLine: {'line': b'   54 |         virtual void onCustomSampleDataDecoded(_u8 ansType, _u32 customCode, const void* data, \x1b[01;35m\x1b[Ksize_t size\x1b[m\x1b[K) {}\n'}
[21.592825] (sllidar_ros2) StderrLine: {'line': b'      |                                                                                                \x1b[01;35m\x1b[K~~~~~~~^~~~\x1b[m\x1b[K\n'}
[21.593501] (sllidar_ros2) StderrLine: {'line': b'\x1b[01m\x1b[K/home/rospi/aug_2024/src/sllidar_ros2/sdk/src/dataunpacker/unpacker/../dataunpacker.h:\x1b[m\x1b[K In member function \xe2\x80\x98\x1b[01m\x1b[Kvirtual void sl::internal::LIDARSampleDataListener::onDecodingError(int, _u8, const void*, size_t)\x1b[m\x1b[K\xe2\x80\x99:\n'}
[21.594246] (sllidar_ros2) StderrLine: {'line': b'\x1b[01m\x1b[K/home/rospi/aug_2024/src/sllidar_ros2/sdk/src/dataunpacker/unpacker/../dataunpacker.h:56:42:\x1b[m\x1b[K \x1b[01;35m\x1b[Kwarning: \x1b[m\x1b[Kunused parameter \xe2\x80\x98\x1b[01m\x1b[KerrMsg\x1b[m\x1b[K\xe2\x80\x99 [\x1b[01;35m\x1b[K\x1b]8;;https://gcc.gnu.org/onlinedocs/gcc/Warning-Options.html#index-Wunused-parameter\x07-Wunused-parameter\x1b]8;;\x07\x1b[m\x1b[K]\n'}
[21.594918] (sllidar_ros2) StderrLine: {'line': b'   56 |         virtual void onDecodingError(\x1b[01;35m\x1b[Kint errMsg\x1b[m\x1b[K, _u8 ansType, const void* payload, size_t size) {}\n'}
[21.595616] (sllidar_ros2) StderrLine: {'line': b'      |                                      \x1b[01;35m\x1b[K~~~~^~~~~~\x1b[m\x1b[K\n'}
[21.596435] (sllidar_ros2) StderrLine: {'line': b'\x1b[01m\x1b[K/home/rospi/aug_2024/src/sllidar_ros2/sdk/src/dataunpacker/unpacker/../dataunpacker.h:56:54:\x1b[m\x1b[K \x1b[01;35m\x1b[Kwarning: \x1b[m\x1b[Kunused parameter \xe2\x80\x98\x1b[01m\x1b[KansType\x1b[m\x1b[K\xe2\x80\x99 [\x1b[01;35m\x1b[K\x1b]8;;https://gcc.gnu.org/onlinedocs/gcc/Warning-Options.html#index-Wunused-parameter\x07-Wunused-parameter\x1b]8;;\x07\x1b[m\x1b[K]\n'}
[21.597268] (sllidar_ros2) StderrLine: {'line': b'   56 |         virtual void onDecodingError(int errMsg, \x1b[01;35m\x1b[K_u8 ansType\x1b[m\x1b[K, const void* payload, size_t size) {}\n'}
[21.597907] (sllidar_ros2) StderrLine: {'line': b'      |                                                  \x1b[01;35m\x1b[K~~~~^~~~~~~\x1b[m\x1b[K\n'}
[21.598608] (sllidar_ros2) StderrLine: {'line': b'\x1b[01m\x1b[K/home/rospi/aug_2024/src/sllidar_ros2/sdk/src/dataunpacker/unpacker/../dataunpacker.h:56:75:\x1b[m\x1b[K \x1b[01;35m\x1b[Kwarning: \x1b[m\x1b[Kunused parameter \xe2\x80\x98\x1b[01m\x1b[Kpayload\x1b[m\x1b[K\xe2\x80\x99 [\x1b[01;35m\x1b[K\x1b]8;;https://gcc.gnu.org/onlinedocs/gcc/Warning-Options.html#index-Wunused-parameter\x07-Wunused-parameter\x1b]8;;\x07\x1b[m\x1b[K]\n'}
[21.599366] (sllidar_ros2) StderrLine: {'line': b'   56 |         virtual void onDecodingError(int errMsg, _u8 ansType, \x1b[01;35m\x1b[Kconst void* payload\x1b[m\x1b[K, size_t size) {}\n'}
[21.600192] (-) TimerEvent: {}
[21.601606] (sllidar_ros2) StderrLine: {'line': b'      |                                                               \x1b[01;35m\x1b[K~~~~~~~~~~~~^~~~~~~\x1b[m\x1b[K\n'}
[21.602561] (sllidar_ros2) StderrLine: {'line': b'\x1b[01m\x1b[K/home/rospi/aug_2024/src/sllidar_ros2/sdk/src/dataunpacker/unpacker/../dataunpacker.h:56:91:\x1b[m\x1b[K \x1b[01;35m\x1b[Kwarning: \x1b[m\x1b[Kunused parameter \xe2\x80\x98\x1b[01m\x1b[Ksize\x1b[m\x1b[K\xe2\x80\x99 [\x1b[01;35m\x1b[K\x1b]8;;https://gcc.gnu.org/onlinedocs/gcc/Warning-Options.html#index-Wunused-parameter\x07-Wunused-parameter\x1b]8;;\x07\x1b[m\x1b[K]\n'}
[21.603482] (sllidar_ros2) StderrLine: {'line': b'   56 |         virtual void onDecodingError(int errMsg, _u8 ansType, const void* payload, \x1b[01;35m\x1b[Ksize_t size\x1b[m\x1b[K) {}\n'}
[21.604328] (sllidar_ros2) StderrLine: {'line': b'      |                                                                                    \x1b[01;35m\x1b[K~~~~~~~^~~~\x1b[m\x1b[K\n'}
[21.653121] (sllidar_ros2) StderrLine: {'line': b'\x1b[01m\x1b[K/home/rospi/aug_2024/src/sllidar_ros2/sdk/src/dataunpacker/unpacker/handler_capsules.cpp:\x1b[m\x1b[K In member function \xe2\x80\x98\x1b[01m\x1b[Kvoid sl::internal::unpacker::UnpackerHandler_DenseCapsuleNode::_onScanNodeDenseCapsuleData(rplidar_response_dense_capsule_measurement_nodes_t&, sl::internal::LIDARSampleDataUnpackerInner*)\x1b[m\x1b[K\xe2\x80\x99:\n'}
[21.654465] (sllidar_ros2) StderrLine: {'line': b'\x1b[01m\x1b[K/home/rospi/aug_2024/src/sllidar_ros2/sdk/src/dataunpacker/unpacker/handler_capsules.cpp:763:30:\x1b[m\x1b[K \x1b[01;35m\x1b[Kwarning: \x1b[m\x1b[Ktype qualifiers ignored on cast result type [\x1b[01;35m\x1b[K\x1b]8;;https://gcc.gnu.org/onlinedocs/gcc/Warning-Options.html#index-Wignored-qualifiers\x07-Wignored-qualifiers\x1b]8;;\x07\x1b[m\x1b[K]\n'}
[21.655684] (sllidar_ros2) StderrLine: {'line': b'  763 |             const int dist = \x1b[01;35m\x1b[Kstatic_cast<const int>(_cached_previous_dense_capsuledata.cabins[pos].distance)\x1b[m\x1b[K;\n'}
[21.657078] (sllidar_ros2) StderrLine: {'line': b'      |                              \x1b[01;35m\x1b[K^~~~~~~~~~~~~~~~~~~~~~~~~~~~~~~~~~~~~~~~~~~~~~~~~~~~~~~~~~~~~~~~~~~~~~~~~~~~~~~\x1b[m\x1b[K\n'}
[21.700430] (-) TimerEvent: {}
[21.804205] (-) TimerEvent: {}
[21.905579] (-) TimerEvent: {}
[22.008448] (-) TimerEvent: {}
[22.110664] (-) TimerEvent: {}
[22.212511] (-) TimerEvent: {}
[22.314341] (-) TimerEvent: {}
[22.416168] (-) TimerEvent: {}
[22.517307] (-) TimerEvent: {}
[22.618563] (-) TimerEvent: {}
[22.719599] (-) TimerEvent: {}
[22.751660] (sllidar_ros2) StdoutLine: {'line': b'[ 45%] \x1b[32mBuilding CXX object CMakeFiles/sllidar_node.dir/sdk/src/dataunpacker/unpacker/handler_normalnode.cpp.o\x1b[0m\n'}
[22.820012] (-) TimerEvent: {}
[22.920986] (-) TimerEvent: {}
[22.988351] (sllidar_ros2) StderrLine: {'line': b'In file included from \x1b[01m\x1b[K/home/rospi/aug_2024/src/sllidar_ros2/./sdk/include/rplidar_protocol.h:36\x1b[m\x1b[K,\n'}
[22.989246] (sllidar_ros2) StderrLine: {'line': b'                 from \x1b[01m\x1b[K/home/rospi/aug_2024/src/sllidar_ros2/./sdk/include/rplidar.h:39\x1b[m\x1b[K,\n'}
[22.990016] (sllidar_ros2) StderrLine: {'line': b'                 from \x1b[01m\x1b[K/home/rospi/aug_2024/src/sllidar_ros2/./sdk/src/sdkcommon.h:49\x1b[m\x1b[K,\n'}
[22.990880] (sllidar_ros2) StderrLine: {'line': b'                 from \x1b[01m\x1b[K/home/rospi/aug_2024/src/sllidar_ros2/sdk/src/dataunpacker/unpacker/../dataunnpacker_commondef.h:41\x1b[m\x1b[K,\n'}
[22.992352] (sllidar_ros2) StderrLine: {'line': b'                 from \x1b[01m\x1b[K/home/rospi/aug_2024/src/sllidar_ros2/sdk/src/dataunpacker/unpacker/handler_hqnode.cpp:39\x1b[m\x1b[K:\n'}
[22.993167] (sllidar_ros2) StderrLine: {'line': b'\x1b[01m\x1b[K/home/rospi/aug_2024/src/sllidar_ros2/./sdk/include/sl_lidar_protocol.h:66:16:\x1b[m\x1b[K \x1b[01;35m\x1b[Kwarning: \x1b[m\x1b[KISO C++ forbids zero-size array \xe2\x80\x98\x1b[01m\x1b[Kdata\x1b[m\x1b[K\xe2\x80\x99 [\x1b[01;35m\x1b[K\x1b]8;;https://gcc.gnu.org/onlinedocs/gcc/Warning-Options.html#index-Wpedantic\x07-Wpedantic\x1b]8;;\x07\x1b[m\x1b[K]\n'}
[22.993975] (sllidar_ros2) StderrLine: {'line': b'   66 |     sl_u8 data[\x1b[01;35m\x1b[K0\x1b[m\x1b[K];\n'}
[22.994767] (sllidar_ros2) StderrLine: {'line': b'      |                \x1b[01;35m\x1b[K^\x1b[m\x1b[K\n'}
[22.995797] (sllidar_ros2) StderrLine: {'line': b'In file included from \x1b[01m\x1b[K/home/rospi/aug_2024/src/sllidar_ros2/./sdk/include/rplidar_cmd.h:36\x1b[m\x1b[K,\n'}
[22.996705] (sllidar_ros2) StderrLine: {'line': b'                 from \x1b[01m\x1b[K/home/rospi/aug_2024/src/sllidar_ros2/./sdk/include/rplidar.h:40\x1b[m\x1b[K,\n'}
[22.997528] (sllidar_ros2) StderrLine: {'line': b'                 from \x1b[01m\x1b[K/home/rospi/aug_2024/src/sllidar_ros2/./sdk/src/sdkcommon.h:49\x1b[m\x1b[K,\n'}
[22.998277] (sllidar_ros2) StderrLine: {'line': b'                 from \x1b[01m\x1b[K/home/rospi/aug_2024/src/sllidar_ros2/sdk/src/dataunpacker/unpacker/../dataunnpacker_commondef.h:41\x1b[m\x1b[K,\n'}
[22.999059] (sllidar_ros2) StderrLine: {'line': b'                 from \x1b[01m\x1b[K/home/rospi/aug_2024/src/sllidar_ros2/sdk/src/dataunpacker/unpacker/handler_hqnode.cpp:39\x1b[m\x1b[K:\n'}
[23.000121] (sllidar_ros2) StderrLine: {'line': b'\x1b[01m\x1b[K/home/rospi/aug_2024/src/sllidar_ros2/./sdk/include/sl_lidar_cmd.h:324:20:\x1b[m\x1b[K \x1b[01;35m\x1b[Kwarning: \x1b[m\x1b[KISO C++ forbids zero-size array \xe2\x80\x98\x1b[01m\x1b[Kpayload\x1b[m\x1b[K\xe2\x80\x99 [\x1b[01;35m\x1b[K\x1b]8;;https://gcc.gnu.org/onlinedocs/gcc/Warning-Options.html#index-Wpedantic\x07-Wpedantic\x1b]8;;\x07\x1b[m\x1b[K]\n'}
[23.001023] (sllidar_ros2) StderrLine: {'line': b'  324 |     sl_u8  payload[\x1b[01;35m\x1b[K0\x1b[m\x1b[K];\n'}
[23.001776] (sllidar_ros2) StderrLine: {'line': b'      |                    \x1b[01;35m\x1b[K^\x1b[m\x1b[K\n'}
[23.021279] (-) TimerEvent: {}
[23.122277] (-) TimerEvent: {}
[23.223458] (-) TimerEvent: {}
[23.327967] (-) TimerEvent: {}
[23.429100] (-) TimerEvent: {}
[23.530387] (-) TimerEvent: {}
[23.631468] (-) TimerEvent: {}
[23.732651] (-) TimerEvent: {}
[23.833758] (-) TimerEvent: {}
[23.934870] (-) TimerEvent: {}
[24.036271] (-) TimerEvent: {}
[24.137522] (-) TimerEvent: {}
[24.233837] (sllidar_ros2) StderrLine: {'line': b'In file included from \x1b[01m\x1b[K/home/rospi/aug_2024/src/sllidar_ros2/sdk/src/dataunpacker/unpacker/handler_hqnode.cpp:40\x1b[m\x1b[K:\n'}
[24.235936] (sllidar_ros2) StderrLine: {'line': b'\x1b[01m\x1b[K/home/rospi/aug_2024/src/sllidar_ros2/sdk/src/dataunpacker/unpacker/../dataunpacker.h:\x1b[m\x1b[K In member function \xe2\x80\x98\x1b[01m\x1b[Kvirtual void sl::internal::LIDARSampleDataListener::onCustomSampleDataDecoded(_u8, _u32, const void*, size_t)\x1b[m\x1b[K\xe2\x80\x99:\n'}
[24.237842] (-) TimerEvent: {}
[24.239322] (sllidar_ros2) StderrLine: {'line': b'\x1b[01m\x1b[K/home/rospi/aug_2024/src/sllidar_ros2/sdk/src/dataunpacker/unpacker/../dataunpacker.h:54:52:\x1b[m\x1b[K \x1b[01;35m\x1b[Kwarning: \x1b[m\x1b[Kunused parameter \xe2\x80\x98\x1b[01m\x1b[KansType\x1b[m\x1b[K\xe2\x80\x99 [\x1b[01;35m\x1b[K\x1b]8;;https://gcc.gnu.org/onlinedocs/gcc/Warning-Options.html#index-Wunused-parameter\x07-Wunused-parameter\x1b]8;;\x07\x1b[m\x1b[K]\n'}
[24.241139] (sllidar_ros2) StderrLine: {'line': b'   54 |         virtual void onCustomSampleDataDecoded(\x1b[01;35m\x1b[K_u8 ansType\x1b[m\x1b[K, _u32 customCode, const void* data, size_t size) {}\n'}
[24.242141] (sllidar_ros2) StderrLine: {'line': b'      |                                                \x1b[01;35m\x1b[K~~~~^~~~~~~\x1b[m\x1b[K\n'}
[24.243100] (sllidar_ros2) StderrLine: {'line': b'\x1b[01m\x1b[K/home/rospi/aug_2024/src/sllidar_ros2/sdk/src/dataunpacker/unpacker/../dataunpacker.h:54:66:\x1b[m\x1b[K \x1b[01;35m\x1b[Kwarning: \x1b[m\x1b[Kunused parameter \xe2\x80\x98\x1b[01m\x1b[KcustomCode\x1b[m\x1b[K\xe2\x80\x99 [\x1b[01;35m\x1b[K\x1b]8;;https://gcc.gnu.org/onlinedocs/gcc/Warning-Options.html#index-Wunused-parameter\x07-Wunused-parameter\x1b]8;;\x07\x1b[m\x1b[K]\n'}
[24.244407] (sllidar_ros2) StderrLine: {'line': b'   54 |         virtual void onCustomSampleDataDecoded(_u8 ansType, \x1b[01;35m\x1b[K_u32 customCode\x1b[m\x1b[K, const void* data, size_t size) {}\n'}
[24.245554] (sllidar_ros2) StderrLine: {'line': b'      |                                                             \x1b[01;35m\x1b[K~~~~~^~~~~~~~~~\x1b[m\x1b[K\n'}
[24.246522] (sllidar_ros2) StderrLine: {'line': b'\x1b[01m\x1b[K/home/rospi/aug_2024/src/sllidar_ros2/sdk/src/dataunpacker/unpacker/../dataunpacker.h:54:90:\x1b[m\x1b[K \x1b[01;35m\x1b[Kwarning: \x1b[m\x1b[Kunused parameter \xe2\x80\x98\x1b[01m\x1b[Kdata\x1b[m\x1b[K\xe2\x80\x99 [\x1b[01;35m\x1b[K\x1b]8;;https://gcc.gnu.org/onlinedocs/gcc/Warning-Options.html#index-Wunused-parameter\x07-Wunused-parameter\x1b]8;;\x07\x1b[m\x1b[K]\n'}
[24.247555] (sllidar_ros2) StderrLine: {'line': b'   54 |         virtual void onCustomSampleDataDecoded(_u8 ansType, _u32 customCode, \x1b[01;35m\x1b[Kconst void* data\x1b[m\x1b[K, size_t size) {}\n'}
[24.248578] (sllidar_ros2) StderrLine: {'line': b'      |                                                                              \x1b[01;35m\x1b[K~~~~~~~~~~~~^~~~\x1b[m\x1b[K\n'}
[24.249537] (sllidar_ros2) StderrLine: {'line': b'\x1b[01m\x1b[K/home/rospi/aug_2024/src/sllidar_ros2/sdk/src/dataunpacker/unpacker/../dataunpacker.h:54:103:\x1b[m\x1b[K \x1b[01;35m\x1b[Kwarning: \x1b[m\x1b[Kunused parameter \xe2\x80\x98\x1b[01m\x1b[Ksize\x1b[m\x1b[K\xe2\x80\x99 [\x1b[01;35m\x1b[K\x1b]8;;https://gcc.gnu.org/onlinedocs/gcc/Warning-Options.html#index-Wunused-parameter\x07-Wunused-parameter\x1b]8;;\x07\x1b[m\x1b[K]\n'}
[24.250537] (sllidar_ros2) StderrLine: {'line': b'   54 |         virtual void onCustomSampleDataDecoded(_u8 ansType, _u32 customCode, const void* data, \x1b[01;35m\x1b[Ksize_t size\x1b[m\x1b[K) {}\n'}
[24.251603] (sllidar_ros2) StderrLine: {'line': b'      |                                                                                                \x1b[01;35m\x1b[K~~~~~~~^~~~\x1b[m\x1b[K\n'}
[24.264770] (sllidar_ros2) StderrLine: {'line': b'\x1b[01m\x1b[K/home/rospi/aug_2024/src/sllidar_ros2/sdk/src/dataunpacker/unpacker/../dataunpacker.h:\x1b[m\x1b[K In member function \xe2\x80\x98\x1b[01m\x1b[Kvirtual void sl::internal::LIDARSampleDataListener::onDecodingError(int, _u8, const void*, size_t)\x1b[m\x1b[K\xe2\x80\x99:\n'}
[24.265651] (sllidar_ros2) StderrLine: {'line': b'\x1b[01m\x1b[K/home/rospi/aug_2024/src/sllidar_ros2/sdk/src/dataunpacker/unpacker/../dataunpacker.h:56:42:\x1b[m\x1b[K \x1b[01;35m\x1b[Kwarning: \x1b[m\x1b[Kunused parameter \xe2\x80\x98\x1b[01m\x1b[KerrMsg\x1b[m\x1b[K\xe2\x80\x99 [\x1b[01;35m\x1b[K\x1b]8;;https://gcc.gnu.org/onlinedocs/gcc/Warning-Options.html#index-Wunused-parameter\x07-Wunused-parameter\x1b]8;;\x07\x1b[m\x1b[K]\n'}
[24.266548] (sllidar_ros2) StderrLine: {'line': b'   56 |         virtual void onDecodingError(\x1b[01;35m\x1b[Kint errMsg\x1b[m\x1b[K, _u8 ansType, const void* payload, size_t size) {}\n'}
[24.267356] (sllidar_ros2) StderrLine: {'line': b'      |                                      \x1b[01;35m\x1b[K~~~~^~~~~~\x1b[m\x1b[K\n'}
[24.268248] (sllidar_ros2) StderrLine: {'line': b'\x1b[01m\x1b[K/home/rospi/aug_2024/src/sllidar_ros2/sdk/src/dataunpacker/unpacker/../dataunpacker.h:56:54:\x1b[m\x1b[K \x1b[01;35m\x1b[Kwarning: \x1b[m\x1b[Kunused parameter \xe2\x80\x98\x1b[01m\x1b[KansType\x1b[m\x1b[K\xe2\x80\x99 [\x1b[01;35m\x1b[K\x1b]8;;https://gcc.gnu.org/onlinedocs/gcc/Warning-Options.html#index-Wunused-parameter\x07-Wunused-parameter\x1b]8;;\x07\x1b[m\x1b[K]\n'}
[24.269151] (sllidar_ros2) StderrLine: {'line': b'   56 |         virtual void onDecodingError(int errMsg, \x1b[01;35m\x1b[K_u8 ansType\x1b[m\x1b[K, const void* payload, size_t size) {}\n'}
[24.269968] (sllidar_ros2) StderrLine: {'line': b'      |                                                  \x1b[01;35m\x1b[K~~~~^~~~~~~\x1b[m\x1b[K\n'}
[24.270928] (sllidar_ros2) StderrLine: {'line': b'\x1b[01m\x1b[K/home/rospi/aug_2024/src/sllidar_ros2/sdk/src/dataunpacker/unpacker/../dataunpacker.h:56:75:\x1b[m\x1b[K \x1b[01;35m\x1b[Kwarning: \x1b[m\x1b[Kunused parameter \xe2\x80\x98\x1b[01m\x1b[Kpayload\x1b[m\x1b[K\xe2\x80\x99 [\x1b[01;35m\x1b[K\x1b]8;;https://gcc.gnu.org/onlinedocs/gcc/Warning-Options.html#index-Wunused-parameter\x07-Wunused-parameter\x1b]8;;\x07\x1b[m\x1b[K]\n'}
[24.271791] (sllidar_ros2) StderrLine: {'line': b'   56 |         virtual void onDecodingError(int errMsg, _u8 ansType, \x1b[01;35m\x1b[Kconst void* payload\x1b[m\x1b[K, size_t size) {}\n'}
[24.272629] (sllidar_ros2) StderrLine: {'line': b'      |                                                               \x1b[01;35m\x1b[K~~~~~~~~~~~~^~~~~~~\x1b[m\x1b[K\n'}
[24.273446] (sllidar_ros2) StderrLine: {'line': b'\x1b[01m\x1b[K/home/rospi/aug_2024/src/sllidar_ros2/sdk/src/dataunpacker/unpacker/../dataunpacker.h:56:91:\x1b[m\x1b[K \x1b[01;35m\x1b[Kwarning: \x1b[m\x1b[Kunused parameter \xe2\x80\x98\x1b[01m\x1b[Ksize\x1b[m\x1b[K\xe2\x80\x99 [\x1b[01;35m\x1b[K\x1b]8;;https://gcc.gnu.org/onlinedocs/gcc/Warning-Options.html#index-Wunused-parameter\x07-Wunused-parameter\x1b]8;;\x07\x1b[m\x1b[K]\n'}
[24.274253] (sllidar_ros2) StderrLine: {'line': b'   56 |         virtual void onDecodingError(int errMsg, _u8 ansType, const void* payload, \x1b[01;35m\x1b[Ksize_t size\x1b[m\x1b[K) {}\n'}
[24.275044] (sllidar_ros2) StderrLine: {'line': b'      |                                                                                    \x1b[01;35m\x1b[K~~~~~~~^~~~\x1b[m\x1b[K\n'}
[24.338123] (-) TimerEvent: {}
[24.439163] (-) TimerEvent: {}
[24.540245] (-) TimerEvent: {}
[24.641450] (-) TimerEvent: {}
[24.742740] (-) TimerEvent: {}
[24.844004] (-) TimerEvent: {}
[24.945319] (-) TimerEvent: {}
[25.019294] (sllidar_ros2) StdoutLine: {'line': b'[ 50%] \x1b[32mBuilding CXX object CMakeFiles/sllidar_node.dir/sdk/src/hal/thread.cpp.o\x1b[0m\n'}
[25.045583] (-) TimerEvent: {}
[25.147522] (-) TimerEvent: {}
[25.249252] (-) TimerEvent: {}
[25.350871] (-) TimerEvent: {}
[25.451923] (-) TimerEvent: {}
[25.552988] (-) TimerEvent: {}
[25.653962] (-) TimerEvent: {}
[25.754885] (-) TimerEvent: {}
[25.860702] (-) TimerEvent: {}
[25.965495] (-) TimerEvent: {}
[26.068359] (-) TimerEvent: {}
[26.169915] (-) TimerEvent: {}
[26.255377] (sllidar_ros2) StderrLine: {'line': b'In file included from \x1b[01m\x1b[K/home/rospi/aug_2024/src/sllidar_ros2/./sdk/include/rplidar_protocol.h:36\x1b[m\x1b[K,\n'}
[26.256250] (sllidar_ros2) StderrLine: {'line': b'                 from \x1b[01m\x1b[K/home/rospi/aug_2024/src/sllidar_ros2/./sdk/include/rplidar.h:39\x1b[m\x1b[K,\n'}
[26.257016] (sllidar_ros2) StderrLine: {'line': b'                 from \x1b[01m\x1b[K/home/rospi/aug_2024/src/sllidar_ros2/./sdk/src/sdkcommon.h:49\x1b[m\x1b[K,\n'}
[26.257679] (sllidar_ros2) StderrLine: {'line': b'                 from \x1b[01m\x1b[K/home/rospi/aug_2024/src/sllidar_ros2/sdk/src/dataunpacker/unpacker/../dataunnpacker_commondef.h:41\x1b[m\x1b[K,\n'}
[26.258270] (sllidar_ros2) StderrLine: {'line': b'                 from \x1b[01m\x1b[K/home/rospi/aug_2024/src/sllidar_ros2/sdk/src/dataunpacker/unpacker/handler_normalnode.cpp:39\x1b[m\x1b[K:\n'}
[26.258826] (sllidar_ros2) StderrLine: {'line': b'\x1b[01m\x1b[K/home/rospi/aug_2024/src/sllidar_ros2/./sdk/include/sl_lidar_protocol.h:66:16:\x1b[m\x1b[K \x1b[01;35m\x1b[Kwarning: \x1b[m\x1b[KISO C++ forbids zero-size array \xe2\x80\x98\x1b[01m\x1b[Kdata\x1b[m\x1b[K\xe2\x80\x99 [\x1b[01;35m\x1b[K\x1b]8;;https://gcc.gnu.org/onlinedocs/gcc/Warning-Options.html#index-Wpedantic\x07-Wpedantic\x1b]8;;\x07\x1b[m\x1b[K]\n'}
[26.259426] (sllidar_ros2) StderrLine: {'line': b'   66 |     sl_u8 data[\x1b[01;35m\x1b[K0\x1b[m\x1b[K];\n'}
[26.260673] (sllidar_ros2) StderrLine: {'line': b'      |                \x1b[01;35m\x1b[K^\x1b[m\x1b[K\n'}
[26.261355] (sllidar_ros2) StderrLine: {'line': b'In file included from \x1b[01m\x1b[K/home/rospi/aug_2024/src/sllidar_ros2/./sdk/include/rplidar_cmd.h:36\x1b[m\x1b[K,\n'}
[26.261881] (sllidar_ros2) StderrLine: {'line': b'                 from \x1b[01m\x1b[K/home/rospi/aug_2024/src/sllidar_ros2/./sdk/include/rplidar.h:40\x1b[m\x1b[K,\n'}
[26.262404] (sllidar_ros2) StderrLine: {'line': b'                 from \x1b[01m\x1b[K/home/rospi/aug_2024/src/sllidar_ros2/./sdk/src/sdkcommon.h:49\x1b[m\x1b[K,\n'}
[26.262943] (sllidar_ros2) StderrLine: {'line': b'                 from \x1b[01m\x1b[K/home/rospi/aug_2024/src/sllidar_ros2/sdk/src/dataunpacker/unpacker/../dataunnpacker_commondef.h:41\x1b[m\x1b[K,\n'}
[26.263483] (sllidar_ros2) StderrLine: {'line': b'                 from \x1b[01m\x1b[K/home/rospi/aug_2024/src/sllidar_ros2/sdk/src/dataunpacker/unpacker/handler_normalnode.cpp:39\x1b[m\x1b[K:\n'}
[26.264215] (sllidar_ros2) StderrLine: {'line': b'\x1b[01m\x1b[K/home/rospi/aug_2024/src/sllidar_ros2/./sdk/include/sl_lidar_cmd.h:324:20:\x1b[m\x1b[K \x1b[01;35m\x1b[Kwarning: \x1b[m\x1b[KISO C++ forbids zero-size array \xe2\x80\x98\x1b[01m\x1b[Kpayload\x1b[m\x1b[K\xe2\x80\x99 [\x1b[01;35m\x1b[K\x1b]8;;https://gcc.gnu.org/onlinedocs/gcc/Warning-Options.html#index-Wpedantic\x07-Wpedantic\x1b]8;;\x07\x1b[m\x1b[K]\n'}
[26.264952] (sllidar_ros2) StderrLine: {'line': b'  324 |     sl_u8  payload[\x1b[01;35m\x1b[K0\x1b[m\x1b[K];\n'}
[26.265688] (sllidar_ros2) StderrLine: {'line': b'      |                    \x1b[01;35m\x1b[K^\x1b[m\x1b[K\n'}
[26.279979] (-) TimerEvent: {}
[26.380950] (-) TimerEvent: {}
[26.482145] (-) TimerEvent: {}
[26.496514] (sllidar_ros2) StderrLine: {'line': b'In file included from \x1b[01m\x1b[K/home/rospi/aug_2024/src/sllidar_ros2/./sdk/include/sl_lidar_cmd.h:41\x1b[m\x1b[K,\n'}
[26.498077] (sllidar_ros2) StderrLine: {'line': b'                 from \x1b[01m\x1b[K/home/rospi/aug_2024/src/sllidar_ros2/./sdk/include/sl_lidar_driver.h:54\x1b[m\x1b[K,\n'}
[26.499028] (sllidar_ros2) StderrLine: {'line': b'                 from \x1b[01m\x1b[K/home/rospi/aug_2024/src/sllidar_ros2/./sdk/include/sl_lidar.h:36\x1b[m\x1b[K,\n'}
[26.499793] (sllidar_ros2) StderrLine: {'line': b'                 from \x1b[01m\x1b[K/home/rospi/aug_2024/src/sllidar_ros2/src/sllidar_node.cpp:38\x1b[m\x1b[K:\n'}
[26.500830] (sllidar_ros2) StderrLine: {'line': b'\x1b[01m\x1b[K/home/rospi/aug_2024/src/sllidar_ros2/./sdk/include/sl_lidar_protocol.h:66:16:\x1b[m\x1b[K \x1b[01;35m\x1b[Kwarning: \x1b[m\x1b[KISO C++ forbids zero-size array \xe2\x80\x98\x1b[01m\x1b[Kdata\x1b[m\x1b[K\xe2\x80\x99 [\x1b[01;35m\x1b[K\x1b]8;;https://gcc.gnu.org/onlinedocs/gcc/Warning-Options.html#index-Wpedantic\x07-Wpedantic\x1b]8;;\x07\x1b[m\x1b[K]\n'}
[26.501977] (sllidar_ros2) StderrLine: {'line': b'   66 |     sl_u8 data[\x1b[01;35m\x1b[K0\x1b[m\x1b[K];\n'}
[26.502831] (sllidar_ros2) StderrLine: {'line': b'      |                \x1b[01;35m\x1b[K^\x1b[m\x1b[K\n'}
[26.503643] (sllidar_ros2) StderrLine: {'line': b'In file included from \x1b[01m\x1b[K/home/rospi/aug_2024/src/sllidar_ros2/./sdk/include/sl_lidar_driver.h:54\x1b[m\x1b[K,\n'}
[26.504461] (sllidar_ros2) StderrLine: {'line': b'                 from \x1b[01m\x1b[K/home/rospi/aug_2024/src/sllidar_ros2/./sdk/include/sl_lidar.h:36\x1b[m\x1b[K,\n'}
[26.505237] (sllidar_ros2) StderrLine: {'line': b'                 from \x1b[01m\x1b[K/home/rospi/aug_2024/src/sllidar_ros2/src/sllidar_node.cpp:38\x1b[m\x1b[K:\n'}
[26.505962] (sllidar_ros2) StderrLine: {'line': b'\x1b[01m\x1b[K/home/rospi/aug_2024/src/sllidar_ros2/./sdk/include/sl_lidar_cmd.h:324:20:\x1b[m\x1b[K \x1b[01;35m\x1b[Kwarning: \x1b[m\x1b[KISO C++ forbids zero-size array \xe2\x80\x98\x1b[01m\x1b[Kpayload\x1b[m\x1b[K\xe2\x80\x99 [\x1b[01;35m\x1b[K\x1b]8;;https://gcc.gnu.org/onlinedocs/gcc/Warning-Options.html#index-Wpedantic\x07-Wpedantic\x1b]8;;\x07\x1b[m\x1b[K]\n'}
[26.506980] (sllidar_ros2) StderrLine: {'line': b'  324 |     sl_u8  payload[\x1b[01;35m\x1b[K0\x1b[m\x1b[K];\n'}
[26.507726] (sllidar_ros2) StderrLine: {'line': b'      |                    \x1b[01;35m\x1b[K^\x1b[m\x1b[K\n'}
[26.582390] (-) TimerEvent: {}
[26.683417] (-) TimerEvent: {}
[26.784520] (-) TimerEvent: {}
[26.885708] (-) TimerEvent: {}
[26.986872] (-) TimerEvent: {}
[27.087967] (-) TimerEvent: {}
[27.189243] (-) TimerEvent: {}
[27.290822] (-) TimerEvent: {}
[27.399701] (-) TimerEvent: {}
[27.503292] (-) TimerEvent: {}
[27.608781] (-) TimerEvent: {}
[27.649814] (sllidar_ros2) StderrLine: {'line': b'In file included from \x1b[01m\x1b[K/home/rospi/aug_2024/src/sllidar_ros2/sdk/src/dataunpacker/unpacker/handler_normalnode.cpp:40\x1b[m\x1b[K:\n'}
[27.651252] (sllidar_ros2) StderrLine: {'line': b'\x1b[01m\x1b[K/home/rospi/aug_2024/src/sllidar_ros2/sdk/src/dataunpacker/unpacker/../dataunpacker.h:\x1b[m\x1b[K In member function \xe2\x80\x98\x1b[01m\x1b[Kvirtual void sl::internal::LIDARSampleDataListener::onCustomSampleDataDecoded(_u8, _u32, const void*, size_t)\x1b[m\x1b[K\xe2\x80\x99:\n'}
[27.652616] (sllidar_ros2) StderrLine: {'line': b'\x1b[01m\x1b[K/home/rospi/aug_2024/src/sllidar_ros2/sdk/src/dataunpacker/unpacker/../dataunpacker.h:54:52:\x1b[m\x1b[K \x1b[01;35m\x1b[Kwarning: \x1b[m\x1b[Kunused parameter \xe2\x80\x98\x1b[01m\x1b[KansType\x1b[m\x1b[K\xe2\x80\x99 [\x1b[01;35m\x1b[K\x1b]8;;https://gcc.gnu.org/onlinedocs/gcc/Warning-Options.html#index-Wunused-parameter\x07-Wunused-parameter\x1b]8;;\x07\x1b[m\x1b[K]\n'}
[27.653998] (sllidar_ros2) StderrLine: {'line': b'   54 |         virtual void onCustomSampleDataDecoded(\x1b[01;35m\x1b[K_u8 ansType\x1b[m\x1b[K, _u32 customCode, const void* data, size_t size) {}\n'}
[27.655114] (sllidar_ros2) StderrLine: {'line': b'      |                                                \x1b[01;35m\x1b[K~~~~^~~~~~~\x1b[m\x1b[K\n'}
[27.655905] (sllidar_ros2) StderrLine: {'line': b'\x1b[01m\x1b[K/home/rospi/aug_2024/src/sllidar_ros2/sdk/src/dataunpacker/unpacker/../dataunpacker.h:54:66:\x1b[m\x1b[K \x1b[01;35m\x1b[Kwarning: \x1b[m\x1b[Kunused parameter \xe2\x80\x98\x1b[01m\x1b[KcustomCode\x1b[m\x1b[K\xe2\x80\x99 [\x1b[01;35m\x1b[K\x1b]8;;https://gcc.gnu.org/onlinedocs/gcc/Warning-Options.html#index-Wunused-parameter\x07-Wunused-parameter\x1b]8;;\x07\x1b[m\x1b[K]\n'}
[27.656740] (sllidar_ros2) StderrLine: {'line': b'   54 |         virtual void onCustomSampleDataDecoded(_u8 ansType, \x1b[01;35m\x1b[K_u32 customCode\x1b[m\x1b[K, const void* data, size_t size) {}\n'}
[27.657628] (sllidar_ros2) StderrLine: {'line': b'      |                                                             \x1b[01;35m\x1b[K~~~~~^~~~~~~~~~\x1b[m\x1b[K\n'}
[27.658515] (sllidar_ros2) StderrLine: {'line': b'\x1b[01m\x1b[K/home/rospi/aug_2024/src/sllidar_ros2/sdk/src/dataunpacker/unpacker/../dataunpacker.h:54:90:\x1b[m\x1b[K \x1b[01;35m\x1b[Kwarning: \x1b[m\x1b[Kunused parameter \xe2\x80\x98\x1b[01m\x1b[Kdata\x1b[m\x1b[K\xe2\x80\x99 [\x1b[01;35m\x1b[K\x1b]8;;https://gcc.gnu.org/onlinedocs/gcc/Warning-Options.html#index-Wunused-parameter\x07-Wunused-parameter\x1b]8;;\x07\x1b[m\x1b[K]\n'}
[27.659561] (sllidar_ros2) StderrLine: {'line': b'   54 |         virtual void onCustomSampleDataDecoded(_u8 ansType, _u32 customCode, \x1b[01;35m\x1b[Kconst void* data\x1b[m\x1b[K, size_t size) {}\n'}
[27.660451] (sllidar_ros2) StderrLine: {'line': b'      |                                                                              \x1b[01;35m\x1b[K~~~~~~~~~~~~^~~~\x1b[m\x1b[K\n'}
[27.661354] (sllidar_ros2) StderrLine: {'line': b'\x1b[01m\x1b[K/home/rospi/aug_2024/src/sllidar_ros2/sdk/src/dataunpacker/unpacker/../dataunpacker.h:54:103:\x1b[m\x1b[K \x1b[01;35m\x1b[Kwarning: \x1b[m\x1b[Kunused parameter \xe2\x80\x98\x1b[01m\x1b[Ksize\x1b[m\x1b[K\xe2\x80\x99 [\x1b[01;35m\x1b[K\x1b]8;;https://gcc.gnu.org/onlinedocs/gcc/Warning-Options.html#index-Wunused-parameter\x07-Wunused-parameter\x1b]8;;\x07\x1b[m\x1b[K]\n'}
[27.662257] (sllidar_ros2) StderrLine: {'line': b'   54 |         virtual void onCustomSampleDataDecoded(_u8 ansType, _u32 customCode, const void* data, \x1b[01;35m\x1b[Ksize_t size\x1b[m\x1b[K) {}\n'}
[27.663074] (sllidar_ros2) StderrLine: {'line': b'      |                                                                                                \x1b[01;35m\x1b[K~~~~~~~^~~~\x1b[m\x1b[K\n'}
[27.668361] (sllidar_ros2) StderrLine: {'line': b'\x1b[01m\x1b[K/home/rospi/aug_2024/src/sllidar_ros2/sdk/src/dataunpacker/unpacker/../dataunpacker.h:\x1b[m\x1b[K In member function \xe2\x80\x98\x1b[01m\x1b[Kvirtual void sl::internal::LIDARSampleDataListener::onDecodingError(int, _u8, const void*, size_t)\x1b[m\x1b[K\xe2\x80\x99:\n'}
[27.669294] (sllidar_ros2) StderrLine: {'line': b'\x1b[01m\x1b[K/home/rospi/aug_2024/src/sllidar_ros2/sdk/src/dataunpacker/unpacker/../dataunpacker.h:56:42:\x1b[m\x1b[K \x1b[01;35m\x1b[Kwarning: \x1b[m\x1b[Kunused parameter \xe2\x80\x98\x1b[01m\x1b[KerrMsg\x1b[m\x1b[K\xe2\x80\x99 [\x1b[01;35m\x1b[K\x1b]8;;https://gcc.gnu.org/onlinedocs/gcc/Warning-Options.html#index-Wunused-parameter\x07-Wunused-parameter\x1b]8;;\x07\x1b[m\x1b[K]\n'}
[27.670140] (sllidar_ros2) StderrLine: {'line': b'   56 |         virtual void onDecodingError(\x1b[01;35m\x1b[Kint errMsg\x1b[m\x1b[K, _u8 ansType, const void* payload, size_t size) {}\n'}
[27.670830] (sllidar_ros2) StderrLine: {'line': b'      |                                      \x1b[01;35m\x1b[K~~~~^~~~~~\x1b[m\x1b[K\n'}
[27.671549] (sllidar_ros2) StderrLine: {'line': b'\x1b[01m\x1b[K/home/rospi/aug_2024/src/sllidar_ros2/sdk/src/dataunpacker/unpacker/../dataunpacker.h:56:54:\x1b[m\x1b[K \x1b[01;35m\x1b[Kwarning: \x1b[m\x1b[Kunused parameter \xe2\x80\x98\x1b[01m\x1b[KansType\x1b[m\x1b[K\xe2\x80\x99 [\x1b[01;35m\x1b[K\x1b]8;;https://gcc.gnu.org/onlinedocs/gcc/Warning-Options.html#index-Wunused-parameter\x07-Wunused-parameter\x1b]8;;\x07\x1b[m\x1b[K]\n'}
[27.672453] (sllidar_ros2) StderrLine: {'line': b'   56 |         virtual void onDecodingError(int errMsg, \x1b[01;35m\x1b[K_u8 ansType\x1b[m\x1b[K, const void* payload, size_t size) {}\n'}
[27.673211] (sllidar_ros2) StderrLine: {'line': b'      |                                                  \x1b[01;35m\x1b[K~~~~^~~~~~~\x1b[m\x1b[K\n'}
[27.673926] (sllidar_ros2) StderrLine: {'line': b'\x1b[01m\x1b[K/home/rospi/aug_2024/src/sllidar_ros2/sdk/src/dataunpacker/unpacker/../dataunpacker.h:56:75:\x1b[m\x1b[K \x1b[01;35m\x1b[Kwarning: \x1b[m\x1b[Kunused parameter \xe2\x80\x98\x1b[01m\x1b[Kpayload\x1b[m\x1b[K\xe2\x80\x99 [\x1b[01;35m\x1b[K\x1b]8;;https://gcc.gnu.org/onlinedocs/gcc/Warning-Options.html#index-Wunused-parameter\x07-Wunused-parameter\x1b]8;;\x07\x1b[m\x1b[K]\n'}
[27.674767] (sllidar_ros2) StderrLine: {'line': b'   56 |         virtual void onDecodingError(int errMsg, _u8 ansType, \x1b[01;35m\x1b[Kconst void* payload\x1b[m\x1b[K, size_t size) {}\n'}
[27.675479] (sllidar_ros2) StderrLine: {'line': b'      |                                                               \x1b[01;35m\x1b[K~~~~~~~~~~~~^~~~~~~\x1b[m\x1b[K\n'}
[27.676356] (sllidar_ros2) StderrLine: {'line': b'\x1b[01m\x1b[K/home/rospi/aug_2024/src/sllidar_ros2/sdk/src/dataunpacker/unpacker/../dataunpacker.h:56:91:\x1b[m\x1b[K \x1b[01;35m\x1b[Kwarning: \x1b[m\x1b[Kunused parameter \xe2\x80\x98\x1b[01m\x1b[Ksize\x1b[m\x1b[K\xe2\x80\x99 [\x1b[01;35m\x1b[K\x1b]8;;https://gcc.gnu.org/onlinedocs/gcc/Warning-Options.html#index-Wunused-parameter\x07-Wunused-parameter\x1b]8;;\x07\x1b[m\x1b[K]\n'}
[27.677199] (sllidar_ros2) StderrLine: {'line': b'   56 |         virtual void onDecodingError(int errMsg, _u8 ansType, const void* payload, \x1b[01;35m\x1b[Ksize_t size\x1b[m\x1b[K) {}\n'}
[27.677935] (sllidar_ros2) StderrLine: {'line': b'      |                                                                                    \x1b[01;35m\x1b[K~~~~~~~^~~~\x1b[m\x1b[K\n'}
[27.709034] (-) TimerEvent: {}
[27.810179] (-) TimerEvent: {}
[27.911325] (-) TimerEvent: {}
[28.012449] (-) TimerEvent: {}
[28.113787] (-) TimerEvent: {}
[28.214945] (-) TimerEvent: {}
[28.293040] (sllidar_ros2) StderrLine: {'line': b'In file included from \x1b[01m\x1b[K/home/rospi/aug_2024/src/sllidar_ros2/./sdk/include/rplidar_protocol.h:36\x1b[m\x1b[K,\n'}
[28.293939] (sllidar_ros2) StderrLine: {'line': b'                 from \x1b[01m\x1b[K/home/rospi/aug_2024/src/sllidar_ros2/./sdk/include/rplidar.h:39\x1b[m\x1b[K,\n'}
[28.294737] (sllidar_ros2) StderrLine: {'line': b'                 from \x1b[01m\x1b[K/home/rospi/aug_2024/src/sllidar_ros2/./sdk/src/sdkcommon.h:49\x1b[m\x1b[K,\n'}
[28.295542] (sllidar_ros2) StderrLine: {'line': b'                 from \x1b[01m\x1b[K/home/rospi/aug_2024/src/sllidar_ros2/sdk/src/hal/thread.cpp:35\x1b[m\x1b[K:\n'}
[28.296502] (sllidar_ros2) StderrLine: {'line': b'\x1b[01m\x1b[K/home/rospi/aug_2024/src/sllidar_ros2/./sdk/include/sl_lidar_protocol.h:66:16:\x1b[m\x1b[K \x1b[01;35m\x1b[Kwarning: \x1b[m\x1b[KISO C++ forbids zero-size array \xe2\x80\x98\x1b[01m\x1b[Kdata\x1b[m\x1b[K\xe2\x80\x99 [\x1b[01;35m\x1b[K\x1b]8;;https://gcc.gnu.org/onlinedocs/gcc/Warning-Options.html#index-Wpedantic\x07-Wpedantic\x1b]8;;\x07\x1b[m\x1b[K]\n'}
[28.297262] (sllidar_ros2) StderrLine: {'line': b'   66 |     sl_u8 data[\x1b[01;35m\x1b[K0\x1b[m\x1b[K];\n'}
[28.298024] (sllidar_ros2) StderrLine: {'line': b'      |                \x1b[01;35m\x1b[K^\x1b[m\x1b[K\n'}
[28.299308] (sllidar_ros2) StderrLine: {'line': b'In file included from \x1b[01m\x1b[K/home/rospi/aug_2024/src/sllidar_ros2/./sdk/include/rplidar_cmd.h:36\x1b[m\x1b[K,\n'}
[28.300581] (sllidar_ros2) StderrLine: {'line': b'                 from \x1b[01m\x1b[K/home/rospi/aug_2024/src/sllidar_ros2/./sdk/include/rplidar.h:40\x1b[m\x1b[K,\n'}
[28.301383] (sllidar_ros2) StderrLine: {'line': b'                 from \x1b[01m\x1b[K/home/rospi/aug_2024/src/sllidar_ros2/./sdk/src/sdkcommon.h:49\x1b[m\x1b[K,\n'}
[28.302172] (sllidar_ros2) StderrLine: {'line': b'                 from \x1b[01m\x1b[K/home/rospi/aug_2024/src/sllidar_ros2/sdk/src/hal/thread.cpp:35\x1b[m\x1b[K:\n'}
[28.302937] (sllidar_ros2) StderrLine: {'line': b'\x1b[01m\x1b[K/home/rospi/aug_2024/src/sllidar_ros2/./sdk/include/sl_lidar_cmd.h:324:20:\x1b[m\x1b[K \x1b[01;35m\x1b[Kwarning: \x1b[m\x1b[KISO C++ forbids zero-size array \xe2\x80\x98\x1b[01m\x1b[Kpayload\x1b[m\x1b[K\xe2\x80\x99 [\x1b[01;35m\x1b[K\x1b]8;;https://gcc.gnu.org/onlinedocs/gcc/Warning-Options.html#index-Wpedantic\x07-Wpedantic\x1b]8;;\x07\x1b[m\x1b[K]\n'}
[28.303945] (sllidar_ros2) StderrLine: {'line': b'  324 |     sl_u8  payload[\x1b[01;35m\x1b[K0\x1b[m\x1b[K];\n'}
[28.304768] (sllidar_ros2) StderrLine: {'line': b'      |                    \x1b[01;35m\x1b[K^\x1b[m\x1b[K\n'}
[28.315184] (-) TimerEvent: {}
[28.382766] (sllidar_ros2) StdoutLine: {'line': b'[ 55%] \x1b[32mBuilding CXX object CMakeFiles/sllidar_node.dir/sdk/src/rplidar_driver.cpp.o\x1b[0m\n'}
[28.415453] (-) TimerEvent: {}
[28.516699] (-) TimerEvent: {}
[28.608203] (sllidar_ros2) StderrLine: {'line': b'In file included from \x1b[01m\x1b[K/home/rospi/aug_2024/src/sllidar_ros2/sdk/src/hal/thread.cpp:43\x1b[m\x1b[K:\n'}
[28.609749] (sllidar_ros2) StderrLine: {'line': b'\x1b[01m\x1b[K/home/rospi/aug_2024/src/sllidar_ros2/./sdk/src/arch/linux/thread.hpp:\x1b[m\x1b[K In static member function \xe2\x80\x98\x1b[01m\x1b[Kstatic rp::hal::Thread rp::hal::Thread::create(thread_proc_t, void*)\x1b[m\x1b[K\xe2\x80\x99:\n'}
[28.610711] (sllidar_ros2) StderrLine: {'line': b'\x1b[01m\x1b[K/home/rospi/aug_2024/src/sllidar_ros2/./sdk/src/arch/linux/thread.hpp:52:57:\x1b[m\x1b[K \x1b[01;35m\x1b[Kwarning: \x1b[m\x1b[Kcast between incompatible function types from \xe2\x80\x98\x1b[01m\x1b[Kthread_proc_t\x1b[m\x1b[K\xe2\x80\x99 {aka \xe2\x80\x98\x1b[01m\x1b[Klong unsigned int (*)(void*)\x1b[m\x1b[K\xe2\x80\x99} to \xe2\x80\x98\x1b[01m\x1b[Kvoid* (*)(void*)\x1b[m\x1b[K\xe2\x80\x99 [\x1b[01;35m\x1b[K\x1b]8;;https://gcc.gnu.org/onlinedocs/gcc/Warning-Options.html#index-Wcast-function-type\x07-Wcast-function-type\x1b]8;;\x07\x1b[m\x1b[K]\n'}
[28.611932] (sllidar_ros2) StderrLine: {'line': b'   52 |     pthread_create((pthread_t *)&newborn._handle, NULL, \x1b[01;35m\x1b[K(void * (*)(void *))proc\x1b[m\x1b[K, data);\n'}
[28.613096] (sllidar_ros2) StderrLine: {'line': b'      |                                                         \x1b[01;35m\x1b[K^~~~~~~~~~~~~~~~~~~~~~~~\x1b[m\x1b[K\n'}
[28.615189] (sllidar_ros2) StderrLine: {'line': b'\x1b[01m\x1b[K/home/rospi/aug_2024/src/sllidar_ros2/./sdk/src/arch/linux/thread.hpp:\x1b[m\x1b[K In member function \xe2\x80\x98\x1b[01m\x1b[Ku_result rp::hal::Thread::join(long unsigned int)\x1b[m\x1b[K\xe2\x80\x99:\n'}
[28.617196] (-) TimerEvent: {}
[28.618133] (sllidar_ros2) StderrLine: {'line': b'\x1b[01m\x1b[K/home/rospi/aug_2024/src/sllidar_ros2/./sdk/src/arch/linux/thread.hpp:176:37:\x1b[m\x1b[K \x1b[01;35m\x1b[Kwarning: \x1b[m\x1b[Kunused parameter \xe2\x80\x98\x1b[01m\x1b[Ktimeout\x1b[m\x1b[K\xe2\x80\x99 [\x1b[01;35m\x1b[K\x1b]8;;https://gcc.gnu.org/onlinedocs/gcc/Warning-Options.html#index-Wunused-parameter\x07-Wunused-parameter\x1b]8;;\x07\x1b[m\x1b[K]\n'}
[28.619521] (sllidar_ros2) StderrLine: {'line': b'  176 | u_result Thread::join(\x1b[01;35m\x1b[Kunsigned long timeout\x1b[m\x1b[K)\n'}
[28.620384] (sllidar_ros2) StderrLine: {'line': b'      |                       \x1b[01;35m\x1b[K~~~~~~~~~~~~~~^~~~~~~\x1b[m\x1b[K\n'}
[28.717453] (-) TimerEvent: {}
[28.818574] (-) TimerEvent: {}
[28.919573] (-) TimerEvent: {}
[29.020587] (-) TimerEvent: {}
[29.084586] (sllidar_ros2) StdoutLine: {'line': b'[ 60%] \x1b[32mBuilding CXX object CMakeFiles/sllidar_node.dir/sdk/src/sl_async_transceiver.cpp.o\x1b[0m\n'}
[29.120850] (-) TimerEvent: {}
[29.221943] (-) TimerEvent: {}
[29.322904] (-) TimerEvent: {}
[29.424530] (-) TimerEvent: {}
[29.525446] (-) TimerEvent: {}
[29.626384] (-) TimerEvent: {}
[29.727330] (-) TimerEvent: {}
[29.828630] (-) TimerEvent: {}
[29.931991] (-) TimerEvent: {}
[30.033612] (-) TimerEvent: {}
[30.140329] (-) TimerEvent: {}
[30.243955] (-) TimerEvent: {}
[30.345471] (-) TimerEvent: {}
[30.447076] (-) TimerEvent: {}
[30.548099] (-) TimerEvent: {}
[30.649215] (-) TimerEvent: {}
[30.750260] (-) TimerEvent: {}
[30.851473] (-) TimerEvent: {}
[30.952614] (-) TimerEvent: {}
[31.053677] (-) TimerEvent: {}
[31.154924] (-) TimerEvent: {}
[31.255962] (-) TimerEvent: {}
[31.357127] (-) TimerEvent: {}
[31.458278] (-) TimerEvent: {}
[31.559540] (-) TimerEvent: {}
[31.667715] (-) TimerEvent: {}
[31.742697] (sllidar_ros2) StderrLine: {'line': b'In file included from \x1b[01m\x1b[K/home/rospi/aug_2024/src/sllidar_ros2/./sdk/include/rplidar_protocol.h:36\x1b[m\x1b[K,\n'}
[31.743604] (sllidar_ros2) StderrLine: {'line': b'                 from \x1b[01m\x1b[K/home/rospi/aug_2024/src/sllidar_ros2/./sdk/include/rplidar.h:39\x1b[m\x1b[K,\n'}
[31.744571] (sllidar_ros2) StderrLine: {'line': b'                 from \x1b[01m\x1b[K/home/rospi/aug_2024/src/sllidar_ros2/sdk/src/sdkcommon.h:49\x1b[m\x1b[K,\n'}
[31.745466] (sllidar_ros2) StderrLine: {'line': b'                 from \x1b[01m\x1b[K/home/rospi/aug_2024/src/sllidar_ros2/sdk/src/rplidar_driver.cpp:33\x1b[m\x1b[K:\n'}
[31.746220] (sllidar_ros2) StderrLine: {'line': b'\x1b[01m\x1b[K/home/rospi/aug_2024/src/sllidar_ros2/./sdk/include/sl_lidar_protocol.h:66:16:\x1b[m\x1b[K \x1b[01;35m\x1b[Kwarning: \x1b[m\x1b[KISO C++ forbids zero-size array \xe2\x80\x98\x1b[01m\x1b[Kdata\x1b[m\x1b[K\xe2\x80\x99 [\x1b[01;35m\x1b[K\x1b]8;;https://gcc.gnu.org/onlinedocs/gcc/Warning-Options.html#index-Wpedantic\x07-Wpedantic\x1b]8;;\x07\x1b[m\x1b[K]\n'}
[31.747026] (sllidar_ros2) StderrLine: {'line': b'   66 |     sl_u8 data[\x1b[01;35m\x1b[K0\x1b[m\x1b[K];\n'}
[31.748540] (sllidar_ros2) StderrLine: {'line': b'      |                \x1b[01;35m\x1b[K^\x1b[m\x1b[K\n'}
[31.749202] (sllidar_ros2) StderrLine: {'line': b'In file included from \x1b[01m\x1b[K/home/rospi/aug_2024/src/sllidar_ros2/./sdk/include/rplidar_cmd.h:36\x1b[m\x1b[K,\n'}
[31.749921] (sllidar_ros2) StderrLine: {'line': b'                 from \x1b[01m\x1b[K/home/rospi/aug_2024/src/sllidar_ros2/./sdk/include/rplidar.h:40\x1b[m\x1b[K,\n'}
[31.750762] (sllidar_ros2) StderrLine: {'line': b'                 from \x1b[01m\x1b[K/home/rospi/aug_2024/src/sllidar_ros2/sdk/src/sdkcommon.h:49\x1b[m\x1b[K,\n'}
[31.751477] (sllidar_ros2) StderrLine: {'line': b'                 from \x1b[01m\x1b[K/home/rospi/aug_2024/src/sllidar_ros2/sdk/src/rplidar_driver.cpp:33\x1b[m\x1b[K:\n'}
[31.752819] (sllidar_ros2) StderrLine: {'line': b'\x1b[01m\x1b[K/home/rospi/aug_2024/src/sllidar_ros2/./sdk/include/sl_lidar_cmd.h:324:20:\x1b[m\x1b[K \x1b[01;35m\x1b[Kwarning: \x1b[m\x1b[KISO C++ forbids zero-size array \xe2\x80\x98\x1b[01m\x1b[Kpayload\x1b[m\x1b[K\xe2\x80\x99 [\x1b[01;35m\x1b[K\x1b]8;;https://gcc.gnu.org/onlinedocs/gcc/Warning-Options.html#index-Wpedantic\x07-Wpedantic\x1b]8;;\x07\x1b[m\x1b[K]\n'}
[31.753749] (sllidar_ros2) StderrLine: {'line': b'  324 |     sl_u8  payload[\x1b[01;35m\x1b[K0\x1b[m\x1b[K];\n'}
[31.754471] (sllidar_ros2) StderrLine: {'line': b'      |                    \x1b[01;35m\x1b[K^\x1b[m\x1b[K\n'}
[31.775252] (-) TimerEvent: {}
[31.877230] (-) TimerEvent: {}
[31.978301] (-) TimerEvent: {}
[32.079474] (-) TimerEvent: {}
[32.180527] (-) TimerEvent: {}
[32.269793] (sllidar_ros2) StderrLine: {'line': b'In file included from \x1b[01m\x1b[K/home/rospi/aug_2024/src/sllidar_ros2/./sdk/include/rplidar_protocol.h:36\x1b[m\x1b[K,\n'}
[32.270663] (sllidar_ros2) StderrLine: {'line': b'                 from \x1b[01m\x1b[K/home/rospi/aug_2024/src/sllidar_ros2/./sdk/include/rplidar.h:39\x1b[m\x1b[K,\n'}
[32.271396] (sllidar_ros2) StderrLine: {'line': b'                 from \x1b[01m\x1b[K/home/rospi/aug_2024/src/sllidar_ros2/sdk/src/sdkcommon.h:49\x1b[m\x1b[K,\n'}
[32.272734] (sllidar_ros2) StderrLine: {'line': b'                 from \x1b[01m\x1b[K/home/rospi/aug_2024/src/sllidar_ros2/sdk/src/sl_async_transceiver.cpp:35\x1b[m\x1b[K:\n'}
[32.273810] (sllidar_ros2) StderrLine: {'line': b'\x1b[01m\x1b[K/home/rospi/aug_2024/src/sllidar_ros2/./sdk/include/sl_lidar_protocol.h:66:16:\x1b[m\x1b[K \x1b[01;35m\x1b[Kwarning: \x1b[m\x1b[KISO C++ forbids zero-size array \xe2\x80\x98\x1b[01m\x1b[Kdata\x1b[m\x1b[K\xe2\x80\x99 [\x1b[01;35m\x1b[K\x1b]8;;https://gcc.gnu.org/onlinedocs/gcc/Warning-Options.html#index-Wpedantic\x07-Wpedantic\x1b]8;;\x07\x1b[m\x1b[K]\n'}
[32.274596] (sllidar_ros2) StderrLine: {'line': b'   66 |     sl_u8 data[\x1b[01;35m\x1b[K0\x1b[m\x1b[K];\n'}
[32.275315] (sllidar_ros2) StderrLine: {'line': b'      |                \x1b[01;35m\x1b[K^\x1b[m\x1b[K\n'}
[32.276184] (sllidar_ros2) StderrLine: {'line': b'In file included from \x1b[01m\x1b[K/home/rospi/aug_2024/src/sllidar_ros2/./sdk/include/rplidar_cmd.h:36\x1b[m\x1b[K,\n'}
[32.277654] (sllidar_ros2) StderrLine: {'line': b'                 from \x1b[01m\x1b[K/home/rospi/aug_2024/src/sllidar_ros2/./sdk/include/rplidar.h:40\x1b[m\x1b[K,\n'}
[32.278694] (sllidar_ros2) StderrLine: {'line': b'                 from \x1b[01m\x1b[K/home/rospi/aug_2024/src/sllidar_ros2/sdk/src/sdkcommon.h:49\x1b[m\x1b[K,\n'}
[32.279513] (sllidar_ros2) StderrLine: {'line': b'                 from \x1b[01m\x1b[K/home/rospi/aug_2024/src/sllidar_ros2/sdk/src/sl_async_transceiver.cpp:35\x1b[m\x1b[K:\n'}
[32.280301] (sllidar_ros2) StderrLine: {'line': b'\x1b[01m\x1b[K/home/rospi/aug_2024/src/sllidar_ros2/./sdk/include/sl_lidar_cmd.h:324:20:\x1b[m\x1b[K \x1b[01;35m\x1b[Kwarning: \x1b[m\x1b[KISO C++ forbids zero-size array \xe2\x80\x98\x1b[01m\x1b[Kpayload\x1b[m\x1b[K\xe2\x80\x99 [\x1b[01;35m\x1b[K\x1b]8;;https://gcc.gnu.org/onlinedocs/gcc/Warning-Options.html#index-Wpedantic\x07-Wpedantic\x1b]8;;\x07\x1b[m\x1b[K]\n'}
[32.281229] (-) TimerEvent: {}
[32.292039] (sllidar_ros2) StderrLine: {'line': b'  324 |     sl_u8  payload[\x1b[01;35m\x1b[K0\x1b[m\x1b[K];\n'}
[32.292933] (sllidar_ros2) StderrLine: {'line': b'      |                    \x1b[01;35m\x1b[K^\x1b[m\x1b[K\n'}
[32.381548] (-) TimerEvent: {}
[32.482759] (-) TimerEvent: {}
[32.584010] (-) TimerEvent: {}
[32.686463] (-) TimerEvent: {}
[32.775971] (sllidar_ros2) StderrLine: {'line': b'\x1b[01m\x1b[K/home/rospi/aug_2024/src/sllidar_ros2/sdk/src/rplidar_driver.cpp:\x1b[m\x1b[K In member function \xe2\x80\x98\x1b[01m\x1b[Ku_result rp::standalone::rplidar::RPlidarDriver::connect(const char*, _u32, _u32)\x1b[m\x1b[K\xe2\x80\x99:\n'}
[32.777665] (sllidar_ros2) StderrLine: {'line': b'\x1b[01m\x1b[K/home/rospi/aug_2024/src/sllidar_ros2/sdk/src/rplidar_driver.cpp:67:77:\x1b[m\x1b[K \x1b[01;35m\x1b[Kwarning: \x1b[m\x1b[Kunused parameter \xe2\x80\x98\x1b[01m\x1b[Kflag\x1b[m\x1b[K\xe2\x80\x99 [\x1b[01;35m\x1b[K\x1b]8;;https://gcc.gnu.org/onlinedocs/gcc/Warning-Options.html#index-Wunused-parameter\x07-Wunused-parameter\x1b]8;;\x07\x1b[m\x1b[K]\n'}
[32.779245] (sllidar_ros2) StderrLine: {'line': b'   67 |     u_result RPlidarDriver::connect(const char *path, _u32 portOrBaud, \x1b[01;35m\x1b[K_u32 flag\x1b[m\x1b[K)\n'}
[32.780885] (sllidar_ros2) StderrLine: {'line': b'      |                                                                        \x1b[01;35m\x1b[K~~~~~^~~~\x1b[m\x1b[K\n'}
[32.783583] (sllidar_ros2) StderrLine: {'line': b'\x1b[01m\x1b[K/home/rospi/aug_2024/src/sllidar_ros2/sdk/src/rplidar_driver.cpp:\x1b[m\x1b[K In member function \xe2\x80\x98\x1b[01m\x1b[Ku_result rp::standalone::rplidar::RPlidarDriver::reset(_u32)\x1b[m\x1b[K\xe2\x80\x99:\n'}
[32.785246] (sllidar_ros2) StderrLine: {'line': b'\x1b[01m\x1b[K/home/rospi/aug_2024/src/sllidar_ros2/sdk/src/rplidar_driver.cpp:101:40:\x1b[m\x1b[K \x1b[01;35m\x1b[Kwarning: \x1b[m\x1b[Kunused parameter \xe2\x80\x98\x1b[01m\x1b[Ktimeout\x1b[m\x1b[K\xe2\x80\x99 [\x1b[01;35m\x1b[K\x1b]8;;https://gcc.gnu.org/onlinedocs/gcc/Warning-Options.html#index-Wunused-parameter\x07-Wunused-parameter\x1b]8;;\x07\x1b[m\x1b[K]\n'}
[32.786739] (-) TimerEvent: {}
[32.788138] (sllidar_ros2) StderrLine: {'line': b'  101 |     u_result RPlidarDriver::reset(\x1b[01;35m\x1b[K_u32 timeout\x1b[m\x1b[K)\n'}
[32.789608] (sllidar_ros2) StderrLine: {'line': b'      |                                   \x1b[01;35m\x1b[K~~~~~^~~~~~~\x1b[m\x1b[K\n'}
[32.798232] (sllidar_ros2) StderrLine: {'line': b'\x1b[01m\x1b[K/home/rospi/aug_2024/src/sllidar_ros2/sdk/src/rplidar_driver.cpp:\x1b[m\x1b[K In member function \xe2\x80\x98\x1b[01m\x1b[Ku_result rp::standalone::rplidar::RPlidarDriver::getScanDataWithInterval(rplidar_response_measurement_node_t*, size_t&)\x1b[m\x1b[K\xe2\x80\x99:\n'}
[32.799802] (sllidar_ros2) StderrLine: {'line': b'\x1b[01m\x1b[K/home/rospi/aug_2024/src/sllidar_ros2/sdk/src/rplidar_driver.cpp:180:91:\x1b[m\x1b[K \x1b[01;35m\x1b[Kwarning: \x1b[m\x1b[Kunused parameter \xe2\x80\x98\x1b[01m\x1b[Knodebuffer\x1b[m\x1b[K\xe2\x80\x99 [\x1b[01;35m\x1b[K\x1b]8;;https://gcc.gnu.org/onlinedocs/gcc/Warning-Options.html#index-Wunused-parameter\x07-Wunused-parameter\x1b]8;;\x07\x1b[m\x1b[K]\n'}
[32.801373] (sllidar_ros2) StderrLine: {'line': b'  180 |     u_result RPlidarDriver::getScanDataWithInterval(\x1b[01;35m\x1b[Krplidar_response_measurement_node_t * nodebuffer\x1b[m\x1b[K, size_t & count)\n'}
[32.802803] (sllidar_ros2) StderrLine: {'line': b'      |                                                     \x1b[01;35m\x1b[K~~~~~~~~~~~~~~~~~~~~~~~~~~~~~~~~~~~~~~^~~~~~~~~~\x1b[m\x1b[K\n'}
[32.804502] (sllidar_ros2) StderrLine: {'line': b'\x1b[01m\x1b[K/home/rospi/aug_2024/src/sllidar_ros2/sdk/src/rplidar_driver.cpp:180:112:\x1b[m\x1b[K \x1b[01;35m\x1b[Kwarning: \x1b[m\x1b[Kunused parameter \xe2\x80\x98\x1b[01m\x1b[Kcount\x1b[m\x1b[K\xe2\x80\x99 [\x1b[01;35m\x1b[K\x1b]8;;https://gcc.gnu.org/onlinedocs/gcc/Warning-Options.html#index-Wunused-parameter\x07-Wunused-parameter\x1b]8;;\x07\x1b[m\x1b[K]\n'}
[32.806076] (sllidar_ros2) StderrLine: {'line': b'  180 |     u_result RPlidarDriver::getScanDataWithInterval(rplidar_response_measurement_node_t * nodebuffer, \x1b[01;35m\x1b[Ksize_t & count\x1b[m\x1b[K)\n'}
[32.807474] (sllidar_ros2) StderrLine: {'line': b'      |                                                                                                       \x1b[01;35m\x1b[K~~~~~~~~~^~~~~\x1b[m\x1b[K\n'}
[32.887001] (-) TimerEvent: {}
[32.946510] (sllidar_ros2) StderrLine: {'line': b'In file included from \x1b[01m\x1b[K/home/rospi/aug_2024/src/sllidar_ros2/sdk/src/sl_async_transceiver.cpp:44\x1b[m\x1b[K:\n'}
[32.947500] (sllidar_ros2) StderrLine: {'line': b'\x1b[01m\x1b[K/home/rospi/aug_2024/src/sllidar_ros2/sdk/src/sl_async_transceiver.h:\x1b[m\x1b[K In member function \xe2\x80\x98\x1b[01m\x1b[Kvirtual void sl::internal::IAsyncProtocolCodec::onChannelError(u_result)\x1b[m\x1b[K\xe2\x80\x99:\n'}
[32.948495] (sllidar_ros2) StderrLine: {'line': b'\x1b[01m\x1b[K/home/rospi/aug_2024/src/sllidar_ros2/sdk/src/sl_async_transceiver.h:90:48:\x1b[m\x1b[K \x1b[01;35m\x1b[Kwarning: \x1b[m\x1b[Kunused parameter \xe2\x80\x98\x1b[01m\x1b[KerrCode\x1b[m\x1b[K\xe2\x80\x99 [\x1b[01;35m\x1b[K\x1b]8;;https://gcc.gnu.org/onlinedocs/gcc/Warning-Options.html#index-Wunused-parameter\x07-Wunused-parameter\x1b]8;;\x07\x1b[m\x1b[K]\n'}
[32.949346] (sllidar_ros2) StderrLine: {'line': b'   90 |         virtual void   onChannelError(\x1b[01;35m\x1b[Ku_result errCode\x1b[m\x1b[K) {}\n'}
[32.950251] (sllidar_ros2) StderrLine: {'line': b'      |                                       \x1b[01;35m\x1b[K~~~~~~~~~^~~~~~~\x1b[m\x1b[K\n'}
[32.987268] (-) TimerEvent: {}
[33.088519] (-) TimerEvent: {}
[33.189751] (-) TimerEvent: {}
[33.291013] (-) TimerEvent: {}
[33.392287] (-) TimerEvent: {}
[33.493455] (-) TimerEvent: {}
[33.507088] (sllidar_ros2) StdoutLine: {'line': b'[ 65%] \x1b[32mBuilding CXX object CMakeFiles/sllidar_node.dir/sdk/src/sl_crc.cpp.o\x1b[0m\n'}
[33.602042] (-) TimerEvent: {}
[33.687870] (sllidar_ros2) StderrLine: {'line': b'In file included from \x1b[01m\x1b[K/home/rospi/aug_2024/src/sllidar_ros2/./sdk/include/sl_lidar_cmd.h:41\x1b[m\x1b[K,\n'}
[33.688927] (sllidar_ros2) StderrLine: {'line': b'                 from \x1b[01m\x1b[K/home/rospi/aug_2024/src/sllidar_ros2/./sdk/include/sl_crc.h:36\x1b[m\x1b[K,\n'}
[33.689724] (sllidar_ros2) StderrLine: {'line': b'                 from \x1b[01m\x1b[K/home/rospi/aug_2024/src/sllidar_ros2/sdk/src/sl_crc.cpp:33\x1b[m\x1b[K:\n'}
[33.690921] (sllidar_ros2) StderrLine: {'line': b'\x1b[01m\x1b[K/home/rospi/aug_2024/src/sllidar_ros2/./sdk/include/sl_lidar_protocol.h:66:16:\x1b[m\x1b[K \x1b[01;35m\x1b[Kwarning: \x1b[m\x1b[KISO C++ forbids zero-size array \xe2\x80\x98\x1b[01m\x1b[Kdata\x1b[m\x1b[K\xe2\x80\x99 [\x1b[01;35m\x1b[K\x1b]8;;https://gcc.gnu.org/onlinedocs/gcc/Warning-Options.html#index-Wpedantic\x07-Wpedantic\x1b]8;;\x07\x1b[m\x1b[K]\n'}
[33.691854] (sllidar_ros2) StderrLine: {'line': b'   66 |     sl_u8 data[\x1b[01;35m\x1b[K0\x1b[m\x1b[K];\n'}
[33.692662] (sllidar_ros2) StderrLine: {'line': b'      |                \x1b[01;35m\x1b[K^\x1b[m\x1b[K\n'}
[33.693322] (sllidar_ros2) StderrLine: {'line': b'In file included from \x1b[01m\x1b[K/home/rospi/aug_2024/src/sllidar_ros2/./sdk/include/sl_crc.h:36\x1b[m\x1b[K,\n'}
[33.694133] (sllidar_ros2) StderrLine: {'line': b'                 from \x1b[01m\x1b[K/home/rospi/aug_2024/src/sllidar_ros2/sdk/src/sl_crc.cpp:33\x1b[m\x1b[K:\n'}
[33.695067] (sllidar_ros2) StderrLine: {'line': b'\x1b[01m\x1b[K/home/rospi/aug_2024/src/sllidar_ros2/./sdk/include/sl_lidar_cmd.h:324:20:\x1b[m\x1b[K \x1b[01;35m\x1b[Kwarning: \x1b[m\x1b[KISO C++ forbids zero-size array \xe2\x80\x98\x1b[01m\x1b[Kpayload\x1b[m\x1b[K\xe2\x80\x99 [\x1b[01;35m\x1b[K\x1b]8;;https://gcc.gnu.org/onlinedocs/gcc/Warning-Options.html#index-Wpedantic\x07-Wpedantic\x1b]8;;\x07\x1b[m\x1b[K]\n'}
[33.695807] (sllidar_ros2) StderrLine: {'line': b'  324 |     sl_u8  payload[\x1b[01;35m\x1b[K0\x1b[m\x1b[K];\n'}
[33.696747] (sllidar_ros2) StderrLine: {'line': b'      |                    \x1b[01;35m\x1b[K^\x1b[m\x1b[K\n'}
[33.702467] (-) TimerEvent: {}
[33.803955] (-) TimerEvent: {}
[33.876277] (sllidar_ros2) StdoutLine: {'line': b'[ 70%] \x1b[32mBuilding CXX object CMakeFiles/sllidar_node.dir/sdk/src/sl_lidar_driver.cpp.o\x1b[0m\n'}
[33.904164] (-) TimerEvent: {}
[33.914518] (sllidar_ros2) StdoutLine: {'line': b'[ 75%] \x1b[32mBuilding CXX object CMakeFiles/sllidar_node.dir/sdk/src/sl_lidarprotocol_codec.cpp.o\x1b[0m\n'}
[34.004391] (-) TimerEvent: {}
[34.107416] (-) TimerEvent: {}
[34.208820] (-) TimerEvent: {}
[34.310351] (-) TimerEvent: {}
[34.411901] (-) TimerEvent: {}
[34.512830] (-) TimerEvent: {}
[34.613829] (-) TimerEvent: {}
[34.714766] (-) TimerEvent: {}
[34.815821] (-) TimerEvent: {}
[34.916791] (-) TimerEvent: {}
[35.017706] (-) TimerEvent: {}
[35.118626] (-) TimerEvent: {}
[35.219667] (-) TimerEvent: {}
[35.330271] (-) TimerEvent: {}
[35.431396] (-) TimerEvent: {}
[35.536012] (-) TimerEvent: {}
[35.639556] (-) TimerEvent: {}
[35.740585] (-) TimerEvent: {}
[35.841592] (-) TimerEvent: {}
[35.943095] (-) TimerEvent: {}
[36.044505] (-) TimerEvent: {}
[36.145636] (-) TimerEvent: {}
[36.246832] (-) TimerEvent: {}
[36.347970] (-) TimerEvent: {}
[36.449346] (-) TimerEvent: {}
[36.550693] (-) TimerEvent: {}
[36.652087] (-) TimerEvent: {}
[36.753522] (-) TimerEvent: {}
[36.854727] (-) TimerEvent: {}
[36.955860] (-) TimerEvent: {}
[37.056993] (-) TimerEvent: {}
[37.108465] (sllidar_ros2) StderrLine: {'line': b'In file included from \x1b[01m\x1b[K/home/rospi/aug_2024/src/sllidar_ros2/./sdk/include/rplidar_protocol.h:36\x1b[m\x1b[K,\n'}
[37.109937] (sllidar_ros2) StderrLine: {'line': b'                 from \x1b[01m\x1b[K/home/rospi/aug_2024/src/sllidar_ros2/./sdk/include/rplidar.h:39\x1b[m\x1b[K,\n'}
[37.110722] (sllidar_ros2) StderrLine: {'line': b'                 from \x1b[01m\x1b[K/home/rospi/aug_2024/src/sllidar_ros2/sdk/src/sdkcommon.h:49\x1b[m\x1b[K,\n'}
[37.111562] (sllidar_ros2) StderrLine: {'line': b'                 from \x1b[01m\x1b[K/home/rospi/aug_2024/src/sllidar_ros2/sdk/src/sl_lidar_driver.cpp:33\x1b[m\x1b[K:\n'}
[37.112711] (sllidar_ros2) StderrLine: {'line': b'\x1b[01m\x1b[K/home/rospi/aug_2024/src/sllidar_ros2/./sdk/include/sl_lidar_protocol.h:66:16:\x1b[m\x1b[K \x1b[01;35m\x1b[Kwarning: \x1b[m\x1b[KISO C++ forbids zero-size array \xe2\x80\x98\x1b[01m\x1b[Kdata\x1b[m\x1b[K\xe2\x80\x99 [\x1b[01;35m\x1b[K\x1b]8;;https://gcc.gnu.org/onlinedocs/gcc/Warning-Options.html#index-Wpedantic\x07-Wpedantic\x1b]8;;\x07\x1b[m\x1b[K]\n'}
[37.114169] (sllidar_ros2) StderrLine: {'line': b'   66 |     sl_u8 data[\x1b[01;35m\x1b[K0\x1b[m\x1b[K];\n'}
[37.114980] (sllidar_ros2) StderrLine: {'line': b'      |                \x1b[01;35m\x1b[K^\x1b[m\x1b[K\n'}
[37.115843] (sllidar_ros2) StderrLine: {'line': b'In file included from \x1b[01m\x1b[K/home/rospi/aug_2024/src/sllidar_ros2/./sdk/include/rplidar_cmd.h:36\x1b[m\x1b[K,\n'}
[37.116846] (sllidar_ros2) StderrLine: {'line': b'                 from \x1b[01m\x1b[K/home/rospi/aug_2024/src/sllidar_ros2/./sdk/include/rplidar.h:40\x1b[m\x1b[K,\n'}
[37.117818] (sllidar_ros2) StderrLine: {'line': b'                 from \x1b[01m\x1b[K/home/rospi/aug_2024/src/sllidar_ros2/sdk/src/sdkcommon.h:49\x1b[m\x1b[K,\n'}
[37.118604] (sllidar_ros2) StderrLine: {'line': b'                 from \x1b[01m\x1b[K/home/rospi/aug_2024/src/sllidar_ros2/sdk/src/sl_lidar_driver.cpp:33\x1b[m\x1b[K:\n'}
[37.119395] (sllidar_ros2) StderrLine: {'line': b'\x1b[01m\x1b[K/home/rospi/aug_2024/src/sllidar_ros2/./sdk/include/sl_lidar_cmd.h:324:20:\x1b[m\x1b[K \x1b[01;35m\x1b[Kwarning: \x1b[m\x1b[KISO C++ forbids zero-size array \xe2\x80\x98\x1b[01m\x1b[Kpayload\x1b[m\x1b[K\xe2\x80\x99 [\x1b[01;35m\x1b[K\x1b]8;;https://gcc.gnu.org/onlinedocs/gcc/Warning-Options.html#index-Wpedantic\x07-Wpedantic\x1b]8;;\x07\x1b[m\x1b[K]\n'}
[37.120485] (sllidar_ros2) StderrLine: {'line': b'  324 |     sl_u8  payload[\x1b[01;35m\x1b[K0\x1b[m\x1b[K];\n'}
[37.121332] (sllidar_ros2) StderrLine: {'line': b'      |                    \x1b[01;35m\x1b[K^\x1b[m\x1b[K\n'}
[37.157262] (-) TimerEvent: {}
[37.173602] (sllidar_ros2) StderrLine: {'line': b'In file included from \x1b[01m\x1b[K/home/rospi/aug_2024/src/sllidar_ros2/./sdk/include/rplidar_protocol.h:36\x1b[m\x1b[K,\n'}
[37.174493] (sllidar_ros2) StderrLine: {'line': b'                 from \x1b[01m\x1b[K/home/rospi/aug_2024/src/sllidar_ros2/./sdk/include/rplidar.h:39\x1b[m\x1b[K,\n'}
[37.175353] (sllidar_ros2) StderrLine: {'line': b'                 from \x1b[01m\x1b[K/home/rospi/aug_2024/src/sllidar_ros2/sdk/src/sdkcommon.h:49\x1b[m\x1b[K,\n'}
[37.176646] (sllidar_ros2) StderrLine: {'line': b'                 from \x1b[01m\x1b[K/home/rospi/aug_2024/src/sllidar_ros2/sdk/src/sl_lidarprotocol_codec.cpp:35\x1b[m\x1b[K:\n'}
[37.177537] (sllidar_ros2) StderrLine: {'line': b'\x1b[01m\x1b[K/home/rospi/aug_2024/src/sllidar_ros2/./sdk/include/sl_lidar_protocol.h:66:16:\x1b[m\x1b[K \x1b[01;35m\x1b[Kwarning: \x1b[m\x1b[KISO C++ forbids zero-size array \xe2\x80\x98\x1b[01m\x1b[Kdata\x1b[m\x1b[K\xe2\x80\x99 [\x1b[01;35m\x1b[K\x1b]8;;https://gcc.gnu.org/onlinedocs/gcc/Warning-Options.html#index-Wpedantic\x07-Wpedantic\x1b]8;;\x07\x1b[m\x1b[K]\n'}
[37.178409] (sllidar_ros2) StderrLine: {'line': b'   66 |     sl_u8 data[\x1b[01;35m\x1b[K0\x1b[m\x1b[K];\n'}
[37.179377] (sllidar_ros2) StderrLine: {'line': b'      |                \x1b[01;35m\x1b[K^\x1b[m\x1b[K\n'}
[37.180442] (sllidar_ros2) StderrLine: {'line': b'In file included from \x1b[01m\x1b[K/home/rospi/aug_2024/src/sllidar_ros2/./sdk/include/rplidar_cmd.h:36\x1b[m\x1b[K,\n'}
[37.181231] (sllidar_ros2) StderrLine: {'line': b'                 from \x1b[01m\x1b[K/home/rospi/aug_2024/src/sllidar_ros2/./sdk/include/rplidar.h:40\x1b[m\x1b[K,\n'}
[37.182048] (sllidar_ros2) StderrLine: {'line': b'                 from \x1b[01m\x1b[K/home/rospi/aug_2024/src/sllidar_ros2/sdk/src/sdkcommon.h:49\x1b[m\x1b[K,\n'}
[37.182850] (sllidar_ros2) StderrLine: {'line': b'                 from \x1b[01m\x1b[K/home/rospi/aug_2024/src/sllidar_ros2/sdk/src/sl_lidarprotocol_codec.cpp:35\x1b[m\x1b[K:\n'}
[37.196127] (sllidar_ros2) StderrLine: {'line': b'\x1b[01m\x1b[K/home/rospi/aug_2024/src/sllidar_ros2/./sdk/include/sl_lidar_cmd.h:324:20:\x1b[m\x1b[K \x1b[01;35m\x1b[Kwarning: \x1b[m\x1b[KISO C++ forbids zero-size array \xe2\x80\x98\x1b[01m\x1b[Kpayload\x1b[m\x1b[K\xe2\x80\x99 [\x1b[01;35m\x1b[K\x1b]8;;https://gcc.gnu.org/onlinedocs/gcc/Warning-Options.html#index-Wpedantic\x07-Wpedantic\x1b]8;;\x07\x1b[m\x1b[K]\n'}
[37.197315] (sllidar_ros2) StderrLine: {'line': b'  324 |     sl_u8  payload[\x1b[01;35m\x1b[K0\x1b[m\x1b[K];\n'}
[37.198296] (sllidar_ros2) StderrLine: {'line': b'      |                    \x1b[01;35m\x1b[K^\x1b[m\x1b[K\n'}
[37.257502] (-) TimerEvent: {}
[37.358612] (-) TimerEvent: {}
[37.460046] (-) TimerEvent: {}
[37.561143] (-) TimerEvent: {}
[37.662372] (-) TimerEvent: {}
[37.763385] (-) TimerEvent: {}
[37.864623] (-) TimerEvent: {}
[37.966027] (-) TimerEvent: {}
[38.067942] (-) TimerEvent: {}
[38.176031] (-) TimerEvent: {}
[38.279974] (-) TimerEvent: {}
[38.381105] (-) TimerEvent: {}
[38.482717] (-) TimerEvent: {}
[38.584023] (-) TimerEvent: {}
[38.685453] (-) TimerEvent: {}
[38.766986] (sllidar_ros2) StderrLine: {'line': b'In file included from \x1b[01m\x1b[K/home/rospi/aug_2024/src/sllidar_ros2/sdk/src/sl_lidarprotocol_codec.cpp:49\x1b[m\x1b[K:\n'}
[38.769672] (sllidar_ros2) StderrLine: {'line': b'\x1b[01m\x1b[K/home/rospi/aug_2024/src/sllidar_ros2/sdk/src/sl_async_transceiver.h:\x1b[m\x1b[K In member function \xe2\x80\x98\x1b[01m\x1b[Kvirtual void sl::internal::IAsyncProtocolCodec::onChannelError(u_result)\x1b[m\x1b[K\xe2\x80\x99:\n'}
[38.772074] (sllidar_ros2) StderrLine: {'line': b'\x1b[01m\x1b[K/home/rospi/aug_2024/src/sllidar_ros2/sdk/src/sl_async_transceiver.h:90:48:\x1b[m\x1b[K \x1b[01;35m\x1b[Kwarning: \x1b[m\x1b[Kunused parameter \xe2\x80\x98\x1b[01m\x1b[KerrCode\x1b[m\x1b[K\xe2\x80\x99 [\x1b[01;35m\x1b[K\x1b]8;;https://gcc.gnu.org/onlinedocs/gcc/Warning-Options.html#index-Wunused-parameter\x07-Wunused-parameter\x1b]8;;\x07\x1b[m\x1b[K]\n'}
[38.773615] (sllidar_ros2) StderrLine: {'line': b'   90 |         virtual void   onChannelError(\x1b[01;35m\x1b[Ku_result errCode\x1b[m\x1b[K) {}\n'}
[38.775035] (sllidar_ros2) StderrLine: {'line': b'      |                                       \x1b[01;35m\x1b[K~~~~~~~~~^~~~~~~\x1b[m\x1b[K\n'}
[38.785816] (-) TimerEvent: {}
[38.848423] (sllidar_ros2) StderrLine: {'line': b'In file included from \x1b[01m\x1b[K/home/rospi/aug_2024/src/sllidar_ros2/sdk/src/sl_lidar_driver.cpp:50\x1b[m\x1b[K:\n'}
[38.850087] (sllidar_ros2) StderrLine: {'line': b'\x1b[01m\x1b[K/home/rospi/aug_2024/src/sllidar_ros2/sdk/src/dataunpacker/dataunpacker.h:\x1b[m\x1b[K In member function \xe2\x80\x98\x1b[01m\x1b[Kvirtual void sl::internal::LIDARSampleDataListener::onCustomSampleDataDecoded(_u8, _u32, const void*, size_t)\x1b[m\x1b[K\xe2\x80\x99:\n'}
[38.851725] (sllidar_ros2) StderrLine: {'line': b'\x1b[01m\x1b[K/home/rospi/aug_2024/src/sllidar_ros2/sdk/src/dataunpacker/dataunpacker.h:54:52:\x1b[m\x1b[K \x1b[01;35m\x1b[Kwarning: \x1b[m\x1b[Kunused parameter \xe2\x80\x98\x1b[01m\x1b[KansType\x1b[m\x1b[K\xe2\x80\x99 [\x1b[01;35m\x1b[K\x1b]8;;https://gcc.gnu.org/onlinedocs/gcc/Warning-Options.html#index-Wunused-parameter\x07-Wunused-parameter\x1b]8;;\x07\x1b[m\x1b[K]\n'}
[38.853382] (sllidar_ros2) StderrLine: {'line': b'   54 |         virtual void onCustomSampleDataDecoded(\x1b[01;35m\x1b[K_u8 ansType\x1b[m\x1b[K, _u32 customCode, const void* data, size_t size) {}\n'}
[38.854681] (sllidar_ros2) StderrLine: {'line': b'      |                                                \x1b[01;35m\x1b[K~~~~^~~~~~~\x1b[m\x1b[K\n'}
[38.855499] (sllidar_ros2) StderrLine: {'line': b'\x1b[01m\x1b[K/home/rospi/aug_2024/src/sllidar_ros2/sdk/src/dataunpacker/dataunpacker.h:54:66:\x1b[m\x1b[K \x1b[01;35m\x1b[Kwarning: \x1b[m\x1b[Kunused parameter \xe2\x80\x98\x1b[01m\x1b[KcustomCode\x1b[m\x1b[K\xe2\x80\x99 [\x1b[01;35m\x1b[K\x1b]8;;https://gcc.gnu.org/onlinedocs/gcc/Warning-Options.html#index-Wunused-parameter\x07-Wunused-parameter\x1b]8;;\x07\x1b[m\x1b[K]\n'}
[38.856374] (sllidar_ros2) StderrLine: {'line': b'   54 |         virtual void onCustomSampleDataDecoded(_u8 ansType, \x1b[01;35m\x1b[K_u32 customCode\x1b[m\x1b[K, const void* data, size_t size) {}\n'}
[38.857323] (sllidar_ros2) StderrLine: {'line': b'      |                                                             \x1b[01;35m\x1b[K~~~~~^~~~~~~~~~\x1b[m\x1b[K\n'}
[38.858238] (sllidar_ros2) StderrLine: {'line': b'\x1b[01m\x1b[K/home/rospi/aug_2024/src/sllidar_ros2/sdk/src/dataunpacker/dataunpacker.h:54:90:\x1b[m\x1b[K \x1b[01;35m\x1b[Kwarning: \x1b[m\x1b[Kunused parameter \xe2\x80\x98\x1b[01m\x1b[Kdata\x1b[m\x1b[K\xe2\x80\x99 [\x1b[01;35m\x1b[K\x1b]8;;https://gcc.gnu.org/onlinedocs/gcc/Warning-Options.html#index-Wunused-parameter\x07-Wunused-parameter\x1b]8;;\x07\x1b[m\x1b[K]\n'}
[38.859021] (sllidar_ros2) StderrLine: {'line': b'   54 |         virtual void onCustomSampleDataDecoded(_u8 ansType, _u32 customCode, \x1b[01;35m\x1b[Kconst void* data\x1b[m\x1b[K, size_t size) {}\n'}
[38.859729] (sllidar_ros2) StderrLine: {'line': b'      |                                                                              \x1b[01;35m\x1b[K~~~~~~~~~~~~^~~~\x1b[m\x1b[K\n'}
[38.860590] (sllidar_ros2) StderrLine: {'line': b'\x1b[01m\x1b[K/home/rospi/aug_2024/src/sllidar_ros2/sdk/src/dataunpacker/dataunpacker.h:54:103:\x1b[m\x1b[K \x1b[01;35m\x1b[Kwarning: \x1b[m\x1b[Kunused parameter \xe2\x80\x98\x1b[01m\x1b[Ksize\x1b[m\x1b[K\xe2\x80\x99 [\x1b[01;35m\x1b[K\x1b]8;;https://gcc.gnu.org/onlinedocs/gcc/Warning-Options.html#index-Wunused-parameter\x07-Wunused-parameter\x1b]8;;\x07\x1b[m\x1b[K]\n'}
[38.861367] (sllidar_ros2) StderrLine: {'line': b'   54 |         virtual void onCustomSampleDataDecoded(_u8 ansType, _u32 customCode, const void* data, \x1b[01;35m\x1b[Ksize_t size\x1b[m\x1b[K) {}\n'}
[38.862113] (sllidar_ros2) StderrLine: {'line': b'      |                                                                                                \x1b[01;35m\x1b[K~~~~~~~^~~~\x1b[m\x1b[K\n'}
[38.862980] (sllidar_ros2) StderrLine: {'line': b'\x1b[01m\x1b[K/home/rospi/aug_2024/src/sllidar_ros2/sdk/src/dataunpacker/dataunpacker.h:\x1b[m\x1b[K In member function \xe2\x80\x98\x1b[01m\x1b[Kvirtual void sl::internal::LIDARSampleDataListener::onDecodingError(int, _u8, const void*, size_t)\x1b[m\x1b[K\xe2\x80\x99:\n'}
[38.875890] (sllidar_ros2) StderrLine: {'line': b'\x1b[01m\x1b[K/home/rospi/aug_2024/src/sllidar_ros2/sdk/src/dataunpacker/dataunpacker.h:56:42:\x1b[m\x1b[K \x1b[01;35m\x1b[Kwarning: \x1b[m\x1b[Kunused parameter \xe2\x80\x98\x1b[01m\x1b[KerrMsg\x1b[m\x1b[K\xe2\x80\x99 [\x1b[01;35m\x1b[K\x1b]8;;https://gcc.gnu.org/onlinedocs/gcc/Warning-Options.html#index-Wunused-parameter\x07-Wunused-parameter\x1b]8;;\x07\x1b[m\x1b[K]\n'}
[38.877041] (sllidar_ros2) StderrLine: {'line': b'   56 |         virtual void onDecodingError(\x1b[01;35m\x1b[Kint errMsg\x1b[m\x1b[K, _u8 ansType, const void* payload, size_t size) {}\n'}
[38.877898] (sllidar_ros2) StderrLine: {'line': b'      |                                      \x1b[01;35m\x1b[K~~~~^~~~~~\x1b[m\x1b[K\n'}
[38.878702] (sllidar_ros2) StderrLine: {'line': b'\x1b[01m\x1b[K/home/rospi/aug_2024/src/sllidar_ros2/sdk/src/dataunpacker/dataunpacker.h:56:54:\x1b[m\x1b[K \x1b[01;35m\x1b[Kwarning: \x1b[m\x1b[Kunused parameter \xe2\x80\x98\x1b[01m\x1b[KansType\x1b[m\x1b[K\xe2\x80\x99 [\x1b[01;35m\x1b[K\x1b]8;;https://gcc.gnu.org/onlinedocs/gcc/Warning-Options.html#index-Wunused-parameter\x07-Wunused-parameter\x1b]8;;\x07\x1b[m\x1b[K]\n'}
[38.879613] (sllidar_ros2) StderrLine: {'line': b'   56 |         virtual void onDecodingError(int errMsg, \x1b[01;35m\x1b[K_u8 ansType\x1b[m\x1b[K, const void* payload, size_t size) {}\n'}
[38.880451] (sllidar_ros2) StderrLine: {'line': b'      |                                                  \x1b[01;35m\x1b[K~~~~^~~~~~~\x1b[m\x1b[K\n'}
[38.881436] (sllidar_ros2) StderrLine: {'line': b'\x1b[01m\x1b[K/home/rospi/aug_2024/src/sllidar_ros2/sdk/src/dataunpacker/dataunpacker.h:56:75:\x1b[m\x1b[K \x1b[01;35m\x1b[Kwarning: \x1b[m\x1b[Kunused parameter \xe2\x80\x98\x1b[01m\x1b[Kpayload\x1b[m\x1b[K\xe2\x80\x99 [\x1b[01;35m\x1b[K\x1b]8;;https://gcc.gnu.org/onlinedocs/gcc/Warning-Options.html#index-Wunused-parameter\x07-Wunused-parameter\x1b]8;;\x07\x1b[m\x1b[K]\n'}
[38.882337] (sllidar_ros2) StderrLine: {'line': b'   56 |         virtual void onDecodingError(int errMsg, _u8 ansType, \x1b[01;35m\x1b[Kconst void* payload\x1b[m\x1b[K, size_t size) {}\n'}
[38.883068] (sllidar_ros2) StderrLine: {'line': b'      |                                                               \x1b[01;35m\x1b[K~~~~~~~~~~~~^~~~~~~\x1b[m\x1b[K\n'}
[38.883844] (sllidar_ros2) StderrLine: {'line': b'\x1b[01m\x1b[K/home/rospi/aug_2024/src/sllidar_ros2/sdk/src/dataunpacker/dataunpacker.h:56:91:\x1b[m\x1b[K \x1b[01;35m\x1b[Kwarning: \x1b[m\x1b[Kunused parameter \xe2\x80\x98\x1b[01m\x1b[Ksize\x1b[m\x1b[K\xe2\x80\x99 [\x1b[01;35m\x1b[K\x1b]8;;https://gcc.gnu.org/onlinedocs/gcc/Warning-Options.html#index-Wunused-parameter\x07-Wunused-parameter\x1b]8;;\x07\x1b[m\x1b[K]\n'}
[38.884598] (sllidar_ros2) StderrLine: {'line': b'   56 |         virtual void onDecodingError(int errMsg, _u8 ansType, const void* payload, \x1b[01;35m\x1b[Ksize_t size\x1b[m\x1b[K) {}\n'}
[38.885383] (sllidar_ros2) StderrLine: {'line': b'      |                                                                                    \x1b[01;35m\x1b[K~~~~~~~^~~~\x1b[m\x1b[K\n'}
[38.886097] (-) TimerEvent: {}
[38.909535] (sllidar_ros2) StderrLine: {'line': b'In file included from \x1b[01m\x1b[K/home/rospi/aug_2024/src/sllidar_ros2/sdk/src/sl_lidar_driver.cpp:51\x1b[m\x1b[K:\n'}
[38.910961] (sllidar_ros2) StderrLine: {'line': b'\x1b[01m\x1b[K/home/rospi/aug_2024/src/sllidar_ros2/sdk/src/sl_async_transceiver.h:\x1b[m\x1b[K In member function \xe2\x80\x98\x1b[01m\x1b[Kvirtual void sl::internal::IAsyncProtocolCodec::onChannelError(u_result)\x1b[m\x1b[K\xe2\x80\x99:\n'}
[38.911846] (sllidar_ros2) StderrLine: {'line': b'\x1b[01m\x1b[K/home/rospi/aug_2024/src/sllidar_ros2/sdk/src/sl_async_transceiver.h:90:48:\x1b[m\x1b[K \x1b[01;35m\x1b[Kwarning: \x1b[m\x1b[Kunused parameter \xe2\x80\x98\x1b[01m\x1b[KerrCode\x1b[m\x1b[K\xe2\x80\x99 [\x1b[01;35m\x1b[K\x1b]8;;https://gcc.gnu.org/onlinedocs/gcc/Warning-Options.html#index-Wunused-parameter\x07-Wunused-parameter\x1b]8;;\x07\x1b[m\x1b[K]\n'}
[38.912729] (sllidar_ros2) StderrLine: {'line': b'   90 |         virtual void   onChannelError(\x1b[01;35m\x1b[Ku_result errCode\x1b[m\x1b[K) {}\n'}
[38.913532] (sllidar_ros2) StderrLine: {'line': b'      |                                       \x1b[01;35m\x1b[K~~~~~~~~~^~~~~~~\x1b[m\x1b[K\n'}
[38.986391] (-) TimerEvent: {}
[39.039011] (sllidar_ros2) StderrLine: {'line': b'\x1b[01m\x1b[K/home/rospi/aug_2024/src/sllidar_ros2/sdk/src/sl_lidar_driver.cpp:\x1b[m\x1b[K In member function \xe2\x80\x98\x1b[01m\x1b[Kvirtual sl_result sl::SlamtecLidarDriver::reset(sl_u32)\x1b[m\x1b[K\xe2\x80\x99:\n'}
[39.040796] (sllidar_ros2) StderrLine: {'line': b'\x1b[01m\x1b[K/home/rospi/aug_2024/src/sllidar_ros2/sdk/src/sl_lidar_driver.cpp:511:32:\x1b[m\x1b[K \x1b[01;35m\x1b[Kwarning: \x1b[m\x1b[Kunused parameter \xe2\x80\x98\x1b[01m\x1b[KtimeoutInMs\x1b[m\x1b[K\xe2\x80\x99 [\x1b[01;35m\x1b[K\x1b]8;;https://gcc.gnu.org/onlinedocs/gcc/Warning-Options.html#index-Wunused-parameter\x07-Wunused-parameter\x1b]8;;\x07\x1b[m\x1b[K]\n'}
[39.041678] (sllidar_ros2) StderrLine: {'line': b'  511 |         sl_result reset(\x1b[01;35m\x1b[Ksl_u32 timeoutInMs = DEFAULT_TIMEOUT\x1b[m\x1b[K)\n'}
[39.042443] (sllidar_ros2) StderrLine: {'line': b'      |                         \x1b[01;35m\x1b[K~~~~~~~^~~~~~~~~~~~~~~~~~~~~~~~~~~~~\x1b[m\x1b[K\n'}
[39.060279] (sllidar_ros2) StderrLine: {'line': b'\x1b[01m\x1b[K/home/rospi/aug_2024/src/sllidar_ros2/sdk/src/sl_lidar_driver.cpp:\x1b[m\x1b[K In member function \xe2\x80\x98\x1b[01m\x1b[Kvirtual sl_result sl::SlamtecLidarDriver::startScan(bool, bool, sl_u32, sl::LidarScanMode*)\x1b[m\x1b[K\xe2\x80\x99:\n'}
[39.062085] (sllidar_ros2) StderrLine: {'line': b'\x1b[01m\x1b[K/home/rospi/aug_2024/src/sllidar_ros2/sdk/src/sl_lidar_driver.cpp:586:69:\x1b[m\x1b[K \x1b[01;35m\x1b[Kwarning: \x1b[m\x1b[Kunused parameter \xe2\x80\x98\x1b[01m\x1b[Koptions\x1b[m\x1b[K\xe2\x80\x99 [\x1b[01;35m\x1b[K\x1b]8;;https://gcc.gnu.org/onlinedocs/gcc/Warning-Options.html#index-Wunused-parameter\x07-Wunused-parameter\x1b]8;;\x07\x1b[m\x1b[K]\n'}
[39.063140] (sllidar_ros2) StderrLine: {'line': b'  586 |         sl_result startScan(bool force, bool useTypicalScan, \x1b[01;35m\x1b[Ksl_u32 options = 0\x1b[m\x1b[K, LidarScanMode* outUsedScanMode = nullptr)\n'}
[39.064087] (sllidar_ros2) StderrLine: {'line': b'      |                                                              \x1b[01;35m\x1b[K~~~~~~~^~~~~~~~~~~\x1b[m\x1b[K\n'}
[39.074000] (sllidar_ros2) StderrLine: {'line': b'\x1b[01m\x1b[K/home/rospi/aug_2024/src/sllidar_ros2/sdk/src/sl_lidar_driver.cpp:\x1b[m\x1b[K In member function \xe2\x80\x98\x1b[01m\x1b[Kvirtual sl_result sl::SlamtecLidarDriver::stop(sl_u32)\x1b[m\x1b[K\xe2\x80\x99:\n'}
[39.075429] (sllidar_ros2) StderrLine: {'line': b'\x1b[01m\x1b[K/home/rospi/aug_2024/src/sllidar_ros2/sdk/src/sl_lidar_driver.cpp:763:31:\x1b[m\x1b[K \x1b[01;35m\x1b[Kwarning: \x1b[m\x1b[Kunused parameter \xe2\x80\x98\x1b[01m\x1b[Ktimeout\x1b[m\x1b[K\xe2\x80\x99 [\x1b[01;35m\x1b[K\x1b]8;;https://gcc.gnu.org/onlinedocs/gcc/Warning-Options.html#index-Wunused-parameter\x07-Wunused-parameter\x1b]8;;\x07\x1b[m\x1b[K]\n'}
[39.076444] (sllidar_ros2) StderrLine: {'line': b'  763 |         sl_result stop(\x1b[01;35m\x1b[Ksl_u32 timeout = DEFAULT_TIMEOUT\x1b[m\x1b[K)\n'}
[39.077200] (sllidar_ros2) StderrLine: {'line': b'      |                        \x1b[01;35m\x1b[K~~~~~~~^~~~~~~~~~~~~~~~~~~~~~~~~\x1b[m\x1b[K\n'}
[39.085398] (sllidar_ros2) StderrLine: {'line': b'\x1b[01m\x1b[K/home/rospi/aug_2024/src/sllidar_ros2/sdk/src/sl_lidar_driver.cpp:\x1b[m\x1b[K In member function \xe2\x80\x98\x1b[01m\x1b[Kvirtual sl_result sl::SlamtecLidarDriver::getFrequency(const sl::LidarScanMode&, const sl_lidar_response_measurement_node_hq_t*, size_t, float&)\x1b[m\x1b[K\xe2\x80\x99:\n'}
[39.086722] (-) TimerEvent: {}
[39.087479] (sllidar_ros2) StderrLine: {'line': b'\x1b[01m\x1b[K/home/rospi/aug_2024/src/sllidar_ros2/sdk/src/sl_lidar_driver.cpp:880:110:\x1b[m\x1b[K \x1b[01;35m\x1b[Kwarning: \x1b[m\x1b[Kunused parameter \xe2\x80\x98\x1b[01m\x1b[Knodes\x1b[m\x1b[K\xe2\x80\x99 [\x1b[01;35m\x1b[K\x1b]8;;https://gcc.gnu.org/onlinedocs/gcc/Warning-Options.html#index-Wunused-parameter\x07-Wunused-parameter\x1b]8;;\x07\x1b[m\x1b[K]\n'}
[39.088440] (sllidar_ros2) StderrLine: {'line': b'  880 |         sl_result getFrequency(const LidarScanMode& scanMode, \x1b[01;35m\x1b[Kconst sl_lidar_response_measurement_node_hq_t* nodes\x1b[m\x1b[K, size_t count, float& frequency)\n'}
[39.089262] (sllidar_ros2) StderrLine: {'line': b'      |                                                               \x1b[01;35m\x1b[K~~~~~~~~~~~~~~~~~~~~~~~~~~~~~~~~~~~~~~~~~~~~~~~^~~~~\x1b[m\x1b[K\n'}
[39.102193] (sllidar_ros2) StderrLine: {'line': b'\x1b[01m\x1b[K/home/rospi/aug_2024/src/sllidar_ros2/sdk/src/sl_lidar_driver.cpp:\x1b[m\x1b[K In member function \xe2\x80\x98\x1b[01m\x1b[Kvirtual sl_result sl::SlamtecLidarDriver::getMotorInfo(sl::LidarMotorInfo&, sl_u32)\x1b[m\x1b[K\xe2\x80\x99:\n'}
[39.103616] (sllidar_ros2) StderrLine: {'line': b'\x1b[01m\x1b[K/home/rospi/aug_2024/src/sllidar_ros2/sdk/src/sl_lidar_driver.cpp:1023:66:\x1b[m\x1b[K \x1b[01;35m\x1b[Kwarning: \x1b[m\x1b[Kunused parameter \xe2\x80\x98\x1b[01m\x1b[KtimeoutInMs\x1b[m\x1b[K\xe2\x80\x99 [\x1b[01;35m\x1b[K\x1b]8;;https://gcc.gnu.org/onlinedocs/gcc/Warning-Options.html#index-Wunused-parameter\x07-Wunused-parameter\x1b]8;;\x07\x1b[m\x1b[K]\n'}
[39.104490] (sllidar_ros2) StderrLine: {'line': b' 1023 |         sl_result getMotorInfo(LidarMotorInfo &motorInfo, \x1b[01;35m\x1b[Ksl_u32 timeoutInMs\x1b[m\x1b[K)\n'}
[39.105279] (sllidar_ros2) StderrLine: {'line': b'      |                                                           \x1b[01;35m\x1b[K~~~~~~~^~~~~~~~~~~\x1b[m\x1b[K\n'}
[39.111841] (sllidar_ros2) StderrLine: {'line': b'\x1b[01m\x1b[K/home/rospi/aug_2024/src/sllidar_ros2/sdk/src/sl_lidar_driver.cpp:\x1b[m\x1b[K In member function \xe2\x80\x98\x1b[01m\x1b[Ku_result sl::SlamtecLidarDriver::getScanModeCount(sl_u16&, sl_u32)\x1b[m\x1b[K\xe2\x80\x99:\n'}
[39.113263] (sllidar_ros2) StderrLine: {'line': b'\x1b[01m\x1b[K/home/rospi/aug_2024/src/sllidar_ros2/sdk/src/sl_lidar_driver.cpp:1199:61:\x1b[m\x1b[K \x1b[01;35m\x1b[Kwarning: \x1b[m\x1b[Kunused parameter \xe2\x80\x98\x1b[01m\x1b[KtimeoutInMs\x1b[m\x1b[K\xe2\x80\x99 [\x1b[01;35m\x1b[K\x1b]8;;https://gcc.gnu.org/onlinedocs/gcc/Warning-Options.html#index-Wunused-parameter\x07-Wunused-parameter\x1b]8;;\x07\x1b[m\x1b[K]\n'}
[39.114094] (sllidar_ros2) StderrLine: {'line': b' 1199 |         u_result getScanModeCount(sl_u16& modeCount, \x1b[01;35m\x1b[Ksl_u32 timeoutInMs = DEFAULT_TIMEOUT\x1b[m\x1b[K)\n'}
[39.114867] (sllidar_ros2) StderrLine: {'line': b'      |                                                      \x1b[01;35m\x1b[K~~~~~~~^~~~~~~~~~~~~~~~~~~~~~~~~~~~~\x1b[m\x1b[K\n'}
[39.186997] (-) TimerEvent: {}
[39.287989] (-) TimerEvent: {}
[39.368933] (sllidar_ros2) StderrLine: {'line': b'/home/rospi/aug_2024/src/sllidar_ros2/sdk/src/sl_lidar_driver.cpp: In instantiation of \xe2\x80\x98\x1b[01m\x1b[Kvoid sl::RawSampleNodeHolder<T>::pushNode(_u64, const T*) [with T = sl_lidar_response_measurement_node_hq_t; _u64 = long unsigned int]\x1b[m\x1b[K\xe2\x80\x99:\n'}
[39.370169] (sllidar_ros2) StderrLine: {'line': b'\x1b[01m\x1b[K/home/rospi/aug_2024/src/sllidar_ros2/sdk/src/sl_lidar_driver.cpp:1648:42:\x1b[m\x1b[K   required from here\n'}
[39.370954] (sllidar_ros2) StderrLine: {'line': b'\x1b[01m\x1b[K/home/rospi/aug_2024/src/sllidar_ros2/sdk/src/sl_lidar_driver.cpp:202:28:\x1b[m\x1b[K \x1b[01;35m\x1b[Kwarning: \x1b[m\x1b[Kunused parameter \xe2\x80\x98\x1b[01m\x1b[Ktimestamp_uS\x1b[m\x1b[K\xe2\x80\x99 [\x1b[01;35m\x1b[K\x1b]8;;https://gcc.gnu.org/onlinedocs/gcc/Warning-Options.html#index-Wunused-parameter\x07-Wunused-parameter\x1b]8;;\x07\x1b[m\x1b[K]\n'}
[39.371808] (sllidar_ros2) StderrLine: {'line': b'  202 |         void pushNode(\x1b[01;35m\x1b[K_u64 timestamp_uS\x1b[m\x1b[K, const T* node)\n'}
[39.372797] (sllidar_ros2) StderrLine: {'line': b'      |                       \x1b[01;35m\x1b[K~~~~~^~~~~~~~~~~~\x1b[m\x1b[K\n'}
[39.388212] (-) TimerEvent: {}
[39.489174] (-) TimerEvent: {}
[39.515009] (sllidar_ros2) StdoutLine: {'line': b'[ 80%] \x1b[32mBuilding CXX object CMakeFiles/sllidar_node.dir/sdk/src/sl_serial_channel.cpp.o\x1b[0m\n'}
[39.589432] (-) TimerEvent: {}
[39.691096] (-) TimerEvent: {}
[39.792000] (-) TimerEvent: {}
[39.892875] (-) TimerEvent: {}
[39.993825] (-) TimerEvent: {}
[40.094830] (-) TimerEvent: {}
[40.172058] (sllidar_ros2) StderrLine: {'line': b'\x1b[01m\x1b[K/home/rospi/aug_2024/src/sllidar_ros2/sdk/src/sl_lidar_driver.cpp:\x1b[m\x1b[K At global scope:\n'}
[40.174851] (sllidar_ros2) StderrLine: {'line': b'\x1b[01m\x1b[K/home/rospi/aug_2024/src/sllidar_ros2/sdk/src/sl_lidar_driver.cpp:83:17:\x1b[m\x1b[K \x1b[01;35m\x1b[Kwarning: \x1b[m\x1b[K\xe2\x80\x98\x1b[01m\x1b[Kvoid sl::convert(const sl_lidar_response_measurement_node_hq_t&, sl_lidar_response_measurement_node_t&)\x1b[m\x1b[K\xe2\x80\x99 defined but not used [\x1b[01;35m\x1b[K\x1b]8;;https://gcc.gnu.org/onlinedocs/gcc/Warning-Options.html#index-Wunused-function\x07-Wunused-function\x1b]8;;\x07\x1b[m\x1b[K]\n'}
[40.175990] (sllidar_ros2) StderrLine: {'line': b'   83 |     static void \x1b[01;35m\x1b[Kconvert\x1b[m\x1b[K(const sl_lidar_response_measurement_node_hq_t& from, sl_lidar_response_measurement_node_t& to)\n'}
[40.176909] (sllidar_ros2) StderrLine: {'line': b'      |                 \x1b[01;35m\x1b[K^~~~~~~\x1b[m\x1b[K\n'}
[40.178256] (sllidar_ros2) StderrLine: {'line': b'\x1b[01m\x1b[K/home/rospi/aug_2024/src/sllidar_ros2/sdk/src/sl_lidar_driver.cpp:75:17:\x1b[m\x1b[K \x1b[01;35m\x1b[Kwarning: \x1b[m\x1b[K\xe2\x80\x98\x1b[01m\x1b[Kvoid sl::convert(const sl_lidar_response_measurement_node_t&, sl_lidar_response_measurement_node_hq_t&)\x1b[m\x1b[K\xe2\x80\x99 defined but not used [\x1b[01;35m\x1b[K\x1b]8;;https://gcc.gnu.org/onlinedocs/gcc/Warning-Options.html#index-Wunused-function\x07-Wunused-function\x1b]8;;\x07\x1b[m\x1b[K]\n'}
[40.180530] (sllidar_ros2) StderrLine: {'line': b'   75 |     static void \x1b[01;35m\x1b[Kconvert\x1b[m\x1b[K(const sl_lidar_response_measurement_node_t& from, sl_lidar_response_measurement_node_hq_t& to)\n'}
[40.181594] (sllidar_ros2) StderrLine: {'line': b'      |                 \x1b[01;35m\x1b[K^~~~~~~\x1b[m\x1b[K\n'}
[40.183211] (sllidar_ros2) StderrLine: {'line': b'\x1b[01m\x1b[K/home/rospi/aug_2024/src/sllidar_ros2/sdk/src/sl_lidar_driver.cpp:70:17:\x1b[m\x1b[K \x1b[01;35m\x1b[Kwarning: \x1b[m\x1b[K\xe2\x80\x98\x1b[01m\x1b[Kvoid sl::printDeprecationWarn(const char*, const char*)\x1b[m\x1b[K\xe2\x80\x99 defined but not used [\x1b[01;35m\x1b[K\x1b]8;;https://gcc.gnu.org/onlinedocs/gcc/Warning-Options.html#index-Wunused-function\x07-Wunused-function\x1b]8;;\x07\x1b[m\x1b[K]\n'}
[40.184329] (sllidar_ros2) StderrLine: {'line': b'   70 |     static void \x1b[01;35m\x1b[KprintDeprecationWarn\x1b[m\x1b[K(const char* fn, const char* replacement)\n'}
[40.185102] (sllidar_ros2) StderrLine: {'line': b'      |                 \x1b[01;35m\x1b[K^~~~~~~~~~~~~~~~~~~~\x1b[m\x1b[K\n'}
[40.195080] (-) TimerEvent: {}
[40.296037] (-) TimerEvent: {}
[40.396992] (-) TimerEvent: {}
[40.498087] (-) TimerEvent: {}
[40.599130] (-) TimerEvent: {}
[40.700205] (-) TimerEvent: {}
[40.801266] (-) TimerEvent: {}
[40.902439] (-) TimerEvent: {}
[41.003568] (-) TimerEvent: {}
[41.104738] (-) TimerEvent: {}
[41.205825] (-) TimerEvent: {}
[41.307925] (-) TimerEvent: {}
[41.409039] (-) TimerEvent: {}
[41.509261] (sllidar_ros2) StderrLine: {'line': b'In file included from \x1b[01m\x1b[K/home/rospi/aug_2024/src/sllidar_ros2/./sdk/include/sl_lidar_cmd.h:41\x1b[m\x1b[K,\n'}
[41.510692] (-) TimerEvent: {}
[41.511375] (sllidar_ros2) StderrLine: {'line': b'                 from \x1b[01m\x1b[K/home/rospi/aug_2024/src/sllidar_ros2/./sdk/include/sl_lidar_driver.h:54\x1b[m\x1b[K,\n'}
[41.512298] (sllidar_ros2) StderrLine: {'line': b'                 from \x1b[01m\x1b[K/home/rospi/aug_2024/src/sllidar_ros2/sdk/src/sl_serial_channel.cpp:33\x1b[m\x1b[K:\n'}
[41.513137] (sllidar_ros2) StderrLine: {'line': b'\x1b[01m\x1b[K/home/rospi/aug_2024/src/sllidar_ros2/./sdk/include/sl_lidar_protocol.h:66:16:\x1b[m\x1b[K \x1b[01;35m\x1b[Kwarning: \x1b[m\x1b[KISO C++ forbids zero-size array \xe2\x80\x98\x1b[01m\x1b[Kdata\x1b[m\x1b[K\xe2\x80\x99 [\x1b[01;35m\x1b[K\x1b]8;;https://gcc.gnu.org/onlinedocs/gcc/Warning-Options.html#index-Wpedantic\x07-Wpedantic\x1b]8;;\x07\x1b[m\x1b[K]\n'}
[41.513947] (sllidar_ros2) StderrLine: {'line': b'   66 |     sl_u8 data[\x1b[01;35m\x1b[K0\x1b[m\x1b[K];\n'}
[41.515227] (sllidar_ros2) StderrLine: {'line': b'      |                \x1b[01;35m\x1b[K^\x1b[m\x1b[K\n'}
[41.516104] (sllidar_ros2) StderrLine: {'line': b'In file included from \x1b[01m\x1b[K/home/rospi/aug_2024/src/sllidar_ros2/./sdk/include/sl_lidar_driver.h:54\x1b[m\x1b[K,\n'}
[41.516926] (sllidar_ros2) StderrLine: {'line': b'                 from \x1b[01m\x1b[K/home/rospi/aug_2024/src/sllidar_ros2/sdk/src/sl_serial_channel.cpp:33\x1b[m\x1b[K:\n'}
[41.517674] (sllidar_ros2) StderrLine: {'line': b'\x1b[01m\x1b[K/home/rospi/aug_2024/src/sllidar_ros2/./sdk/include/sl_lidar_cmd.h:324:20:\x1b[m\x1b[K \x1b[01;35m\x1b[Kwarning: \x1b[m\x1b[KISO C++ forbids zero-size array \xe2\x80\x98\x1b[01m\x1b[Kpayload\x1b[m\x1b[K\xe2\x80\x99 [\x1b[01;35m\x1b[K\x1b]8;;https://gcc.gnu.org/onlinedocs/gcc/Warning-Options.html#index-Wpedantic\x07-Wpedantic\x1b]8;;\x07\x1b[m\x1b[K]\n'}
[41.518505] (sllidar_ros2) StderrLine: {'line': b'  324 |     sl_u8  payload[\x1b[01;35m\x1b[K0\x1b[m\x1b[K];\n'}
[41.519302] (sllidar_ros2) StderrLine: {'line': b'      |                    \x1b[01;35m\x1b[K^\x1b[m\x1b[K\n'}
[41.610973] (-) TimerEvent: {}
[41.711983] (-) TimerEvent: {}
[41.819961] (-) TimerEvent: {}
[41.920855] (-) TimerEvent: {}
[41.949772] (sllidar_ros2) StdoutLine: {'line': b'[ 85%] \x1b[32mBuilding CXX object CMakeFiles/sllidar_node.dir/sdk/src/sl_tcp_channel.cpp.o\x1b[0m\n'}
[42.021242] (-) TimerEvent: {}
[42.123980] (-) TimerEvent: {}
[42.225569] (-) TimerEvent: {}
[42.327224] (-) TimerEvent: {}
[42.428411] (-) TimerEvent: {}
[42.493871] (sllidar_ros2) StdoutLine: {'line': b'[ 90%] \x1b[32mBuilding CXX object CMakeFiles/sllidar_node.dir/sdk/src/sl_udp_channel.cpp.o\x1b[0m\n'}
[42.528591] (-) TimerEvent: {}
[42.630090] (-) TimerEvent: {}
[42.731117] (-) TimerEvent: {}
[42.832058] (-) TimerEvent: {}
[42.932962] (-) TimerEvent: {}
[43.033895] (-) TimerEvent: {}
[43.134848] (-) TimerEvent: {}
[43.236242] (-) TimerEvent: {}
[43.337324] (-) TimerEvent: {}
[43.444090] (-) TimerEvent: {}
[43.552081] (-) TimerEvent: {}
[43.653330] (-) TimerEvent: {}
[43.755090] (-) TimerEvent: {}
[43.856459] (-) TimerEvent: {}
[43.960050] (-) TimerEvent: {}
[44.061146] (-) TimerEvent: {}
[44.162181] (-) TimerEvent: {}
[44.220644] (sllidar_ros2) StderrLine: {'line': b'In file included from \x1b[01m\x1b[K/home/rospi/aug_2024/src/sllidar_ros2/./sdk/include/sl_lidar_cmd.h:41\x1b[m\x1b[K,\n'}
[44.221489] (sllidar_ros2) StderrLine: {'line': b'                 from \x1b[01m\x1b[K/home/rospi/aug_2024/src/sllidar_ros2/./sdk/include/sl_lidar_driver.h:54\x1b[m\x1b[K,\n'}
[44.222171] (sllidar_ros2) StderrLine: {'line': b'                 from \x1b[01m\x1b[K/home/rospi/aug_2024/src/sllidar_ros2/sdk/src/sl_tcp_channel.cpp:33\x1b[m\x1b[K:\n'}
[44.222816] (sllidar_ros2) StderrLine: {'line': b'\x1b[01m\x1b[K/home/rospi/aug_2024/src/sllidar_ros2/./sdk/include/sl_lidar_protocol.h:66:16:\x1b[m\x1b[K \x1b[01;35m\x1b[Kwarning: \x1b[m\x1b[KISO C++ forbids zero-size array \xe2\x80\x98\x1b[01m\x1b[Kdata\x1b[m\x1b[K\xe2\x80\x99 [\x1b[01;35m\x1b[K\x1b]8;;https://gcc.gnu.org/onlinedocs/gcc/Warning-Options.html#index-Wpedantic\x07-Wpedantic\x1b]8;;\x07\x1b[m\x1b[K]\n'}
[44.223944] (sllidar_ros2) StderrLine: {'line': b'   66 |     sl_u8 data[\x1b[01;35m\x1b[K0\x1b[m\x1b[K];\n'}
[44.224597] (sllidar_ros2) StderrLine: {'line': b'      |                \x1b[01;35m\x1b[K^\x1b[m\x1b[K\n'}
[44.225189] (sllidar_ros2) StderrLine: {'line': b'In file included from \x1b[01m\x1b[K/home/rospi/aug_2024/src/sllidar_ros2/./sdk/include/sl_lidar_driver.h:54\x1b[m\x1b[K,\n'}
[44.225901] (sllidar_ros2) StderrLine: {'line': b'                 from \x1b[01m\x1b[K/home/rospi/aug_2024/src/sllidar_ros2/sdk/src/sl_tcp_channel.cpp:33\x1b[m\x1b[K:\n'}
[44.226576] (sllidar_ros2) StderrLine: {'line': b'\x1b[01m\x1b[K/home/rospi/aug_2024/src/sllidar_ros2/./sdk/include/sl_lidar_cmd.h:324:20:\x1b[m\x1b[K \x1b[01;35m\x1b[Kwarning: \x1b[m\x1b[KISO C++ forbids zero-size array \xe2\x80\x98\x1b[01m\x1b[Kpayload\x1b[m\x1b[K\xe2\x80\x99 [\x1b[01;35m\x1b[K\x1b]8;;https://gcc.gnu.org/onlinedocs/gcc/Warning-Options.html#index-Wpedantic\x07-Wpedantic\x1b]8;;\x07\x1b[m\x1b[K]\n'}
[44.227257] (sllidar_ros2) StderrLine: {'line': b'  324 |     sl_u8  payload[\x1b[01;35m\x1b[K0\x1b[m\x1b[K];\n'}
[44.227929] (sllidar_ros2) StderrLine: {'line': b'      |                    \x1b[01;35m\x1b[K^\x1b[m\x1b[K\n'}
[44.248130] (sllidar_ros2) StderrLine: {'line': b'\x1b[01m\x1b[K/home/rospi/aug_2024/src/sllidar_ros2/sdk/src/sl_tcp_channel.cpp:\x1b[m\x1b[K In member function \xe2\x80\x98\x1b[01m\x1b[Kvoid sl::TcpChannel::setStatus(_u32)\x1b[m\x1b[K\xe2\x80\x99:\n'}
[44.248913] (sllidar_ros2) StderrLine: {'line': b'\x1b[01m\x1b[K/home/rospi/aug_2024/src/sllidar_ros2/sdk/src/sl_tcp_channel.cpp:109:29:\x1b[m\x1b[K \x1b[01;35m\x1b[Kwarning: \x1b[m\x1b[Kunused parameter \xe2\x80\x98\x1b[01m\x1b[Kflag\x1b[m\x1b[K\xe2\x80\x99 [\x1b[01;35m\x1b[K\x1b]8;;https://gcc.gnu.org/onlinedocs/gcc/Warning-Options.html#index-Wunused-parameter\x07-Wunused-parameter\x1b]8;;\x07\x1b[m\x1b[K]\n'}
[44.249676] (sllidar_ros2) StderrLine: {'line': b'  109 |         void setStatus(\x1b[01;35m\x1b[K_u32 flag\x1b[m\x1b[K){}\n'}
[44.250403] (sllidar_ros2) StderrLine: {'line': b'      |                        \x1b[01;35m\x1b[K~~~~~^~~~\x1b[m\x1b[K\n'}
[44.262422] (-) TimerEvent: {}
[44.363383] (-) TimerEvent: {}
[44.464408] (-) TimerEvent: {}
[44.565460] (-) TimerEvent: {}
[44.642788] (sllidar_ros2) StderrLine: {'line': b'In file included from \x1b[01m\x1b[K/home/rospi/aug_2024/src/sllidar_ros2/./sdk/include/sl_lidar_cmd.h:41\x1b[m\x1b[K,\n'}
[44.643427] (sllidar_ros2) StderrLine: {'line': b'                 from \x1b[01m\x1b[K/home/rospi/aug_2024/src/sllidar_ros2/./sdk/include/sl_lidar_driver.h:54\x1b[m\x1b[K,\n'}
[44.644075] (sllidar_ros2) StderrLine: {'line': b'                 from \x1b[01m\x1b[K/home/rospi/aug_2024/src/sllidar_ros2/sdk/src/sl_udp_channel.cpp:33\x1b[m\x1b[K:\n'}
[44.645074] (sllidar_ros2) StderrLine: {'line': b'\x1b[01m\x1b[K/home/rospi/aug_2024/src/sllidar_ros2/./sdk/include/sl_lidar_protocol.h:66:16:\x1b[m\x1b[K \x1b[01;35m\x1b[Kwarning: \x1b[m\x1b[KISO C++ forbids zero-size array \xe2\x80\x98\x1b[01m\x1b[Kdata\x1b[m\x1b[K\xe2\x80\x99 [\x1b[01;35m\x1b[K\x1b]8;;https://gcc.gnu.org/onlinedocs/gcc/Warning-Options.html#index-Wpedantic\x07-Wpedantic\x1b]8;;\x07\x1b[m\x1b[K]\n'}
[44.646723] (sllidar_ros2) StderrLine: {'line': b'   66 |     sl_u8 data[\x1b[01;35m\x1b[K0\x1b[m\x1b[K];\n'}
[44.647771] (sllidar_ros2) StderrLine: {'line': b'      |                \x1b[01;35m\x1b[K^\x1b[m\x1b[K\n'}
[44.648706] (sllidar_ros2) StderrLine: {'line': b'In file included from \x1b[01m\x1b[K/home/rospi/aug_2024/src/sllidar_ros2/./sdk/include/sl_lidar_driver.h:54\x1b[m\x1b[K,\n'}
[44.649855] (sllidar_ros2) StderrLine: {'line': b'                 from \x1b[01m\x1b[K/home/rospi/aug_2024/src/sllidar_ros2/sdk/src/sl_udp_channel.cpp:33\x1b[m\x1b[K:\n'}
[44.651046] (sllidar_ros2) StderrLine: {'line': b'\x1b[01m\x1b[K/home/rospi/aug_2024/src/sllidar_ros2/./sdk/include/sl_lidar_cmd.h:324:20:\x1b[m\x1b[K \x1b[01;35m\x1b[Kwarning: \x1b[m\x1b[KISO C++ forbids zero-size array \xe2\x80\x98\x1b[01m\x1b[Kpayload\x1b[m\x1b[K\xe2\x80\x99 [\x1b[01;35m\x1b[K\x1b]8;;https://gcc.gnu.org/onlinedocs/gcc/Warning-Options.html#index-Wpedantic\x07-Wpedantic\x1b]8;;\x07\x1b[m\x1b[K]\n'}
[44.652324] (sllidar_ros2) StderrLine: {'line': b'  324 |     sl_u8  payload[\x1b[01;35m\x1b[K0\x1b[m\x1b[K];\n'}
[44.653406] (sllidar_ros2) StderrLine: {'line': b'      |                    \x1b[01;35m\x1b[K^\x1b[m\x1b[K\n'}
[44.665700] (-) TimerEvent: {}
[44.679660] (sllidar_ros2) StderrLine: {'line': b'\x1b[01m\x1b[K/home/rospi/aug_2024/src/sllidar_ros2/sdk/src/sl_udp_channel.cpp:\x1b[m\x1b[K In member function \xe2\x80\x98\x1b[01m\x1b[Kvoid sl::UdpChannel::setStatus(_u32)\x1b[m\x1b[K\xe2\x80\x99:\n'}
[44.681190] (sllidar_ros2) StderrLine: {'line': b'\x1b[01m\x1b[K/home/rospi/aug_2024/src/sllidar_ros2/sdk/src/sl_udp_channel.cpp:112:29:\x1b[m\x1b[K \x1b[01;35m\x1b[Kwarning: \x1b[m\x1b[Kunused parameter \xe2\x80\x98\x1b[01m\x1b[Kflag\x1b[m\x1b[K\xe2\x80\x99 [\x1b[01;35m\x1b[K\x1b]8;;https://gcc.gnu.org/onlinedocs/gcc/Warning-Options.html#index-Wunused-parameter\x07-Wunused-parameter\x1b]8;;\x07\x1b[m\x1b[K]\n'}
[44.682392] (sllidar_ros2) StderrLine: {'line': b'  112 |         void setStatus(\x1b[01;35m\x1b[K_u32 flag\x1b[m\x1b[K){}\n'}
[44.684326] (sllidar_ros2) StderrLine: {'line': b'      |                        \x1b[01;35m\x1b[K~~~~~^~~~\x1b[m\x1b[K\n'}
[44.766001] (-) TimerEvent: {}
[44.868103] (-) TimerEvent: {}
[44.969915] (-) TimerEvent: {}
[45.072599] (-) TimerEvent: {}
[45.174022] (-) TimerEvent: {}
[45.276342] (-) TimerEvent: {}
[45.340839] (sllidar_ros2) StdoutLine: {'line': b'[ 95%] \x1b[32m\x1b[1mLinking CXX executable sllidar_node\x1b[0m\n'}
[45.376528] (-) TimerEvent: {}
[45.477998] (-) TimerEvent: {}
[45.579705] (-) TimerEvent: {}
[45.680836] (-) TimerEvent: {}
[45.782080] (-) TimerEvent: {}
[45.883973] (-) TimerEvent: {}
[45.986091] (-) TimerEvent: {}
[46.086960] (-) TimerEvent: {}
[46.188466] (-) TimerEvent: {}
[46.289902] (-) TimerEvent: {}
[46.391235] (-) TimerEvent: {}
[46.492097] (-) TimerEvent: {}
[46.592967] (-) TimerEvent: {}
[46.694142] (-) TimerEvent: {}
[46.795086] (-) TimerEvent: {}
[46.895969] (-) TimerEvent: {}
[46.996791] (-) TimerEvent: {}
[47.018735] (sllidar_ros2) StdoutLine: {'line': b'[ 95%] Built target sllidar_node\n'}
[47.096999] (-) TimerEvent: {}
[47.197744] (-) TimerEvent: {}
[47.298469] (-) TimerEvent: {}
[47.399215] (-) TimerEvent: {}
[47.500048] (-) TimerEvent: {}
[47.600940] (-) TimerEvent: {}
[47.701784] (-) TimerEvent: {}
[47.802590] (-) TimerEvent: {}
[47.903371] (-) TimerEvent: {}
[48.004167] (-) TimerEvent: {}
[48.104897] (-) TimerEvent: {}
[48.205665] (-) TimerEvent: {}
[48.306416] (-) TimerEvent: {}
[48.407204] (-) TimerEvent: {}
[48.507997] (-) TimerEvent: {}
[48.608734] (-) TimerEvent: {}
[48.709490] (-) TimerEvent: {}
[48.810212] (-) TimerEvent: {}
[48.910972] (-) TimerEvent: {}
[49.011775] (-) TimerEvent: {}
[49.112483] (-) TimerEvent: {}
[49.213212] (-) TimerEvent: {}
[49.313979] (-) TimerEvent: {}
[49.414744] (-) TimerEvent: {}
[49.515549] (-) TimerEvent: {}
[49.616365] (-) TimerEvent: {}
[49.722855] (-) TimerEvent: {}
[49.824554] (-) TimerEvent: {}
[49.925432] (-) TimerEvent: {}
[50.026373] (-) TimerEvent: {}
[50.127264] (-) TimerEvent: {}
[50.228094] (-) TimerEvent: {}
[50.328846] (-) TimerEvent: {}
[50.429614] (-) TimerEvent: {}
[50.530377] (-) TimerEvent: {}
[50.631100] (-) TimerEvent: {}
[50.731888] (-) TimerEvent: {}
[50.832645] (-) TimerEvent: {}
[50.933409] (-) TimerEvent: {}
[51.034168] (-) TimerEvent: {}
[51.134931] (-) TimerEvent: {}
[51.235657] (-) TimerEvent: {}
[51.336456] (-) TimerEvent: {}
[51.437408] (-) TimerEvent: {}
[51.538298] (-) TimerEvent: {}
[51.639104] (-) TimerEvent: {}
[51.739947] (-) TimerEvent: {}
[51.840861] (-) TimerEvent: {}
[51.941602] (-) TimerEvent: {}
[52.042325] (-) TimerEvent: {}
[52.143110] (-) TimerEvent: {}
[52.243861] (-) TimerEvent: {}
[52.344566] (-) TimerEvent: {}
[52.445322] (-) TimerEvent: {}
[52.546074] (-) TimerEvent: {}
[52.646815] (-) TimerEvent: {}
[52.747551] (-) TimerEvent: {}
[52.848408] (-) TimerEvent: {}
[52.949257] (-) TimerEvent: {}
[53.050018] (-) TimerEvent: {}
[53.150754] (-) TimerEvent: {}
[53.251461] (-) TimerEvent: {}
[53.352228] (-) TimerEvent: {}
[53.452930] (-) TimerEvent: {}
[53.553667] (-) TimerEvent: {}
[53.654374] (-) TimerEvent: {}
[53.755093] (-) TimerEvent: {}
[53.855888] (-) TimerEvent: {}
[53.956697] (-) TimerEvent: {}
[54.057592] (-) TimerEvent: {}
[54.158370] (-) TimerEvent: {}
[54.259143] (-) TimerEvent: {}
[54.359925] (-) TimerEvent: {}
[54.460678] (-) TimerEvent: {}
[54.561472] (-) TimerEvent: {}
[54.662218] (-) TimerEvent: {}
[54.762955] (-) TimerEvent: {}
[54.863657] (-) TimerEvent: {}
[54.964442] (-) TimerEvent: {}
[55.065191] (-) TimerEvent: {}
[55.165904] (-) TimerEvent: {}
[55.266612] (-) TimerEvent: {}
[55.367354] (-) TimerEvent: {}
[55.468141] (-) TimerEvent: {}
[55.568832] (-) TimerEvent: {}
[55.669593] (-) TimerEvent: {}
[55.770370] (-) TimerEvent: {}
[55.871327] (-) TimerEvent: {}
[55.972193] (-) TimerEvent: {}
[56.072938] (-) TimerEvent: {}
[56.173658] (-) TimerEvent: {}
[56.274426] (-) TimerEvent: {}
[56.375154] (-) TimerEvent: {}
[56.475972] (-) TimerEvent: {}
[56.576928] (-) TimerEvent: {}
[56.677666] (-) TimerEvent: {}
[56.778403] (-) TimerEvent: {}
[56.879142] (-) TimerEvent: {}
[56.979913] (-) TimerEvent: {}
[57.080657] (-) TimerEvent: {}
[57.181392] (-) TimerEvent: {}
[57.282127] (-) TimerEvent: {}
[57.382865] (-) TimerEvent: {}
[57.483588] (-) TimerEvent: {}
[57.584377] (-) TimerEvent: {}
[57.685106] (-) TimerEvent: {}
[57.786009] (-) TimerEvent: {}
[57.886756] (-) TimerEvent: {}
[57.987530] (-) TimerEvent: {}
[58.089870] (-) TimerEvent: {}
[58.190866] (-) TimerEvent: {}
[58.291626] (-) TimerEvent: {}
[58.392438] (-) TimerEvent: {}
[58.493161] (-) TimerEvent: {}
[58.594057] (-) TimerEvent: {}
[58.695480] (-) TimerEvent: {}
[58.796654] (-) TimerEvent: {}
[58.897446] (-) TimerEvent: {}
[58.998381] (-) TimerEvent: {}
[59.099670] (-) TimerEvent: {}
[59.200764] (-) TimerEvent: {}
[59.301485] (-) TimerEvent: {}
[59.309756] (sllidar_ros2) StdoutLine: {'line': b'[100%] \x1b[32m\x1b[1mLinking CXX executable sllidar_client\x1b[0m\n'}
[59.401737] (-) TimerEvent: {}
[59.502722] (-) TimerEvent: {}
[59.604320] (-) TimerEvent: {}
[59.705423] (-) TimerEvent: {}
[59.806791] (-) TimerEvent: {}
[59.907719] (-) TimerEvent: {}
[60.008778] (-) TimerEvent: {}
[60.109675] (-) TimerEvent: {}
[60.210578] (-) TimerEvent: {}
[60.311624] (-) TimerEvent: {}
[60.412479] (-) TimerEvent: {}
[60.513280] (-) TimerEvent: {}
[60.614225] (-) TimerEvent: {}
[60.715001] (-) TimerEvent: {}
[60.815890] (-) TimerEvent: {}
[60.916524] (-) TimerEvent: {}
[61.017194] (-) TimerEvent: {}
[61.117995] (-) TimerEvent: {}
[61.218912] (-) TimerEvent: {}
[61.319599] (-) TimerEvent: {}
[61.420411] (-) TimerEvent: {}
[61.428880] (sllidar_ros2) StdoutLine: {'line': b'[100%] Built target sllidar_client\n'}
[61.474481] (sllidar_ros2) JobEnded: {'identifier': 'sllidar_ros2', 'rc': 'SIGINT'}
[61.486234] (aug_2024) JobSkipped: {'identifier': 'aug_2024'}
[61.486542] (-) EventReactorShutdown: {}
