[0.000000] (-) TimerEvent: {}
[0.001800] (my_robot_nav2) JobQueued: {'identifier': 'my_robot_nav2', 'dependencies': OrderedDict()}
[0.002391] (sllidar_ros2) JobQueued: {'identifier': 'sllidar_ros2', 'dependencies': OrderedDict()}
[0.002501] (BMC_2024) JobQueued: {'identifier': 'BMC_2024', 'dependencies': OrderedDict([('sllidar_ros2', '/home/rospi/aug_2024/install/sllidar_ros2')])}
[0.002613] (aug_2024) JobQueued: {'identifier': 'aug_2024', 'dependencies': OrderedDict([('sllidar_ros2', '/home/rospi/aug_2024/install/sllidar_ros2'), ('BMC_2024', '/home/rospi/aug_2024/install/BMC_2024')])}
[0.002723] (sllidar_ros2) JobStarted: {'identifier': 'sllidar_ros2'}
[0.035307] (my_robot_nav2) JobStarted: {'identifier': 'my_robot_nav2'}
[0.065019] (sllidar_ros2) JobProgress: {'identifier': 'sllidar_ros2', 'progress': 'cmake'}
[0.067463] (sllidar_ros2) Command: {'cmd': ['/usr/bin/cmake', '/home/rospi/aug_2024/src/sllidar_ros2', '-DCMAKE_INSTALL_PREFIX=/home/rospi/aug_2024/install/sllidar_ros2'], 'cwd': '/home/rospi/aug_2024/build/sllidar_ros2', 'env': OrderedDict([('LESSOPEN', '| /usr/bin/lesspipe %s'), ('USER', 'rospi'), ('SSH_CLIENT', '10.150.15.24 50384 22'), ('XDG_SESSION_TYPE', 'tty'), ('SHLVL', '1'), ('LD_LIBRARY_PATH', '/home/rospi/aug_2024/install/BMC_2024/lib:/opt/ros/humble/opt/rviz_ogre_vendor/lib:/opt/ros/humble/lib/aarch64-linux-gnu:/opt/ros/humble/lib'), ('MOTD_SHOWN', 'pam'), ('HOME', '/home/rospi'), ('OLDPWD', '/home/rospi'), ('SSH_TTY', '/dev/pts/2'), ('ROS_PYTHON_VERSION', '3'), ('DBUS_SESSION_BUS_ADDRESS', 'unix:path=/run/user/1000/bus'), ('COLCON_PREFIX_PATH', '/home/rospi/aug_2024/install'), ('ROS_DISTRO', 'humble'), ('LOGNAME', 'rospi'), ('_', '/usr/bin/colcon'), ('ROS_VERSION', '2'), ('XDG_SESSION_CLASS', 'user'), ('TERM', 'xterm-256color'), ('XDG_SESSION_ID', '86'), ('ROS_LOCALHOST_ONLY', '0'), ('PATH', '/opt/ros/humble/bin:/usr/local/sbin:/usr/local/bin:/usr/sbin:/usr/bin:/sbin:/bin:/usr/games:/usr/local/games:/snap/bin'), ('XDG_RUNTIME_DIR', '/run/user/1000'), ('LANG', 'en_US.UTF-8'), ('LS_COLORS', 'rs=0:di=01;34:ln=01;36:mh=00:pi=40;33:so=01;35:do=01;35:bd=40;33;01:cd=40;33;01:or=40;31;01:mi=00:su=37;41:sg=30;43:ca=30;41:tw=30;42:ow=34;42:st=37;44:ex=01;32:*.tar=01;31:*.tgz=01;31:*.arc=01;31:*.arj=01;31:*.taz=01;31:*.lha=01;31:*.lz4=01;31:*.lzh=01;31:*.lzma=01;31:*.tlz=01;31:*.txz=01;31:*.tzo=01;31:*.t7z=01;31:*.zip=01;31:*.z=01;31:*.dz=01;31:*.gz=01;31:*.lrz=01;31:*.lz=01;31:*.lzo=01;31:*.xz=01;31:*.zst=01;31:*.tzst=01;31:*.bz2=01;31:*.bz=01;31:*.tbz=01;31:*.tbz2=01;31:*.tz=01;31:*.deb=01;31:*.rpm=01;31:*.jar=01;31:*.war=01;31:*.ear=01;31:*.sar=01;31:*.rar=01;31:*.alz=01;31:*.ace=01;31:*.zoo=01;31:*.cpio=01;31:*.7z=01;31:*.rz=01;31:*.cab=01;31:*.wim=01;31:*.swm=01;31:*.dwm=01;31:*.esd=01;31:*.jpg=01;35:*.jpeg=01;35:*.mjpg=01;35:*.mjpeg=01;35:*.gif=01;35:*.bmp=01;35:*.pbm=01;35:*.pgm=01;35:*.ppm=01;35:*.tga=01;35:*.xbm=01;35:*.xpm=01;35:*.tif=01;35:*.tiff=01;35:*.png=01;35:*.svg=01;35:*.svgz=01;35:*.mng=01;35:*.pcx=01;35:*.mov=01;35:*.mpg=01;35:*.mpeg=01;35:*.m2v=01;35:*.mkv=01;35:*.webm=01;35:*.webp=01;35:*.ogm=01;35:*.mp4=01;35:*.m4v=01;35:*.mp4v=01;35:*.vob=01;35:*.qt=01;35:*.nuv=01;35:*.wmv=01;35:*.asf=01;35:*.rm=01;35:*.rmvb=01;35:*.flc=01;35:*.avi=01;35:*.fli=01;35:*.flv=01;35:*.gl=01;35:*.dl=01;35:*.xcf=01;35:*.xwd=01;35:*.yuv=01;35:*.cgm=01;35:*.emf=01;35:*.ogv=01;35:*.ogx=01;35:*.aac=00;36:*.au=00;36:*.flac=00;36:*.m4a=00;36:*.mid=00;36:*.midi=00;36:*.mka=00;36:*.mp3=00;36:*.mpc=00;36:*.ogg=00;36:*.ra=00;36:*.wav=00;36:*.oga=00;36:*.opus=00;36:*.spx=00;36:*.xspf=00;36:'), ('ROS_DOMAIN_ID', '13'), ('AMENT_PREFIX_PATH', '/home/rospi/aug_2024/install/aug_2024:/home/rospi/aug_2024/install/sllidar_ros2:/home/rospi/aug_2024/install/my_robot_nav2:/home/rospi/aug_2024/install/BMC_2024:/opt/ros/humble'), ('SHELL', '/bin/bash'), ('LESSCLOSE', '/usr/bin/lesspipe %s %s'), ('PWD', '/home/rospi/aug_2024/build/sllidar_ros2'), ('LC_ALL', 'en_US.UTF-8'), ('SSH_CONNECTION', '10.150.15.24 50384 10.6.102.87 22'), ('XDG_DATA_DIRS', '/usr/local/share:/usr/share:/var/lib/snapd/desktop'), ('PYTHONPATH', '/opt/ros/humble/lib/python3.10/site-packages:/opt/ros/humble/local/lib/python3.10/dist-packages'), ('COLCON', '1'), ('CMAKE_PREFIX_PATH', '/home/rospi/aug_2024/install/aug_2024:/home/rospi/aug_2024/install/sllidar_ros2:/home/rospi/aug_2024/install/my_robot_nav2:/home/rospi/aug_2024/install/BMC_2024:/opt/ros/humble')]), 'shell': False}
[0.083917] (my_robot_nav2) JobProgress: {'identifier': 'my_robot_nav2', 'progress': 'cmake'}
[0.086196] (my_robot_nav2) Command: {'cmd': ['/usr/bin/cmake', '/home/rospi/aug_2024/src/my_robot_nav2', '-DCMAKE_INSTALL_PREFIX=/home/rospi/aug_2024/install/my_robot_nav2'], 'cwd': '/home/rospi/aug_2024/build/my_robot_nav2', 'env': OrderedDict([('LESSOPEN', '| /usr/bin/lesspipe %s'), ('USER', 'rospi'), ('SSH_CLIENT', '10.150.15.24 50384 22'), ('XDG_SESSION_TYPE', 'tty'), ('SHLVL', '1'), ('LD_LIBRARY_PATH', '/home/rospi/aug_2024/install/BMC_2024/lib:/opt/ros/humble/opt/rviz_ogre_vendor/lib:/opt/ros/humble/lib/aarch64-linux-gnu:/opt/ros/humble/lib'), ('MOTD_SHOWN', 'pam'), ('HOME', '/home/rospi'), ('OLDPWD', '/home/rospi'), ('SSH_TTY', '/dev/pts/2'), ('ROS_PYTHON_VERSION', '3'), ('DBUS_SESSION_BUS_ADDRESS', 'unix:path=/run/user/1000/bus'), ('COLCON_PREFIX_PATH', '/home/rospi/aug_2024/install'), ('ROS_DISTRO', 'humble'), ('LOGNAME', 'rospi'), ('_', '/usr/bin/colcon'), ('ROS_VERSION', '2'), ('XDG_SESSION_CLASS', 'user'), ('TERM', 'xterm-256color'), ('XDG_SESSION_ID', '86'), ('ROS_LOCALHOST_ONLY', '0'), ('PATH', '/opt/ros/humble/bin:/usr/local/sbin:/usr/local/bin:/usr/sbin:/usr/bin:/sbin:/bin:/usr/games:/usr/local/games:/snap/bin'), ('XDG_RUNTIME_DIR', '/run/user/1000'), ('LANG', 'en_US.UTF-8'), ('LS_COLORS', 'rs=0:di=01;34:ln=01;36:mh=00:pi=40;33:so=01;35:do=01;35:bd=40;33;01:cd=40;33;01:or=40;31;01:mi=00:su=37;41:sg=30;43:ca=30;41:tw=30;42:ow=34;42:st=37;44:ex=01;32:*.tar=01;31:*.tgz=01;31:*.arc=01;31:*.arj=01;31:*.taz=01;31:*.lha=01;31:*.lz4=01;31:*.lzh=01;31:*.lzma=01;31:*.tlz=01;31:*.txz=01;31:*.tzo=01;31:*.t7z=01;31:*.zip=01;31:*.z=01;31:*.dz=01;31:*.gz=01;31:*.lrz=01;31:*.lz=01;31:*.lzo=01;31:*.xz=01;31:*.zst=01;31:*.tzst=01;31:*.bz2=01;31:*.bz=01;31:*.tbz=01;31:*.tbz2=01;31:*.tz=01;31:*.deb=01;31:*.rpm=01;31:*.jar=01;31:*.war=01;31:*.ear=01;31:*.sar=01;31:*.rar=01;31:*.alz=01;31:*.ace=01;31:*.zoo=01;31:*.cpio=01;31:*.7z=01;31:*.rz=01;31:*.cab=01;31:*.wim=01;31:*.swm=01;31:*.dwm=01;31:*.esd=01;31:*.jpg=01;35:*.jpeg=01;35:*.mjpg=01;35:*.mjpeg=01;35:*.gif=01;35:*.bmp=01;35:*.pbm=01;35:*.pgm=01;35:*.ppm=01;35:*.tga=01;35:*.xbm=01;35:*.xpm=01;35:*.tif=01;35:*.tiff=01;35:*.png=01;35:*.svg=01;35:*.svgz=01;35:*.mng=01;35:*.pcx=01;35:*.mov=01;35:*.mpg=01;35:*.mpeg=01;35:*.m2v=01;35:*.mkv=01;35:*.webm=01;35:*.webp=01;35:*.ogm=01;35:*.mp4=01;35:*.m4v=01;35:*.mp4v=01;35:*.vob=01;35:*.qt=01;35:*.nuv=01;35:*.wmv=01;35:*.asf=01;35:*.rm=01;35:*.rmvb=01;35:*.flc=01;35:*.avi=01;35:*.fli=01;35:*.flv=01;35:*.gl=01;35:*.dl=01;35:*.xcf=01;35:*.xwd=01;35:*.yuv=01;35:*.cgm=01;35:*.emf=01;35:*.ogv=01;35:*.ogx=01;35:*.aac=00;36:*.au=00;36:*.flac=00;36:*.m4a=00;36:*.mid=00;36:*.midi=00;36:*.mka=00;36:*.mp3=00;36:*.mpc=00;36:*.ogg=00;36:*.ra=00;36:*.wav=00;36:*.oga=00;36:*.opus=00;36:*.spx=00;36:*.xspf=00;36:'), ('ROS_DOMAIN_ID', '13'), ('AMENT_PREFIX_PATH', '/home/rospi/aug_2024/install/aug_2024:/home/rospi/aug_2024/install/sllidar_ros2:/home/rospi/aug_2024/install/my_robot_nav2:/home/rospi/aug_2024/install/BMC_2024:/opt/ros/humble'), ('SHELL', '/bin/bash'), ('LESSCLOSE', '/usr/bin/lesspipe %s %s'), ('PWD', '/home/rospi/aug_2024/build/my_robot_nav2'), ('LC_ALL', 'en_US.UTF-8'), ('SSH_CONNECTION', '10.150.15.24 50384 10.6.102.87 22'), ('XDG_DATA_DIRS', '/usr/local/share:/usr/share:/var/lib/snapd/desktop'), ('PYTHONPATH', '/opt/ros/humble/lib/python3.10/site-packages:/opt/ros/humble/local/lib/python3.10/dist-packages'), ('COLCON', '1'), ('CMAKE_PREFIX_PATH', '/home/rospi/aug_2024/install/aug_2024:/home/rospi/aug_2024/install/sllidar_ros2:/home/rospi/aug_2024/install/my_robot_nav2:/home/rospi/aug_2024/install/BMC_2024:/opt/ros/humble')]), 'shell': False}
[0.099048] (-) TimerEvent: {}
[0.199927] (-) TimerEvent: {}
[0.301073] (-) TimerEvent: {}
[0.366628] (sllidar_ros2) StdoutLine: {'line': b'-- The C compiler identification is GNU 11.4.0\n'}
[0.382825] (my_robot_nav2) StdoutLine: {'line': b'-- The C compiler identification is GNU 11.4.0\n'}
[0.401226] (-) TimerEvent: {}
[0.502085] (-) TimerEvent: {}
[0.604109] (-) TimerEvent: {}
[0.675092] (sllidar_ros2) StdoutLine: {'line': b'-- The CXX compiler identification is GNU 11.4.0\n'}
[0.690958] (my_robot_nav2) StdoutLine: {'line': b'-- The CXX compiler identification is GNU 11.4.0\n'}
[0.704316] (-) TimerEvent: {}
[0.708053] (sllidar_ros2) StdoutLine: {'line': b'-- Detecting C compiler ABI info\n'}
[0.723079] (my_robot_nav2) StdoutLine: {'line': b'-- Detecting C compiler ABI info\n'}
[0.804665] (-) TimerEvent: {}
[0.906426] (-) TimerEvent: {}
[1.007273] (-) TimerEvent: {}
[1.108385] (-) TimerEvent: {}
[1.112033] (sllidar_ros2) StdoutLine: {'line': b'-- Detecting C compiler ABI info - done\n'}
[1.118100] (my_robot_nav2) StdoutLine: {'line': b'-- Detecting C compiler ABI info - done\n'}
[1.140824] (sllidar_ros2) StdoutLine: {'line': b'-- Check for working C compiler: /usr/bin/cc - skipped\n'}
[1.141772] (sllidar_ros2) StdoutLine: {'line': b'-- Detecting C compile features\n'}
[1.143380] (sllidar_ros2) StdoutLine: {'line': b'-- Detecting C compile features - done\n'}
[1.146822] (my_robot_nav2) StdoutLine: {'line': b'-- Check for working C compiler: /usr/bin/cc - skipped\n'}
[1.147702] (my_robot_nav2) StdoutLine: {'line': b'-- Detecting C compile features\n'}
[1.149306] (my_robot_nav2) StdoutLine: {'line': b'-- Detecting C compile features - done\n'}
[1.156857] (sllidar_ros2) StdoutLine: {'line': b'-- Detecting CXX compiler ABI info\n'}
[1.162346] (my_robot_nav2) StdoutLine: {'line': b'-- Detecting CXX compiler ABI info\n'}
[1.208605] (-) TimerEvent: {}
[1.309795] (-) TimerEvent: {}
[1.411057] (-) TimerEvent: {}
[1.512537] (-) TimerEvent: {}
[1.547468] (sllidar_ros2) StdoutLine: {'line': b'-- Detecting CXX compiler ABI info - done\n'}
[1.556646] (my_robot_nav2) StdoutLine: {'line': b'-- Detecting CXX compiler ABI info - done\n'}
[1.577520] (sllidar_ros2) StdoutLine: {'line': b'-- Check for working CXX compiler: /usr/bin/c++ - skipped\n'}
[1.578669] (sllidar_ros2) StdoutLine: {'line': b'-- Detecting CXX compile features\n'}
[1.580552] (sllidar_ros2) StdoutLine: {'line': b'-- Detecting CXX compile features - done\n'}
[1.586358] (my_robot_nav2) StdoutLine: {'line': b'-- Check for working CXX compiler: /usr/bin/c++ - skipped\n'}
[1.587469] (my_robot_nav2) StdoutLine: {'line': b'-- Detecting CXX compile features\n'}
[1.589350] (my_robot_nav2) StdoutLine: {'line': b'-- Detecting CXX compile features - done\n'}
[1.612699] (-) TimerEvent: {}
[1.619651] (sllidar_ros2) StdoutLine: {'line': b'-- Found ament_cmake: 1.3.11 (/opt/ros/humble/share/ament_cmake/cmake)\n'}
[1.627338] (my_robot_nav2) StdoutLine: {'line': b'-- Found ament_cmake: 1.3.11 (/opt/ros/humble/share/ament_cmake/cmake)\n'}
[1.712901] (-) TimerEvent: {}
[1.813702] (-) TimerEvent: {}
[1.914606] (-) TimerEvent: {}
[2.015455] (-) TimerEvent: {}
[2.116656] (-) TimerEvent: {}
[2.218227] (-) TimerEvent: {}
[2.319857] (-) TimerEvent: {}
[2.420570] (-) TimerEvent: {}
[2.521527] (-) TimerEvent: {}
[2.534211] (sllidar_ros2) StdoutLine: {'line': b'-- Found Python3: /usr/bin/python3 (found version "3.10.12") found components: Interpreter \n'}
[2.538555] (my_robot_nav2) StdoutLine: {'line': b'-- Found Python3: /usr/bin/python3 (found version "3.10.12") found components: Interpreter \n'}
[2.621835] (-) TimerEvent: {}
[2.723341] (-) TimerEvent: {}
[2.824591] (-) TimerEvent: {}
[2.925810] (-) TimerEvent: {}
[3.026798] (-) TimerEvent: {}
[3.127575] (-) TimerEvent: {}
[3.228779] (-) TimerEvent: {}
[3.331403] (-) TimerEvent: {}
[3.362508] (sllidar_ros2) StdoutLine: {'line': b'-- Found rclcpp: 16.0.12 (/opt/ros/humble/share/rclcpp/cmake)\n'}
[3.387726] (my_robot_nav2) StdoutLine: {'line': b'-- Found ament_lint_auto: 0.12.12 (/opt/ros/humble/share/ament_lint_auto/cmake)\n'}
[3.431567] (-) TimerEvent: {}
[3.532349] (-) TimerEvent: {}
[3.633142] (-) TimerEvent: {}
[3.733966] (-) TimerEvent: {}
[3.834772] (-) TimerEvent: {}
[3.853438] (sllidar_ros2) StdoutLine: {'line': b'-- Found rosidl_generator_c: 3.1.6 (/opt/ros/humble/share/rosidl_generator_c/cmake)\n'}
[3.920261] (sllidar_ros2) StdoutLine: {'line': b'-- Found rosidl_adapter: 3.1.6 (/opt/ros/humble/share/rosidl_adapter/cmake)\n'}
[3.934949] (-) TimerEvent: {}
[3.982580] (my_robot_nav2) StdoutLine: {'line': b"-- Added test 'flake8' to check Python code syntax and style conventions\n"}
[3.997812] (my_robot_nav2) StdoutLine: {'line': b"-- Added test 'lint_cmake' to check CMake code style\n"}
[4.002809] (sllidar_ros2) StdoutLine: {'line': b'-- Found rosidl_generator_cpp: 3.1.6 (/opt/ros/humble/share/rosidl_generator_cpp/cmake)\n'}
[4.006995] (my_robot_nav2) StdoutLine: {'line': b"-- Added test 'pep257' to check Python code against some of the docstring style conventions in PEP 257\n"}
[4.035118] (-) TimerEvent: {}
[4.066519] (my_robot_nav2) StdoutLine: {'line': b"-- Added test 'xmllint' to check XML markup files\n"}
[4.075594] (my_robot_nav2) StdoutLine: {'line': b'-- Configuring done\n'}
[4.098207] (my_robot_nav2) StdoutLine: {'line': b'-- Generating done\n'}
[4.104838] (sllidar_ros2) StdoutLine: {'line': b'-- Using all available rosidl_typesupport_c: rosidl_typesupport_fastrtps_c;rosidl_typesupport_introspection_c\n'}
[4.107754] (my_robot_nav2) StdoutLine: {'line': b'-- Build files have been written to: /home/rospi/aug_2024/build/my_robot_nav2\n'}
[4.126593] (my_robot_nav2) CommandEnded: {'returncode': 0}
[4.128460] (my_robot_nav2) JobProgress: {'identifier': 'my_robot_nav2', 'progress': 'build'}
[4.131172] (my_robot_nav2) Command: {'cmd': ['/usr/bin/cmake', '--build', '/home/rospi/aug_2024/build/my_robot_nav2', '--', '-j4', '-l4'], 'cwd': '/home/rospi/aug_2024/build/my_robot_nav2', 'env': OrderedDict([('LESSOPEN', '| /usr/bin/lesspipe %s'), ('USER', 'rospi'), ('SSH_CLIENT', '10.150.15.24 50384 22'), ('XDG_SESSION_TYPE', 'tty'), ('SHLVL', '1'), ('LD_LIBRARY_PATH', '/home/rospi/aug_2024/install/BMC_2024/lib:/opt/ros/humble/opt/rviz_ogre_vendor/lib:/opt/ros/humble/lib/aarch64-linux-gnu:/opt/ros/humble/lib'), ('MOTD_SHOWN', 'pam'), ('HOME', '/home/rospi'), ('OLDPWD', '/home/rospi'), ('SSH_TTY', '/dev/pts/2'), ('ROS_PYTHON_VERSION', '3'), ('DBUS_SESSION_BUS_ADDRESS', 'unix:path=/run/user/1000/bus'), ('COLCON_PREFIX_PATH', '/home/rospi/aug_2024/install'), ('ROS_DISTRO', 'humble'), ('LOGNAME', 'rospi'), ('_', '/usr/bin/colcon'), ('ROS_VERSION', '2'), ('XDG_SESSION_CLASS', 'user'), ('TERM', 'xterm-256color'), ('XDG_SESSION_ID', '86'), ('ROS_LOCALHOST_ONLY', '0'), ('PATH', '/opt/ros/humble/bin:/usr/local/sbin:/usr/local/bin:/usr/sbin:/usr/bin:/sbin:/bin:/usr/games:/usr/local/games:/snap/bin'), ('XDG_RUNTIME_DIR', '/run/user/1000'), ('LANG', 'en_US.UTF-8'), ('LS_COLORS', 'rs=0:di=01;34:ln=01;36:mh=00:pi=40;33:so=01;35:do=01;35:bd=40;33;01:cd=40;33;01:or=40;31;01:mi=00:su=37;41:sg=30;43:ca=30;41:tw=30;42:ow=34;42:st=37;44:ex=01;32:*.tar=01;31:*.tgz=01;31:*.arc=01;31:*.arj=01;31:*.taz=01;31:*.lha=01;31:*.lz4=01;31:*.lzh=01;31:*.lzma=01;31:*.tlz=01;31:*.txz=01;31:*.tzo=01;31:*.t7z=01;31:*.zip=01;31:*.z=01;31:*.dz=01;31:*.gz=01;31:*.lrz=01;31:*.lz=01;31:*.lzo=01;31:*.xz=01;31:*.zst=01;31:*.tzst=01;31:*.bz2=01;31:*.bz=01;31:*.tbz=01;31:*.tbz2=01;31:*.tz=01;31:*.deb=01;31:*.rpm=01;31:*.jar=01;31:*.war=01;31:*.ear=01;31:*.sar=01;31:*.rar=01;31:*.alz=01;31:*.ace=01;31:*.zoo=01;31:*.cpio=01;31:*.7z=01;31:*.rz=01;31:*.cab=01;31:*.wim=01;31:*.swm=01;31:*.dwm=01;31:*.esd=01;31:*.jpg=01;35:*.jpeg=01;35:*.mjpg=01;35:*.mjpeg=01;35:*.gif=01;35:*.bmp=01;35:*.pbm=01;35:*.pgm=01;35:*.ppm=01;35:*.tga=01;35:*.xbm=01;35:*.xpm=01;35:*.tif=01;35:*.tiff=01;35:*.png=01;35:*.svg=01;35:*.svgz=01;35:*.mng=01;35:*.pcx=01;35:*.mov=01;35:*.mpg=01;35:*.mpeg=01;35:*.m2v=01;35:*.mkv=01;35:*.webm=01;35:*.webp=01;35:*.ogm=01;35:*.mp4=01;35:*.m4v=01;35:*.mp4v=01;35:*.vob=01;35:*.qt=01;35:*.nuv=01;35:*.wmv=01;35:*.asf=01;35:*.rm=01;35:*.rmvb=01;35:*.flc=01;35:*.avi=01;35:*.fli=01;35:*.flv=01;35:*.gl=01;35:*.dl=01;35:*.xcf=01;35:*.xwd=01;35:*.yuv=01;35:*.cgm=01;35:*.emf=01;35:*.ogv=01;35:*.ogx=01;35:*.aac=00;36:*.au=00;36:*.flac=00;36:*.m4a=00;36:*.mid=00;36:*.midi=00;36:*.mka=00;36:*.mp3=00;36:*.mpc=00;36:*.ogg=00;36:*.ra=00;36:*.wav=00;36:*.oga=00;36:*.opus=00;36:*.spx=00;36:*.xspf=00;36:'), ('ROS_DOMAIN_ID', '13'), ('AMENT_PREFIX_PATH', '/home/rospi/aug_2024/install/aug_2024:/home/rospi/aug_2024/install/sllidar_ros2:/home/rospi/aug_2024/install/my_robot_nav2:/home/rospi/aug_2024/install/BMC_2024:/opt/ros/humble'), ('SHELL', '/bin/bash'), ('LESSCLOSE', '/usr/bin/lesspipe %s %s'), ('PWD', '/home/rospi/aug_2024/build/my_robot_nav2'), ('LC_ALL', 'en_US.UTF-8'), ('SSH_CONNECTION', '10.150.15.24 50384 10.6.102.87 22'), ('XDG_DATA_DIRS', '/usr/local/share:/usr/share:/var/lib/snapd/desktop'), ('PYTHONPATH', '/opt/ros/humble/lib/python3.10/site-packages:/opt/ros/humble/local/lib/python3.10/dist-packages'), ('COLCON', '1'), ('CMAKE_PREFIX_PATH', '/home/rospi/aug_2024/install/aug_2024:/home/rospi/aug_2024/install/sllidar_ros2:/home/rospi/aug_2024/install/my_robot_nav2:/home/rospi/aug_2024/install/BMC_2024:/opt/ros/humble')]), 'shell': False}
[4.139195] (-) TimerEvent: {}
[4.240988] (-) TimerEvent: {}
[4.256023] (sllidar_ros2) StdoutLine: {'line': b'-- Using all available rosidl_typesupport_cpp: rosidl_typesupport_fastrtps_cpp;rosidl_typesupport_introspection_cpp\n'}
[4.295143] (my_robot_nav2) CommandEnded: {'returncode': 0}
[4.297516] (my_robot_nav2) JobProgress: {'identifier': 'my_robot_nav2', 'progress': 'install'}
[4.333601] (my_robot_nav2) Command: {'cmd': ['/usr/bin/cmake', '--install', '/home/rospi/aug_2024/build/my_robot_nav2'], 'cwd': '/home/rospi/aug_2024/build/my_robot_nav2', 'env': OrderedDict([('LESSOPEN', '| /usr/bin/lesspipe %s'), ('USER', 'rospi'), ('SSH_CLIENT', '10.150.15.24 50384 22'), ('XDG_SESSION_TYPE', 'tty'), ('SHLVL', '1'), ('LD_LIBRARY_PATH', '/home/rospi/aug_2024/install/BMC_2024/lib:/opt/ros/humble/opt/rviz_ogre_vendor/lib:/opt/ros/humble/lib/aarch64-linux-gnu:/opt/ros/humble/lib'), ('MOTD_SHOWN', 'pam'), ('HOME', '/home/rospi'), ('OLDPWD', '/home/rospi'), ('SSH_TTY', '/dev/pts/2'), ('ROS_PYTHON_VERSION', '3'), ('DBUS_SESSION_BUS_ADDRESS', 'unix:path=/run/user/1000/bus'), ('COLCON_PREFIX_PATH', '/home/rospi/aug_2024/install'), ('ROS_DISTRO', 'humble'), ('LOGNAME', 'rospi'), ('_', '/usr/bin/colcon'), ('ROS_VERSION', '2'), ('XDG_SESSION_CLASS', 'user'), ('TERM', 'xterm-256color'), ('XDG_SESSION_ID', '86'), ('ROS_LOCALHOST_ONLY', '0'), ('PATH', '/opt/ros/humble/bin:/usr/local/sbin:/usr/local/bin:/usr/sbin:/usr/bin:/sbin:/bin:/usr/games:/usr/local/games:/snap/bin'), ('XDG_RUNTIME_DIR', '/run/user/1000'), ('LANG', 'en_US.UTF-8'), ('LS_COLORS', 'rs=0:di=01;34:ln=01;36:mh=00:pi=40;33:so=01;35:do=01;35:bd=40;33;01:cd=40;33;01:or=40;31;01:mi=00:su=37;41:sg=30;43:ca=30;41:tw=30;42:ow=34;42:st=37;44:ex=01;32:*.tar=01;31:*.tgz=01;31:*.arc=01;31:*.arj=01;31:*.taz=01;31:*.lha=01;31:*.lz4=01;31:*.lzh=01;31:*.lzma=01;31:*.tlz=01;31:*.txz=01;31:*.tzo=01;31:*.t7z=01;31:*.zip=01;31:*.z=01;31:*.dz=01;31:*.gz=01;31:*.lrz=01;31:*.lz=01;31:*.lzo=01;31:*.xz=01;31:*.zst=01;31:*.tzst=01;31:*.bz2=01;31:*.bz=01;31:*.tbz=01;31:*.tbz2=01;31:*.tz=01;31:*.deb=01;31:*.rpm=01;31:*.jar=01;31:*.war=01;31:*.ear=01;31:*.sar=01;31:*.rar=01;31:*.alz=01;31:*.ace=01;31:*.zoo=01;31:*.cpio=01;31:*.7z=01;31:*.rz=01;31:*.cab=01;31:*.wim=01;31:*.swm=01;31:*.dwm=01;31:*.esd=01;31:*.jpg=01;35:*.jpeg=01;35:*.mjpg=01;35:*.mjpeg=01;35:*.gif=01;35:*.bmp=01;35:*.pbm=01;35:*.pgm=01;35:*.ppm=01;35:*.tga=01;35:*.xbm=01;35:*.xpm=01;35:*.tif=01;35:*.tiff=01;35:*.png=01;35:*.svg=01;35:*.svgz=01;35:*.mng=01;35:*.pcx=01;35:*.mov=01;35:*.mpg=01;35:*.mpeg=01;35:*.m2v=01;35:*.mkv=01;35:*.webm=01;35:*.webp=01;35:*.ogm=01;35:*.mp4=01;35:*.m4v=01;35:*.mp4v=01;35:*.vob=01;35:*.qt=01;35:*.nuv=01;35:*.wmv=01;35:*.asf=01;35:*.rm=01;35:*.rmvb=01;35:*.flc=01;35:*.avi=01;35:*.fli=01;35:*.flv=01;35:*.gl=01;35:*.dl=01;35:*.xcf=01;35:*.xwd=01;35:*.yuv=01;35:*.cgm=01;35:*.emf=01;35:*.ogv=01;35:*.ogx=01;35:*.aac=00;36:*.au=00;36:*.flac=00;36:*.m4a=00;36:*.mid=00;36:*.midi=00;36:*.mka=00;36:*.mp3=00;36:*.mpc=00;36:*.ogg=00;36:*.ra=00;36:*.wav=00;36:*.oga=00;36:*.opus=00;36:*.spx=00;36:*.xspf=00;36:'), ('ROS_DOMAIN_ID', '13'), ('AMENT_PREFIX_PATH', '/home/rospi/aug_2024/install/aug_2024:/home/rospi/aug_2024/install/sllidar_ros2:/home/rospi/aug_2024/install/my_robot_nav2:/home/rospi/aug_2024/install/BMC_2024:/opt/ros/humble'), ('SHELL', '/bin/bash'), ('LESSCLOSE', '/usr/bin/lesspipe %s %s'), ('PWD', '/home/rospi/aug_2024/build/my_robot_nav2'), ('LC_ALL', 'en_US.UTF-8'), ('SSH_CONNECTION', '10.150.15.24 50384 10.6.102.87 22'), ('XDG_DATA_DIRS', '/usr/local/share:/usr/share:/var/lib/snapd/desktop'), ('PYTHONPATH', '/opt/ros/humble/lib/python3.10/site-packages:/opt/ros/humble/local/lib/python3.10/dist-packages'), ('COLCON', '1'), ('CMAKE_PREFIX_PATH', '/home/rospi/aug_2024/install/aug_2024:/home/rospi/aug_2024/install/sllidar_ros2:/home/rospi/aug_2024/install/my_robot_nav2:/home/rospi/aug_2024/install/BMC_2024:/opt/ros/humble')]), 'shell': False}
[4.341836] (-) TimerEvent: {}
[4.368108] (my_robot_nav2) StdoutLine: {'line': b'-- Install configuration: ""\n'}
[4.368894] (my_robot_nav2) StdoutLine: {'line': b'-- Installing: /home/rospi/aug_2024/install/my_robot_nav2/share/my_robot_nav2//config\n'}
[4.369524] (my_robot_nav2) StdoutLine: {'line': b'-- Installing: /home/rospi/aug_2024/install/my_robot_nav2/share/my_robot_nav2//config/slam_toolbox_params.yaml\n'}
[4.370961] (my_robot_nav2) StdoutLine: {'line': b'-- Installing: /home/rospi/aug_2024/install/my_robot_nav2/share/my_robot_nav2//config/nav2_params.yaml\n'}
[4.372301] (my_robot_nav2) StdoutLine: {'line': b'-- Installing: /home/rospi/aug_2024/install/my_robot_nav2/share/my_robot_nav2//include\n'}
[4.373538] (my_robot_nav2) StdoutLine: {'line': b'-- Installing: /home/rospi/aug_2024/install/my_robot_nav2/share/my_robot_nav2//launch\n'}
[4.374229] (my_robot_nav2) StdoutLine: {'line': b'-- Installing: /home/rospi/aug_2024/install/my_robot_nav2/share/my_robot_nav2//launch/slam_toolbox.launch.py\n'}
[4.375462] (my_robot_nav2) StdoutLine: {'line': b'-- Installing: /home/rospi/aug_2024/install/my_robot_nav2/share/my_robot_nav2//maps\n'}
[4.376137] (my_robot_nav2) StdoutLine: {'line': b'-- Installing: /home/rospi/aug_2024/install/my_robot_nav2/share/my_robot_nav2//maps/simple_map.yaml\n'}
[4.377369] (my_robot_nav2) StdoutLine: {'line': b'-- Installing: /home/rospi/aug_2024/install/my_robot_nav2/share/my_robot_nav2//maps/simple_map.pgm\n'}
[4.380023] (my_robot_nav2) StdoutLine: {'line': b'-- Installing: /home/rospi/aug_2024/install/my_robot_nav2/share/ament_index/resource_index/package_run_dependencies/my_robot_nav2\n'}
[4.382232] (my_robot_nav2) StdoutLine: {'line': b'-- Installing: /home/rospi/aug_2024/install/my_robot_nav2/share/ament_index/resource_index/parent_prefix_path/my_robot_nav2\n'}
[4.383952] (my_robot_nav2) StdoutLine: {'line': b'-- Installing: /home/rospi/aug_2024/install/my_robot_nav2/share/my_robot_nav2/environment/ament_prefix_path.sh\n'}
[4.385344] (my_robot_nav2) StdoutLine: {'line': b'-- Installing: /home/rospi/aug_2024/install/my_robot_nav2/share/my_robot_nav2/environment/ament_prefix_path.dsv\n'}
[4.386737] (my_robot_nav2) StdoutLine: {'line': b'-- Installing: /home/rospi/aug_2024/install/my_robot_nav2/share/my_robot_nav2/environment/path.sh\n'}
[4.388141] (my_robot_nav2) StdoutLine: {'line': b'-- Installing: /home/rospi/aug_2024/install/my_robot_nav2/share/my_robot_nav2/environment/path.dsv\n'}
[4.389503] (my_robot_nav2) StdoutLine: {'line': b'-- Installing: /home/rospi/aug_2024/install/my_robot_nav2/share/my_robot_nav2/local_setup.bash\n'}
[4.390899] (my_robot_nav2) StdoutLine: {'line': b'-- Installing: /home/rospi/aug_2024/install/my_robot_nav2/share/my_robot_nav2/local_setup.sh\n'}
[4.392247] (my_robot_nav2) StdoutLine: {'line': b'-- Installing: /home/rospi/aug_2024/install/my_robot_nav2/share/my_robot_nav2/local_setup.zsh\n'}
[4.393570] (my_robot_nav2) StdoutLine: {'line': b'-- Installing: /home/rospi/aug_2024/install/my_robot_nav2/share/my_robot_nav2/local_setup.dsv\n'}
[4.394905] (my_robot_nav2) StdoutLine: {'line': b'-- Installing: /home/rospi/aug_2024/install/my_robot_nav2/share/my_robot_nav2/package.dsv\n'}
[4.396595] (my_robot_nav2) StdoutLine: {'line': b'-- Installing: /home/rospi/aug_2024/install/my_robot_nav2/share/ament_index/resource_index/packages/my_robot_nav2\n'}
[4.398259] (my_robot_nav2) StdoutLine: {'line': b'-- Installing: /home/rospi/aug_2024/install/my_robot_nav2/share/my_robot_nav2/cmake/my_robot_nav2Config.cmake\n'}
[4.399416] (my_robot_nav2) StdoutLine: {'line': b'-- Installing: /home/rospi/aug_2024/install/my_robot_nav2/share/my_robot_nav2/cmake/my_robot_nav2Config-version.cmake\n'}
[4.400775] (my_robot_nav2) StdoutLine: {'line': b'-- Installing: /home/rospi/aug_2024/install/my_robot_nav2/share/my_robot_nav2/package.xml\n'}
[4.407365] (my_robot_nav2) CommandEnded: {'returncode': 0}
[4.442004] (-) TimerEvent: {}
[4.493426] (my_robot_nav2) JobEnded: {'identifier': 'my_robot_nav2', 'rc': 0}
[4.542184] (-) TimerEvent: {}
[4.642839] (-) TimerEvent: {}
[4.688231] (sllidar_ros2) StdoutLine: {'line': b'-- Found rmw_implementation_cmake: 6.1.2 (/opt/ros/humble/share/rmw_implementation_cmake/cmake)\n'}
[4.733668] (sllidar_ros2) StdoutLine: {'line': b'-- Found rmw_fastrtps_cpp: 6.2.7 (/opt/ros/humble/share/rmw_fastrtps_cpp/cmake)\n'}
[4.743001] (-) TimerEvent: {}
[4.843681] (-) TimerEvent: {}
[4.944496] (-) TimerEvent: {}
[5.045230] (-) TimerEvent: {}
[5.146220] (-) TimerEvent: {}
[5.246963] (-) TimerEvent: {}
[5.347722] (-) TimerEvent: {}
[5.391247] (sllidar_ros2) StdoutLine: {'line': b'-- Found OpenSSL: /usr/lib/aarch64-linux-gnu/libcrypto.so (found version "3.0.2")  \n'}
[5.447894] (-) TimerEvent: {}
[5.548577] (-) TimerEvent: {}
[5.649258] (-) TimerEvent: {}
[5.688735] (sllidar_ros2) StdoutLine: {'line': b'-- Found FastRTPS: /opt/ros/humble/include  \n'}
[5.749431] (-) TimerEvent: {}
[5.850109] (-) TimerEvent: {}
[5.950788] (-) TimerEvent: {}
[6.051479] (-) TimerEvent: {}
[6.152184] (-) TimerEvent: {}
[6.162014] (sllidar_ros2) StdoutLine: {'line': b"-- Using RMW implementation 'rmw_fastrtps_cpp' as default\n"}
[6.252364] (-) TimerEvent: {}
[6.268125] (sllidar_ros2) StdoutLine: {'line': b'-- Looking for pthread.h\n'}
[6.352575] (-) TimerEvent: {}
[6.453331] (-) TimerEvent: {}
[6.554161] (-) TimerEvent: {}
[6.608856] (sllidar_ros2) StdoutLine: {'line': b'-- Looking for pthread.h - found\n'}
[6.610865] (sllidar_ros2) StdoutLine: {'line': b'-- Performing Test CMAKE_HAVE_LIBC_PTHREAD\n'}
[6.654341] (-) TimerEvent: {}
[6.755122] (-) TimerEvent: {}
[6.855881] (-) TimerEvent: {}
[6.955359] (sllidar_ros2) StdoutLine: {'line': b'-- Performing Test CMAKE_HAVE_LIBC_PTHREAD - Success\n'}
[6.955917] (-) TimerEvent: {}
[6.959695] (sllidar_ros2) StdoutLine: {'line': b'-- Found Threads: TRUE  \n'}
[7.056148] (-) TimerEvent: {}
[7.156988] (-) TimerEvent: {}
[7.257947] (-) TimerEvent: {}
[7.348042] (sllidar_ros2) StdoutLine: {'line': b'-- Found sensor_msgs: 4.8.0 (/opt/ros/humble/share/sensor_msgs/cmake)\n'}
[7.358154] (-) TimerEvent: {}
[7.458898] (-) TimerEvent: {}
[7.536085] (sllidar_ros2) StdoutLine: {'line': b'-- Found std_srvs: 4.8.0 (/opt/ros/humble/share/std_srvs/cmake)\n'}
[7.559076] (-) TimerEvent: {}
[7.660162] (-) TimerEvent: {}
[7.760986] (-) TimerEvent: {}
[7.861837] (-) TimerEvent: {}
[7.908255] (sllidar_ros2) StdoutLine: {'line': b'-- Configuring done\n'}
[7.962017] (-) TimerEvent: {}
[7.999725] (sllidar_ros2) StdoutLine: {'line': b'-- Generating done\n'}
[8.025177] (sllidar_ros2) StdoutLine: {'line': b'-- Build files have been written to: /home/rospi/aug_2024/build/sllidar_ros2\n'}
[8.062272] (-) TimerEvent: {}
[8.064894] (sllidar_ros2) CommandEnded: {'returncode': 0}
[8.066849] (sllidar_ros2) JobProgress: {'identifier': 'sllidar_ros2', 'progress': 'build'}
[8.067905] (sllidar_ros2) Command: {'cmd': ['/usr/bin/cmake', '--build', '/home/rospi/aug_2024/build/sllidar_ros2', '--', '-j4', '-l4'], 'cwd': '/home/rospi/aug_2024/build/sllidar_ros2', 'env': OrderedDict([('LESSOPEN', '| /usr/bin/lesspipe %s'), ('USER', 'rospi'), ('SSH_CLIENT', '10.150.15.24 50384 22'), ('XDG_SESSION_TYPE', 'tty'), ('SHLVL', '1'), ('LD_LIBRARY_PATH', '/home/rospi/aug_2024/install/BMC_2024/lib:/opt/ros/humble/opt/rviz_ogre_vendor/lib:/opt/ros/humble/lib/aarch64-linux-gnu:/opt/ros/humble/lib'), ('MOTD_SHOWN', 'pam'), ('HOME', '/home/rospi'), ('OLDPWD', '/home/rospi'), ('SSH_TTY', '/dev/pts/2'), ('ROS_PYTHON_VERSION', '3'), ('DBUS_SESSION_BUS_ADDRESS', 'unix:path=/run/user/1000/bus'), ('COLCON_PREFIX_PATH', '/home/rospi/aug_2024/install'), ('ROS_DISTRO', 'humble'), ('LOGNAME', 'rospi'), ('_', '/usr/bin/colcon'), ('ROS_VERSION', '2'), ('XDG_SESSION_CLASS', 'user'), ('TERM', 'xterm-256color'), ('XDG_SESSION_ID', '86'), ('ROS_LOCALHOST_ONLY', '0'), ('PATH', '/opt/ros/humble/bin:/usr/local/sbin:/usr/local/bin:/usr/sbin:/usr/bin:/sbin:/bin:/usr/games:/usr/local/games:/snap/bin'), ('XDG_RUNTIME_DIR', '/run/user/1000'), ('LANG', 'en_US.UTF-8'), ('LS_COLORS', 'rs=0:di=01;34:ln=01;36:mh=00:pi=40;33:so=01;35:do=01;35:bd=40;33;01:cd=40;33;01:or=40;31;01:mi=00:su=37;41:sg=30;43:ca=30;41:tw=30;42:ow=34;42:st=37;44:ex=01;32:*.tar=01;31:*.tgz=01;31:*.arc=01;31:*.arj=01;31:*.taz=01;31:*.lha=01;31:*.lz4=01;31:*.lzh=01;31:*.lzma=01;31:*.tlz=01;31:*.txz=01;31:*.tzo=01;31:*.t7z=01;31:*.zip=01;31:*.z=01;31:*.dz=01;31:*.gz=01;31:*.lrz=01;31:*.lz=01;31:*.lzo=01;31:*.xz=01;31:*.zst=01;31:*.tzst=01;31:*.bz2=01;31:*.bz=01;31:*.tbz=01;31:*.tbz2=01;31:*.tz=01;31:*.deb=01;31:*.rpm=01;31:*.jar=01;31:*.war=01;31:*.ear=01;31:*.sar=01;31:*.rar=01;31:*.alz=01;31:*.ace=01;31:*.zoo=01;31:*.cpio=01;31:*.7z=01;31:*.rz=01;31:*.cab=01;31:*.wim=01;31:*.swm=01;31:*.dwm=01;31:*.esd=01;31:*.jpg=01;35:*.jpeg=01;35:*.mjpg=01;35:*.mjpeg=01;35:*.gif=01;35:*.bmp=01;35:*.pbm=01;35:*.pgm=01;35:*.ppm=01;35:*.tga=01;35:*.xbm=01;35:*.xpm=01;35:*.tif=01;35:*.tiff=01;35:*.png=01;35:*.svg=01;35:*.svgz=01;35:*.mng=01;35:*.pcx=01;35:*.mov=01;35:*.mpg=01;35:*.mpeg=01;35:*.m2v=01;35:*.mkv=01;35:*.webm=01;35:*.webp=01;35:*.ogm=01;35:*.mp4=01;35:*.m4v=01;35:*.mp4v=01;35:*.vob=01;35:*.qt=01;35:*.nuv=01;35:*.wmv=01;35:*.asf=01;35:*.rm=01;35:*.rmvb=01;35:*.flc=01;35:*.avi=01;35:*.fli=01;35:*.flv=01;35:*.gl=01;35:*.dl=01;35:*.xcf=01;35:*.xwd=01;35:*.yuv=01;35:*.cgm=01;35:*.emf=01;35:*.ogv=01;35:*.ogx=01;35:*.aac=00;36:*.au=00;36:*.flac=00;36:*.m4a=00;36:*.mid=00;36:*.midi=00;36:*.mka=00;36:*.mp3=00;36:*.mpc=00;36:*.ogg=00;36:*.ra=00;36:*.wav=00;36:*.oga=00;36:*.opus=00;36:*.spx=00;36:*.xspf=00;36:'), ('ROS_DOMAIN_ID', '13'), ('AMENT_PREFIX_PATH', '/home/rospi/aug_2024/install/aug_2024:/home/rospi/aug_2024/install/sllidar_ros2:/home/rospi/aug_2024/install/my_robot_nav2:/home/rospi/aug_2024/install/BMC_2024:/opt/ros/humble'), ('SHELL', '/bin/bash'), ('LESSCLOSE', '/usr/bin/lesspipe %s %s'), ('PWD', '/home/rospi/aug_2024/build/sllidar_ros2'), ('LC_ALL', 'en_US.UTF-8'), ('SSH_CONNECTION', '10.150.15.24 50384 10.6.102.87 22'), ('XDG_DATA_DIRS', '/usr/local/share:/usr/share:/var/lib/snapd/desktop'), ('PYTHONPATH', '/opt/ros/humble/lib/python3.10/site-packages:/opt/ros/humble/local/lib/python3.10/dist-packages'), ('COLCON', '1'), ('CMAKE_PREFIX_PATH', '/home/rospi/aug_2024/install/aug_2024:/home/rospi/aug_2024/install/sllidar_ros2:/home/rospi/aug_2024/install/my_robot_nav2:/home/rospi/aug_2024/install/BMC_2024:/opt/ros/humble')]), 'shell': False}
[8.162481] (-) TimerEvent: {}
[8.263273] (-) TimerEvent: {}
[8.297855] (sllidar_ros2) StdoutLine: {'line': b'[ 10%] \x1b[32mBuilding CXX object CMakeFiles/sllidar_node.dir/src/sllidar_node.cpp.o\x1b[0m\n'}
[8.298989] (sllidar_ros2) StdoutLine: {'line': b'[ 10%] \x1b[32mBuilding CXX object CMakeFiles/sllidar_client.dir/src/sllidar_client.cpp.o\x1b[0m\n'}
[8.302278] (sllidar_ros2) StdoutLine: {'line': b'[ 15%] \x1b[32mBuilding CXX object CMakeFiles/sllidar_node.dir/sdk/src/arch/linux/net_serial.cpp.o\x1b[0m\n'}
[8.306018] (sllidar_ros2) StdoutLine: {'line': b'[ 20%] \x1b[32mBuilding CXX object CMakeFiles/sllidar_node.dir/sdk/src/arch/linux/net_socket.cpp.o\x1b[0m\n'}
[8.363532] (-) TimerEvent: {}
[8.464506] (-) TimerEvent: {}
[8.565346] (-) TimerEvent: {}
[8.666193] (-) TimerEvent: {}
[8.767071] (-) TimerEvent: {}
[8.867897] (-) TimerEvent: {}
[8.972388] (-) TimerEvent: {}
[9.076587] (-) TimerEvent: {}
[9.178309] (-) TimerEvent: {}
[9.288933] (-) TimerEvent: {}
[9.389870] (-) TimerEvent: {}
[9.490763] (-) TimerEvent: {}
[9.591840] (-) TimerEvent: {}
[9.693270] (-) TimerEvent: {}
[9.794308] (-) TimerEvent: {}
[9.895414] (-) TimerEvent: {}
[9.996372] (-) TimerEvent: {}
[10.097473] (-) TimerEvent: {}
[10.200051] (-) TimerEvent: {}
[10.301344] (-) TimerEvent: {}
[10.402351] (-) TimerEvent: {}
[10.503481] (-) TimerEvent: {}
[10.604688] (-) TimerEvent: {}
[10.705857] (-) TimerEvent: {}
[10.806939] (-) TimerEvent: {}
[10.908258] (-) TimerEvent: {}
[11.009631] (-) TimerEvent: {}
[11.082080] (sllidar_ros2) StderrLine: {'line': b'In file included from \x1b[01m\x1b[K/home/rospi/aug_2024/src/sllidar_ros2/./sdk/include/rplidar_protocol.h:36\x1b[m\x1b[K,\n'}
[11.083497] (sllidar_ros2) StderrLine: {'line': b'                 from \x1b[01m\x1b[K/home/rospi/aug_2024/src/sllidar_ros2/./sdk/include/rplidar.h:39\x1b[m\x1b[K,\n'}
[11.084210] (sllidar_ros2) StderrLine: {'line': b'                 from \x1b[01m\x1b[K/home/rospi/aug_2024/src/sllidar_ros2/./sdk/src/sdkcommon.h:49\x1b[m\x1b[K,\n'}
[11.084990] (sllidar_ros2) StderrLine: {'line': b'                 from \x1b[01m\x1b[K/home/rospi/aug_2024/src/sllidar_ros2/sdk/src/arch/linux/net_socket.cpp:10\x1b[m\x1b[K:\n'}
[11.085692] (sllidar_ros2) StderrLine: {'line': b'\x1b[01m\x1b[K/home/rospi/aug_2024/src/sllidar_ros2/./sdk/include/sl_lidar_protocol.h:66:16:\x1b[m\x1b[K \x1b[01;35m\x1b[Kwarning: \x1b[m\x1b[KISO C++ forbids zero-size array \xe2\x80\x98\x1b[01m\x1b[Kdata\x1b[m\x1b[K\xe2\x80\x99 [\x1b[01;35m\x1b[K\x1b]8;;https://gcc.gnu.org/onlinedocs/gcc/Warning-Options.html#index-Wpedantic\x07-Wpedantic\x1b]8;;\x07\x1b[m\x1b[K]\n'}
[11.087017] (sllidar_ros2) StderrLine: {'line': b'   66 |     sl_u8 data[\x1b[01;35m\x1b[K0\x1b[m\x1b[K];\n'}
[11.087733] (sllidar_ros2) StderrLine: {'line': b'      |                \x1b[01;35m\x1b[K^\x1b[m\x1b[K\n'}
[11.088756] (sllidar_ros2) StderrLine: {'line': b'In file included from \x1b[01m\x1b[K/home/rospi/aug_2024/src/sllidar_ros2/./sdk/include/rplidar_cmd.h:36\x1b[m\x1b[K,\n'}
[11.089452] (sllidar_ros2) StderrLine: {'line': b'                 from \x1b[01m\x1b[K/home/rospi/aug_2024/src/sllidar_ros2/./sdk/include/rplidar.h:40\x1b[m\x1b[K,\n'}
[11.090456] (sllidar_ros2) StderrLine: {'line': b'                 from \x1b[01m\x1b[K/home/rospi/aug_2024/src/sllidar_ros2/./sdk/src/sdkcommon.h:49\x1b[m\x1b[K,\n'}
[11.091435] (sllidar_ros2) StderrLine: {'line': b'                 from \x1b[01m\x1b[K/home/rospi/aug_2024/src/sllidar_ros2/sdk/src/arch/linux/net_socket.cpp:10\x1b[m\x1b[K:\n'}
[11.092290] (sllidar_ros2) StderrLine: {'line': b'\x1b[01m\x1b[K/home/rospi/aug_2024/src/sllidar_ros2/./sdk/include/sl_lidar_cmd.h:324:20:\x1b[m\x1b[K \x1b[01;35m\x1b[Kwarning: \x1b[m\x1b[KISO C++ forbids zero-size array \xe2\x80\x98\x1b[01m\x1b[Kpayload\x1b[m\x1b[K\xe2\x80\x99 [\x1b[01;35m\x1b[K\x1b]8;;https://gcc.gnu.org/onlinedocs/gcc/Warning-Options.html#index-Wpedantic\x07-Wpedantic\x1b]8;;\x07\x1b[m\x1b[K]\n'}
[11.093091] (sllidar_ros2) StderrLine: {'line': b'  324 |     sl_u8  payload[\x1b[01;35m\x1b[K0\x1b[m\x1b[K];\n'}
[11.093790] (sllidar_ros2) StderrLine: {'line': b'      |                    \x1b[01;35m\x1b[K^\x1b[m\x1b[K\n'}
[11.109852] (-) TimerEvent: {}
[11.210835] (-) TimerEvent: {}
[11.311968] (-) TimerEvent: {}
[11.413372] (-) TimerEvent: {}
[11.524152] (-) TimerEvent: {}
[11.591835] (sllidar_ros2) StderrLine: {'line': b'In file included from \x1b[01m\x1b[K/home/rospi/aug_2024/src/sllidar_ros2/./sdk/src/arch/linux/arch_linux.h:42\x1b[m\x1b[K,\n'}
[11.592716] (sllidar_ros2) StderrLine: {'line': b'                 from \x1b[01m\x1b[K/home/rospi/aug_2024/src/sllidar_ros2/./sdk/src/sdkcommon.h:41\x1b[m\x1b[K,\n'}
[11.593542] (sllidar_ros2) StderrLine: {'line': b'                 from \x1b[01m\x1b[K/home/rospi/aug_2024/src/sllidar_ros2/sdk/src/arch/linux/net_socket.cpp:10\x1b[m\x1b[K:\n'}
[11.594229] (sllidar_ros2) StderrLine: {'line': b'\x1b[01m\x1b[K/home/rospi/aug_2024/src/sllidar_ros2/sdk/src/arch/linux/net_socket.cpp:\x1b[m\x1b[K In member function \xe2\x80\x98\x1b[01m\x1b[Kvirtual u_result rp::arch::net::DGramSocketImpl::sendTo(const rp::net::SocketAddress*, const void*, size_t)\x1b[m\x1b[K\xe2\x80\x99:\n'}
[11.594953] (sllidar_ros2) StderrLine: {'line': b'\x1b[01m\x1b[K/home/rospi/aug_2024/src/sllidar_ros2/sdk/src/arch/linux/net_socket.cpp:733:24:\x1b[m\x1b[K \x1b[01;35m\x1b[Kwarning: \x1b[m\x1b[Kcomparison of integer expressions of different signedness: \xe2\x80\x98\x1b[01m\x1b[Kint\x1b[m\x1b[K\xe2\x80\x99 and \xe2\x80\x98\x1b[01m\x1b[Ksize_t\x1b[m\x1b[K\xe2\x80\x99 {aka \xe2\x80\x98\x1b[01m\x1b[Klong unsigned int\x1b[m\x1b[K\xe2\x80\x99} [\x1b[01;35m\x1b[K\x1b]8;;https://gcc.gnu.org/onlinedocs/gcc/Warning-Options.html#index-Wsign-compare\x07-Wsign-compare\x1b]8;;\x07\x1b[m\x1b[K]\n'}
[11.595571] (sllidar_ros2) StderrLine: {'line': b'  733 |             assert(\x1b[01;35m\x1b[Kans == len\x1b[m\x1b[K);\n'}
[11.596184] (sllidar_ros2) StderrLine: {'line': b'      |                    \x1b[01;35m\x1b[K~~~~^~~~~~\x1b[m\x1b[K\n'}
[11.624392] (-) TimerEvent: {}
[11.725413] (-) TimerEvent: {}
[11.828645] (-) TimerEvent: {}
[11.930026] (-) TimerEvent: {}
[12.031072] (-) TimerEvent: {}
[12.132165] (-) TimerEvent: {}
[12.233241] (-) TimerEvent: {}
[12.283655] (sllidar_ros2) StderrLine: {'line': b'\x1b[01m\x1b[K/home/rospi/aug_2024/src/sllidar_ros2/sdk/src/arch/linux/net_serial.cpp:\x1b[m\x1b[K In member function \xe2\x80\x98\x1b[01m\x1b[Kbool rp::arch::net::raw_serial::open(const char*, uint32_t, uint32_t)\x1b[m\x1b[K\xe2\x80\x99:\n'}
[12.285059] (sllidar_ros2) StderrLine: {'line': b'\x1b[01m\x1b[K/home/rospi/aug_2024/src/sllidar_ros2/sdk/src/arch/linux/net_serial.cpp:97:74:\x1b[m\x1b[K \x1b[01;35m\x1b[Kwarning: \x1b[m\x1b[Kunused parameter \xe2\x80\x98\x1b[01m\x1b[Kflags\x1b[m\x1b[K\xe2\x80\x99 [\x1b[01;35m\x1b[K\x1b]8;;https://gcc.gnu.org/onlinedocs/gcc/Warning-Options.html#index-Wunused-parameter\x07-Wunused-parameter\x1b]8;;\x07\x1b[m\x1b[K]\n'}
[12.285999] (sllidar_ros2) StderrLine: {'line': b'   97 | bool raw_serial::open(const char * portname, uint32_t baudrate, \x1b[01;35m\x1b[Kuint32_t flags\x1b[m\x1b[K)\n'}
[12.286870] (sllidar_ros2) StderrLine: {'line': b'      |                                                                 \x1b[01;35m\x1b[K~~~~~~~~~^~~~~\x1b[m\x1b[K\n'}
[12.288461] (sllidar_ros2) StderrLine: {'line': b'\x1b[01m\x1b[K/home/rospi/aug_2024/src/sllidar_ros2/sdk/src/arch/linux/net_serial.cpp:\x1b[m\x1b[K In member function \xe2\x80\x98\x1b[01m\x1b[Kvirtual void rp::arch::net::raw_serial::flush(_u32)\x1b[m\x1b[K\xe2\x80\x99:\n'}
[12.289879] (sllidar_ros2) StderrLine: {'line': b'\x1b[01m\x1b[K/home/rospi/aug_2024/src/sllidar_ros2/sdk/src/arch/linux/net_serial.cpp:281:30:\x1b[m\x1b[K \x1b[01;35m\x1b[Kwarning: \x1b[m\x1b[Kunused parameter \xe2\x80\x98\x1b[01m\x1b[Kflags\x1b[m\x1b[K\xe2\x80\x99 [\x1b[01;35m\x1b[K\x1b]8;;https://gcc.gnu.org/onlinedocs/gcc/Warning-Options.html#index-Wunused-parameter\x07-Wunused-parameter\x1b]8;;\x07\x1b[m\x1b[K]\n'}
[12.291441] (sllidar_ros2) StderrLine: {'line': b'  281 | void raw_serial::flush( \x1b[01;35m\x1b[K_u32 flags\x1b[m\x1b[K)\n'}
[12.301151] (sllidar_ros2) StderrLine: {'line': b'      |                         \x1b[01;35m\x1b[K~~~~~^~~~~\x1b[m\x1b[K\n'}
[12.302008] (sllidar_ros2) StderrLine: {'line': b'\x1b[01m\x1b[K/home/rospi/aug_2024/src/sllidar_ros2/sdk/src/arch/linux/net_serial.cpp:\x1b[m\x1b[K In member function \xe2\x80\x98\x1b[01m\x1b[Kvirtual int rp::arch::net::raw_serial::waitforsent(_u32, size_t*)\x1b[m\x1b[K\xe2\x80\x99:\n'}
[12.303292] (sllidar_ros2) StderrLine: {'line': b'\x1b[01m\x1b[K/home/rospi/aug_2024/src/sllidar_ros2/sdk/src/arch/linux/net_serial.cpp:286:34:\x1b[m\x1b[K \x1b[01;35m\x1b[Kwarning: \x1b[m\x1b[Kunused parameter \xe2\x80\x98\x1b[01m\x1b[Ktimeout\x1b[m\x1b[K\xe2\x80\x99 [\x1b[01;35m\x1b[K\x1b]8;;https://gcc.gnu.org/onlinedocs/gcc/Warning-Options.html#index-Wunused-parameter\x07-Wunused-parameter\x1b]8;;\x07\x1b[m\x1b[K]\n'}
[12.304074] (sllidar_ros2) StderrLine: {'line': b'  286 | int raw_serial::waitforsent(\x1b[01;35m\x1b[K_u32 timeout\x1b[m\x1b[K, size_t * returned_size)\n'}
[12.305112] (sllidar_ros2) StderrLine: {'line': b'      |                             \x1b[01;35m\x1b[K~~~~~^~~~~~~\x1b[m\x1b[K\n'}
[12.305953] (sllidar_ros2) StderrLine: {'line': b'\x1b[01m\x1b[K/home/rospi/aug_2024/src/sllidar_ros2/sdk/src/arch/linux/net_serial.cpp:\x1b[m\x1b[K In member function \xe2\x80\x98\x1b[01m\x1b[Kvirtual int rp::arch::net::raw_serial::waitforrecv(_u32, size_t*)\x1b[m\x1b[K\xe2\x80\x99:\n'}
[12.306732] (sllidar_ros2) StderrLine: {'line': b'\x1b[01m\x1b[K/home/rospi/aug_2024/src/sllidar_ros2/sdk/src/arch/linux/net_serial.cpp:292:34:\x1b[m\x1b[K \x1b[01;35m\x1b[Kwarning: \x1b[m\x1b[Kunused parameter \xe2\x80\x98\x1b[01m\x1b[Ktimeout\x1b[m\x1b[K\xe2\x80\x99 [\x1b[01;35m\x1b[K\x1b]8;;https://gcc.gnu.org/onlinedocs/gcc/Warning-Options.html#index-Wunused-parameter\x07-Wunused-parameter\x1b]8;;\x07\x1b[m\x1b[K]\n'}
[12.307708] (sllidar_ros2) StderrLine: {'line': b'  292 | int raw_serial::waitforrecv(\x1b[01;35m\x1b[K_u32 timeout\x1b[m\x1b[K, size_t * returned_size)\n'}
[12.308720] (sllidar_ros2) StderrLine: {'line': b'      |                             \x1b[01;35m\x1b[K~~~~~^~~~~~~\x1b[m\x1b[K\n'}
[12.309715] (sllidar_ros2) StderrLine: {'line': b'\x1b[01m\x1b[K/home/rospi/aug_2024/src/sllidar_ros2/sdk/src/arch/linux/net_serial.cpp:\x1b[m\x1b[K In member function \xe2\x80\x98\x1b[01m\x1b[Kvirtual void rp::arch::net::raw_serial::cancelOperation()\x1b[m\x1b[K\xe2\x80\x99:\n'}
[12.310696] (sllidar_ros2) StderrLine: {'line': b'\x1b[01m\x1b[K/home/rospi/aug_2024/src/sllidar_ros2/sdk/src/arch/linux/net_serial.cpp:427:5:\x1b[m\x1b[K \x1b[01;35m\x1b[Kwarning: \x1b[m\x1b[Kvalue computed is not used [\x1b[01;35m\x1b[K\x1b]8;;https://gcc.gnu.org/onlinedocs/gcc/Warning-Options.html#index-Wunused-value\x07-Wunused-value\x1b]8;;\x07\x1b[m\x1b[K]\n'}
[12.311675] (sllidar_ros2) StderrLine: {'line': b'  427 |     \x1b[01;35m\x1b[K(int)::write(_selfpipe[1], "x", 1)\x1b[m\x1b[K;\n'}
[12.324678] (sllidar_ros2) StderrLine: {'line': b'      |     \x1b[01;35m\x1b[K^~~~~~~~~~~~~~~~~~~~~~~~~~~~~~~~~~\x1b[m\x1b[K\n'}
[12.333496] (-) TimerEvent: {}
[12.434626] (-) TimerEvent: {}
[12.535615] (-) TimerEvent: {}
[12.636636] (-) TimerEvent: {}
[12.737650] (-) TimerEvent: {}
[12.838630] (-) TimerEvent: {}
[12.864651] (sllidar_ros2) StdoutLine: {'line': b'[ 25%] \x1b[32mBuilding CXX object CMakeFiles/sllidar_node.dir/sdk/src/arch/linux/timer.cpp.o\x1b[0m\n'}
[12.938850] (-) TimerEvent: {}
[13.001167] (sllidar_ros2) StdoutLine: {'line': b'[ 30%] \x1b[32mBuilding CXX object CMakeFiles/sllidar_node.dir/sdk/src/dataunpacker/dataunpacker.cpp.o\x1b[0m\n'}
[13.039080] (-) TimerEvent: {}
[13.142732] (-) TimerEvent: {}
[13.248140] (-) TimerEvent: {}
[13.350274] (-) TimerEvent: {}
[13.451873] (-) TimerEvent: {}
[13.553509] (-) TimerEvent: {}
[13.655221] (-) TimerEvent: {}
[13.756280] (-) TimerEvent: {}
[13.857654] (-) TimerEvent: {}
[13.958744] (-) TimerEvent: {}
[14.059872] (-) TimerEvent: {}
[14.161158] (-) TimerEvent: {}
[14.262195] (-) TimerEvent: {}
[14.363268] (-) TimerEvent: {}
[14.464255] (-) TimerEvent: {}
[14.565518] (-) TimerEvent: {}
[14.666778] (-) TimerEvent: {}
[14.768092] (-) TimerEvent: {}
[14.869535] (-) TimerEvent: {}
[14.970697] (-) TimerEvent: {}
[15.071780] (-) TimerEvent: {}
[15.172735] (-) TimerEvent: {}
[15.276654] (-) TimerEvent: {}
[15.378065] (-) TimerEvent: {}
[15.480452] (-) TimerEvent: {}
[15.582086] (-) TimerEvent: {}
[15.684132] (-) TimerEvent: {}
[15.785951] (-) TimerEvent: {}
[15.887550] (-) TimerEvent: {}
[15.989551] (-) TimerEvent: {}
[16.090549] (-) TimerEvent: {}
[16.191714] (-) TimerEvent: {}
[16.271075] (sllidar_ros2) StdoutLine: {'line': b'[ 35%] \x1b[32mBuilding CXX object CMakeFiles/sllidar_node.dir/sdk/src/dataunpacker/unpacker/handler_capsules.cpp.o\x1b[0m\n'}
[16.291957] (-) TimerEvent: {}
[16.335297] (sllidar_ros2) StderrLine: {'line': b'In file included from \x1b[01m\x1b[K/home/rospi/aug_2024/src/sllidar_ros2/./sdk/include/rplidar_protocol.h:36\x1b[m\x1b[K,\n'}
[16.336536] (sllidar_ros2) StderrLine: {'line': b'                 from \x1b[01m\x1b[K/home/rospi/aug_2024/src/sllidar_ros2/./sdk/include/rplidar.h:39\x1b[m\x1b[K,\n'}
[16.337741] (sllidar_ros2) StderrLine: {'line': b'                 from \x1b[01m\x1b[K/home/rospi/aug_2024/src/sllidar_ros2/./sdk/src/sdkcommon.h:49\x1b[m\x1b[K,\n'}
[16.338916] (sllidar_ros2) StderrLine: {'line': b'                 from \x1b[01m\x1b[K/home/rospi/aug_2024/src/sllidar_ros2/sdk/src/dataunpacker/dataunnpacker_commondef.h:41\x1b[m\x1b[K,\n'}
[16.340038] (sllidar_ros2) StderrLine: {'line': b'                 from \x1b[01m\x1b[K/home/rospi/aug_2024/src/sllidar_ros2/sdk/src/dataunpacker/dataunpacker.cpp:39\x1b[m\x1b[K:\n'}
[16.341461] (sllidar_ros2) StderrLine: {'line': b'\x1b[01m\x1b[K/home/rospi/aug_2024/src/sllidar_ros2/./sdk/include/sl_lidar_protocol.h:66:16:\x1b[m\x1b[K \x1b[01;35m\x1b[Kwarning: \x1b[m\x1b[KISO C++ forbids zero-size array \xe2\x80\x98\x1b[01m\x1b[Kdata\x1b[m\x1b[K\xe2\x80\x99 [\x1b[01;35m\x1b[K\x1b]8;;https://gcc.gnu.org/onlinedocs/gcc/Warning-Options.html#index-Wpedantic\x07-Wpedantic\x1b]8;;\x07\x1b[m\x1b[K]\n'}
[16.342631] (sllidar_ros2) StderrLine: {'line': b'   66 |     sl_u8 data[\x1b[01;35m\x1b[K0\x1b[m\x1b[K];\n'}
[16.343737] (sllidar_ros2) StderrLine: {'line': b'      |                \x1b[01;35m\x1b[K^\x1b[m\x1b[K\n'}
[16.347239] (sllidar_ros2) StderrLine: {'line': b'In file included from \x1b[01m\x1b[K/home/rospi/aug_2024/src/sllidar_ros2/./sdk/include/rplidar_cmd.h:36\x1b[m\x1b[K,\n'}
[16.348524] (sllidar_ros2) StderrLine: {'line': b'                 from \x1b[01m\x1b[K/home/rospi/aug_2024/src/sllidar_ros2/./sdk/include/rplidar.h:40\x1b[m\x1b[K,\n'}
[16.349762] (sllidar_ros2) StderrLine: {'line': b'                 from \x1b[01m\x1b[K/home/rospi/aug_2024/src/sllidar_ros2/./sdk/src/sdkcommon.h:49\x1b[m\x1b[K,\n'}
[16.350915] (sllidar_ros2) StderrLine: {'line': b'                 from \x1b[01m\x1b[K/home/rospi/aug_2024/src/sllidar_ros2/sdk/src/dataunpacker/dataunnpacker_commondef.h:41\x1b[m\x1b[K,\n'}
[16.352084] (sllidar_ros2) StderrLine: {'line': b'                 from \x1b[01m\x1b[K/home/rospi/aug_2024/src/sllidar_ros2/sdk/src/dataunpacker/dataunpacker.cpp:39\x1b[m\x1b[K:\n'}
[16.353341] (sllidar_ros2) StderrLine: {'line': b'\x1b[01m\x1b[K/home/rospi/aug_2024/src/sllidar_ros2/./sdk/include/sl_lidar_cmd.h:324:20:\x1b[m\x1b[K \x1b[01;35m\x1b[Kwarning: \x1b[m\x1b[KISO C++ forbids zero-size array \xe2\x80\x98\x1b[01m\x1b[Kpayload\x1b[m\x1b[K\xe2\x80\x99 [\x1b[01;35m\x1b[K\x1b]8;;https://gcc.gnu.org/onlinedocs/gcc/Warning-Options.html#index-Wpedantic\x07-Wpedantic\x1b]8;;\x07\x1b[m\x1b[K]\n'}
[16.364614] (sllidar_ros2) StderrLine: {'line': b'  324 |     sl_u8  payload[\x1b[01;35m\x1b[K0\x1b[m\x1b[K];\n'}
[16.365411] (sllidar_ros2) StderrLine: {'line': b'      |                    \x1b[01;35m\x1b[K^\x1b[m\x1b[K\n'}
[16.392244] (-) TimerEvent: {}
[16.493334] (-) TimerEvent: {}
[16.594350] (-) TimerEvent: {}
[16.695349] (-) TimerEvent: {}
[16.796335] (-) TimerEvent: {}
[16.897278] (-) TimerEvent: {}
[17.000577] (-) TimerEvent: {}
[17.104992] (-) TimerEvent: {}
[17.208666] (-) TimerEvent: {}
[17.309910] (-) TimerEvent: {}
[17.411176] (-) TimerEvent: {}
[17.512119] (-) TimerEvent: {}
[17.600353] (sllidar_ros2) StderrLine: {'line': b'In file included from \x1b[01m\x1b[K/home/rospi/aug_2024/src/sllidar_ros2/sdk/src/dataunpacker/dataunpacker.cpp:40\x1b[m\x1b[K:\n'}
[17.602048] (sllidar_ros2) StderrLine: {'line': b'\x1b[01m\x1b[K/home/rospi/aug_2024/src/sllidar_ros2/sdk/src/dataunpacker/dataunpacker.h:\x1b[m\x1b[K In member function \xe2\x80\x98\x1b[01m\x1b[Kvirtual void sl::internal::LIDARSampleDataListener::onCustomSampleDataDecoded(_u8, _u32, const void*, size_t)\x1b[m\x1b[K\xe2\x80\x99:\n'}
[17.604083] (sllidar_ros2) StderrLine: {'line': b'\x1b[01m\x1b[K/home/rospi/aug_2024/src/sllidar_ros2/sdk/src/dataunpacker/dataunpacker.h:54:52:\x1b[m\x1b[K \x1b[01;35m\x1b[Kwarning: \x1b[m\x1b[Kunused parameter \xe2\x80\x98\x1b[01m\x1b[KansType\x1b[m\x1b[K\xe2\x80\x99 [\x1b[01;35m\x1b[K\x1b]8;;https://gcc.gnu.org/onlinedocs/gcc/Warning-Options.html#index-Wunused-parameter\x07-Wunused-parameter\x1b]8;;\x07\x1b[m\x1b[K]\n'}
[17.605523] (sllidar_ros2) StderrLine: {'line': b'   54 |         virtual void onCustomSampleDataDecoded(\x1b[01;35m\x1b[K_u8 ansType\x1b[m\x1b[K, _u32 customCode, const void* data, size_t size) {}\n'}
[17.606316] (sllidar_ros2) StderrLine: {'line': b'      |                                                \x1b[01;35m\x1b[K~~~~^~~~~~~\x1b[m\x1b[K\n'}
[17.607248] (sllidar_ros2) StderrLine: {'line': b'\x1b[01m\x1b[K/home/rospi/aug_2024/src/sllidar_ros2/sdk/src/dataunpacker/dataunpacker.h:54:66:\x1b[m\x1b[K \x1b[01;35m\x1b[Kwarning: \x1b[m\x1b[Kunused parameter \xe2\x80\x98\x1b[01m\x1b[KcustomCode\x1b[m\x1b[K\xe2\x80\x99 [\x1b[01;35m\x1b[K\x1b]8;;https://gcc.gnu.org/onlinedocs/gcc/Warning-Options.html#index-Wunused-parameter\x07-Wunused-parameter\x1b]8;;\x07\x1b[m\x1b[K]\n'}
[17.608098] (sllidar_ros2) StderrLine: {'line': b'   54 |         virtual void onCustomSampleDataDecoded(_u8 ansType, \x1b[01;35m\x1b[K_u32 customCode\x1b[m\x1b[K, const void* data, size_t size) {}\n'}
[17.609015] (sllidar_ros2) StderrLine: {'line': b'      |                                                             \x1b[01;35m\x1b[K~~~~~^~~~~~~~~~\x1b[m\x1b[K\n'}
[17.609874] (sllidar_ros2) StderrLine: {'line': b'\x1b[01m\x1b[K/home/rospi/aug_2024/src/sllidar_ros2/sdk/src/dataunpacker/dataunpacker.h:54:90:\x1b[m\x1b[K \x1b[01;35m\x1b[Kwarning: \x1b[m\x1b[Kunused parameter \xe2\x80\x98\x1b[01m\x1b[Kdata\x1b[m\x1b[K\xe2\x80\x99 [\x1b[01;35m\x1b[K\x1b]8;;https://gcc.gnu.org/onlinedocs/gcc/Warning-Options.html#index-Wunused-parameter\x07-Wunused-parameter\x1b]8;;\x07\x1b[m\x1b[K]\n'}
[17.610659] (sllidar_ros2) StderrLine: {'line': b'   54 |         virtual void onCustomSampleDataDecoded(_u8 ansType, _u32 customCode, \x1b[01;35m\x1b[Kconst void* data\x1b[m\x1b[K, size_t size) {}\n'}
[17.611523] (sllidar_ros2) StderrLine: {'line': b'      |                                                                              \x1b[01;35m\x1b[K~~~~~~~~~~~~^~~~\x1b[m\x1b[K\n'}
[17.612372] (-) TimerEvent: {}
[17.624737] (sllidar_ros2) StderrLine: {'line': b'\x1b[01m\x1b[K/home/rospi/aug_2024/src/sllidar_ros2/sdk/src/dataunpacker/dataunpacker.h:54:103:\x1b[m\x1b[K \x1b[01;35m\x1b[Kwarning: \x1b[m\x1b[Kunused parameter \xe2\x80\x98\x1b[01m\x1b[Ksize\x1b[m\x1b[K\xe2\x80\x99 [\x1b[01;35m\x1b[K\x1b]8;;https://gcc.gnu.org/onlinedocs/gcc/Warning-Options.html#index-Wunused-parameter\x07-Wunused-parameter\x1b]8;;\x07\x1b[m\x1b[K]\n'}
[17.625860] (sllidar_ros2) StderrLine: {'line': b'   54 |         virtual void onCustomSampleDataDecoded(_u8 ansType, _u32 customCode, const void* data, \x1b[01;35m\x1b[Ksize_t size\x1b[m\x1b[K) {}\n'}
[17.626814] (sllidar_ros2) StderrLine: {'line': b'      |                                                                                                \x1b[01;35m\x1b[K~~~~~~~^~~~\x1b[m\x1b[K\n'}
[17.627543] (sllidar_ros2) StderrLine: {'line': b'\x1b[01m\x1b[K/home/rospi/aug_2024/src/sllidar_ros2/sdk/src/dataunpacker/dataunpacker.h:\x1b[m\x1b[K In member function \xe2\x80\x98\x1b[01m\x1b[Kvirtual void sl::internal::LIDARSampleDataListener::onDecodingError(int, _u8, const void*, size_t)\x1b[m\x1b[K\xe2\x80\x99:\n'}
[17.628465] (sllidar_ros2) StderrLine: {'line': b'\x1b[01m\x1b[K/home/rospi/aug_2024/src/sllidar_ros2/sdk/src/dataunpacker/dataunpacker.h:56:42:\x1b[m\x1b[K \x1b[01;35m\x1b[Kwarning: \x1b[m\x1b[Kunused parameter \xe2\x80\x98\x1b[01m\x1b[KerrMsg\x1b[m\x1b[K\xe2\x80\x99 [\x1b[01;35m\x1b[K\x1b]8;;https://gcc.gnu.org/onlinedocs/gcc/Warning-Options.html#index-Wunused-parameter\x07-Wunused-parameter\x1b]8;;\x07\x1b[m\x1b[K]\n'}
[17.629469] (sllidar_ros2) StderrLine: {'line': b'   56 |         virtual void onDecodingError(\x1b[01;35m\x1b[Kint errMsg\x1b[m\x1b[K, _u8 ansType, const void* payload, size_t size) {}\n'}
[17.630435] (sllidar_ros2) StderrLine: {'line': b'      |                                      \x1b[01;35m\x1b[K~~~~^~~~~~\x1b[m\x1b[K\n'}
[17.631353] (sllidar_ros2) StderrLine: {'line': b'\x1b[01m\x1b[K/home/rospi/aug_2024/src/sllidar_ros2/sdk/src/dataunpacker/dataunpacker.h:56:54:\x1b[m\x1b[K \x1b[01;35m\x1b[Kwarning: \x1b[m\x1b[Kunused parameter \xe2\x80\x98\x1b[01m\x1b[KansType\x1b[m\x1b[K\xe2\x80\x99 [\x1b[01;35m\x1b[K\x1b]8;;https://gcc.gnu.org/onlinedocs/gcc/Warning-Options.html#index-Wunused-parameter\x07-Wunused-parameter\x1b]8;;\x07\x1b[m\x1b[K]\n'}
[17.632236] (sllidar_ros2) StderrLine: {'line': b'   56 |         virtual void onDecodingError(int errMsg, \x1b[01;35m\x1b[K_u8 ansType\x1b[m\x1b[K, const void* payload, size_t size) {}\n'}
[17.633231] (sllidar_ros2) StderrLine: {'line': b'      |                                                  \x1b[01;35m\x1b[K~~~~^~~~~~~\x1b[m\x1b[K\n'}
[17.634007] (sllidar_ros2) StderrLine: {'line': b'\x1b[01m\x1b[K/home/rospi/aug_2024/src/sllidar_ros2/sdk/src/dataunpacker/dataunpacker.h:56:75:\x1b[m\x1b[K \x1b[01;35m\x1b[Kwarning: \x1b[m\x1b[Kunused parameter \xe2\x80\x98\x1b[01m\x1b[Kpayload\x1b[m\x1b[K\xe2\x80\x99 [\x1b[01;35m\x1b[K\x1b]8;;https://gcc.gnu.org/onlinedocs/gcc/Warning-Options.html#index-Wunused-parameter\x07-Wunused-parameter\x1b]8;;\x07\x1b[m\x1b[K]\n'}
[17.634878] (sllidar_ros2) StderrLine: {'line': b'   56 |         virtual void onDecodingError(int errMsg, _u8 ansType, \x1b[01;35m\x1b[Kconst void* payload\x1b[m\x1b[K, size_t size) {}\n'}
[17.635850] (sllidar_ros2) StderrLine: {'line': b'      |                                                               \x1b[01;35m\x1b[K~~~~~~~~~~~~^~~~~~~\x1b[m\x1b[K\n'}
[17.648799] (sllidar_ros2) StderrLine: {'line': b'\x1b[01m\x1b[K/home/rospi/aug_2024/src/sllidar_ros2/sdk/src/dataunpacker/dataunpacker.h:56:91:\x1b[m\x1b[K \x1b[01;35m\x1b[Kwarning: \x1b[m\x1b[Kunused parameter \xe2\x80\x98\x1b[01m\x1b[Ksize\x1b[m\x1b[K\xe2\x80\x99 [\x1b[01;35m\x1b[K\x1b]8;;https://gcc.gnu.org/onlinedocs/gcc/Warning-Options.html#index-Wunused-parameter\x07-Wunused-parameter\x1b]8;;\x07\x1b[m\x1b[K]\n'}
[17.649801] (sllidar_ros2) StderrLine: {'line': b'   56 |         virtual void onDecodingError(int errMsg, _u8 ansType, const void* payload, \x1b[01;35m\x1b[Ksize_t size\x1b[m\x1b[K) {}\n'}
[17.650790] (sllidar_ros2) StderrLine: {'line': b'      |                                                                                    \x1b[01;35m\x1b[K~~~~~~~^~~~\x1b[m\x1b[K\n'}
[17.712634] (-) TimerEvent: {}
[17.813672] (-) TimerEvent: {}
[17.914679] (-) TimerEvent: {}
[18.015710] (-) TimerEvent: {}
[18.116758] (-) TimerEvent: {}
[18.217769] (-) TimerEvent: {}
[18.318925] (-) TimerEvent: {}
[18.420008] (-) TimerEvent: {}
[18.521192] (-) TimerEvent: {}
[18.622248] (-) TimerEvent: {}
[18.723351] (-) TimerEvent: {}
[18.824600] (-) TimerEvent: {}
[18.925620] (-) TimerEvent: {}
[19.026630] (-) TimerEvent: {}
[19.078663] (sllidar_ros2) StdoutLine: {'line': b'[ 40%] \x1b[32mBuilding CXX object CMakeFiles/sllidar_node.dir/sdk/src/dataunpacker/unpacker/handler_hqnode.cpp.o\x1b[0m\n'}
[19.126885] (-) TimerEvent: {}
[19.227987] (-) TimerEvent: {}
[19.329012] (-) TimerEvent: {}
[19.334956] (sllidar_ros2) StderrLine: {'line': b'In file included from \x1b[01m\x1b[K/home/rospi/aug_2024/src/sllidar_ros2/./sdk/include/rplidar_protocol.h:36\x1b[m\x1b[K,\n'}
[19.335937] (sllidar_ros2) StderrLine: {'line': b'                 from \x1b[01m\x1b[K/home/rospi/aug_2024/src/sllidar_ros2/./sdk/include/rplidar.h:39\x1b[m\x1b[K,\n'}
[19.336568] (sllidar_ros2) StderrLine: {'line': b'                 from \x1b[01m\x1b[K/home/rospi/aug_2024/src/sllidar_ros2/./sdk/src/sdkcommon.h:49\x1b[m\x1b[K,\n'}
[19.337225] (sllidar_ros2) StderrLine: {'line': b'                 from \x1b[01m\x1b[K/home/rospi/aug_2024/src/sllidar_ros2/sdk/src/dataunpacker/unpacker/../dataunnpacker_commondef.h:41\x1b[m\x1b[K,\n'}
[19.338140] (sllidar_ros2) StderrLine: {'line': b'                 from \x1b[01m\x1b[K/home/rospi/aug_2024/src/sllidar_ros2/sdk/src/dataunpacker/unpacker/handler_capsules.cpp:39\x1b[m\x1b[K:\n'}
[19.339210] (sllidar_ros2) StderrLine: {'line': b'\x1b[01m\x1b[K/home/rospi/aug_2024/src/sllidar_ros2/./sdk/include/sl_lidar_protocol.h:66:16:\x1b[m\x1b[K \x1b[01;35m\x1b[Kwarning: \x1b[m\x1b[KISO C++ forbids zero-size array \xe2\x80\x98\x1b[01m\x1b[Kdata\x1b[m\x1b[K\xe2\x80\x99 [\x1b[01;35m\x1b[K\x1b]8;;https://gcc.gnu.org/onlinedocs/gcc/Warning-Options.html#index-Wpedantic\x07-Wpedantic\x1b]8;;\x07\x1b[m\x1b[K]\n'}
[19.339841] (sllidar_ros2) StderrLine: {'line': b'   66 |     sl_u8 data[\x1b[01;35m\x1b[K0\x1b[m\x1b[K];\n'}
[19.340626] (sllidar_ros2) StderrLine: {'line': b'      |                \x1b[01;35m\x1b[K^\x1b[m\x1b[K\n'}
[19.341250] (sllidar_ros2) StderrLine: {'line': b'In file included from \x1b[01m\x1b[K/home/rospi/aug_2024/src/sllidar_ros2/./sdk/include/rplidar_cmd.h:36\x1b[m\x1b[K,\n'}
[19.342015] (sllidar_ros2) StderrLine: {'line': b'                 from \x1b[01m\x1b[K/home/rospi/aug_2024/src/sllidar_ros2/./sdk/include/rplidar.h:40\x1b[m\x1b[K,\n'}
[19.342850] (sllidar_ros2) StderrLine: {'line': b'                 from \x1b[01m\x1b[K/home/rospi/aug_2024/src/sllidar_ros2/./sdk/src/sdkcommon.h:49\x1b[m\x1b[K,\n'}
[19.343442] (sllidar_ros2) StderrLine: {'line': b'                 from \x1b[01m\x1b[K/home/rospi/aug_2024/src/sllidar_ros2/sdk/src/dataunpacker/unpacker/../dataunnpacker_commondef.h:41\x1b[m\x1b[K,\n'}
[19.343996] (sllidar_ros2) StderrLine: {'line': b'                 from \x1b[01m\x1b[K/home/rospi/aug_2024/src/sllidar_ros2/sdk/src/dataunpacker/unpacker/handler_capsules.cpp:39\x1b[m\x1b[K:\n'}
[19.344591] (sllidar_ros2) StderrLine: {'line': b'\x1b[01m\x1b[K/home/rospi/aug_2024/src/sllidar_ros2/./sdk/include/sl_lidar_cmd.h:324:20:\x1b[m\x1b[K \x1b[01;35m\x1b[Kwarning: \x1b[m\x1b[KISO C++ forbids zero-size array \xe2\x80\x98\x1b[01m\x1b[Kpayload\x1b[m\x1b[K\xe2\x80\x99 [\x1b[01;35m\x1b[K\x1b]8;;https://gcc.gnu.org/onlinedocs/gcc/Warning-Options.html#index-Wpedantic\x07-Wpedantic\x1b]8;;\x07\x1b[m\x1b[K]\n'}
[19.345176] (sllidar_ros2) StderrLine: {'line': b'  324 |     sl_u8  payload[\x1b[01;35m\x1b[K0\x1b[m\x1b[K];\n'}
[19.345693] (sllidar_ros2) StderrLine: {'line': b'      |                    \x1b[01;35m\x1b[K^\x1b[m\x1b[K\n'}
[19.429258] (-) TimerEvent: {}
[19.530257] (-) TimerEvent: {}
[19.631198] (-) TimerEvent: {}
[19.736835] (-) TimerEvent: {}
[19.837771] (-) TimerEvent: {}
[19.944623] (-) TimerEvent: {}
[20.045798] (-) TimerEvent: {}
[20.147016] (-) TimerEvent: {}
[20.248077] (-) TimerEvent: {}
[20.349171] (-) TimerEvent: {}
[20.450088] (-) TimerEvent: {}
[20.551028] (-) TimerEvent: {}
[20.623849] (sllidar_ros2) StderrLine: {'line': b'In file included from \x1b[01m\x1b[K/home/rospi/aug_2024/src/sllidar_ros2/sdk/src/dataunpacker/unpacker/handler_capsules.cpp:40\x1b[m\x1b[K:\n'}
[20.625204] (sllidar_ros2) StderrLine: {'line': b'\x1b[01m\x1b[K/home/rospi/aug_2024/src/sllidar_ros2/sdk/src/dataunpacker/unpacker/../dataunpacker.h:\x1b[m\x1b[K In member function \xe2\x80\x98\x1b[01m\x1b[Kvirtual void sl::internal::LIDARSampleDataListener::onCustomSampleDataDecoded(_u8, _u32, const void*, size_t)\x1b[m\x1b[K\xe2\x80\x99:\n'}
[20.626615] (sllidar_ros2) StderrLine: {'line': b'\x1b[01m\x1b[K/home/rospi/aug_2024/src/sllidar_ros2/sdk/src/dataunpacker/unpacker/../dataunpacker.h:54:52:\x1b[m\x1b[K \x1b[01;35m\x1b[Kwarning: \x1b[m\x1b[Kunused parameter \xe2\x80\x98\x1b[01m\x1b[KansType\x1b[m\x1b[K\xe2\x80\x99 [\x1b[01;35m\x1b[K\x1b]8;;https://gcc.gnu.org/onlinedocs/gcc/Warning-Options.html#index-Wunused-parameter\x07-Wunused-parameter\x1b]8;;\x07\x1b[m\x1b[K]\n'}
[20.627993] (sllidar_ros2) StderrLine: {'line': b'   54 |         virtual void onCustomSampleDataDecoded(\x1b[01;35m\x1b[K_u8 ansType\x1b[m\x1b[K, _u32 customCode, const void* data, size_t size) {}\n'}
[20.629118] (sllidar_ros2) StderrLine: {'line': b'      |                                                \x1b[01;35m\x1b[K~~~~^~~~~~~\x1b[m\x1b[K\n'}
[20.629837] (sllidar_ros2) StderrLine: {'line': b'\x1b[01m\x1b[K/home/rospi/aug_2024/src/sllidar_ros2/sdk/src/dataunpacker/unpacker/../dataunpacker.h:54:66:\x1b[m\x1b[K \x1b[01;35m\x1b[Kwarning: \x1b[m\x1b[Kunused parameter \xe2\x80\x98\x1b[01m\x1b[KcustomCode\x1b[m\x1b[K\xe2\x80\x99 [\x1b[01;35m\x1b[K\x1b]8;;https://gcc.gnu.org/onlinedocs/gcc/Warning-Options.html#index-Wunused-parameter\x07-Wunused-parameter\x1b]8;;\x07\x1b[m\x1b[K]\n'}
[20.630591] (sllidar_ros2) StderrLine: {'line': b'   54 |         virtual void onCustomSampleDataDecoded(_u8 ansType, \x1b[01;35m\x1b[K_u32 customCode\x1b[m\x1b[K, const void* data, size_t size) {}\n'}
[20.631254] (sllidar_ros2) StderrLine: {'line': b'      |                                                             \x1b[01;35m\x1b[K~~~~~^~~~~~~~~~\x1b[m\x1b[K\n'}
[20.631950] (sllidar_ros2) StderrLine: {'line': b'\x1b[01m\x1b[K/home/rospi/aug_2024/src/sllidar_ros2/sdk/src/dataunpacker/unpacker/../dataunpacker.h:54:90:\x1b[m\x1b[K \x1b[01;35m\x1b[Kwarning: \x1b[m\x1b[Kunused parameter \xe2\x80\x98\x1b[01m\x1b[Kdata\x1b[m\x1b[K\xe2\x80\x99 [\x1b[01;35m\x1b[K\x1b]8;;https://gcc.gnu.org/onlinedocs/gcc/Warning-Options.html#index-Wunused-parameter\x07-Wunused-parameter\x1b]8;;\x07\x1b[m\x1b[K]\n'}
[20.632679] (sllidar_ros2) StderrLine: {'line': b'   54 |         virtual void onCustomSampleDataDecoded(_u8 ansType, _u32 customCode, \x1b[01;35m\x1b[Kconst void* data\x1b[m\x1b[K, size_t size) {}\n'}
[20.633358] (sllidar_ros2) StderrLine: {'line': b'      |                                                                              \x1b[01;35m\x1b[K~~~~~~~~~~~~^~~~\x1b[m\x1b[K\n'}
[20.634003] (sllidar_ros2) StderrLine: {'line': b'\x1b[01m\x1b[K/home/rospi/aug_2024/src/sllidar_ros2/sdk/src/dataunpacker/unpacker/../dataunpacker.h:54:103:\x1b[m\x1b[K \x1b[01;35m\x1b[Kwarning: \x1b[m\x1b[Kunused parameter \xe2\x80\x98\x1b[01m\x1b[Ksize\x1b[m\x1b[K\xe2\x80\x99 [\x1b[01;35m\x1b[K\x1b]8;;https://gcc.gnu.org/onlinedocs/gcc/Warning-Options.html#index-Wunused-parameter\x07-Wunused-parameter\x1b]8;;\x07\x1b[m\x1b[K]\n'}
[20.634617] (sllidar_ros2) StderrLine: {'line': b'   54 |         virtual void onCustomSampleDataDecoded(_u8 ansType, _u32 customCode, const void* data, \x1b[01;35m\x1b[Ksize_t size\x1b[m\x1b[K) {}\n'}
[20.635165] (sllidar_ros2) StderrLine: {'line': b'      |                                                                                                \x1b[01;35m\x1b[K~~~~~~~^~~~\x1b[m\x1b[K\n'}
[20.635767] (sllidar_ros2) StderrLine: {'line': b'\x1b[01m\x1b[K/home/rospi/aug_2024/src/sllidar_ros2/sdk/src/dataunpacker/unpacker/../dataunpacker.h:\x1b[m\x1b[K In member function \xe2\x80\x98\x1b[01m\x1b[Kvirtual void sl::internal::LIDARSampleDataListener::onDecodingError(int, _u8, const void*, size_t)\x1b[m\x1b[K\xe2\x80\x99:\n'}
[20.636372] (sllidar_ros2) StderrLine: {'line': b'\x1b[01m\x1b[K/home/rospi/aug_2024/src/sllidar_ros2/sdk/src/dataunpacker/unpacker/../dataunpacker.h:56:42:\x1b[m\x1b[K \x1b[01;35m\x1b[Kwarning: \x1b[m\x1b[Kunused parameter \xe2\x80\x98\x1b[01m\x1b[KerrMsg\x1b[m\x1b[K\xe2\x80\x99 [\x1b[01;35m\x1b[K\x1b]8;;https://gcc.gnu.org/onlinedocs/gcc/Warning-Options.html#index-Wunused-parameter\x07-Wunused-parameter\x1b]8;;\x07\x1b[m\x1b[K]\n'}
[20.637124] (sllidar_ros2) StderrLine: {'line': b'   56 |         virtual void onDecodingError(\x1b[01;35m\x1b[Kint errMsg\x1b[m\x1b[K, _u8 ansType, const void* payload, size_t size) {}\n'}
[20.637664] (sllidar_ros2) StderrLine: {'line': b'      |                                      \x1b[01;35m\x1b[K~~~~^~~~~~\x1b[m\x1b[K\n'}
[20.638299] (sllidar_ros2) StderrLine: {'line': b'\x1b[01m\x1b[K/home/rospi/aug_2024/src/sllidar_ros2/sdk/src/dataunpacker/unpacker/../dataunpacker.h:56:54:\x1b[m\x1b[K \x1b[01;35m\x1b[Kwarning: \x1b[m\x1b[Kunused parameter \xe2\x80\x98\x1b[01m\x1b[KansType\x1b[m\x1b[K\xe2\x80\x99 [\x1b[01;35m\x1b[K\x1b]8;;https://gcc.gnu.org/onlinedocs/gcc/Warning-Options.html#index-Wunused-parameter\x07-Wunused-parameter\x1b]8;;\x07\x1b[m\x1b[K]\n'}
[20.638943] (sllidar_ros2) StderrLine: {'line': b'   56 |         virtual void onDecodingError(int errMsg, \x1b[01;35m\x1b[K_u8 ansType\x1b[m\x1b[K, const void* payload, size_t size) {}\n'}
[20.639481] (sllidar_ros2) StderrLine: {'line': b'      |                                                  \x1b[01;35m\x1b[K~~~~^~~~~~~\x1b[m\x1b[K\n'}
[20.640167] (sllidar_ros2) StderrLine: {'line': b'\x1b[01m\x1b[K/home/rospi/aug_2024/src/sllidar_ros2/sdk/src/dataunpacker/unpacker/../dataunpacker.h:56:75:\x1b[m\x1b[K \x1b[01;35m\x1b[Kwarning: \x1b[m\x1b[Kunused parameter \xe2\x80\x98\x1b[01m\x1b[Kpayload\x1b[m\x1b[K\xe2\x80\x99 [\x1b[01;35m\x1b[K\x1b]8;;https://gcc.gnu.org/onlinedocs/gcc/Warning-Options.html#index-Wunused-parameter\x07-Wunused-parameter\x1b]8;;\x07\x1b[m\x1b[K]\n'}
[20.653149] (-) TimerEvent: {}
[20.653889] (sllidar_ros2) StderrLine: {'line': b'   56 |         virtual void onDecodingError(int errMsg, _u8 ansType, \x1b[01;35m\x1b[Kconst void* payload\x1b[m\x1b[K, size_t size) {}\n'}
[20.654591] (sllidar_ros2) StderrLine: {'line': b'      |                                                               \x1b[01;35m\x1b[K~~~~~~~~~~~~^~~~~~~\x1b[m\x1b[K\n'}
[20.655197] (sllidar_ros2) StderrLine: {'line': b'\x1b[01m\x1b[K/home/rospi/aug_2024/src/sllidar_ros2/sdk/src/dataunpacker/unpacker/../dataunpacker.h:56:91:\x1b[m\x1b[K \x1b[01;35m\x1b[Kwarning: \x1b[m\x1b[Kunused parameter \xe2\x80\x98\x1b[01m\x1b[Ksize\x1b[m\x1b[K\xe2\x80\x99 [\x1b[01;35m\x1b[K\x1b]8;;https://gcc.gnu.org/onlinedocs/gcc/Warning-Options.html#index-Wunused-parameter\x07-Wunused-parameter\x1b]8;;\x07\x1b[m\x1b[K]\n'}
[20.655827] (sllidar_ros2) StderrLine: {'line': b'   56 |         virtual void onDecodingError(int errMsg, _u8 ansType, const void* payload, \x1b[01;35m\x1b[Ksize_t size\x1b[m\x1b[K) {}\n'}
[20.656517] (sllidar_ros2) StderrLine: {'line': b'      |                                                                                    \x1b[01;35m\x1b[K~~~~~~~^~~~\x1b[m\x1b[K\n'}
[20.686685] (sllidar_ros2) StderrLine: {'line': b'\x1b[01m\x1b[K/home/rospi/aug_2024/src/sllidar_ros2/sdk/src/dataunpacker/unpacker/handler_capsules.cpp:\x1b[m\x1b[K In member function \xe2\x80\x98\x1b[01m\x1b[Kvoid sl::internal::unpacker::UnpackerHandler_DenseCapsuleNode::_onScanNodeDenseCapsuleData(rplidar_response_dense_capsule_measurement_nodes_t&, sl::internal::LIDARSampleDataUnpackerInner*)\x1b[m\x1b[K\xe2\x80\x99:\n'}
[20.687828] (sllidar_ros2) StderrLine: {'line': b'\x1b[01m\x1b[K/home/rospi/aug_2024/src/sllidar_ros2/sdk/src/dataunpacker/unpacker/handler_capsules.cpp:763:30:\x1b[m\x1b[K \x1b[01;35m\x1b[Kwarning: \x1b[m\x1b[Ktype qualifiers ignored on cast result type [\x1b[01;35m\x1b[K\x1b]8;;https://gcc.gnu.org/onlinedocs/gcc/Warning-Options.html#index-Wignored-qualifiers\x07-Wignored-qualifiers\x1b]8;;\x07\x1b[m\x1b[K]\n'}
[20.688586] (sllidar_ros2) StderrLine: {'line': b'  763 |             const int dist = \x1b[01;35m\x1b[Kstatic_cast<const int>(_cached_previous_dense_capsuledata.cabins[pos].distance)\x1b[m\x1b[K;\n'}
[20.689307] (sllidar_ros2) StderrLine: {'line': b'      |                              \x1b[01;35m\x1b[K^~~~~~~~~~~~~~~~~~~~~~~~~~~~~~~~~~~~~~~~~~~~~~~~~~~~~~~~~~~~~~~~~~~~~~~~~~~~~~~\x1b[m\x1b[K\n'}
[20.753439] (-) TimerEvent: {}
[20.860839] (-) TimerEvent: {}
[20.962583] (-) TimerEvent: {}
[21.063618] (-) TimerEvent: {}
[21.164600] (-) TimerEvent: {}
[21.268726] (-) TimerEvent: {}
[21.369759] (-) TimerEvent: {}
[21.470825] (-) TimerEvent: {}
[21.571925] (-) TimerEvent: {}
[21.673003] (-) TimerEvent: {}
[21.762729] (sllidar_ros2) StdoutLine: {'line': b'[ 45%] \x1b[32mBuilding CXX object CMakeFiles/sllidar_node.dir/sdk/src/dataunpacker/unpacker/handler_normalnode.cpp.o\x1b[0m\n'}
[21.773226] (-) TimerEvent: {}
[21.874188] (-) TimerEvent: {}
[21.975336] (-) TimerEvent: {}
[22.076364] (-) TimerEvent: {}
[22.177592] (-) TimerEvent: {}
[22.278742] (-) TimerEvent: {}
[22.379946] (-) TimerEvent: {}
[22.481233] (-) TimerEvent: {}
[22.582277] (-) TimerEvent: {}
[22.641707] (sllidar_ros2) StderrLine: {'line': b'In file included from \x1b[01m\x1b[K/home/rospi/aug_2024/src/sllidar_ros2/./sdk/include/rplidar_protocol.h:36\x1b[m\x1b[K,\n'}
[22.643501] (sllidar_ros2) StderrLine: {'line': b'                 from \x1b[01m\x1b[K/home/rospi/aug_2024/src/sllidar_ros2/./sdk/include/rplidar.h:39\x1b[m\x1b[K,\n'}
[22.644680] (sllidar_ros2) StderrLine: {'line': b'                 from \x1b[01m\x1b[K/home/rospi/aug_2024/src/sllidar_ros2/./sdk/src/sdkcommon.h:49\x1b[m\x1b[K,\n'}
[22.646134] (sllidar_ros2) StderrLine: {'line': b'                 from \x1b[01m\x1b[K/home/rospi/aug_2024/src/sllidar_ros2/sdk/src/dataunpacker/unpacker/../dataunnpacker_commondef.h:41\x1b[m\x1b[K,\n'}
[22.647169] (sllidar_ros2) StderrLine: {'line': b'                 from \x1b[01m\x1b[K/home/rospi/aug_2024/src/sllidar_ros2/sdk/src/dataunpacker/unpacker/handler_hqnode.cpp:39\x1b[m\x1b[K:\n'}
[22.657030] (sllidar_ros2) StderrLine: {'line': b'\x1b[01m\x1b[K/home/rospi/aug_2024/src/sllidar_ros2/./sdk/include/sl_lidar_protocol.h:66:16:\x1b[m\x1b[K \x1b[01;35m\x1b[Kwarning: \x1b[m\x1b[KISO C++ forbids zero-size array \xe2\x80\x98\x1b[01m\x1b[Kdata\x1b[m\x1b[K\xe2\x80\x99 [\x1b[01;35m\x1b[K\x1b]8;;https://gcc.gnu.org/onlinedocs/gcc/Warning-Options.html#index-Wpedantic\x07-Wpedantic\x1b]8;;\x07\x1b[m\x1b[K]\n'}
[22.657791] (sllidar_ros2) StderrLine: {'line': b'   66 |     sl_u8 data[\x1b[01;35m\x1b[K0\x1b[m\x1b[K];\n'}
[22.658375] (sllidar_ros2) StderrLine: {'line': b'      |                \x1b[01;35m\x1b[K^\x1b[m\x1b[K\n'}
[22.658964] (sllidar_ros2) StderrLine: {'line': b'In file included from \x1b[01m\x1b[K/home/rospi/aug_2024/src/sllidar_ros2/./sdk/include/rplidar_cmd.h:36\x1b[m\x1b[K,\n'}
[22.659590] (sllidar_ros2) StderrLine: {'line': b'                 from \x1b[01m\x1b[K/home/rospi/aug_2024/src/sllidar_ros2/./sdk/include/rplidar.h:40\x1b[m\x1b[K,\n'}
[22.660331] (sllidar_ros2) StderrLine: {'line': b'                 from \x1b[01m\x1b[K/home/rospi/aug_2024/src/sllidar_ros2/./sdk/src/sdkcommon.h:49\x1b[m\x1b[K,\n'}
[22.661172] (sllidar_ros2) StderrLine: {'line': b'                 from \x1b[01m\x1b[K/home/rospi/aug_2024/src/sllidar_ros2/sdk/src/dataunpacker/unpacker/../dataunnpacker_commondef.h:41\x1b[m\x1b[K,\n'}
[22.662161] (sllidar_ros2) StderrLine: {'line': b'                 from \x1b[01m\x1b[K/home/rospi/aug_2024/src/sllidar_ros2/sdk/src/dataunpacker/unpacker/handler_hqnode.cpp:39\x1b[m\x1b[K:\n'}
[22.663155] (sllidar_ros2) StderrLine: {'line': b'\x1b[01m\x1b[K/home/rospi/aug_2024/src/sllidar_ros2/./sdk/include/sl_lidar_cmd.h:324:20:\x1b[m\x1b[K \x1b[01;35m\x1b[Kwarning: \x1b[m\x1b[KISO C++ forbids zero-size array \xe2\x80\x98\x1b[01m\x1b[Kpayload\x1b[m\x1b[K\xe2\x80\x99 [\x1b[01;35m\x1b[K\x1b]8;;https://gcc.gnu.org/onlinedocs/gcc/Warning-Options.html#index-Wpedantic\x07-Wpedantic\x1b]8;;\x07\x1b[m\x1b[K]\n'}
[22.663989] (sllidar_ros2) StderrLine: {'line': b'  324 |     sl_u8  payload[\x1b[01;35m\x1b[K0\x1b[m\x1b[K];\n'}
[22.664667] (sllidar_ros2) StderrLine: {'line': b'      |                    \x1b[01;35m\x1b[K^\x1b[m\x1b[K\n'}
[22.682541] (-) TimerEvent: {}
[22.783497] (-) TimerEvent: {}
[22.884771] (-) TimerEvent: {}
[22.985982] (-) TimerEvent: {}
[23.087028] (-) TimerEvent: {}
[23.188240] (-) TimerEvent: {}
[23.289575] (-) TimerEvent: {}
[23.400599] (-) TimerEvent: {}
[23.501476] (-) TimerEvent: {}
[23.602475] (-) TimerEvent: {}
[23.705756] (-) TimerEvent: {}
[23.806816] (-) TimerEvent: {}
[23.907906] (-) TimerEvent: {}
[24.009073] (-) TimerEvent: {}
[24.110277] (-) TimerEvent: {}
[24.211385] (-) TimerEvent: {}
[24.278222] (sllidar_ros2) StderrLine: {'line': b'In file included from \x1b[01m\x1b[K/home/rospi/aug_2024/src/sllidar_ros2/sdk/src/dataunpacker/unpacker/handler_hqnode.cpp:40\x1b[m\x1b[K:\n'}
[24.280216] (sllidar_ros2) StderrLine: {'line': b'\x1b[01m\x1b[K/home/rospi/aug_2024/src/sllidar_ros2/sdk/src/dataunpacker/unpacker/../dataunpacker.h:\x1b[m\x1b[K In member function \xe2\x80\x98\x1b[01m\x1b[Kvirtual void sl::internal::LIDARSampleDataListener::onCustomSampleDataDecoded(_u8, _u32, const void*, size_t)\x1b[m\x1b[K\xe2\x80\x99:\n'}
[24.282414] (sllidar_ros2) StderrLine: {'line': b'\x1b[01m\x1b[K/home/rospi/aug_2024/src/sllidar_ros2/sdk/src/dataunpacker/unpacker/../dataunpacker.h:54:52:\x1b[m\x1b[K \x1b[01;35m\x1b[Kwarning: \x1b[m\x1b[Kunused parameter \xe2\x80\x98\x1b[01m\x1b[KansType\x1b[m\x1b[K\xe2\x80\x99 [\x1b[01;35m\x1b[K\x1b]8;;https://gcc.gnu.org/onlinedocs/gcc/Warning-Options.html#index-Wunused-parameter\x07-Wunused-parameter\x1b]8;;\x07\x1b[m\x1b[K]\n'}
[24.284446] (sllidar_ros2) StderrLine: {'line': b'   54 |         virtual void onCustomSampleDataDecoded(\x1b[01;35m\x1b[K_u8 ansType\x1b[m\x1b[K, _u32 customCode, const void* data, size_t size) {}\n'}
[24.286348] (sllidar_ros2) StderrLine: {'line': b'      |                                                \x1b[01;35m\x1b[K~~~~^~~~~~~\x1b[m\x1b[K\n'}
[24.287318] (sllidar_ros2) StderrLine: {'line': b'\x1b[01m\x1b[K/home/rospi/aug_2024/src/sllidar_ros2/sdk/src/dataunpacker/unpacker/../dataunpacker.h:54:66:\x1b[m\x1b[K \x1b[01;35m\x1b[Kwarning: \x1b[m\x1b[Kunused parameter \xe2\x80\x98\x1b[01m\x1b[KcustomCode\x1b[m\x1b[K\xe2\x80\x99 [\x1b[01;35m\x1b[K\x1b]8;;https://gcc.gnu.org/onlinedocs/gcc/Warning-Options.html#index-Wunused-parameter\x07-Wunused-parameter\x1b]8;;\x07\x1b[m\x1b[K]\n'}
[24.288581] (sllidar_ros2) StderrLine: {'line': b'   54 |         virtual void onCustomSampleDataDecoded(_u8 ansType, \x1b[01;35m\x1b[K_u32 customCode\x1b[m\x1b[K, const void* data, size_t size) {}\n'}
[24.289402] (sllidar_ros2) StderrLine: {'line': b'      |                                                             \x1b[01;35m\x1b[K~~~~~^~~~~~~~~~\x1b[m\x1b[K\n'}
[24.290205] (sllidar_ros2) StderrLine: {'line': b'\x1b[01m\x1b[K/home/rospi/aug_2024/src/sllidar_ros2/sdk/src/dataunpacker/unpacker/../dataunpacker.h:54:90:\x1b[m\x1b[K \x1b[01;35m\x1b[Kwarning: \x1b[m\x1b[Kunused parameter \xe2\x80\x98\x1b[01m\x1b[Kdata\x1b[m\x1b[K\xe2\x80\x99 [\x1b[01;35m\x1b[K\x1b]8;;https://gcc.gnu.org/onlinedocs/gcc/Warning-Options.html#index-Wunused-parameter\x07-Wunused-parameter\x1b]8;;\x07\x1b[m\x1b[K]\n'}
[24.291137] (sllidar_ros2) StderrLine: {'line': b'   54 |         virtual void onCustomSampleDataDecoded(_u8 ansType, _u32 customCode, \x1b[01;35m\x1b[Kconst void* data\x1b[m\x1b[K, size_t size) {}\n'}
[24.292184] (sllidar_ros2) StderrLine: {'line': b'      |                                                                              \x1b[01;35m\x1b[K~~~~~~~~~~~~^~~~\x1b[m\x1b[K\n'}
[24.293218] (sllidar_ros2) StderrLine: {'line': b'\x1b[01m\x1b[K/home/rospi/aug_2024/src/sllidar_ros2/sdk/src/dataunpacker/unpacker/../dataunpacker.h:54:103:\x1b[m\x1b[K \x1b[01;35m\x1b[Kwarning: \x1b[m\x1b[Kunused parameter \xe2\x80\x98\x1b[01m\x1b[Ksize\x1b[m\x1b[K\xe2\x80\x99 [\x1b[01;35m\x1b[K\x1b]8;;https://gcc.gnu.org/onlinedocs/gcc/Warning-Options.html#index-Wunused-parameter\x07-Wunused-parameter\x1b]8;;\x07\x1b[m\x1b[K]\n'}
[24.308716] (sllidar_ros2) StderrLine: {'line': b'   54 |         virtual void onCustomSampleDataDecoded(_u8 ansType, _u32 customCode, const void* data, \x1b[01;35m\x1b[Ksize_t size\x1b[m\x1b[K) {}\n'}
[24.309820] (sllidar_ros2) StderrLine: {'line': b'      |                                                                                                \x1b[01;35m\x1b[K~~~~~~~^~~~\x1b[m\x1b[K\n'}
[24.310887] (sllidar_ros2) StderrLine: {'line': b'\x1b[01m\x1b[K/home/rospi/aug_2024/src/sllidar_ros2/sdk/src/dataunpacker/unpacker/../dataunpacker.h:\x1b[m\x1b[K In member function \xe2\x80\x98\x1b[01m\x1b[Kvirtual void sl::internal::LIDARSampleDataListener::onDecodingError(int, _u8, const void*, size_t)\x1b[m\x1b[K\xe2\x80\x99:\n'}
[24.311857] (-) TimerEvent: {}
[24.312744] (sllidar_ros2) StderrLine: {'line': b'\x1b[01m\x1b[K/home/rospi/aug_2024/src/sllidar_ros2/sdk/src/dataunpacker/unpacker/../dataunpacker.h:56:42:\x1b[m\x1b[K \x1b[01;35m\x1b[Kwarning: \x1b[m\x1b[Kunused parameter \xe2\x80\x98\x1b[01m\x1b[KerrMsg\x1b[m\x1b[K\xe2\x80\x99 [\x1b[01;35m\x1b[K\x1b]8;;https://gcc.gnu.org/onlinedocs/gcc/Warning-Options.html#index-Wunused-parameter\x07-Wunused-parameter\x1b]8;;\x07\x1b[m\x1b[K]\n'}
[24.313623] (sllidar_ros2) StderrLine: {'line': b'   56 |         virtual void onDecodingError(\x1b[01;35m\x1b[Kint errMsg\x1b[m\x1b[K, _u8 ansType, const void* payload, size_t size) {}\n'}
[24.314439] (sllidar_ros2) StderrLine: {'line': b'      |                                      \x1b[01;35m\x1b[K~~~~^~~~~~\x1b[m\x1b[K\n'}
[24.315320] (sllidar_ros2) StderrLine: {'line': b'\x1b[01m\x1b[K/home/rospi/aug_2024/src/sllidar_ros2/sdk/src/dataunpacker/unpacker/../dataunpacker.h:56:54:\x1b[m\x1b[K \x1b[01;35m\x1b[Kwarning: \x1b[m\x1b[Kunused parameter \xe2\x80\x98\x1b[01m\x1b[KansType\x1b[m\x1b[K\xe2\x80\x99 [\x1b[01;35m\x1b[K\x1b]8;;https://gcc.gnu.org/onlinedocs/gcc/Warning-Options.html#index-Wunused-parameter\x07-Wunused-parameter\x1b]8;;\x07\x1b[m\x1b[K]\n'}
[24.316353] (sllidar_ros2) StderrLine: {'line': b'   56 |         virtual void onDecodingError(int errMsg, \x1b[01;35m\x1b[K_u8 ansType\x1b[m\x1b[K, const void* payload, size_t size) {}\n'}
[24.317580] (sllidar_ros2) StderrLine: {'line': b'      |                                                  \x1b[01;35m\x1b[K~~~~^~~~~~~\x1b[m\x1b[K\n'}
[24.318654] (sllidar_ros2) StderrLine: {'line': b'\x1b[01m\x1b[K/home/rospi/aug_2024/src/sllidar_ros2/sdk/src/dataunpacker/unpacker/../dataunpacker.h:56:75:\x1b[m\x1b[K \x1b[01;35m\x1b[Kwarning: \x1b[m\x1b[Kunused parameter \xe2\x80\x98\x1b[01m\x1b[Kpayload\x1b[m\x1b[K\xe2\x80\x99 [\x1b[01;35m\x1b[K\x1b]8;;https://gcc.gnu.org/onlinedocs/gcc/Warning-Options.html#index-Wunused-parameter\x07-Wunused-parameter\x1b]8;;\x07\x1b[m\x1b[K]\n'}
[24.319617] (sllidar_ros2) StderrLine: {'line': b'   56 |         virtual void onDecodingError(int errMsg, _u8 ansType, \x1b[01;35m\x1b[Kconst void* payload\x1b[m\x1b[K, size_t size) {}\n'}
[24.332749] (sllidar_ros2) StderrLine: {'line': b'      |                                                               \x1b[01;35m\x1b[K~~~~~~~~~~~~^~~~~~~\x1b[m\x1b[K\n'}
[24.333615] (sllidar_ros2) StderrLine: {'line': b'\x1b[01m\x1b[K/home/rospi/aug_2024/src/sllidar_ros2/sdk/src/dataunpacker/unpacker/../dataunpacker.h:56:91:\x1b[m\x1b[K \x1b[01;35m\x1b[Kwarning: \x1b[m\x1b[Kunused parameter \xe2\x80\x98\x1b[01m\x1b[Ksize\x1b[m\x1b[K\xe2\x80\x99 [\x1b[01;35m\x1b[K\x1b]8;;https://gcc.gnu.org/onlinedocs/gcc/Warning-Options.html#index-Wunused-parameter\x07-Wunused-parameter\x1b]8;;\x07\x1b[m\x1b[K]\n'}
[24.334434] (sllidar_ros2) StderrLine: {'line': b'   56 |         virtual void onDecodingError(int errMsg, _u8 ansType, const void* payload, \x1b[01;35m\x1b[Ksize_t size\x1b[m\x1b[K) {}\n'}
[24.335188] (sllidar_ros2) StderrLine: {'line': b'      |                                                                                    \x1b[01;35m\x1b[K~~~~~~~^~~~\x1b[m\x1b[K\n'}
[24.412117] (-) TimerEvent: {}
[24.513268] (-) TimerEvent: {}
[24.614318] (-) TimerEvent: {}
[24.715312] (-) TimerEvent: {}
[24.816334] (-) TimerEvent: {}
[24.917500] (-) TimerEvent: {}
[25.018572] (-) TimerEvent: {}
[25.123709] (sllidar_ros2) StderrLine: {'line': b'In file included from \x1b[01m\x1b[K/home/rospi/aug_2024/src/sllidar_ros2/./sdk/include/rplidar_protocol.h:36\x1b[m\x1b[K,\n'}
[25.124761] (-) TimerEvent: {}
[25.126857] (sllidar_ros2) StderrLine: {'line': b'                 from \x1b[01m\x1b[K/home/rospi/aug_2024/src/sllidar_ros2/./sdk/include/rplidar.h:39\x1b[m\x1b[K,\n'}
[25.128302] (sllidar_ros2) StderrLine: {'line': b'                 from \x1b[01m\x1b[K/home/rospi/aug_2024/src/sllidar_ros2/./sdk/src/sdkcommon.h:49\x1b[m\x1b[K,\n'}
[25.129570] (sllidar_ros2) StderrLine: {'line': b'                 from \x1b[01m\x1b[K/home/rospi/aug_2024/src/sllidar_ros2/sdk/src/dataunpacker/unpacker/../dataunnpacker_commondef.h:41\x1b[m\x1b[K,\n'}
[25.130707] (sllidar_ros2) StderrLine: {'line': b'                 from \x1b[01m\x1b[K/home/rospi/aug_2024/src/sllidar_ros2/sdk/src/dataunpacker/unpacker/handler_normalnode.cpp:39\x1b[m\x1b[K:\n'}
[25.132022] (sllidar_ros2) StderrLine: {'line': b'\x1b[01m\x1b[K/home/rospi/aug_2024/src/sllidar_ros2/./sdk/include/sl_lidar_protocol.h:66:16:\x1b[m\x1b[K \x1b[01;35m\x1b[Kwarning: \x1b[m\x1b[KISO C++ forbids zero-size array \xe2\x80\x98\x1b[01m\x1b[Kdata\x1b[m\x1b[K\xe2\x80\x99 [\x1b[01;35m\x1b[K\x1b]8;;https://gcc.gnu.org/onlinedocs/gcc/Warning-Options.html#index-Wpedantic\x07-Wpedantic\x1b]8;;\x07\x1b[m\x1b[K]\n'}
[25.133420] (sllidar_ros2) StderrLine: {'line': b'   66 |     sl_u8 data[\x1b[01;35m\x1b[K0\x1b[m\x1b[K];\n'}
[25.134814] (sllidar_ros2) StderrLine: {'line': b'      |                \x1b[01;35m\x1b[K^\x1b[m\x1b[K\n'}
[25.138737] (sllidar_ros2) StderrLine: {'line': b'In file included from \x1b[01m\x1b[K/home/rospi/aug_2024/src/sllidar_ros2/./sdk/include/rplidar_cmd.h:36\x1b[m\x1b[K,\n'}
[25.152943] (sllidar_ros2) StderrLine: {'line': b'                 from \x1b[01m\x1b[K/home/rospi/aug_2024/src/sllidar_ros2/./sdk/include/rplidar.h:40\x1b[m\x1b[K,\n'}
[25.154121] (sllidar_ros2) StderrLine: {'line': b'                 from \x1b[01m\x1b[K/home/rospi/aug_2024/src/sllidar_ros2/./sdk/src/sdkcommon.h:49\x1b[m\x1b[K,\n'}
[25.155248] (sllidar_ros2) StderrLine: {'line': b'                 from \x1b[01m\x1b[K/home/rospi/aug_2024/src/sllidar_ros2/sdk/src/dataunpacker/unpacker/../dataunnpacker_commondef.h:41\x1b[m\x1b[K,\n'}
[25.156741] (sllidar_ros2) StderrLine: {'line': b'                 from \x1b[01m\x1b[K/home/rospi/aug_2024/src/sllidar_ros2/sdk/src/dataunpacker/unpacker/handler_normalnode.cpp:39\x1b[m\x1b[K:\n'}
[25.157551] (sllidar_ros2) StderrLine: {'line': b'\x1b[01m\x1b[K/home/rospi/aug_2024/src/sllidar_ros2/./sdk/include/sl_lidar_cmd.h:324:20:\x1b[m\x1b[K \x1b[01;35m\x1b[Kwarning: \x1b[m\x1b[KISO C++ forbids zero-size array \xe2\x80\x98\x1b[01m\x1b[Kpayload\x1b[m\x1b[K\xe2\x80\x99 [\x1b[01;35m\x1b[K\x1b]8;;https://gcc.gnu.org/onlinedocs/gcc/Warning-Options.html#index-Wpedantic\x07-Wpedantic\x1b]8;;\x07\x1b[m\x1b[K]\n'}
[25.158384] (sllidar_ros2) StderrLine: {'line': b'  324 |     sl_u8  payload[\x1b[01;35m\x1b[K0\x1b[m\x1b[K];\n'}
[25.172724] (sllidar_ros2) StderrLine: {'line': b'      |                    \x1b[01;35m\x1b[K^\x1b[m\x1b[K\n'}
[25.224999] (-) TimerEvent: {}
[25.302728] (sllidar_ros2) StdoutLine: {'line': b'[ 50%] \x1b[32mBuilding CXX object CMakeFiles/sllidar_node.dir/sdk/src/hal/thread.cpp.o\x1b[0m\n'}
[25.325308] (-) TimerEvent: {}
[25.426374] (-) TimerEvent: {}
[25.488062] (sllidar_ros2) StderrLine: {'line': b'In file included from \x1b[01m\x1b[K/home/rospi/aug_2024/src/sllidar_ros2/./sdk/include/sl_lidar_cmd.h:41\x1b[m\x1b[K,\n'}
[25.489549] (sllidar_ros2) StderrLine: {'line': b'                 from \x1b[01m\x1b[K/home/rospi/aug_2024/src/sllidar_ros2/./sdk/include/sl_lidar_driver.h:54\x1b[m\x1b[K,\n'}
[25.490327] (sllidar_ros2) StderrLine: {'line': b'                 from \x1b[01m\x1b[K/home/rospi/aug_2024/src/sllidar_ros2/./sdk/include/sl_lidar.h:36\x1b[m\x1b[K,\n'}
[25.491960] (sllidar_ros2) StderrLine: {'line': b'                 from \x1b[01m\x1b[K/home/rospi/aug_2024/src/sllidar_ros2/src/sllidar_node.cpp:38\x1b[m\x1b[K:\n'}
[25.492848] (sllidar_ros2) StderrLine: {'line': b'\x1b[01m\x1b[K/home/rospi/aug_2024/src/sllidar_ros2/./sdk/include/sl_lidar_protocol.h:66:16:\x1b[m\x1b[K \x1b[01;35m\x1b[Kwarning: \x1b[m\x1b[KISO C++ forbids zero-size array \xe2\x80\x98\x1b[01m\x1b[Kdata\x1b[m\x1b[K\xe2\x80\x99 [\x1b[01;35m\x1b[K\x1b]8;;https://gcc.gnu.org/onlinedocs/gcc/Warning-Options.html#index-Wpedantic\x07-Wpedantic\x1b]8;;\x07\x1b[m\x1b[K]\n'}
[25.493686] (sllidar_ros2) StderrLine: {'line': b'   66 |     sl_u8 data[\x1b[01;35m\x1b[K0\x1b[m\x1b[K];\n'}
[25.494432] (sllidar_ros2) StderrLine: {'line': b'      |                \x1b[01;35m\x1b[K^\x1b[m\x1b[K\n'}
[25.495328] (sllidar_ros2) StderrLine: {'line': b'In file included from \x1b[01m\x1b[K/home/rospi/aug_2024/src/sllidar_ros2/./sdk/include/sl_lidar_driver.h:54\x1b[m\x1b[K,\n'}
[25.496165] (sllidar_ros2) StderrLine: {'line': b'                 from \x1b[01m\x1b[K/home/rospi/aug_2024/src/sllidar_ros2/./sdk/include/sl_lidar.h:36\x1b[m\x1b[K,\n'}
[25.497022] (sllidar_ros2) StderrLine: {'line': b'                 from \x1b[01m\x1b[K/home/rospi/aug_2024/src/sllidar_ros2/src/sllidar_node.cpp:38\x1b[m\x1b[K:\n'}
[25.497847] (sllidar_ros2) StderrLine: {'line': b'\x1b[01m\x1b[K/home/rospi/aug_2024/src/sllidar_ros2/./sdk/include/sl_lidar_cmd.h:324:20:\x1b[m\x1b[K \x1b[01;35m\x1b[Kwarning: \x1b[m\x1b[KISO C++ forbids zero-size array \xe2\x80\x98\x1b[01m\x1b[Kpayload\x1b[m\x1b[K\xe2\x80\x99 [\x1b[01;35m\x1b[K\x1b]8;;https://gcc.gnu.org/onlinedocs/gcc/Warning-Options.html#index-Wpedantic\x07-Wpedantic\x1b]8;;\x07\x1b[m\x1b[K]\n'}
[25.498670] (sllidar_ros2) StderrLine: {'line': b'  324 |     sl_u8  payload[\x1b[01;35m\x1b[K0\x1b[m\x1b[K];\n'}
[25.499458] (sllidar_ros2) StderrLine: {'line': b'      |                    \x1b[01;35m\x1b[K^\x1b[m\x1b[K\n'}
[25.526619] (-) TimerEvent: {}
[25.627626] (-) TimerEvent: {}
[25.728784] (-) TimerEvent: {}
[25.829904] (-) TimerEvent: {}
[25.931077] (-) TimerEvent: {}
[26.032221] (-) TimerEvent: {}
[26.133357] (-) TimerEvent: {}
[26.234355] (-) TimerEvent: {}
[26.335470] (-) TimerEvent: {}
[26.405527] (sllidar_ros2) StderrLine: {'line': b'In file included from \x1b[01m\x1b[K/home/rospi/aug_2024/src/sllidar_ros2/sdk/src/dataunpacker/unpacker/handler_normalnode.cpp:40\x1b[m\x1b[K:\n'}
[26.407085] (sllidar_ros2) StderrLine: {'line': b'\x1b[01m\x1b[K/home/rospi/aug_2024/src/sllidar_ros2/sdk/src/dataunpacker/unpacker/../dataunpacker.h:\x1b[m\x1b[K In member function \xe2\x80\x98\x1b[01m\x1b[Kvirtual void sl::internal::LIDARSampleDataListener::onCustomSampleDataDecoded(_u8, _u32, const void*, size_t)\x1b[m\x1b[K\xe2\x80\x99:\n'}
[26.408696] (sllidar_ros2) StderrLine: {'line': b'\x1b[01m\x1b[K/home/rospi/aug_2024/src/sllidar_ros2/sdk/src/dataunpacker/unpacker/../dataunpacker.h:54:52:\x1b[m\x1b[K \x1b[01;35m\x1b[Kwarning: \x1b[m\x1b[Kunused parameter \xe2\x80\x98\x1b[01m\x1b[KansType\x1b[m\x1b[K\xe2\x80\x99 [\x1b[01;35m\x1b[K\x1b]8;;https://gcc.gnu.org/onlinedocs/gcc/Warning-Options.html#index-Wunused-parameter\x07-Wunused-parameter\x1b]8;;\x07\x1b[m\x1b[K]\n'}
[26.410267] (sllidar_ros2) StderrLine: {'line': b'   54 |         virtual void onCustomSampleDataDecoded(\x1b[01;35m\x1b[K_u8 ansType\x1b[m\x1b[K, _u32 customCode, const void* data, size_t size) {}\n'}
[26.411787] (sllidar_ros2) StderrLine: {'line': b'      |                                                \x1b[01;35m\x1b[K~~~~^~~~~~~\x1b[m\x1b[K\n'}
[26.413336] (sllidar_ros2) StderrLine: {'line': b'\x1b[01m\x1b[K/home/rospi/aug_2024/src/sllidar_ros2/sdk/src/dataunpacker/unpacker/../dataunpacker.h:54:66:\x1b[m\x1b[K \x1b[01;35m\x1b[Kwarning: \x1b[m\x1b[Kunused parameter \xe2\x80\x98\x1b[01m\x1b[KcustomCode\x1b[m\x1b[K\xe2\x80\x99 [\x1b[01;35m\x1b[K\x1b]8;;https://gcc.gnu.org/onlinedocs/gcc/Warning-Options.html#index-Wunused-parameter\x07-Wunused-parameter\x1b]8;;\x07\x1b[m\x1b[K]\n'}
[26.414257] (sllidar_ros2) StderrLine: {'line': b'   54 |         virtual void onCustomSampleDataDecoded(_u8 ansType, \x1b[01;35m\x1b[K_u32 customCode\x1b[m\x1b[K, const void* data, size_t size) {}\n'}
[26.415115] (sllidar_ros2) StderrLine: {'line': b'      |                                                             \x1b[01;35m\x1b[K~~~~~^~~~~~~~~~\x1b[m\x1b[K\n'}
[26.415956] (sllidar_ros2) StderrLine: {'line': b'\x1b[01m\x1b[K/home/rospi/aug_2024/src/sllidar_ros2/sdk/src/dataunpacker/unpacker/../dataunpacker.h:54:90:\x1b[m\x1b[K \x1b[01;35m\x1b[Kwarning: \x1b[m\x1b[Kunused parameter \xe2\x80\x98\x1b[01m\x1b[Kdata\x1b[m\x1b[K\xe2\x80\x99 [\x1b[01;35m\x1b[K\x1b]8;;https://gcc.gnu.org/onlinedocs/gcc/Warning-Options.html#index-Wunused-parameter\x07-Wunused-parameter\x1b]8;;\x07\x1b[m\x1b[K]\n'}
[26.416867] (sllidar_ros2) StderrLine: {'line': b'   54 |         virtual void onCustomSampleDataDecoded(_u8 ansType, _u32 customCode, \x1b[01;35m\x1b[Kconst void* data\x1b[m\x1b[K, size_t size) {}\n'}
[26.417686] (sllidar_ros2) StderrLine: {'line': b'      |                                                                              \x1b[01;35m\x1b[K~~~~~~~~~~~~^~~~\x1b[m\x1b[K\n'}
[26.418498] (sllidar_ros2) StderrLine: {'line': b'\x1b[01m\x1b[K/home/rospi/aug_2024/src/sllidar_ros2/sdk/src/dataunpacker/unpacker/../dataunpacker.h:54:103:\x1b[m\x1b[K \x1b[01;35m\x1b[Kwarning: \x1b[m\x1b[Kunused parameter \xe2\x80\x98\x1b[01m\x1b[Ksize\x1b[m\x1b[K\xe2\x80\x99 [\x1b[01;35m\x1b[K\x1b]8;;https://gcc.gnu.org/onlinedocs/gcc/Warning-Options.html#index-Wunused-parameter\x07-Wunused-parameter\x1b]8;;\x07\x1b[m\x1b[K]\n'}
[26.419408] (sllidar_ros2) StderrLine: {'line': b'   54 |         virtual void onCustomSampleDataDecoded(_u8 ansType, _u32 customCode, const void* data, \x1b[01;35m\x1b[Ksize_t size\x1b[m\x1b[K) {}\n'}
[26.420172] (sllidar_ros2) StderrLine: {'line': b'      |                                                                                                \x1b[01;35m\x1b[K~~~~~~~^~~~\x1b[m\x1b[K\n'}
[26.421167] (sllidar_ros2) StderrLine: {'line': b'\x1b[01m\x1b[K/home/rospi/aug_2024/src/sllidar_ros2/sdk/src/dataunpacker/unpacker/../dataunpacker.h:\x1b[m\x1b[K In member function \xe2\x80\x98\x1b[01m\x1b[Kvirtual void sl::internal::LIDARSampleDataListener::onDecodingError(int, _u8, const void*, size_t)\x1b[m\x1b[K\xe2\x80\x99:\n'}
[26.422065] (sllidar_ros2) StderrLine: {'line': b'\x1b[01m\x1b[K/home/rospi/aug_2024/src/sllidar_ros2/sdk/src/dataunpacker/unpacker/../dataunpacker.h:56:42:\x1b[m\x1b[K \x1b[01;35m\x1b[Kwarning: \x1b[m\x1b[Kunused parameter \xe2\x80\x98\x1b[01m\x1b[KerrMsg\x1b[m\x1b[K\xe2\x80\x99 [\x1b[01;35m\x1b[K\x1b]8;;https://gcc.gnu.org/onlinedocs/gcc/Warning-Options.html#index-Wunused-parameter\x07-Wunused-parameter\x1b]8;;\x07\x1b[m\x1b[K]\n'}
[26.422806] (sllidar_ros2) StderrLine: {'line': b'   56 |         virtual void onDecodingError(\x1b[01;35m\x1b[Kint errMsg\x1b[m\x1b[K, _u8 ansType, const void* payload, size_t size) {}\n'}
[26.423583] (sllidar_ros2) StderrLine: {'line': b'      |                                      \x1b[01;35m\x1b[K~~~~^~~~~~\x1b[m\x1b[K\n'}
[26.424299] (sllidar_ros2) StderrLine: {'line': b'\x1b[01m\x1b[K/home/rospi/aug_2024/src/sllidar_ros2/sdk/src/dataunpacker/unpacker/../dataunpacker.h:56:54:\x1b[m\x1b[K \x1b[01;35m\x1b[Kwarning: \x1b[m\x1b[Kunused parameter \xe2\x80\x98\x1b[01m\x1b[KansType\x1b[m\x1b[K\xe2\x80\x99 [\x1b[01;35m\x1b[K\x1b]8;;https://gcc.gnu.org/onlinedocs/gcc/Warning-Options.html#index-Wunused-parameter\x07-Wunused-parameter\x1b]8;;\x07\x1b[m\x1b[K]\n'}
[26.437387] (-) TimerEvent: {}
[26.438217] (sllidar_ros2) StderrLine: {'line': b'   56 |         virtual void onDecodingError(int errMsg, \x1b[01;35m\x1b[K_u8 ansType\x1b[m\x1b[K, const void* payload, size_t size) {}\n'}
[26.439029] (sllidar_ros2) StderrLine: {'line': b'      |                                                  \x1b[01;35m\x1b[K~~~~^~~~~~~\x1b[m\x1b[K\n'}
[26.439752] (sllidar_ros2) StderrLine: {'line': b'\x1b[01m\x1b[K/home/rospi/aug_2024/src/sllidar_ros2/sdk/src/dataunpacker/unpacker/../dataunpacker.h:56:75:\x1b[m\x1b[K \x1b[01;35m\x1b[Kwarning: \x1b[m\x1b[Kunused parameter \xe2\x80\x98\x1b[01m\x1b[Kpayload\x1b[m\x1b[K\xe2\x80\x99 [\x1b[01;35m\x1b[K\x1b]8;;https://gcc.gnu.org/onlinedocs/gcc/Warning-Options.html#index-Wunused-parameter\x07-Wunused-parameter\x1b]8;;\x07\x1b[m\x1b[K]\n'}
[26.440888] (sllidar_ros2) StderrLine: {'line': b'   56 |         virtual void onDecodingError(int errMsg, _u8 ansType, \x1b[01;35m\x1b[Kconst void* payload\x1b[m\x1b[K, size_t size) {}\n'}
[26.441677] (sllidar_ros2) StderrLine: {'line': b'      |                                                               \x1b[01;35m\x1b[K~~~~~~~~~~~~^~~~~~~\x1b[m\x1b[K\n'}
[26.442452] (sllidar_ros2) StderrLine: {'line': b'\x1b[01m\x1b[K/home/rospi/aug_2024/src/sllidar_ros2/sdk/src/dataunpacker/unpacker/../dataunpacker.h:56:91:\x1b[m\x1b[K \x1b[01;35m\x1b[Kwarning: \x1b[m\x1b[Kunused parameter \xe2\x80\x98\x1b[01m\x1b[Ksize\x1b[m\x1b[K\xe2\x80\x99 [\x1b[01;35m\x1b[K\x1b]8;;https://gcc.gnu.org/onlinedocs/gcc/Warning-Options.html#index-Wunused-parameter\x07-Wunused-parameter\x1b]8;;\x07\x1b[m\x1b[K]\n'}
[26.443250] (sllidar_ros2) StderrLine: {'line': b'   56 |         virtual void onDecodingError(int errMsg, _u8 ansType, const void* payload, \x1b[01;35m\x1b[Ksize_t size\x1b[m\x1b[K) {}\n'}
[26.443999] (sllidar_ros2) StderrLine: {'line': b'      |                                                                                    \x1b[01;35m\x1b[K~~~~~~~^~~~\x1b[m\x1b[K\n'}
[26.537662] (-) TimerEvent: {}
[26.638675] (-) TimerEvent: {}
[26.739644] (-) TimerEvent: {}
[26.840662] (-) TimerEvent: {}
[26.941648] (-) TimerEvent: {}
[27.042701] (-) TimerEvent: {}
[27.139591] (sllidar_ros2) StdoutLine: {'line': b'[ 55%] \x1b[32mBuilding CXX object CMakeFiles/sllidar_node.dir/sdk/src/rplidar_driver.cpp.o\x1b[0m\n'}
[27.142968] (-) TimerEvent: {}
[27.243953] (-) TimerEvent: {}
[27.345048] (-) TimerEvent: {}
[27.446696] (-) TimerEvent: {}
[27.557760] (-) TimerEvent: {}
[27.664648] (-) TimerEvent: {}
[27.766102] (-) TimerEvent: {}
[27.867815] (-) TimerEvent: {}
[27.969402] (-) TimerEvent: {}
[28.070382] (-) TimerEvent: {}
[28.171421] (-) TimerEvent: {}
[28.272378] (-) TimerEvent: {}
[28.373532] (-) TimerEvent: {}
[28.388807] (sllidar_ros2) StderrLine: {'line': b'In file included from \x1b[01m\x1b[K/home/rospi/aug_2024/src/sllidar_ros2/./sdk/include/rplidar_protocol.h:36\x1b[m\x1b[K,\n'}
[28.390104] (sllidar_ros2) StderrLine: {'line': b'                 from \x1b[01m\x1b[K/home/rospi/aug_2024/src/sllidar_ros2/./sdk/include/rplidar.h:39\x1b[m\x1b[K,\n'}
[28.391279] (sllidar_ros2) StderrLine: {'line': b'                 from \x1b[01m\x1b[K/home/rospi/aug_2024/src/sllidar_ros2/./sdk/src/sdkcommon.h:49\x1b[m\x1b[K,\n'}
[28.392486] (sllidar_ros2) StderrLine: {'line': b'                 from \x1b[01m\x1b[K/home/rospi/aug_2024/src/sllidar_ros2/sdk/src/hal/thread.cpp:35\x1b[m\x1b[K:\n'}
[28.393691] (sllidar_ros2) StderrLine: {'line': b'\x1b[01m\x1b[K/home/rospi/aug_2024/src/sllidar_ros2/./sdk/include/sl_lidar_protocol.h:66:16:\x1b[m\x1b[K \x1b[01;35m\x1b[Kwarning: \x1b[m\x1b[KISO C++ forbids zero-size array \xe2\x80\x98\x1b[01m\x1b[Kdata\x1b[m\x1b[K\xe2\x80\x99 [\x1b[01;35m\x1b[K\x1b]8;;https://gcc.gnu.org/onlinedocs/gcc/Warning-Options.html#index-Wpedantic\x07-Wpedantic\x1b]8;;\x07\x1b[m\x1b[K]\n'}
[28.394878] (sllidar_ros2) StderrLine: {'line': b'   66 |     sl_u8 data[\x1b[01;35m\x1b[K0\x1b[m\x1b[K];\n'}
[28.396156] (sllidar_ros2) StderrLine: {'line': b'      |                \x1b[01;35m\x1b[K^\x1b[m\x1b[K\n'}
[28.399836] (sllidar_ros2) StderrLine: {'line': b'In file included from \x1b[01m\x1b[K/home/rospi/aug_2024/src/sllidar_ros2/./sdk/include/rplidar_cmd.h:36\x1b[m\x1b[K,\n'}
[28.401230] (sllidar_ros2) StderrLine: {'line': b'                 from \x1b[01m\x1b[K/home/rospi/aug_2024/src/sllidar_ros2/./sdk/include/rplidar.h:40\x1b[m\x1b[K,\n'}
[28.402515] (sllidar_ros2) StderrLine: {'line': b'                 from \x1b[01m\x1b[K/home/rospi/aug_2024/src/sllidar_ros2/./sdk/src/sdkcommon.h:49\x1b[m\x1b[K,\n'}
[28.403649] (sllidar_ros2) StderrLine: {'line': b'                 from \x1b[01m\x1b[K/home/rospi/aug_2024/src/sllidar_ros2/sdk/src/hal/thread.cpp:35\x1b[m\x1b[K:\n'}
[28.404885] (sllidar_ros2) StderrLine: {'line': b'\x1b[01m\x1b[K/home/rospi/aug_2024/src/sllidar_ros2/./sdk/include/sl_lidar_cmd.h:324:20:\x1b[m\x1b[K \x1b[01;35m\x1b[Kwarning: \x1b[m\x1b[KISO C++ forbids zero-size array \xe2\x80\x98\x1b[01m\x1b[Kpayload\x1b[m\x1b[K\xe2\x80\x99 [\x1b[01;35m\x1b[K\x1b]8;;https://gcc.gnu.org/onlinedocs/gcc/Warning-Options.html#index-Wpedantic\x07-Wpedantic\x1b]8;;\x07\x1b[m\x1b[K]\n'}
[28.406191] (sllidar_ros2) StderrLine: {'line': b'  324 |     sl_u8  payload[\x1b[01;35m\x1b[K0\x1b[m\x1b[K];\n'}
[28.407331] (sllidar_ros2) StderrLine: {'line': b'      |                    \x1b[01;35m\x1b[K^\x1b[m\x1b[K\n'}
[28.473766] (-) TimerEvent: {}
[28.574715] (-) TimerEvent: {}
[28.675750] (-) TimerEvent: {}
[28.694060] (sllidar_ros2) StderrLine: {'line': b'In file included from \x1b[01m\x1b[K/home/rospi/aug_2024/src/sllidar_ros2/sdk/src/hal/thread.cpp:43\x1b[m\x1b[K:\n'}
[28.695245] (sllidar_ros2) StderrLine: {'line': b'\x1b[01m\x1b[K/home/rospi/aug_2024/src/sllidar_ros2/./sdk/src/arch/linux/thread.hpp:\x1b[m\x1b[K In static member function \xe2\x80\x98\x1b[01m\x1b[Kstatic rp::hal::Thread rp::hal::Thread::create(thread_proc_t, void*)\x1b[m\x1b[K\xe2\x80\x99:\n'}
[28.696580] (sllidar_ros2) StderrLine: {'line': b'\x1b[01m\x1b[K/home/rospi/aug_2024/src/sllidar_ros2/./sdk/src/arch/linux/thread.hpp:52:57:\x1b[m\x1b[K \x1b[01;35m\x1b[Kwarning: \x1b[m\x1b[Kcast between incompatible function types from \xe2\x80\x98\x1b[01m\x1b[Kthread_proc_t\x1b[m\x1b[K\xe2\x80\x99 {aka \xe2\x80\x98\x1b[01m\x1b[Klong unsigned int (*)(void*)\x1b[m\x1b[K\xe2\x80\x99} to \xe2\x80\x98\x1b[01m\x1b[Kvoid* (*)(void*)\x1b[m\x1b[K\xe2\x80\x99 [\x1b[01;35m\x1b[K\x1b]8;;https://gcc.gnu.org/onlinedocs/gcc/Warning-Options.html#index-Wcast-function-type\x07-Wcast-function-type\x1b]8;;\x07\x1b[m\x1b[K]\n'}
[28.697882] (sllidar_ros2) StderrLine: {'line': b'   52 |     pthread_create((pthread_t *)&newborn._handle, NULL, \x1b[01;35m\x1b[K(void * (*)(void *))proc\x1b[m\x1b[K, data);\n'}
[28.699012] (sllidar_ros2) StderrLine: {'line': b'      |                                                         \x1b[01;35m\x1b[K^~~~~~~~~~~~~~~~~~~~~~~~\x1b[m\x1b[K\n'}
[28.704302] (sllidar_ros2) StderrLine: {'line': b'\x1b[01m\x1b[K/home/rospi/aug_2024/src/sllidar_ros2/./sdk/src/arch/linux/thread.hpp:\x1b[m\x1b[K In member function \xe2\x80\x98\x1b[01m\x1b[Ku_result rp::hal::Thread::join(long unsigned int)\x1b[m\x1b[K\xe2\x80\x99:\n'}
[28.705715] (sllidar_ros2) StderrLine: {'line': b'\x1b[01m\x1b[K/home/rospi/aug_2024/src/sllidar_ros2/./sdk/src/arch/linux/thread.hpp:176:37:\x1b[m\x1b[K \x1b[01;35m\x1b[Kwarning: \x1b[m\x1b[Kunused parameter \xe2\x80\x98\x1b[01m\x1b[Ktimeout\x1b[m\x1b[K\xe2\x80\x99 [\x1b[01;35m\x1b[K\x1b]8;;https://gcc.gnu.org/onlinedocs/gcc/Warning-Options.html#index-Wunused-parameter\x07-Wunused-parameter\x1b]8;;\x07\x1b[m\x1b[K]\n'}
[28.706917] (sllidar_ros2) StderrLine: {'line': b'  176 | u_result Thread::join(\x1b[01;35m\x1b[Kunsigned long timeout\x1b[m\x1b[K)\n'}
[28.708135] (sllidar_ros2) StderrLine: {'line': b'      |                       \x1b[01;35m\x1b[K~~~~~~~~~~~~~~^~~~~~~\x1b[m\x1b[K\n'}
[28.776011] (-) TimerEvent: {}
[28.877169] (-) TimerEvent: {}
[28.978305] (-) TimerEvent: {}
[29.080640] (-) TimerEvent: {}
[29.181756] (-) TimerEvent: {}
[29.240909] (sllidar_ros2) StdoutLine: {'line': b'[ 60%] \x1b[32mBuilding CXX object CMakeFiles/sllidar_node.dir/sdk/src/sl_async_transceiver.cpp.o\x1b[0m\n'}
[29.284636] (-) TimerEvent: {}
[29.390963] (-) TimerEvent: {}
[29.492689] (-) TimerEvent: {}
[29.594175] (-) TimerEvent: {}
[29.695725] (-) TimerEvent: {}
[29.797403] (-) TimerEvent: {}
[29.899117] (-) TimerEvent: {}
[30.000783] (-) TimerEvent: {}
[30.102364] (-) TimerEvent: {}
[30.203908] (-) TimerEvent: {}
[30.305722] (-) TimerEvent: {}
[30.407324] (-) TimerEvent: {}
[30.508972] (-) TimerEvent: {}
[30.531402] (sllidar_ros2) StderrLine: {'line': b'In file included from \x1b[01m\x1b[K/home/rospi/aug_2024/src/sllidar_ros2/./sdk/include/rplidar_protocol.h:36\x1b[m\x1b[K,\n'}
[30.532592] (sllidar_ros2) StderrLine: {'line': b'                 from \x1b[01m\x1b[K/home/rospi/aug_2024/src/sllidar_ros2/./sdk/include/rplidar.h:39\x1b[m\x1b[K,\n'}
[30.533232] (sllidar_ros2) StderrLine: {'line': b'                 from \x1b[01m\x1b[K/home/rospi/aug_2024/src/sllidar_ros2/sdk/src/sdkcommon.h:49\x1b[m\x1b[K,\n'}
[30.533859] (sllidar_ros2) StderrLine: {'line': b'                 from \x1b[01m\x1b[K/home/rospi/aug_2024/src/sllidar_ros2/sdk/src/rplidar_driver.cpp:33\x1b[m\x1b[K:\n'}
[30.534467] (sllidar_ros2) StderrLine: {'line': b'\x1b[01m\x1b[K/home/rospi/aug_2024/src/sllidar_ros2/./sdk/include/sl_lidar_protocol.h:66:16:\x1b[m\x1b[K \x1b[01;35m\x1b[Kwarning: \x1b[m\x1b[KISO C++ forbids zero-size array \xe2\x80\x98\x1b[01m\x1b[Kdata\x1b[m\x1b[K\xe2\x80\x99 [\x1b[01;35m\x1b[K\x1b]8;;https://gcc.gnu.org/onlinedocs/gcc/Warning-Options.html#index-Wpedantic\x07-Wpedantic\x1b]8;;\x07\x1b[m\x1b[K]\n'}
[30.535195] (sllidar_ros2) StderrLine: {'line': b'   66 |     sl_u8 data[\x1b[01;35m\x1b[K0\x1b[m\x1b[K];\n'}
[30.536300] (sllidar_ros2) StderrLine: {'line': b'      |                \x1b[01;35m\x1b[K^\x1b[m\x1b[K\n'}
[30.536948] (sllidar_ros2) StderrLine: {'line': b'In file included from \x1b[01m\x1b[K/home/rospi/aug_2024/src/sllidar_ros2/./sdk/include/rplidar_cmd.h:36\x1b[m\x1b[K,\n'}
[30.537512] (sllidar_ros2) StderrLine: {'line': b'                 from \x1b[01m\x1b[K/home/rospi/aug_2024/src/sllidar_ros2/./sdk/include/rplidar.h:40\x1b[m\x1b[K,\n'}
[30.538559] (sllidar_ros2) StderrLine: {'line': b'                 from \x1b[01m\x1b[K/home/rospi/aug_2024/src/sllidar_ros2/sdk/src/sdkcommon.h:49\x1b[m\x1b[K,\n'}
[30.539333] (sllidar_ros2) StderrLine: {'line': b'                 from \x1b[01m\x1b[K/home/rospi/aug_2024/src/sllidar_ros2/sdk/src/rplidar_driver.cpp:33\x1b[m\x1b[K:\n'}
[30.540160] (sllidar_ros2) StderrLine: {'line': b'\x1b[01m\x1b[K/home/rospi/aug_2024/src/sllidar_ros2/./sdk/include/sl_lidar_cmd.h:324:20:\x1b[m\x1b[K \x1b[01;35m\x1b[Kwarning: \x1b[m\x1b[KISO C++ forbids zero-size array \xe2\x80\x98\x1b[01m\x1b[Kpayload\x1b[m\x1b[K\xe2\x80\x99 [\x1b[01;35m\x1b[K\x1b]8;;https://gcc.gnu.org/onlinedocs/gcc/Warning-Options.html#index-Wpedantic\x07-Wpedantic\x1b]8;;\x07\x1b[m\x1b[K]\n'}
[30.541234] (sllidar_ros2) StderrLine: {'line': b'  324 |     sl_u8  payload[\x1b[01;35m\x1b[K0\x1b[m\x1b[K];\n'}
[30.542434] (sllidar_ros2) StderrLine: {'line': b'      |                    \x1b[01;35m\x1b[K^\x1b[m\x1b[K\n'}
[30.609237] (-) TimerEvent: {}
[30.710263] (-) TimerEvent: {}
[30.811613] (-) TimerEvent: {}
[30.912852] (-) TimerEvent: {}
[31.013990] (-) TimerEvent: {}
[31.115550] (-) TimerEvent: {}
[31.217030] (-) TimerEvent: {}
[31.318061] (-) TimerEvent: {}
[31.421023] (-) TimerEvent: {}
[31.528682] (-) TimerEvent: {}
[31.641012] (-) TimerEvent: {}
[31.642631] (sllidar_ros2) StderrLine: {'line': b'\x1b[01m\x1b[K/home/rospi/aug_2024/src/sllidar_ros2/sdk/src/rplidar_driver.cpp:\x1b[m\x1b[K In member function \xe2\x80\x98\x1b[01m\x1b[Ku_result rp::standalone::rplidar::RPlidarDriver::connect(const char*, _u32, _u32)\x1b[m\x1b[K\xe2\x80\x99:\n'}
[31.643434] (sllidar_ros2) StderrLine: {'line': b'\x1b[01m\x1b[K/home/rospi/aug_2024/src/sllidar_ros2/sdk/src/rplidar_driver.cpp:67:77:\x1b[m\x1b[K \x1b[01;35m\x1b[Kwarning: \x1b[m\x1b[Kunused parameter \xe2\x80\x98\x1b[01m\x1b[Kflag\x1b[m\x1b[K\xe2\x80\x99 [\x1b[01;35m\x1b[K\x1b]8;;https://gcc.gnu.org/onlinedocs/gcc/Warning-Options.html#index-Wunused-parameter\x07-Wunused-parameter\x1b]8;;\x07\x1b[m\x1b[K]\n'}
[31.644216] (sllidar_ros2) StderrLine: {'line': b'   67 |     u_result RPlidarDriver::connect(const char *path, _u32 portOrBaud, \x1b[01;35m\x1b[K_u32 flag\x1b[m\x1b[K)\n'}
[31.644903] (sllidar_ros2) StderrLine: {'line': b'      |                                                                        \x1b[01;35m\x1b[K~~~~~^~~~\x1b[m\x1b[K\n'}
[31.645923] (sllidar_ros2) StderrLine: {'line': b'\x1b[01m\x1b[K/home/rospi/aug_2024/src/sllidar_ros2/sdk/src/rplidar_driver.cpp:\x1b[m\x1b[K In member function \xe2\x80\x98\x1b[01m\x1b[Ku_result rp::standalone::rplidar::RPlidarDriver::reset(_u32)\x1b[m\x1b[K\xe2\x80\x99:\n'}
[31.652260] (sllidar_ros2) StderrLine: {'line': b'\x1b[01m\x1b[K/home/rospi/aug_2024/src/sllidar_ros2/sdk/src/rplidar_driver.cpp:101:40:\x1b[m\x1b[K \x1b[01;35m\x1b[Kwarning: \x1b[m\x1b[Kunused parameter \xe2\x80\x98\x1b[01m\x1b[Ktimeout\x1b[m\x1b[K\xe2\x80\x99 [\x1b[01;35m\x1b[K\x1b]8;;https://gcc.gnu.org/onlinedocs/gcc/Warning-Options.html#index-Wunused-parameter\x07-Wunused-parameter\x1b]8;;\x07\x1b[m\x1b[K]\n'}
[31.653263] (sllidar_ros2) StderrLine: {'line': b'  101 |     u_result RPlidarDriver::reset(\x1b[01;35m\x1b[K_u32 timeout\x1b[m\x1b[K)\n'}
[31.653898] (sllidar_ros2) StderrLine: {'line': b'      |                                   \x1b[01;35m\x1b[K~~~~~^~~~~~~\x1b[m\x1b[K\n'}
[31.666675] (sllidar_ros2) StderrLine: {'line': b'\x1b[01m\x1b[K/home/rospi/aug_2024/src/sllidar_ros2/sdk/src/rplidar_driver.cpp:\x1b[m\x1b[K In member function \xe2\x80\x98\x1b[01m\x1b[Ku_result rp::standalone::rplidar::RPlidarDriver::getScanDataWithInterval(rplidar_response_measurement_node_t*, size_t&)\x1b[m\x1b[K\xe2\x80\x99:\n'}
[31.668067] (sllidar_ros2) StderrLine: {'line': b'\x1b[01m\x1b[K/home/rospi/aug_2024/src/sllidar_ros2/sdk/src/rplidar_driver.cpp:180:91:\x1b[m\x1b[K \x1b[01;35m\x1b[Kwarning: \x1b[m\x1b[Kunused parameter \xe2\x80\x98\x1b[01m\x1b[Knodebuffer\x1b[m\x1b[K\xe2\x80\x99 [\x1b[01;35m\x1b[K\x1b]8;;https://gcc.gnu.org/onlinedocs/gcc/Warning-Options.html#index-Wunused-parameter\x07-Wunused-parameter\x1b]8;;\x07\x1b[m\x1b[K]\n'}
[31.669015] (sllidar_ros2) StderrLine: {'line': b'  180 |     u_result RPlidarDriver::getScanDataWithInterval(\x1b[01;35m\x1b[Krplidar_response_measurement_node_t * nodebuffer\x1b[m\x1b[K, size_t & count)\n'}
[31.669929] (sllidar_ros2) StderrLine: {'line': b'      |                                                     \x1b[01;35m\x1b[K~~~~~~~~~~~~~~~~~~~~~~~~~~~~~~~~~~~~~~^~~~~~~~~~\x1b[m\x1b[K\n'}
[31.670822] (sllidar_ros2) StderrLine: {'line': b'\x1b[01m\x1b[K/home/rospi/aug_2024/src/sllidar_ros2/sdk/src/rplidar_driver.cpp:180:112:\x1b[m\x1b[K \x1b[01;35m\x1b[Kwarning: \x1b[m\x1b[Kunused parameter \xe2\x80\x98\x1b[01m\x1b[Kcount\x1b[m\x1b[K\xe2\x80\x99 [\x1b[01;35m\x1b[K\x1b]8;;https://gcc.gnu.org/onlinedocs/gcc/Warning-Options.html#index-Wunused-parameter\x07-Wunused-parameter\x1b]8;;\x07\x1b[m\x1b[K]\n'}
[31.671769] (sllidar_ros2) StderrLine: {'line': b'  180 |     u_result RPlidarDriver::getScanDataWithInterval(rplidar_response_measurement_node_t * nodebuffer, \x1b[01;35m\x1b[Ksize_t & count\x1b[m\x1b[K)\n'}
[31.672682] (sllidar_ros2) StderrLine: {'line': b'      |                                                                                                       \x1b[01;35m\x1b[K~~~~~~~~~^~~~~\x1b[m\x1b[K\n'}
[31.741295] (-) TimerEvent: {}
[31.857195] (-) TimerEvent: {}
[31.958862] (-) TimerEvent: {}
[32.065564] (-) TimerEvent: {}
[32.167393] (-) TimerEvent: {}
[32.270216] (-) TimerEvent: {}
[32.372167] (-) TimerEvent: {}
[32.474013] (-) TimerEvent: {}
[32.481106] (sllidar_ros2) StderrLine: {'line': b'In file included from \x1b[01m\x1b[K/home/rospi/aug_2024/src/sllidar_ros2/./sdk/include/rplidar_protocol.h:36\x1b[m\x1b[K,\n'}
[32.482394] (sllidar_ros2) StderrLine: {'line': b'                 from \x1b[01m\x1b[K/home/rospi/aug_2024/src/sllidar_ros2/./sdk/include/rplidar.h:39\x1b[m\x1b[K,\n'}
[32.483082] (sllidar_ros2) StderrLine: {'line': b'                 from \x1b[01m\x1b[K/home/rospi/aug_2024/src/sllidar_ros2/sdk/src/sdkcommon.h:49\x1b[m\x1b[K,\n'}
[32.483761] (sllidar_ros2) StderrLine: {'line': b'                 from \x1b[01m\x1b[K/home/rospi/aug_2024/src/sllidar_ros2/sdk/src/sl_async_transceiver.cpp:35\x1b[m\x1b[K:\n'}
[32.484359] (sllidar_ros2) StderrLine: {'line': b'\x1b[01m\x1b[K/home/rospi/aug_2024/src/sllidar_ros2/./sdk/include/sl_lidar_protocol.h:66:16:\x1b[m\x1b[K \x1b[01;35m\x1b[Kwarning: \x1b[m\x1b[KISO C++ forbids zero-size array \xe2\x80\x98\x1b[01m\x1b[Kdata\x1b[m\x1b[K\xe2\x80\x99 [\x1b[01;35m\x1b[K\x1b]8;;https://gcc.gnu.org/onlinedocs/gcc/Warning-Options.html#index-Wpedantic\x07-Wpedantic\x1b]8;;\x07\x1b[m\x1b[K]\n'}
[32.485777] (sllidar_ros2) StderrLine: {'line': b'   66 |     sl_u8 data[\x1b[01;35m\x1b[K0\x1b[m\x1b[K];\n'}
[32.486694] (sllidar_ros2) StderrLine: {'line': b'      |                \x1b[01;35m\x1b[K^\x1b[m\x1b[K\n'}
[32.487548] (sllidar_ros2) StderrLine: {'line': b'In file included from \x1b[01m\x1b[K/home/rospi/aug_2024/src/sllidar_ros2/./sdk/include/rplidar_cmd.h:36\x1b[m\x1b[K,\n'}
[32.488337] (sllidar_ros2) StderrLine: {'line': b'                 from \x1b[01m\x1b[K/home/rospi/aug_2024/src/sllidar_ros2/./sdk/include/rplidar.h:40\x1b[m\x1b[K,\n'}
[32.489247] (sllidar_ros2) StderrLine: {'line': b'                 from \x1b[01m\x1b[K/home/rospi/aug_2024/src/sllidar_ros2/sdk/src/sdkcommon.h:49\x1b[m\x1b[K,\n'}
[32.490214] (sllidar_ros2) StderrLine: {'line': b'                 from \x1b[01m\x1b[K/home/rospi/aug_2024/src/sllidar_ros2/sdk/src/sl_async_transceiver.cpp:35\x1b[m\x1b[K:\n'}
[32.491018] (sllidar_ros2) StderrLine: {'line': b'\x1b[01m\x1b[K/home/rospi/aug_2024/src/sllidar_ros2/./sdk/include/sl_lidar_cmd.h:324:20:\x1b[m\x1b[K \x1b[01;35m\x1b[Kwarning: \x1b[m\x1b[KISO C++ forbids zero-size array \xe2\x80\x98\x1b[01m\x1b[Kpayload\x1b[m\x1b[K\xe2\x80\x99 [\x1b[01;35m\x1b[K\x1b]8;;https://gcc.gnu.org/onlinedocs/gcc/Warning-Options.html#index-Wpedantic\x07-Wpedantic\x1b]8;;\x07\x1b[m\x1b[K]\n'}
[32.491802] (sllidar_ros2) StderrLine: {'line': b'  324 |     sl_u8  payload[\x1b[01;35m\x1b[K0\x1b[m\x1b[K];\n'}
[32.493361] (sllidar_ros2) StderrLine: {'line': b'      |                    \x1b[01;35m\x1b[K^\x1b[m\x1b[K\n'}
[32.542409] (sllidar_ros2) StdoutLine: {'line': b'[ 65%] \x1b[32mBuilding CXX object CMakeFiles/sllidar_node.dir/sdk/src/sl_crc.cpp.o\x1b[0m\n'}
[32.574415] (-) TimerEvent: {}
[32.676507] (-) TimerEvent: {}
[32.710220] (sllidar_ros2) StderrLine: {'line': b'In file included from \x1b[01m\x1b[K/home/rospi/aug_2024/src/sllidar_ros2/./sdk/include/sl_lidar_cmd.h:41\x1b[m\x1b[K,\n'}
[32.711719] (sllidar_ros2) StderrLine: {'line': b'                 from \x1b[01m\x1b[K/home/rospi/aug_2024/src/sllidar_ros2/./sdk/include/sl_crc.h:36\x1b[m\x1b[K,\n'}
[32.713248] (sllidar_ros2) StderrLine: {'line': b'                 from \x1b[01m\x1b[K/home/rospi/aug_2024/src/sllidar_ros2/sdk/src/sl_crc.cpp:33\x1b[m\x1b[K:\n'}
[32.714745] (sllidar_ros2) StderrLine: {'line': b'\x1b[01m\x1b[K/home/rospi/aug_2024/src/sllidar_ros2/./sdk/include/sl_lidar_protocol.h:66:16:\x1b[m\x1b[K \x1b[01;35m\x1b[Kwarning: \x1b[m\x1b[KISO C++ forbids zero-size array \xe2\x80\x98\x1b[01m\x1b[Kdata\x1b[m\x1b[K\xe2\x80\x99 [\x1b[01;35m\x1b[K\x1b]8;;https://gcc.gnu.org/onlinedocs/gcc/Warning-Options.html#index-Wpedantic\x07-Wpedantic\x1b]8;;\x07\x1b[m\x1b[K]\n'}
[32.716309] (sllidar_ros2) StderrLine: {'line': b'   66 |     sl_u8 data[\x1b[01;35m\x1b[K0\x1b[m\x1b[K];\n'}
[32.718804] (sllidar_ros2) StderrLine: {'line': b'      |                \x1b[01;35m\x1b[K^\x1b[m\x1b[K\n'}
[32.726530] (sllidar_ros2) StderrLine: {'line': b'In file included from \x1b[01m\x1b[K/home/rospi/aug_2024/src/sllidar_ros2/./sdk/include/sl_crc.h:36\x1b[m\x1b[K,\n'}
[32.734911] (sllidar_ros2) StderrLine: {'line': b'                 from \x1b[01m\x1b[K/home/rospi/aug_2024/src/sllidar_ros2/sdk/src/sl_crc.cpp:33\x1b[m\x1b[K:\n'}
[32.736165] (sllidar_ros2) StderrLine: {'line': b'\x1b[01m\x1b[K/home/rospi/aug_2024/src/sllidar_ros2/./sdk/include/sl_lidar_cmd.h:324:20:\x1b[m\x1b[K \x1b[01;35m\x1b[Kwarning: \x1b[m\x1b[KISO C++ forbids zero-size array \xe2\x80\x98\x1b[01m\x1b[Kpayload\x1b[m\x1b[K\xe2\x80\x99 [\x1b[01;35m\x1b[K\x1b]8;;https://gcc.gnu.org/onlinedocs/gcc/Warning-Options.html#index-Wpedantic\x07-Wpedantic\x1b]8;;\x07\x1b[m\x1b[K]\n'}
[32.737746] (sllidar_ros2) StderrLine: {'line': b'  324 |     sl_u8  payload[\x1b[01;35m\x1b[K0\x1b[m\x1b[K];\n'}
[32.739232] (sllidar_ros2) StderrLine: {'line': b'      |                    \x1b[01;35m\x1b[K^\x1b[m\x1b[K\n'}
[32.776848] (-) TimerEvent: {}
[32.878419] (-) TimerEvent: {}
[32.915374] (sllidar_ros2) StdoutLine: {'line': b'[ 70%] \x1b[32mBuilding CXX object CMakeFiles/sllidar_node.dir/sdk/src/sl_lidar_driver.cpp.o\x1b[0m\n'}
[32.978679] (-) TimerEvent: {}
[33.080509] (-) TimerEvent: {}
[33.190321] (-) TimerEvent: {}
[33.296638] (-) TimerEvent: {}
[33.353958] (sllidar_ros2) StderrLine: {'line': b'In file included from \x1b[01m\x1b[K/home/rospi/aug_2024/src/sllidar_ros2/sdk/src/sl_async_transceiver.cpp:44\x1b[m\x1b[K:\n'}
[33.354769] (sllidar_ros2) StderrLine: {'line': b'\x1b[01m\x1b[K/home/rospi/aug_2024/src/sllidar_ros2/sdk/src/sl_async_transceiver.h:\x1b[m\x1b[K In member function \xe2\x80\x98\x1b[01m\x1b[Kvirtual void sl::internal::IAsyncProtocolCodec::onChannelError(u_result)\x1b[m\x1b[K\xe2\x80\x99:\n'}
[33.355341] (sllidar_ros2) StderrLine: {'line': b'\x1b[01m\x1b[K/home/rospi/aug_2024/src/sllidar_ros2/sdk/src/sl_async_transceiver.h:90:48:\x1b[m\x1b[K \x1b[01;35m\x1b[Kwarning: \x1b[m\x1b[Kunused parameter \xe2\x80\x98\x1b[01m\x1b[KerrCode\x1b[m\x1b[K\xe2\x80\x99 [\x1b[01;35m\x1b[K\x1b]8;;https://gcc.gnu.org/onlinedocs/gcc/Warning-Options.html#index-Wunused-parameter\x07-Wunused-parameter\x1b]8;;\x07\x1b[m\x1b[K]\n'}
[33.355800] (sllidar_ros2) StderrLine: {'line': b'   90 |         virtual void   onChannelError(\x1b[01;35m\x1b[Ku_result errCode\x1b[m\x1b[K) {}\n'}
[33.356225] (sllidar_ros2) StderrLine: {'line': b'      |                                       \x1b[01;35m\x1b[K~~~~~~~~~^~~~~~~\x1b[m\x1b[K\n'}
[33.396850] (-) TimerEvent: {}
[33.498390] (-) TimerEvent: {}
[33.600196] (-) TimerEvent: {}
[33.702005] (-) TimerEvent: {}
[33.803624] (-) TimerEvent: {}
[33.905338] (-) TimerEvent: {}
[34.007064] (-) TimerEvent: {}
[34.108687] (-) TimerEvent: {}
[34.210376] (-) TimerEvent: {}
[34.268266] (sllidar_ros2) StdoutLine: {'line': b'[ 75%] \x1b[32mBuilding CXX object CMakeFiles/sllidar_node.dir/sdk/src/sl_lidarprotocol_codec.cpp.o\x1b[0m\n'}
[34.310649] (-) TimerEvent: {}
[34.412303] (-) TimerEvent: {}
[34.513752] (-) TimerEvent: {}
[34.614739] (-) TimerEvent: {}
[34.715690] (-) TimerEvent: {}
[34.816931] (-) TimerEvent: {}
[34.917954] (-) TimerEvent: {}
[35.019137] (-) TimerEvent: {}
[35.120613] (-) TimerEvent: {}
[35.221635] (-) TimerEvent: {}
[35.322707] (-) TimerEvent: {}
[35.424297] (-) TimerEvent: {}
[35.529041] (-) TimerEvent: {}
[35.640665] (-) TimerEvent: {}
[35.749713] (-) TimerEvent: {}
[35.851946] (-) TimerEvent: {}
[35.953740] (-) TimerEvent: {}
[36.055319] (-) TimerEvent: {}
[36.157118] (-) TimerEvent: {}
[36.258907] (-) TimerEvent: {}
[36.360109] (-) TimerEvent: {}
[36.461521] (-) TimerEvent: {}
[36.562720] (-) TimerEvent: {}
[36.565689] (sllidar_ros2) StderrLine: {'line': b'In file included from \x1b[01m\x1b[K/home/rospi/aug_2024/src/sllidar_ros2/./sdk/include/rplidar_protocol.h:36\x1b[m\x1b[K,\n'}
[36.567650] (sllidar_ros2) StderrLine: {'line': b'                 from \x1b[01m\x1b[K/home/rospi/aug_2024/src/sllidar_ros2/./sdk/include/rplidar.h:39\x1b[m\x1b[K,\n'}
[36.569550] (sllidar_ros2) StderrLine: {'line': b'                 from \x1b[01m\x1b[K/home/rospi/aug_2024/src/sllidar_ros2/sdk/src/sdkcommon.h:49\x1b[m\x1b[K,\n'}
[36.571317] (sllidar_ros2) StderrLine: {'line': b'                 from \x1b[01m\x1b[K/home/rospi/aug_2024/src/sllidar_ros2/sdk/src/sl_lidar_driver.cpp:33\x1b[m\x1b[K:\n'}
[36.573111] (sllidar_ros2) StderrLine: {'line': b'\x1b[01m\x1b[K/home/rospi/aug_2024/src/sllidar_ros2/./sdk/include/sl_lidar_protocol.h:66:16:\x1b[m\x1b[K \x1b[01;35m\x1b[Kwarning: \x1b[m\x1b[KISO C++ forbids zero-size array \xe2\x80\x98\x1b[01m\x1b[Kdata\x1b[m\x1b[K\xe2\x80\x99 [\x1b[01;35m\x1b[K\x1b]8;;https://gcc.gnu.org/onlinedocs/gcc/Warning-Options.html#index-Wpedantic\x07-Wpedantic\x1b]8;;\x07\x1b[m\x1b[K]\n'}
[36.574958] (sllidar_ros2) StderrLine: {'line': b'   66 |     sl_u8 data[\x1b[01;35m\x1b[K0\x1b[m\x1b[K];\n'}
[36.576603] (sllidar_ros2) StderrLine: {'line': b'      |                \x1b[01;35m\x1b[K^\x1b[m\x1b[K\n'}
[36.581500] (sllidar_ros2) StderrLine: {'line': b'In file included from \x1b[01m\x1b[K/home/rospi/aug_2024/src/sllidar_ros2/./sdk/include/rplidar_cmd.h:36\x1b[m\x1b[K,\n'}
[36.583139] (sllidar_ros2) StderrLine: {'line': b'                 from \x1b[01m\x1b[K/home/rospi/aug_2024/src/sllidar_ros2/./sdk/include/rplidar.h:40\x1b[m\x1b[K,\n'}
[36.584634] (sllidar_ros2) StderrLine: {'line': b'                 from \x1b[01m\x1b[K/home/rospi/aug_2024/src/sllidar_ros2/sdk/src/sdkcommon.h:49\x1b[m\x1b[K,\n'}
[36.596661] (sllidar_ros2) StderrLine: {'line': b'                 from \x1b[01m\x1b[K/home/rospi/aug_2024/src/sllidar_ros2/sdk/src/sl_lidar_driver.cpp:33\x1b[m\x1b[K:\n'}
[36.597808] (sllidar_ros2) StderrLine: {'line': b'\x1b[01m\x1b[K/home/rospi/aug_2024/src/sllidar_ros2/./sdk/include/sl_lidar_cmd.h:324:20:\x1b[m\x1b[K \x1b[01;35m\x1b[Kwarning: \x1b[m\x1b[KISO C++ forbids zero-size array \xe2\x80\x98\x1b[01m\x1b[Kpayload\x1b[m\x1b[K\xe2\x80\x99 [\x1b[01;35m\x1b[K\x1b]8;;https://gcc.gnu.org/onlinedocs/gcc/Warning-Options.html#index-Wpedantic\x07-Wpedantic\x1b]8;;\x07\x1b[m\x1b[K]\n'}
[36.598834] (sllidar_ros2) StderrLine: {'line': b'  324 |     sl_u8  payload[\x1b[01;35m\x1b[K0\x1b[m\x1b[K];\n'}
[36.599818] (sllidar_ros2) StderrLine: {'line': b'      |                    \x1b[01;35m\x1b[K^\x1b[m\x1b[K\n'}
[36.663003] (-) TimerEvent: {}
[36.764215] (-) TimerEvent: {}
[36.865499] (-) TimerEvent: {}
[36.972089] (-) TimerEvent: {}
[37.073346] (-) TimerEvent: {}
[37.174875] (-) TimerEvent: {}
[37.276828] (-) TimerEvent: {}
[37.377974] (-) TimerEvent: {}
[37.479059] (-) TimerEvent: {}
[37.580147] (-) TimerEvent: {}
[37.681428] (-) TimerEvent: {}
[37.782566] (-) TimerEvent: {}
[37.883647] (-) TimerEvent: {}
[37.906166] (sllidar_ros2) StderrLine: {'line': b'In file included from \x1b[01m\x1b[K/home/rospi/aug_2024/src/sllidar_ros2/./sdk/include/rplidar_protocol.h:36\x1b[m\x1b[K,\n'}
[37.907384] (sllidar_ros2) StderrLine: {'line': b'                 from \x1b[01m\x1b[K/home/rospi/aug_2024/src/sllidar_ros2/./sdk/include/rplidar.h:39\x1b[m\x1b[K,\n'}
[37.908257] (sllidar_ros2) StderrLine: {'line': b'                 from \x1b[01m\x1b[K/home/rospi/aug_2024/src/sllidar_ros2/sdk/src/sdkcommon.h:49\x1b[m\x1b[K,\n'}
[37.909418] (sllidar_ros2) StderrLine: {'line': b'                 from \x1b[01m\x1b[K/home/rospi/aug_2024/src/sllidar_ros2/sdk/src/sl_lidarprotocol_codec.cpp:35\x1b[m\x1b[K:\n'}
[37.910930] (sllidar_ros2) StderrLine: {'line': b'\x1b[01m\x1b[K/home/rospi/aug_2024/src/sllidar_ros2/./sdk/include/sl_lidar_protocol.h:66:16:\x1b[m\x1b[K \x1b[01;35m\x1b[Kwarning: \x1b[m\x1b[KISO C++ forbids zero-size array \xe2\x80\x98\x1b[01m\x1b[Kdata\x1b[m\x1b[K\xe2\x80\x99 [\x1b[01;35m\x1b[K\x1b]8;;https://gcc.gnu.org/onlinedocs/gcc/Warning-Options.html#index-Wpedantic\x07-Wpedantic\x1b]8;;\x07\x1b[m\x1b[K]\n'}
[37.911933] (sllidar_ros2) StderrLine: {'line': b'   66 |     sl_u8 data[\x1b[01;35m\x1b[K0\x1b[m\x1b[K];\n'}
[37.912889] (sllidar_ros2) StderrLine: {'line': b'      |                \x1b[01;35m\x1b[K^\x1b[m\x1b[K\n'}
[37.913889] (sllidar_ros2) StderrLine: {'line': b'In file included from \x1b[01m\x1b[K/home/rospi/aug_2024/src/sllidar_ros2/./sdk/include/rplidar_cmd.h:36\x1b[m\x1b[K,\n'}
[37.914933] (sllidar_ros2) StderrLine: {'line': b'                 from \x1b[01m\x1b[K/home/rospi/aug_2024/src/sllidar_ros2/./sdk/include/rplidar.h:40\x1b[m\x1b[K,\n'}
[37.915811] (sllidar_ros2) StderrLine: {'line': b'                 from \x1b[01m\x1b[K/home/rospi/aug_2024/src/sllidar_ros2/sdk/src/sdkcommon.h:49\x1b[m\x1b[K,\n'}
[37.916749] (sllidar_ros2) StderrLine: {'line': b'                 from \x1b[01m\x1b[K/home/rospi/aug_2024/src/sllidar_ros2/sdk/src/sl_lidarprotocol_codec.cpp:35\x1b[m\x1b[K:\n'}
[37.917699] (sllidar_ros2) StderrLine: {'line': b'\x1b[01m\x1b[K/home/rospi/aug_2024/src/sllidar_ros2/./sdk/include/sl_lidar_cmd.h:324:20:\x1b[m\x1b[K \x1b[01;35m\x1b[Kwarning: \x1b[m\x1b[KISO C++ forbids zero-size array \xe2\x80\x98\x1b[01m\x1b[Kpayload\x1b[m\x1b[K\xe2\x80\x99 [\x1b[01;35m\x1b[K\x1b]8;;https://gcc.gnu.org/onlinedocs/gcc/Warning-Options.html#index-Wpedantic\x07-Wpedantic\x1b]8;;\x07\x1b[m\x1b[K]\n'}
[37.918623] (sllidar_ros2) StderrLine: {'line': b'  324 |     sl_u8  payload[\x1b[01;35m\x1b[K0\x1b[m\x1b[K];\n'}
[37.919518] (sllidar_ros2) StderrLine: {'line': b'      |                    \x1b[01;35m\x1b[K^\x1b[m\x1b[K\n'}
[37.983941] (-) TimerEvent: {}
[38.085143] (-) TimerEvent: {}
[38.186317] (-) TimerEvent: {}
[38.287417] (-) TimerEvent: {}
[38.388572] (-) TimerEvent: {}
[38.463090] (sllidar_ros2) StderrLine: {'line': b'In file included from \x1b[01m\x1b[K/home/rospi/aug_2024/src/sllidar_ros2/sdk/src/sl_lidar_driver.cpp:50\x1b[m\x1b[K:\n'}
[38.464743] (sllidar_ros2) StderrLine: {'line': b'\x1b[01m\x1b[K/home/rospi/aug_2024/src/sllidar_ros2/sdk/src/dataunpacker/dataunpacker.h:\x1b[m\x1b[K In member function \xe2\x80\x98\x1b[01m\x1b[Kvirtual void sl::internal::LIDARSampleDataListener::onCustomSampleDataDecoded(_u8, _u32, const void*, size_t)\x1b[m\x1b[K\xe2\x80\x99:\n'}
[38.466257] (sllidar_ros2) StderrLine: {'line': b'\x1b[01m\x1b[K/home/rospi/aug_2024/src/sllidar_ros2/sdk/src/dataunpacker/dataunpacker.h:54:52:\x1b[m\x1b[K \x1b[01;35m\x1b[Kwarning: \x1b[m\x1b[Kunused parameter \xe2\x80\x98\x1b[01m\x1b[KansType\x1b[m\x1b[K\xe2\x80\x99 [\x1b[01;35m\x1b[K\x1b]8;;https://gcc.gnu.org/onlinedocs/gcc/Warning-Options.html#index-Wunused-parameter\x07-Wunused-parameter\x1b]8;;\x07\x1b[m\x1b[K]\n'}
[38.468018] (sllidar_ros2) StderrLine: {'line': b'   54 |         virtual void onCustomSampleDataDecoded(\x1b[01;35m\x1b[K_u8 ansType\x1b[m\x1b[K, _u32 customCode, const void* data, size_t size) {}\n'}
[38.470357] (sllidar_ros2) StderrLine: {'line': b'      |                                                \x1b[01;35m\x1b[K~~~~^~~~~~~\x1b[m\x1b[K\n'}
[38.472531] (sllidar_ros2) StderrLine: {'line': b'\x1b[01m\x1b[K/home/rospi/aug_2024/src/sllidar_ros2/sdk/src/dataunpacker/dataunpacker.h:54:66:\x1b[m\x1b[K \x1b[01;35m\x1b[Kwarning: \x1b[m\x1b[Kunused parameter \xe2\x80\x98\x1b[01m\x1b[KcustomCode\x1b[m\x1b[K\xe2\x80\x99 [\x1b[01;35m\x1b[K\x1b]8;;https://gcc.gnu.org/onlinedocs/gcc/Warning-Options.html#index-Wunused-parameter\x07-Wunused-parameter\x1b]8;;\x07\x1b[m\x1b[K]\n'}
[38.474656] (sllidar_ros2) StderrLine: {'line': b'   54 |         virtual void onCustomSampleDataDecoded(_u8 ansType, \x1b[01;35m\x1b[K_u32 customCode\x1b[m\x1b[K, const void* data, size_t size) {}\n'}
[38.476244] (sllidar_ros2) StderrLine: {'line': b'      |                                                             \x1b[01;35m\x1b[K~~~~~^~~~~~~~~~\x1b[m\x1b[K\n'}
[38.479557] (sllidar_ros2) StderrLine: {'line': b'\x1b[01m\x1b[K/home/rospi/aug_2024/src/sllidar_ros2/sdk/src/dataunpacker/dataunpacker.h:54:90:\x1b[m\x1b[K \x1b[01;35m\x1b[Kwarning: \x1b[m\x1b[Kunused parameter \xe2\x80\x98\x1b[01m\x1b[Kdata\x1b[m\x1b[K\xe2\x80\x99 [\x1b[01;35m\x1b[K\x1b]8;;https://gcc.gnu.org/onlinedocs/gcc/Warning-Options.html#index-Wunused-parameter\x07-Wunused-parameter\x1b]8;;\x07\x1b[m\x1b[K]\n'}
[38.481064] (sllidar_ros2) StderrLine: {'line': b'   54 |         virtual void onCustomSampleDataDecoded(_u8 ansType, _u32 customCode, \x1b[01;35m\x1b[Kconst void* data\x1b[m\x1b[K, size_t size) {}\n'}
[38.482364] (sllidar_ros2) StderrLine: {'line': b'      |                                                                              \x1b[01;35m\x1b[K~~~~~~~~~~~~^~~~\x1b[m\x1b[K\n'}
[38.483426] (sllidar_ros2) StderrLine: {'line': b'\x1b[01m\x1b[K/home/rospi/aug_2024/src/sllidar_ros2/sdk/src/dataunpacker/dataunpacker.h:54:103:\x1b[m\x1b[K \x1b[01;35m\x1b[Kwarning: \x1b[m\x1b[Kunused parameter \xe2\x80\x98\x1b[01m\x1b[Ksize\x1b[m\x1b[K\xe2\x80\x99 [\x1b[01;35m\x1b[K\x1b]8;;https://gcc.gnu.org/onlinedocs/gcc/Warning-Options.html#index-Wunused-parameter\x07-Wunused-parameter\x1b]8;;\x07\x1b[m\x1b[K]\n'}
[38.484452] (sllidar_ros2) StderrLine: {'line': b'   54 |         virtual void onCustomSampleDataDecoded(_u8 ansType, _u32 customCode, const void* data, \x1b[01;35m\x1b[Ksize_t size\x1b[m\x1b[K) {}\n'}
[38.500638] (sllidar_ros2) StderrLine: {'line': b'      |                                                                                                \x1b[01;35m\x1b[K~~~~~~~^~~~\x1b[m\x1b[K\n'}
[38.501939] (-) TimerEvent: {}
[38.502959] (sllidar_ros2) StderrLine: {'line': b'\x1b[01m\x1b[K/home/rospi/aug_2024/src/sllidar_ros2/sdk/src/dataunpacker/dataunpacker.h:\x1b[m\x1b[K In member function \xe2\x80\x98\x1b[01m\x1b[Kvirtual void sl::internal::LIDARSampleDataListener::onDecodingError(int, _u8, const void*, size_t)\x1b[m\x1b[K\xe2\x80\x99:\n'}
[38.503983] (sllidar_ros2) StderrLine: {'line': b'\x1b[01m\x1b[K/home/rospi/aug_2024/src/sllidar_ros2/sdk/src/dataunpacker/dataunpacker.h:56:42:\x1b[m\x1b[K \x1b[01;35m\x1b[Kwarning: \x1b[m\x1b[Kunused parameter \xe2\x80\x98\x1b[01m\x1b[KerrMsg\x1b[m\x1b[K\xe2\x80\x99 [\x1b[01;35m\x1b[K\x1b]8;;https://gcc.gnu.org/onlinedocs/gcc/Warning-Options.html#index-Wunused-parameter\x07-Wunused-parameter\x1b]8;;\x07\x1b[m\x1b[K]\n'}
[38.505014] (sllidar_ros2) StderrLine: {'line': b'   56 |         virtual void onDecodingError(\x1b[01;35m\x1b[Kint errMsg\x1b[m\x1b[K, _u8 ansType, const void* payload, size_t size) {}\n'}
[38.506108] (sllidar_ros2) StderrLine: {'line': b'      |                                      \x1b[01;35m\x1b[K~~~~^~~~~~\x1b[m\x1b[K\n'}
[38.507366] (sllidar_ros2) StderrLine: {'line': b'\x1b[01m\x1b[K/home/rospi/aug_2024/src/sllidar_ros2/sdk/src/dataunpacker/dataunpacker.h:56:54:\x1b[m\x1b[K \x1b[01;35m\x1b[Kwarning: \x1b[m\x1b[Kunused parameter \xe2\x80\x98\x1b[01m\x1b[KansType\x1b[m\x1b[K\xe2\x80\x99 [\x1b[01;35m\x1b[K\x1b]8;;https://gcc.gnu.org/onlinedocs/gcc/Warning-Options.html#index-Wunused-parameter\x07-Wunused-parameter\x1b]8;;\x07\x1b[m\x1b[K]\n'}
[38.508309] (sllidar_ros2) StderrLine: {'line': b'   56 |         virtual void onDecodingError(int errMsg, \x1b[01;35m\x1b[K_u8 ansType\x1b[m\x1b[K, const void* payload, size_t size) {}\n'}
[38.509842] (sllidar_ros2) StderrLine: {'line': b'      |                                                  \x1b[01;35m\x1b[K~~~~^~~~~~~\x1b[m\x1b[K\n'}
[38.510926] (sllidar_ros2) StderrLine: {'line': b'\x1b[01m\x1b[K/home/rospi/aug_2024/src/sllidar_ros2/sdk/src/dataunpacker/dataunpacker.h:56:75:\x1b[m\x1b[K \x1b[01;35m\x1b[Kwarning: \x1b[m\x1b[Kunused parameter \xe2\x80\x98\x1b[01m\x1b[Kpayload\x1b[m\x1b[K\xe2\x80\x99 [\x1b[01;35m\x1b[K\x1b]8;;https://gcc.gnu.org/onlinedocs/gcc/Warning-Options.html#index-Wunused-parameter\x07-Wunused-parameter\x1b]8;;\x07\x1b[m\x1b[K]\n'}
[38.512056] (sllidar_ros2) StderrLine: {'line': b'   56 |         virtual void onDecodingError(int errMsg, _u8 ansType, \x1b[01;35m\x1b[Kconst void* payload\x1b[m\x1b[K, size_t size) {}\n'}
[38.529438] (sllidar_ros2) StderrLine: {'line': b'      |                                                               \x1b[01;35m\x1b[K~~~~~~~~~~~~^~~~~~~\x1b[m\x1b[K\n'}
[38.530732] (sllidar_ros2) StderrLine: {'line': b'\x1b[01m\x1b[K/home/rospi/aug_2024/src/sllidar_ros2/sdk/src/dataunpacker/dataunpacker.h:56:91:\x1b[m\x1b[K \x1b[01;35m\x1b[Kwarning: \x1b[m\x1b[Kunused parameter \xe2\x80\x98\x1b[01m\x1b[Ksize\x1b[m\x1b[K\xe2\x80\x99 [\x1b[01;35m\x1b[K\x1b]8;;https://gcc.gnu.org/onlinedocs/gcc/Warning-Options.html#index-Wunused-parameter\x07-Wunused-parameter\x1b]8;;\x07\x1b[m\x1b[K]\n'}
[38.531845] (sllidar_ros2) StderrLine: {'line': b'   56 |         virtual void onDecodingError(int errMsg, _u8 ansType, const void* payload, \x1b[01;35m\x1b[Ksize_t size\x1b[m\x1b[K) {}\n'}
[38.532837] (sllidar_ros2) StderrLine: {'line': b'      |                                                                                    \x1b[01;35m\x1b[K~~~~~~~^~~~\x1b[m\x1b[K\n'}
[38.571631] (sllidar_ros2) StderrLine: {'line': b'In file included from \x1b[01m\x1b[K/home/rospi/aug_2024/src/sllidar_ros2/sdk/src/sl_lidar_driver.cpp:51\x1b[m\x1b[K:\n'}
[38.573176] (sllidar_ros2) StderrLine: {'line': b'\x1b[01m\x1b[K/home/rospi/aug_2024/src/sllidar_ros2/sdk/src/sl_async_transceiver.h:\x1b[m\x1b[K In member function \xe2\x80\x98\x1b[01m\x1b[Kvirtual void sl::internal::IAsyncProtocolCodec::onChannelError(u_result)\x1b[m\x1b[K\xe2\x80\x99:\n'}
[38.575004] (sllidar_ros2) StderrLine: {'line': b'\x1b[01m\x1b[K/home/rospi/aug_2024/src/sllidar_ros2/sdk/src/sl_async_transceiver.h:90:48:\x1b[m\x1b[K \x1b[01;35m\x1b[Kwarning: \x1b[m\x1b[Kunused parameter \xe2\x80\x98\x1b[01m\x1b[KerrCode\x1b[m\x1b[K\xe2\x80\x99 [\x1b[01;35m\x1b[K\x1b]8;;https://gcc.gnu.org/onlinedocs/gcc/Warning-Options.html#index-Wunused-parameter\x07-Wunused-parameter\x1b]8;;\x07\x1b[m\x1b[K]\n'}
[38.576586] (sllidar_ros2) StderrLine: {'line': b'   90 |         virtual void   onChannelError(\x1b[01;35m\x1b[Ku_result errCode\x1b[m\x1b[K) {}\n'}
[38.578289] (sllidar_ros2) StderrLine: {'line': b'      |                                       \x1b[01;35m\x1b[K~~~~~~~~~^~~~~~~\x1b[m\x1b[K\n'}
[38.602228] (-) TimerEvent: {}
[38.703538] (-) TimerEvent: {}
[38.723815] (sllidar_ros2) StderrLine: {'line': b'\x1b[01m\x1b[K/home/rospi/aug_2024/src/sllidar_ros2/sdk/src/sl_lidar_driver.cpp:\x1b[m\x1b[K In member function \xe2\x80\x98\x1b[01m\x1b[Kvirtual sl_result sl::SlamtecLidarDriver::reset(sl_u32)\x1b[m\x1b[K\xe2\x80\x99:\n'}
[38.725540] (sllidar_ros2) StderrLine: {'line': b'\x1b[01m\x1b[K/home/rospi/aug_2024/src/sllidar_ros2/sdk/src/sl_lidar_driver.cpp:511:32:\x1b[m\x1b[K \x1b[01;35m\x1b[Kwarning: \x1b[m\x1b[Kunused parameter \xe2\x80\x98\x1b[01m\x1b[KtimeoutInMs\x1b[m\x1b[K\xe2\x80\x99 [\x1b[01;35m\x1b[K\x1b]8;;https://gcc.gnu.org/onlinedocs/gcc/Warning-Options.html#index-Wunused-parameter\x07-Wunused-parameter\x1b]8;;\x07\x1b[m\x1b[K]\n'}
[38.727168] (sllidar_ros2) StderrLine: {'line': b'  511 |         sl_result reset(\x1b[01;35m\x1b[Ksl_u32 timeoutInMs = DEFAULT_TIMEOUT\x1b[m\x1b[K)\n'}
[38.728761] (sllidar_ros2) StderrLine: {'line': b'      |                         \x1b[01;35m\x1b[K~~~~~~~^~~~~~~~~~~~~~~~~~~~~~~~~~~~~\x1b[m\x1b[K\n'}
[38.754429] (sllidar_ros2) StderrLine: {'line': b'\x1b[01m\x1b[K/home/rospi/aug_2024/src/sllidar_ros2/sdk/src/sl_lidar_driver.cpp:\x1b[m\x1b[K In member function \xe2\x80\x98\x1b[01m\x1b[Kvirtual sl_result sl::SlamtecLidarDriver::startScan(bool, bool, sl_u32, sl::LidarScanMode*)\x1b[m\x1b[K\xe2\x80\x99:\n'}
[38.756387] (sllidar_ros2) StderrLine: {'line': b'\x1b[01m\x1b[K/home/rospi/aug_2024/src/sllidar_ros2/sdk/src/sl_lidar_driver.cpp:586:69:\x1b[m\x1b[K \x1b[01;35m\x1b[Kwarning: \x1b[m\x1b[Kunused parameter \xe2\x80\x98\x1b[01m\x1b[Koptions\x1b[m\x1b[K\xe2\x80\x99 [\x1b[01;35m\x1b[K\x1b]8;;https://gcc.gnu.org/onlinedocs/gcc/Warning-Options.html#index-Wunused-parameter\x07-Wunused-parameter\x1b]8;;\x07\x1b[m\x1b[K]\n'}
[38.757991] (sllidar_ros2) StderrLine: {'line': b'  586 |         sl_result startScan(bool force, bool useTypicalScan, \x1b[01;35m\x1b[Ksl_u32 options = 0\x1b[m\x1b[K, LidarScanMode* outUsedScanMode = nullptr)\n'}
[38.759595] (sllidar_ros2) StderrLine: {'line': b'      |                                                              \x1b[01;35m\x1b[K~~~~~~~^~~~~~~~~~~\x1b[m\x1b[K\n'}
[38.777090] (sllidar_ros2) StderrLine: {'line': b'\x1b[01m\x1b[K/home/rospi/aug_2024/src/sllidar_ros2/sdk/src/sl_lidar_driver.cpp:\x1b[m\x1b[K In member function \xe2\x80\x98\x1b[01m\x1b[Kvirtual sl_result sl::SlamtecLidarDriver::stop(sl_u32)\x1b[m\x1b[K\xe2\x80\x99:\n'}
[38.778850] (sllidar_ros2) StderrLine: {'line': b'\x1b[01m\x1b[K/home/rospi/aug_2024/src/sllidar_ros2/sdk/src/sl_lidar_driver.cpp:763:31:\x1b[m\x1b[K \x1b[01;35m\x1b[Kwarning: \x1b[m\x1b[Kunused parameter \xe2\x80\x98\x1b[01m\x1b[Ktimeout\x1b[m\x1b[K\xe2\x80\x99 [\x1b[01;35m\x1b[K\x1b]8;;https://gcc.gnu.org/onlinedocs/gcc/Warning-Options.html#index-Wunused-parameter\x07-Wunused-parameter\x1b]8;;\x07\x1b[m\x1b[K]\n'}
[38.780333] (sllidar_ros2) StderrLine: {'line': b'  763 |         sl_result stop(\x1b[01;35m\x1b[Ksl_u32 timeout = DEFAULT_TIMEOUT\x1b[m\x1b[K)\n'}
[38.782043] (sllidar_ros2) StderrLine: {'line': b'      |                        \x1b[01;35m\x1b[K~~~~~~~^~~~~~~~~~~~~~~~~~~~~~~~~\x1b[m\x1b[K\n'}
[38.796755] (sllidar_ros2) StderrLine: {'line': b'\x1b[01m\x1b[K/home/rospi/aug_2024/src/sllidar_ros2/sdk/src/sl_lidar_driver.cpp:\x1b[m\x1b[K In member function \xe2\x80\x98\x1b[01m\x1b[Kvirtual sl_result sl::SlamtecLidarDriver::getFrequency(const sl::LidarScanMode&, const sl_lidar_response_measurement_node_hq_t*, size_t, float&)\x1b[m\x1b[K\xe2\x80\x99:\n'}
[38.798709] (sllidar_ros2) StderrLine: {'line': b'\x1b[01m\x1b[K/home/rospi/aug_2024/src/sllidar_ros2/sdk/src/sl_lidar_driver.cpp:880:110:\x1b[m\x1b[K \x1b[01;35m\x1b[Kwarning: \x1b[m\x1b[Kunused parameter \xe2\x80\x98\x1b[01m\x1b[Knodes\x1b[m\x1b[K\xe2\x80\x99 [\x1b[01;35m\x1b[K\x1b]8;;https://gcc.gnu.org/onlinedocs/gcc/Warning-Options.html#index-Wunused-parameter\x07-Wunused-parameter\x1b]8;;\x07\x1b[m\x1b[K]\n'}
[38.800488] (sllidar_ros2) StderrLine: {'line': b'  880 |         sl_result getFrequency(const LidarScanMode& scanMode, \x1b[01;35m\x1b[Kconst sl_lidar_response_measurement_node_hq_t* nodes\x1b[m\x1b[K, size_t count, float& frequency)\n'}
[38.802163] (sllidar_ros2) StderrLine: {'line': b'      |                                                               \x1b[01;35m\x1b[K~~~~~~~~~~~~~~~~~~~~~~~~~~~~~~~~~~~~~~~~~~~~~~~^~~~~\x1b[m\x1b[K\n'}
[38.803778] (-) TimerEvent: {}
[38.823926] (sllidar_ros2) StderrLine: {'line': b'\x1b[01m\x1b[K/home/rospi/aug_2024/src/sllidar_ros2/sdk/src/sl_lidar_driver.cpp:\x1b[m\x1b[K In member function \xe2\x80\x98\x1b[01m\x1b[Kvirtual sl_result sl::SlamtecLidarDriver::getMotorInfo(sl::LidarMotorInfo&, sl_u32)\x1b[m\x1b[K\xe2\x80\x99:\n'}
[38.826102] (sllidar_ros2) StderrLine: {'line': b'\x1b[01m\x1b[K/home/rospi/aug_2024/src/sllidar_ros2/sdk/src/sl_lidar_driver.cpp:1023:66:\x1b[m\x1b[K \x1b[01;35m\x1b[Kwarning: \x1b[m\x1b[Kunused parameter \xe2\x80\x98\x1b[01m\x1b[KtimeoutInMs\x1b[m\x1b[K\xe2\x80\x99 [\x1b[01;35m\x1b[K\x1b]8;;https://gcc.gnu.org/onlinedocs/gcc/Warning-Options.html#index-Wunused-parameter\x07-Wunused-parameter\x1b]8;;\x07\x1b[m\x1b[K]\n'}
[38.828080] (sllidar_ros2) StderrLine: {'line': b' 1023 |         sl_result getMotorInfo(LidarMotorInfo &motorInfo, \x1b[01;35m\x1b[Ksl_u32 timeoutInMs\x1b[m\x1b[K)\n'}
[38.829532] (sllidar_ros2) StderrLine: {'line': b'      |                                                           \x1b[01;35m\x1b[K~~~~~~~^~~~~~~~~~~\x1b[m\x1b[K\n'}
[38.841433] (sllidar_ros2) StderrLine: {'line': b'\x1b[01m\x1b[K/home/rospi/aug_2024/src/sllidar_ros2/sdk/src/sl_lidar_driver.cpp:\x1b[m\x1b[K In member function \xe2\x80\x98\x1b[01m\x1b[Ku_result sl::SlamtecLidarDriver::getScanModeCount(sl_u16&, sl_u32)\x1b[m\x1b[K\xe2\x80\x99:\n'}
[38.842867] (sllidar_ros2) StderrLine: {'line': b'\x1b[01m\x1b[K/home/rospi/aug_2024/src/sllidar_ros2/sdk/src/sl_lidar_driver.cpp:1199:61:\x1b[m\x1b[K \x1b[01;35m\x1b[Kwarning: \x1b[m\x1b[Kunused parameter \xe2\x80\x98\x1b[01m\x1b[KtimeoutInMs\x1b[m\x1b[K\xe2\x80\x99 [\x1b[01;35m\x1b[K\x1b]8;;https://gcc.gnu.org/onlinedocs/gcc/Warning-Options.html#index-Wunused-parameter\x07-Wunused-parameter\x1b]8;;\x07\x1b[m\x1b[K]\n'}
[38.843900] (sllidar_ros2) StderrLine: {'line': b' 1199 |         u_result getScanModeCount(sl_u16& modeCount, \x1b[01;35m\x1b[Ksl_u32 timeoutInMs = DEFAULT_TIMEOUT\x1b[m\x1b[K)\n'}
[38.844854] (sllidar_ros2) StderrLine: {'line': b'      |                                                      \x1b[01;35m\x1b[K~~~~~~~^~~~~~~~~~~~~~~~~~~~~~~~~~~~~\x1b[m\x1b[K\n'}
[38.904129] (-) TimerEvent: {}
[39.005346] (-) TimerEvent: {}
[39.106557] (-) TimerEvent: {}
[39.155879] (sllidar_ros2) StderrLine: {'line': b'/home/rospi/aug_2024/src/sllidar_ros2/sdk/src/sl_lidar_driver.cpp: In instantiation of \xe2\x80\x98\x1b[01m\x1b[Kvoid sl::RawSampleNodeHolder<T>::pushNode(_u64, const T*) [with T = sl_lidar_response_measurement_node_hq_t; _u64 = long unsigned int]\x1b[m\x1b[K\xe2\x80\x99:\n'}
[39.157688] (sllidar_ros2) StderrLine: {'line': b'\x1b[01m\x1b[K/home/rospi/aug_2024/src/sllidar_ros2/sdk/src/sl_lidar_driver.cpp:1648:42:\x1b[m\x1b[K   required from here\n'}
[39.158593] (sllidar_ros2) StderrLine: {'line': b'\x1b[01m\x1b[K/home/rospi/aug_2024/src/sllidar_ros2/sdk/src/sl_lidar_driver.cpp:202:28:\x1b[m\x1b[K \x1b[01;35m\x1b[Kwarning: \x1b[m\x1b[Kunused parameter \xe2\x80\x98\x1b[01m\x1b[Ktimestamp_uS\x1b[m\x1b[K\xe2\x80\x99 [\x1b[01;35m\x1b[K\x1b]8;;https://gcc.gnu.org/onlinedocs/gcc/Warning-Options.html#index-Wunused-parameter\x07-Wunused-parameter\x1b]8;;\x07\x1b[m\x1b[K]\n'}
[39.159485] (sllidar_ros2) StderrLine: {'line': b'  202 |         void pushNode(\x1b[01;35m\x1b[K_u64 timestamp_uS\x1b[m\x1b[K, const T* node)\n'}
[39.160446] (sllidar_ros2) StderrLine: {'line': b'      |                       \x1b[01;35m\x1b[K~~~~~^~~~~~~~~~~~\x1b[m\x1b[K\n'}
[39.195583] (sllidar_ros2) StderrLine: {'line': b'In file included from \x1b[01m\x1b[K/home/rospi/aug_2024/src/sllidar_ros2/sdk/src/sl_lidarprotocol_codec.cpp:49\x1b[m\x1b[K:\n'}
[39.197238] (sllidar_ros2) StderrLine: {'line': b'\x1b[01m\x1b[K/home/rospi/aug_2024/src/sllidar_ros2/sdk/src/sl_async_transceiver.h:\x1b[m\x1b[K In member function \xe2\x80\x98\x1b[01m\x1b[Kvirtual void sl::internal::IAsyncProtocolCodec::onChannelError(u_result)\x1b[m\x1b[K\xe2\x80\x99:\n'}
[39.198159] (sllidar_ros2) StderrLine: {'line': b'\x1b[01m\x1b[K/home/rospi/aug_2024/src/sllidar_ros2/sdk/src/sl_async_transceiver.h:90:48:\x1b[m\x1b[K \x1b[01;35m\x1b[Kwarning: \x1b[m\x1b[Kunused parameter \xe2\x80\x98\x1b[01m\x1b[KerrCode\x1b[m\x1b[K\xe2\x80\x99 [\x1b[01;35m\x1b[K\x1b]8;;https://gcc.gnu.org/onlinedocs/gcc/Warning-Options.html#index-Wunused-parameter\x07-Wunused-parameter\x1b]8;;\x07\x1b[m\x1b[K]\n'}
[39.199074] (sllidar_ros2) StderrLine: {'line': b'   90 |         virtual void   onChannelError(\x1b[01;35m\x1b[Ku_result errCode\x1b[m\x1b[K) {}\n'}
[39.200064] (sllidar_ros2) StderrLine: {'line': b'      |                                       \x1b[01;35m\x1b[K~~~~~~~~~^~~~~~~\x1b[m\x1b[K\n'}
[39.206838] (-) TimerEvent: {}
[39.307960] (-) TimerEvent: {}
[39.409120] (-) TimerEvent: {}
[39.510902] (-) TimerEvent: {}
[39.616652] (-) TimerEvent: {}
[39.722805] (-) TimerEvent: {}
[39.824202] (-) TimerEvent: {}
[39.926179] (-) TimerEvent: {}
[40.028646] (-) TimerEvent: {}
[40.081032] (sllidar_ros2) StdoutLine: {'line': b'[ 80%] \x1b[32mBuilding CXX object CMakeFiles/sllidar_node.dir/sdk/src/sl_serial_channel.cpp.o\x1b[0m\n'}
[40.128870] (-) TimerEvent: {}
[40.208660] (sllidar_ros2) StderrLine: {'line': b'\x1b[01m\x1b[K/home/rospi/aug_2024/src/sllidar_ros2/sdk/src/sl_lidar_driver.cpp:\x1b[m\x1b[K At global scope:\n'}
[40.210158] (sllidar_ros2) StderrLine: {'line': b'\x1b[01m\x1b[K/home/rospi/aug_2024/src/sllidar_ros2/sdk/src/sl_lidar_driver.cpp:83:17:\x1b[m\x1b[K \x1b[01;35m\x1b[Kwarning: \x1b[m\x1b[K\xe2\x80\x98\x1b[01m\x1b[Kvoid sl::convert(const sl_lidar_response_measurement_node_hq_t&, sl_lidar_response_measurement_node_t&)\x1b[m\x1b[K\xe2\x80\x99 defined but not used [\x1b[01;35m\x1b[K\x1b]8;;https://gcc.gnu.org/onlinedocs/gcc/Warning-Options.html#index-Wunused-function\x07-Wunused-function\x1b]8;;\x07\x1b[m\x1b[K]\n'}
[40.211408] (sllidar_ros2) StderrLine: {'line': b'   83 |     static void \x1b[01;35m\x1b[Kconvert\x1b[m\x1b[K(const sl_lidar_response_measurement_node_hq_t& from, sl_lidar_response_measurement_node_t& to)\n'}
[40.212124] (sllidar_ros2) StderrLine: {'line': b'      |                 \x1b[01;35m\x1b[K^~~~~~~\x1b[m\x1b[K\n'}
[40.213036] (sllidar_ros2) StderrLine: {'line': b'\x1b[01m\x1b[K/home/rospi/aug_2024/src/sllidar_ros2/sdk/src/sl_lidar_driver.cpp:75:17:\x1b[m\x1b[K \x1b[01;35m\x1b[Kwarning: \x1b[m\x1b[K\xe2\x80\x98\x1b[01m\x1b[Kvoid sl::convert(const sl_lidar_response_measurement_node_t&, sl_lidar_response_measurement_node_hq_t&)\x1b[m\x1b[K\xe2\x80\x99 defined but not used [\x1b[01;35m\x1b[K\x1b]8;;https://gcc.gnu.org/onlinedocs/gcc/Warning-Options.html#index-Wunused-function\x07-Wunused-function\x1b]8;;\x07\x1b[m\x1b[K]\n'}
[40.213895] (sllidar_ros2) StderrLine: {'line': b'   75 |     static void \x1b[01;35m\x1b[Kconvert\x1b[m\x1b[K(const sl_lidar_response_measurement_node_t& from, sl_lidar_response_measurement_node_hq_t& to)\n'}
[40.215130] (sllidar_ros2) StderrLine: {'line': b'      |                 \x1b[01;35m\x1b[K^~~~~~~\x1b[m\x1b[K\n'}
[40.216341] (sllidar_ros2) StderrLine: {'line': b'\x1b[01m\x1b[K/home/rospi/aug_2024/src/sllidar_ros2/sdk/src/sl_lidar_driver.cpp:70:17:\x1b[m\x1b[K \x1b[01;35m\x1b[Kwarning: \x1b[m\x1b[K\xe2\x80\x98\x1b[01m\x1b[Kvoid sl::printDeprecationWarn(const char*, const char*)\x1b[m\x1b[K\xe2\x80\x99 defined but not used [\x1b[01;35m\x1b[K\x1b]8;;https://gcc.gnu.org/onlinedocs/gcc/Warning-Options.html#index-Wunused-function\x07-Wunused-function\x1b]8;;\x07\x1b[m\x1b[K]\n'}
[40.217741] (sllidar_ros2) StderrLine: {'line': b'   70 |     static void \x1b[01;35m\x1b[KprintDeprecationWarn\x1b[m\x1b[K(const char* fn, const char* replacement)\n'}
[40.218781] (sllidar_ros2) StderrLine: {'line': b'      |                 \x1b[01;35m\x1b[K^~~~~~~~~~~~~~~~~~~~\x1b[m\x1b[K\n'}
[40.229140] (-) TimerEvent: {}
[40.330106] (-) TimerEvent: {}
[40.431077] (-) TimerEvent: {}
[40.532119] (-) TimerEvent: {}
[40.633268] (-) TimerEvent: {}
[40.734364] (-) TimerEvent: {}
[40.835321] (-) TimerEvent: {}
[40.936378] (-) TimerEvent: {}
[41.037433] (-) TimerEvent: {}
[41.138493] (-) TimerEvent: {}
[41.239510] (-) TimerEvent: {}
[41.340566] (-) TimerEvent: {}
[41.442351] (-) TimerEvent: {}
[41.544112] (-) TimerEvent: {}
[41.645942] (-) TimerEvent: {}
[41.747573] (-) TimerEvent: {}
[41.848790] (-) TimerEvent: {}
[41.949928] (-) TimerEvent: {}
[42.051224] (-) TimerEvent: {}
[42.152435] (-) TimerEvent: {}
[42.253674] (-) TimerEvent: {}
[42.354745] (-) TimerEvent: {}
[42.438493] (sllidar_ros2) StderrLine: {'line': b'In file included from \x1b[01m\x1b[K/home/rospi/aug_2024/src/sllidar_ros2/./sdk/include/sl_lidar_cmd.h:41\x1b[m\x1b[K,\n'}
[42.439764] (sllidar_ros2) StderrLine: {'line': b'                 from \x1b[01m\x1b[K/home/rospi/aug_2024/src/sllidar_ros2/./sdk/include/sl_lidar_driver.h:54\x1b[m\x1b[K,\n'}
[42.440480] (sllidar_ros2) StderrLine: {'line': b'                 from \x1b[01m\x1b[K/home/rospi/aug_2024/src/sllidar_ros2/sdk/src/sl_serial_channel.cpp:33\x1b[m\x1b[K:\n'}
[42.441203] (sllidar_ros2) StderrLine: {'line': b'\x1b[01m\x1b[K/home/rospi/aug_2024/src/sllidar_ros2/./sdk/include/sl_lidar_protocol.h:66:16:\x1b[m\x1b[K \x1b[01;35m\x1b[Kwarning: \x1b[m\x1b[KISO C++ forbids zero-size array \xe2\x80\x98\x1b[01m\x1b[Kdata\x1b[m\x1b[K\xe2\x80\x99 [\x1b[01;35m\x1b[K\x1b]8;;https://gcc.gnu.org/onlinedocs/gcc/Warning-Options.html#index-Wpedantic\x07-Wpedantic\x1b]8;;\x07\x1b[m\x1b[K]\n'}
[42.441863] (sllidar_ros2) StderrLine: {'line': b'   66 |     sl_u8 data[\x1b[01;35m\x1b[K0\x1b[m\x1b[K];\n'}
[42.442512] (sllidar_ros2) StderrLine: {'line': b'      |                \x1b[01;35m\x1b[K^\x1b[m\x1b[K\n'}
[42.443391] (sllidar_ros2) StderrLine: {'line': b'In file included from \x1b[01m\x1b[K/home/rospi/aug_2024/src/sllidar_ros2/./sdk/include/sl_lidar_driver.h:54\x1b[m\x1b[K,\n'}
[42.444519] (sllidar_ros2) StderrLine: {'line': b'                 from \x1b[01m\x1b[K/home/rospi/aug_2024/src/sllidar_ros2/sdk/src/sl_serial_channel.cpp:33\x1b[m\x1b[K:\n'}
[42.445279] (sllidar_ros2) StderrLine: {'line': b'\x1b[01m\x1b[K/home/rospi/aug_2024/src/sllidar_ros2/./sdk/include/sl_lidar_cmd.h:324:20:\x1b[m\x1b[K \x1b[01;35m\x1b[Kwarning: \x1b[m\x1b[KISO C++ forbids zero-size array \xe2\x80\x98\x1b[01m\x1b[Kpayload\x1b[m\x1b[K\xe2\x80\x99 [\x1b[01;35m\x1b[K\x1b]8;;https://gcc.gnu.org/onlinedocs/gcc/Warning-Options.html#index-Wpedantic\x07-Wpedantic\x1b]8;;\x07\x1b[m\x1b[K]\n'}
[42.445969] (sllidar_ros2) StderrLine: {'line': b'  324 |     sl_u8  payload[\x1b[01;35m\x1b[K0\x1b[m\x1b[K];\n'}
[42.446602] (sllidar_ros2) StderrLine: {'line': b'      |                    \x1b[01;35m\x1b[K^\x1b[m\x1b[K\n'}
[42.454959] (-) TimerEvent: {}
[42.502453] (sllidar_ros2) StdoutLine: {'line': b'[ 85%] \x1b[32mBuilding CXX object CMakeFiles/sllidar_node.dir/sdk/src/sl_tcp_channel.cpp.o\x1b[0m\n'}
[42.555223] (-) TimerEvent: {}
[42.656172] (-) TimerEvent: {}
[42.757217] (-) TimerEvent: {}
[42.842682] (sllidar_ros2) StdoutLine: {'line': b'[ 90%] \x1b[32mBuilding CXX object CMakeFiles/sllidar_node.dir/sdk/src/sl_udp_channel.cpp.o\x1b[0m\n'}
[42.857543] (-) TimerEvent: {}
[42.958871] (-) TimerEvent: {}
[43.060281] (-) TimerEvent: {}
[43.162038] (-) TimerEvent: {}
[43.263015] (-) TimerEvent: {}
[43.364133] (-) TimerEvent: {}
[43.465186] (-) TimerEvent: {}
[43.566171] (-) TimerEvent: {}
[43.680100] (-) TimerEvent: {}
[43.787499] (-) TimerEvent: {}
[43.889200] (-) TimerEvent: {}
[43.993492] (-) TimerEvent: {}
[44.095118] (-) TimerEvent: {}
[44.196766] (-) TimerEvent: {}
[44.298539] (-) TimerEvent: {}
[44.400182] (-) TimerEvent: {}
[44.501943] (-) TimerEvent: {}
[44.538737] (sllidar_ros2) StderrLine: {'line': b'In file included from \x1b[01m\x1b[K/home/rospi/aug_2024/src/sllidar_ros2/./sdk/include/sl_lidar_cmd.h:41\x1b[m\x1b[K,\n'}
[44.539626] (sllidar_ros2) StderrLine: {'line': b'                 from \x1b[01m\x1b[K/home/rospi/aug_2024/src/sllidar_ros2/./sdk/include/sl_lidar_driver.h:54\x1b[m\x1b[K,\n'}
[44.540515] (sllidar_ros2) StderrLine: {'line': b'                 from \x1b[01m\x1b[K/home/rospi/aug_2024/src/sllidar_ros2/sdk/src/sl_tcp_channel.cpp:33\x1b[m\x1b[K:\n'}
[44.541753] (sllidar_ros2) StderrLine: {'line': b'\x1b[01m\x1b[K/home/rospi/aug_2024/src/sllidar_ros2/./sdk/include/sl_lidar_protocol.h:66:16:\x1b[m\x1b[K \x1b[01;35m\x1b[Kwarning: \x1b[m\x1b[KISO C++ forbids zero-size array \xe2\x80\x98\x1b[01m\x1b[Kdata\x1b[m\x1b[K\xe2\x80\x99 [\x1b[01;35m\x1b[K\x1b]8;;https://gcc.gnu.org/onlinedocs/gcc/Warning-Options.html#index-Wpedantic\x07-Wpedantic\x1b]8;;\x07\x1b[m\x1b[K]\n'}
[44.542596] (sllidar_ros2) StderrLine: {'line': b'   66 |     sl_u8 data[\x1b[01;35m\x1b[K0\x1b[m\x1b[K];\n'}
[44.543341] (sllidar_ros2) StderrLine: {'line': b'      |                \x1b[01;35m\x1b[K^\x1b[m\x1b[K\n'}
[44.544086] (sllidar_ros2) StderrLine: {'line': b'In file included from \x1b[01m\x1b[K/home/rospi/aug_2024/src/sllidar_ros2/./sdk/include/sl_lidar_driver.h:54\x1b[m\x1b[K,\n'}
[44.544909] (sllidar_ros2) StderrLine: {'line': b'                 from \x1b[01m\x1b[K/home/rospi/aug_2024/src/sllidar_ros2/sdk/src/sl_tcp_channel.cpp:33\x1b[m\x1b[K:\n'}
[44.545702] (sllidar_ros2) StderrLine: {'line': b'\x1b[01m\x1b[K/home/rospi/aug_2024/src/sllidar_ros2/./sdk/include/sl_lidar_cmd.h:324:20:\x1b[m\x1b[K \x1b[01;35m\x1b[Kwarning: \x1b[m\x1b[KISO C++ forbids zero-size array \xe2\x80\x98\x1b[01m\x1b[Kpayload\x1b[m\x1b[K\xe2\x80\x99 [\x1b[01;35m\x1b[K\x1b]8;;https://gcc.gnu.org/onlinedocs/gcc/Warning-Options.html#index-Wpedantic\x07-Wpedantic\x1b]8;;\x07\x1b[m\x1b[K]\n'}
[44.546455] (sllidar_ros2) StderrLine: {'line': b'  324 |     sl_u8  payload[\x1b[01;35m\x1b[K0\x1b[m\x1b[K];\n'}
[44.547151] (sllidar_ros2) StderrLine: {'line': b'      |                    \x1b[01;35m\x1b[K^\x1b[m\x1b[K\n'}
[44.565757] (sllidar_ros2) StderrLine: {'line': b'\x1b[01m\x1b[K/home/rospi/aug_2024/src/sllidar_ros2/sdk/src/sl_tcp_channel.cpp:\x1b[m\x1b[K In member function \xe2\x80\x98\x1b[01m\x1b[Kvoid sl::TcpChannel::setStatus(_u32)\x1b[m\x1b[K\xe2\x80\x99:\n'}
[44.566764] (sllidar_ros2) StderrLine: {'line': b'\x1b[01m\x1b[K/home/rospi/aug_2024/src/sllidar_ros2/sdk/src/sl_tcp_channel.cpp:109:29:\x1b[m\x1b[K \x1b[01;35m\x1b[Kwarning: \x1b[m\x1b[Kunused parameter \xe2\x80\x98\x1b[01m\x1b[Kflag\x1b[m\x1b[K\xe2\x80\x99 [\x1b[01;35m\x1b[K\x1b]8;;https://gcc.gnu.org/onlinedocs/gcc/Warning-Options.html#index-Wunused-parameter\x07-Wunused-parameter\x1b]8;;\x07\x1b[m\x1b[K]\n'}
[44.567766] (sllidar_ros2) StderrLine: {'line': b'  109 |         void setStatus(\x1b[01;35m\x1b[K_u32 flag\x1b[m\x1b[K){}\n'}
[44.568745] (sllidar_ros2) StderrLine: {'line': b'      |                        \x1b[01;35m\x1b[K~~~~~^~~~\x1b[m\x1b[K\n'}
[44.602163] (-) TimerEvent: {}
[44.703850] (-) TimerEvent: {}
[44.805584] (-) TimerEvent: {}
[44.907307] (-) TimerEvent: {}
[44.930013] (sllidar_ros2) StderrLine: {'line': b'In file included from \x1b[01m\x1b[K/home/rospi/aug_2024/src/sllidar_ros2/./sdk/include/sl_lidar_cmd.h:41\x1b[m\x1b[K,\n'}
[44.930729] (sllidar_ros2) StderrLine: {'line': b'                 from \x1b[01m\x1b[K/home/rospi/aug_2024/src/sllidar_ros2/./sdk/include/sl_lidar_driver.h:54\x1b[m\x1b[K,\n'}
[44.931331] (sllidar_ros2) StderrLine: {'line': b'                 from \x1b[01m\x1b[K/home/rospi/aug_2024/src/sllidar_ros2/sdk/src/sl_udp_channel.cpp:33\x1b[m\x1b[K:\n'}
[44.931901] (sllidar_ros2) StderrLine: {'line': b'\x1b[01m\x1b[K/home/rospi/aug_2024/src/sllidar_ros2/./sdk/include/sl_lidar_protocol.h:66:16:\x1b[m\x1b[K \x1b[01;35m\x1b[Kwarning: \x1b[m\x1b[KISO C++ forbids zero-size array \xe2\x80\x98\x1b[01m\x1b[Kdata\x1b[m\x1b[K\xe2\x80\x99 [\x1b[01;35m\x1b[K\x1b]8;;https://gcc.gnu.org/onlinedocs/gcc/Warning-Options.html#index-Wpedantic\x07-Wpedantic\x1b]8;;\x07\x1b[m\x1b[K]\n'}
[44.932540] (sllidar_ros2) StderrLine: {'line': b'   66 |     sl_u8 data[\x1b[01;35m\x1b[K0\x1b[m\x1b[K];\n'}
[44.933438] (sllidar_ros2) StderrLine: {'line': b'      |                \x1b[01;35m\x1b[K^\x1b[m\x1b[K\n'}
[44.934013] (sllidar_ros2) StderrLine: {'line': b'In file included from \x1b[01m\x1b[K/home/rospi/aug_2024/src/sllidar_ros2/./sdk/include/sl_lidar_driver.h:54\x1b[m\x1b[K,\n'}
[44.934566] (sllidar_ros2) StderrLine: {'line': b'                 from \x1b[01m\x1b[K/home/rospi/aug_2024/src/sllidar_ros2/sdk/src/sl_udp_channel.cpp:33\x1b[m\x1b[K:\n'}
[44.935105] (sllidar_ros2) StderrLine: {'line': b'\x1b[01m\x1b[K/home/rospi/aug_2024/src/sllidar_ros2/./sdk/include/sl_lidar_cmd.h:324:20:\x1b[m\x1b[K \x1b[01;35m\x1b[Kwarning: \x1b[m\x1b[KISO C++ forbids zero-size array \xe2\x80\x98\x1b[01m\x1b[Kpayload\x1b[m\x1b[K\xe2\x80\x99 [\x1b[01;35m\x1b[K\x1b]8;;https://gcc.gnu.org/onlinedocs/gcc/Warning-Options.html#index-Wpedantic\x07-Wpedantic\x1b]8;;\x07\x1b[m\x1b[K]\n'}
[44.935650] (sllidar_ros2) StderrLine: {'line': b'  324 |     sl_u8  payload[\x1b[01;35m\x1b[K0\x1b[m\x1b[K];\n'}
[44.936180] (sllidar_ros2) StderrLine: {'line': b'      |                    \x1b[01;35m\x1b[K^\x1b[m\x1b[K\n'}
[44.955902] (sllidar_ros2) StderrLine: {'line': b'\x1b[01m\x1b[K/home/rospi/aug_2024/src/sllidar_ros2/sdk/src/sl_udp_channel.cpp:\x1b[m\x1b[K In member function \xe2\x80\x98\x1b[01m\x1b[Kvoid sl::UdpChannel::setStatus(_u32)\x1b[m\x1b[K\xe2\x80\x99:\n'}
[44.956725] (sllidar_ros2) StderrLine: {'line': b'\x1b[01m\x1b[K/home/rospi/aug_2024/src/sllidar_ros2/sdk/src/sl_udp_channel.cpp:112:29:\x1b[m\x1b[K \x1b[01;35m\x1b[Kwarning: \x1b[m\x1b[Kunused parameter \xe2\x80\x98\x1b[01m\x1b[Kflag\x1b[m\x1b[K\xe2\x80\x99 [\x1b[01;35m\x1b[K\x1b]8;;https://gcc.gnu.org/onlinedocs/gcc/Warning-Options.html#index-Wunused-parameter\x07-Wunused-parameter\x1b]8;;\x07\x1b[m\x1b[K]\n'}
[44.957384] (sllidar_ros2) StderrLine: {'line': b'  112 |         void setStatus(\x1b[01;35m\x1b[K_u32 flag\x1b[m\x1b[K){}\n'}
[44.957962] (sllidar_ros2) StderrLine: {'line': b'      |                        \x1b[01;35m\x1b[K~~~~~^~~~\x1b[m\x1b[K\n'}
[45.007510] (-) TimerEvent: {}
[45.108368] (-) TimerEvent: {}
[45.209253] (-) TimerEvent: {}
[45.241194] (sllidar_ros2) StdoutLine: {'line': b'[ 95%] \x1b[32m\x1b[1mLinking CXX executable sllidar_node\x1b[0m\n'}
[45.312440] (-) TimerEvent: {}
[45.413880] (-) TimerEvent: {}
[45.514934] (-) TimerEvent: {}
[45.615941] (-) TimerEvent: {}
[45.717147] (-) TimerEvent: {}
[45.819258] (-) TimerEvent: {}
[45.924840] (-) TimerEvent: {}
[46.027558] (-) TimerEvent: {}
[46.129737] (-) TimerEvent: {}
[46.231279] (-) TimerEvent: {}
[46.333388] (-) TimerEvent: {}
[46.435871] (-) TimerEvent: {}
[46.537366] (-) TimerEvent: {}
[46.639605] (-) TimerEvent: {}
[46.741333] (-) TimerEvent: {}
[46.842756] (-) TimerEvent: {}
[46.897590] (sllidar_ros2) StdoutLine: {'line': b'[ 95%] Built target sllidar_node\n'}
[46.942981] (-) TimerEvent: {}
[47.043765] (-) TimerEvent: {}
[47.144709] (-) TimerEvent: {}
[47.245457] (-) TimerEvent: {}
[47.346224] (-) TimerEvent: {}
[47.447011] (-) TimerEvent: {}
[47.547829] (-) TimerEvent: {}
[47.648962] (-) TimerEvent: {}
[47.749838] (-) TimerEvent: {}
[47.850705] (-) TimerEvent: {}
[47.951517] (-) TimerEvent: {}
[48.052332] (-) TimerEvent: {}
[48.153239] (-) TimerEvent: {}
[48.254209] (-) TimerEvent: {}
[48.354996] (-) TimerEvent: {}
[48.455763] (-) TimerEvent: {}
[48.556582] (-) TimerEvent: {}
[48.657319] (-) TimerEvent: {}
[48.758080] (-) TimerEvent: {}
[48.858827] (-) TimerEvent: {}
[48.959594] (-) TimerEvent: {}
[49.060358] (-) TimerEvent: {}
[49.161186] (-) TimerEvent: {}
[49.262101] (-) TimerEvent: {}
[49.362969] (-) TimerEvent: {}
[49.463815] (-) TimerEvent: {}
[49.564756] (-) TimerEvent: {}
[49.665685] (-) TimerEvent: {}
[49.766487] (-) TimerEvent: {}
[49.867299] (-) TimerEvent: {}
[49.968076] (-) TimerEvent: {}
[50.068881] (-) TimerEvent: {}
[50.169704] (-) TimerEvent: {}
[50.270448] (-) TimerEvent: {}
[50.371205] (-) TimerEvent: {}
[50.472003] (-) TimerEvent: {}
[50.572821] (-) TimerEvent: {}
[50.673575] (-) TimerEvent: {}
[50.774335] (-) TimerEvent: {}
[50.875122] (-) TimerEvent: {}
[50.975882] (-) TimerEvent: {}
[51.076708] (-) TimerEvent: {}
[51.177486] (-) TimerEvent: {}
[51.278218] (-) TimerEvent: {}
[51.378995] (-) TimerEvent: {}
[51.479759] (-) TimerEvent: {}
[51.580549] (-) TimerEvent: {}
[51.681362] (-) TimerEvent: {}
[51.782311] (-) TimerEvent: {}
[51.883197] (-) TimerEvent: {}
[51.984056] (-) TimerEvent: {}
[52.084934] (-) TimerEvent: {}
[52.185778] (-) TimerEvent: {}
[52.286597] (-) TimerEvent: {}
[52.387425] (-) TimerEvent: {}
[52.488205] (-) TimerEvent: {}
[52.589000] (-) TimerEvent: {}
[52.689792] (-) TimerEvent: {}
[52.790552] (-) TimerEvent: {}
[52.891338] (-) TimerEvent: {}
[52.992094] (-) TimerEvent: {}
[53.092922] (-) TimerEvent: {}
[53.193848] (-) TimerEvent: {}
[53.294691] (-) TimerEvent: {}
[53.395722] (-) TimerEvent: {}
[53.496623] (-) TimerEvent: {}
[53.597421] (-) TimerEvent: {}
[53.698187] (-) TimerEvent: {}
[53.798959] (-) TimerEvent: {}
[53.899699] (-) TimerEvent: {}
[54.000522] (-) TimerEvent: {}
[54.101420] (-) TimerEvent: {}
[54.202179] (-) TimerEvent: {}
[54.302953] (-) TimerEvent: {}
[54.403720] (-) TimerEvent: {}
[54.504535] (-) TimerEvent: {}
[54.605285] (-) TimerEvent: {}
[54.706054] (-) TimerEvent: {}
[54.806806] (-) TimerEvent: {}
[54.907584] (-) TimerEvent: {}
[55.008380] (-) TimerEvent: {}
[55.109196] (-) TimerEvent: {}
[55.210017] (-) TimerEvent: {}
[55.311010] (-) TimerEvent: {}
[55.411846] (-) TimerEvent: {}
[55.512815] (-) TimerEvent: {}
[55.613798] (-) TimerEvent: {}
[55.718912] (-) TimerEvent: {}
[55.820226] (-) TimerEvent: {}
[55.921310] (-) TimerEvent: {}
[56.022145] (-) TimerEvent: {}
[56.122955] (-) TimerEvent: {}
[56.223735] (-) TimerEvent: {}
[56.324542] (-) TimerEvent: {}
[56.425313] (-) TimerEvent: {}
[56.526090] (-) TimerEvent: {}
[56.626861] (-) TimerEvent: {}
[56.727629] (-) TimerEvent: {}
[56.828393] (-) TimerEvent: {}
[56.929186] (-) TimerEvent: {}
[57.029951] (-) TimerEvent: {}
[57.130733] (-) TimerEvent: {}
[57.231529] (-) TimerEvent: {}
[57.332380] (-) TimerEvent: {}
[57.433914] (-) TimerEvent: {}
[57.536606] (-) TimerEvent: {}
[57.638061] (-) TimerEvent: {}
[57.738922] (-) TimerEvent: {}
[57.839832] (-) TimerEvent: {}
[57.940855] (-) TimerEvent: {}
[58.041685] (-) TimerEvent: {}
[58.142766] (-) TimerEvent: {}
[58.167406] (sllidar_ros2) StdoutLine: {'line': b'[100%] \x1b[32m\x1b[1mLinking CXX executable sllidar_client\x1b[0m\n'}
[58.242985] (-) TimerEvent: {}
[58.343790] (-) TimerEvent: {}
[58.444614] (-) TimerEvent: {}
[58.545604] (-) TimerEvent: {}
[58.646842] (-) TimerEvent: {}
[58.748099] (-) TimerEvent: {}
[58.849306] (-) TimerEvent: {}
[58.950277] (-) TimerEvent: {}
[59.051178] (-) TimerEvent: {}
[59.152155] (-) TimerEvent: {}
[59.253106] (-) TimerEvent: {}
[59.353924] (-) TimerEvent: {}
[59.454650] (-) TimerEvent: {}
[59.555366] (-) TimerEvent: {}
[59.656233] (-) TimerEvent: {}
[59.757412] (-) TimerEvent: {}
[59.858256] (-) TimerEvent: {}
[59.959541] (-) TimerEvent: {}
[60.062360] (-) TimerEvent: {}
[60.163369] (-) TimerEvent: {}
[60.254813] (sllidar_ros2) StdoutLine: {'line': b'[100%] Built target sllidar_client\n'}
[60.263478] (-) TimerEvent: {}
[60.299754] (sllidar_ros2) CommandEnded: {'returncode': 0}
[60.302358] (sllidar_ros2) JobProgress: {'identifier': 'sllidar_ros2', 'progress': 'install'}
[60.303292] (sllidar_ros2) Command: {'cmd': ['/usr/bin/cmake', '--install', '/home/rospi/aug_2024/build/sllidar_ros2'], 'cwd': '/home/rospi/aug_2024/build/sllidar_ros2', 'env': OrderedDict([('LESSOPEN', '| /usr/bin/lesspipe %s'), ('USER', 'rospi'), ('SSH_CLIENT', '10.150.15.24 50384 22'), ('XDG_SESSION_TYPE', 'tty'), ('SHLVL', '1'), ('LD_LIBRARY_PATH', '/home/rospi/aug_2024/install/BMC_2024/lib:/opt/ros/humble/opt/rviz_ogre_vendor/lib:/opt/ros/humble/lib/aarch64-linux-gnu:/opt/ros/humble/lib'), ('MOTD_SHOWN', 'pam'), ('HOME', '/home/rospi'), ('OLDPWD', '/home/rospi'), ('SSH_TTY', '/dev/pts/2'), ('ROS_PYTHON_VERSION', '3'), ('DBUS_SESSION_BUS_ADDRESS', 'unix:path=/run/user/1000/bus'), ('COLCON_PREFIX_PATH', '/home/rospi/aug_2024/install'), ('ROS_DISTRO', 'humble'), ('LOGNAME', 'rospi'), ('_', '/usr/bin/colcon'), ('ROS_VERSION', '2'), ('XDG_SESSION_CLASS', 'user'), ('TERM', 'xterm-256color'), ('XDG_SESSION_ID', '86'), ('ROS_LOCALHOST_ONLY', '0'), ('PATH', '/opt/ros/humble/bin:/usr/local/sbin:/usr/local/bin:/usr/sbin:/usr/bin:/sbin:/bin:/usr/games:/usr/local/games:/snap/bin'), ('XDG_RUNTIME_DIR', '/run/user/1000'), ('LANG', 'en_US.UTF-8'), ('LS_COLORS', 'rs=0:di=01;34:ln=01;36:mh=00:pi=40;33:so=01;35:do=01;35:bd=40;33;01:cd=40;33;01:or=40;31;01:mi=00:su=37;41:sg=30;43:ca=30;41:tw=30;42:ow=34;42:st=37;44:ex=01;32:*.tar=01;31:*.tgz=01;31:*.arc=01;31:*.arj=01;31:*.taz=01;31:*.lha=01;31:*.lz4=01;31:*.lzh=01;31:*.lzma=01;31:*.tlz=01;31:*.txz=01;31:*.tzo=01;31:*.t7z=01;31:*.zip=01;31:*.z=01;31:*.dz=01;31:*.gz=01;31:*.lrz=01;31:*.lz=01;31:*.lzo=01;31:*.xz=01;31:*.zst=01;31:*.tzst=01;31:*.bz2=01;31:*.bz=01;31:*.tbz=01;31:*.tbz2=01;31:*.tz=01;31:*.deb=01;31:*.rpm=01;31:*.jar=01;31:*.war=01;31:*.ear=01;31:*.sar=01;31:*.rar=01;31:*.alz=01;31:*.ace=01;31:*.zoo=01;31:*.cpio=01;31:*.7z=01;31:*.rz=01;31:*.cab=01;31:*.wim=01;31:*.swm=01;31:*.dwm=01;31:*.esd=01;31:*.jpg=01;35:*.jpeg=01;35:*.mjpg=01;35:*.mjpeg=01;35:*.gif=01;35:*.bmp=01;35:*.pbm=01;35:*.pgm=01;35:*.ppm=01;35:*.tga=01;35:*.xbm=01;35:*.xpm=01;35:*.tif=01;35:*.tiff=01;35:*.png=01;35:*.svg=01;35:*.svgz=01;35:*.mng=01;35:*.pcx=01;35:*.mov=01;35:*.mpg=01;35:*.mpeg=01;35:*.m2v=01;35:*.mkv=01;35:*.webm=01;35:*.webp=01;35:*.ogm=01;35:*.mp4=01;35:*.m4v=01;35:*.mp4v=01;35:*.vob=01;35:*.qt=01;35:*.nuv=01;35:*.wmv=01;35:*.asf=01;35:*.rm=01;35:*.rmvb=01;35:*.flc=01;35:*.avi=01;35:*.fli=01;35:*.flv=01;35:*.gl=01;35:*.dl=01;35:*.xcf=01;35:*.xwd=01;35:*.yuv=01;35:*.cgm=01;35:*.emf=01;35:*.ogv=01;35:*.ogx=01;35:*.aac=00;36:*.au=00;36:*.flac=00;36:*.m4a=00;36:*.mid=00;36:*.midi=00;36:*.mka=00;36:*.mp3=00;36:*.mpc=00;36:*.ogg=00;36:*.ra=00;36:*.wav=00;36:*.oga=00;36:*.opus=00;36:*.spx=00;36:*.xspf=00;36:'), ('ROS_DOMAIN_ID', '13'), ('AMENT_PREFIX_PATH', '/home/rospi/aug_2024/install/aug_2024:/home/rospi/aug_2024/install/sllidar_ros2:/home/rospi/aug_2024/install/my_robot_nav2:/home/rospi/aug_2024/install/BMC_2024:/opt/ros/humble'), ('SHELL', '/bin/bash'), ('LESSCLOSE', '/usr/bin/lesspipe %s %s'), ('PWD', '/home/rospi/aug_2024/build/sllidar_ros2'), ('LC_ALL', 'en_US.UTF-8'), ('SSH_CONNECTION', '10.150.15.24 50384 10.6.102.87 22'), ('XDG_DATA_DIRS', '/usr/local/share:/usr/share:/var/lib/snapd/desktop'), ('PYTHONPATH', '/opt/ros/humble/lib/python3.10/site-packages:/opt/ros/humble/local/lib/python3.10/dist-packages'), ('COLCON', '1'), ('CMAKE_PREFIX_PATH', '/home/rospi/aug_2024/install/aug_2024:/home/rospi/aug_2024/install/sllidar_ros2:/home/rospi/aug_2024/install/my_robot_nav2:/home/rospi/aug_2024/install/BMC_2024:/opt/ros/humble')]), 'shell': False}
[60.336703] (sllidar_ros2) StdoutLine: {'line': b'-- Install configuration: ""\n'}
[60.337380] (sllidar_ros2) StdoutLine: {'line': b'-- Installing: /home/rospi/aug_2024/install/sllidar_ros2/share/sllidar_ros2/launch\n'}
[60.338059] (sllidar_ros2) StdoutLine: {'line': b'-- Installing: /home/rospi/aug_2024/install/sllidar_ros2/share/sllidar_ros2/launch/view_sllidar_s1_tcp_launch.py\n'}
[60.339286] (sllidar_ros2) StdoutLine: {'line': b'-- Installing: /home/rospi/aug_2024/install/sllidar_ros2/share/sllidar_ros2/launch/sllidar_a2m12_launch .py\n'}
[60.340300] (sllidar_ros2) StdoutLine: {'line': b'-- Installing: /home/rospi/aug_2024/install/sllidar_ros2/share/sllidar_ros2/launch/view_sllidar_s1_launch.py\n'}
[60.341425] (sllidar_ros2) StdoutLine: {'line': b'-- Installing: /home/rospi/aug_2024/install/sllidar_ros2/share/sllidar_ros2/launch/sllidar_s3_launch.py\n'}
[60.342490] (sllidar_ros2) StdoutLine: {'line': b'-- Installing: /home/rospi/aug_2024/install/sllidar_ros2/share/sllidar_ros2/launch/view_sllidar_a2m7_launch.py\n'}
[60.343510] (sllidar_ros2) StdoutLine: {'line': b'-- Installing: /home/rospi/aug_2024/install/sllidar_ros2/share/sllidar_ros2/launch/sllidar_a2m8_launch.py\n'}
[60.344538] (sllidar_ros2) StdoutLine: {'line': b'-- Installing: /home/rospi/aug_2024/install/sllidar_ros2/share/sllidar_ros2/launch/view_sllidar_s2_launch.py\n'}
[60.345604] (sllidar_ros2) StdoutLine: {'line': b'-- Installing: /home/rospi/aug_2024/install/sllidar_ros2/share/sllidar_ros2/launch/view_sllidar_s2e_launch.py\n'}
[60.346632] (sllidar_ros2) StdoutLine: {'line': b'-- Installing: /home/rospi/aug_2024/install/sllidar_ros2/share/sllidar_ros2/launch/view_sllidar_a2m12_launch.py\n'}
[60.347680] (sllidar_ros2) StdoutLine: {'line': b'-- Installing: /home/rospi/aug_2024/install/sllidar_ros2/share/sllidar_ros2/launch/sllidar_s1_launch.py\n'}
[60.348719] (sllidar_ros2) StdoutLine: {'line': b'-- Installing: /home/rospi/aug_2024/install/sllidar_ros2/share/sllidar_ros2/launch/view_sllidar_s3_launch.py\n'}
[60.349730] (sllidar_ros2) StdoutLine: {'line': b'-- Installing: /home/rospi/aug_2024/install/sllidar_ros2/share/sllidar_ros2/launch/view_sllidar_a2m8_launch.py\n'}
[60.350752] (sllidar_ros2) StdoutLine: {'line': b'-- Installing: /home/rospi/aug_2024/install/sllidar_ros2/share/sllidar_ros2/launch/view_sllidar_t1_launch.py\n'}
[60.351771] (sllidar_ros2) StdoutLine: {'line': b'-- Installing: /home/rospi/aug_2024/install/sllidar_ros2/share/sllidar_ros2/launch/view_sllidar_a1_launch.py\n'}
[60.352818] (sllidar_ros2) StdoutLine: {'line': b'-- Installing: /home/rospi/aug_2024/install/sllidar_ros2/share/sllidar_ros2/launch/sllidar_s2_launch.py\n'}
[60.353861] (sllidar_ros2) StdoutLine: {'line': b'-- Installing: /home/rospi/aug_2024/install/sllidar_ros2/share/sllidar_ros2/launch/sllidar_t1_launch.py\n'}
[60.354873] (sllidar_ros2) StdoutLine: {'line': b'-- Installing: /home/rospi/aug_2024/install/sllidar_ros2/share/sllidar_ros2/launch/sllidar_a1_launch.py\n'}
[60.355892] (sllidar_ros2) StdoutLine: {'line': b'-- Installing: /home/rospi/aug_2024/install/sllidar_ros2/share/sllidar_ros2/launch/sllidar_c1_launch.py\n'}
[60.356937] (sllidar_ros2) StdoutLine: {'line': b'-- Installing: /home/rospi/aug_2024/install/sllidar_ros2/share/sllidar_ros2/launch/view_sllidar_c1_launch.py\n'}
[60.357985] (sllidar_ros2) StdoutLine: {'line': b'-- Installing: /home/rospi/aug_2024/install/sllidar_ros2/share/sllidar_ros2/launch/view_sllidar_a3_launch.py\n'}
[60.358998] (sllidar_ros2) StdoutLine: {'line': b'-- Installing: /home/rospi/aug_2024/install/sllidar_ros2/share/sllidar_ros2/launch/sllidar_s1_tcp_launch.py\n'}
[60.360014] (sllidar_ros2) StdoutLine: {'line': b'-- Installing: /home/rospi/aug_2024/install/sllidar_ros2/share/sllidar_ros2/launch/sllidar_a2m7_launch.py\n'}
[60.361062] (sllidar_ros2) StdoutLine: {'line': b'-- Installing: /home/rospi/aug_2024/install/sllidar_ros2/share/sllidar_ros2/launch/sllidar_a3_launch.py\n'}
[60.362090] (sllidar_ros2) StdoutLine: {'line': b'-- Installing: /home/rospi/aug_2024/install/sllidar_ros2/share/sllidar_ros2/launch/sllidar_s2e_launch.py\n'}
[60.363032] (sllidar_ros2) StdoutLine: {'line': b'-- Installing: /home/rospi/aug_2024/install/sllidar_ros2/share/sllidar_ros2/rviz\n'}
[60.363574] (-) TimerEvent: {}
[60.364058] (sllidar_ros2) StdoutLine: {'line': b'-- Installing: /home/rospi/aug_2024/install/sllidar_ros2/share/sllidar_ros2/rviz/sllidar_ros2.rviz\n'}
[60.365498] (sllidar_ros2) StdoutLine: {'line': b'-- Installing: /home/rospi/aug_2024/install/sllidar_ros2/lib/sllidar_ros2/sllidar_node\n'}
[60.382992] (sllidar_ros2) StdoutLine: {'line': b'-- Set runtime path of "/home/rospi/aug_2024/install/sllidar_ros2/lib/sllidar_ros2/sllidar_node" to ""\n'}
[60.383633] (sllidar_ros2) StdoutLine: {'line': b'-- Installing: /home/rospi/aug_2024/install/sllidar_ros2/lib/sllidar_ros2/sllidar_client\n'}
[60.413143] (sllidar_ros2) StdoutLine: {'line': b'-- Set runtime path of "/home/rospi/aug_2024/install/sllidar_ros2/lib/sllidar_ros2/sllidar_client" to ""\n'}
[60.414021] (sllidar_ros2) StdoutLine: {'line': b'-- Installing: /home/rospi/aug_2024/install/sllidar_ros2/share/ament_index/resource_index/package_run_dependencies/sllidar_ros2\n'}
[60.415848] (sllidar_ros2) StdoutLine: {'line': b'-- Installing: /home/rospi/aug_2024/install/sllidar_ros2/share/ament_index/resource_index/parent_prefix_path/sllidar_ros2\n'}
[60.417516] (sllidar_ros2) StdoutLine: {'line': b'-- Installing: /home/rospi/aug_2024/install/sllidar_ros2/share/sllidar_ros2/environment/ament_prefix_path.sh\n'}
[60.418767] (sllidar_ros2) StdoutLine: {'line': b'-- Installing: /home/rospi/aug_2024/install/sllidar_ros2/share/sllidar_ros2/environment/ament_prefix_path.dsv\n'}
[60.420062] (sllidar_ros2) StdoutLine: {'line': b'-- Installing: /home/rospi/aug_2024/install/sllidar_ros2/share/sllidar_ros2/environment/path.sh\n'}
[60.421347] (sllidar_ros2) StdoutLine: {'line': b'-- Installing: /home/rospi/aug_2024/install/sllidar_ros2/share/sllidar_ros2/environment/path.dsv\n'}
[60.422548] (sllidar_ros2) StdoutLine: {'line': b'-- Installing: /home/rospi/aug_2024/install/sllidar_ros2/share/sllidar_ros2/local_setup.bash\n'}
[60.423749] (sllidar_ros2) StdoutLine: {'line': b'-- Installing: /home/rospi/aug_2024/install/sllidar_ros2/share/sllidar_ros2/local_setup.sh\n'}
[60.425080] (sllidar_ros2) StdoutLine: {'line': b'-- Installing: /home/rospi/aug_2024/install/sllidar_ros2/share/sllidar_ros2/local_setup.zsh\n'}
[60.426255] (sllidar_ros2) StdoutLine: {'line': b'-- Installing: /home/rospi/aug_2024/install/sllidar_ros2/share/sllidar_ros2/local_setup.dsv\n'}
[60.427446] (sllidar_ros2) StdoutLine: {'line': b'-- Installing: /home/rospi/aug_2024/install/sllidar_ros2/share/sllidar_ros2/package.dsv\n'}
[60.429011] (sllidar_ros2) StdoutLine: {'line': b'-- Installing: /home/rospi/aug_2024/install/sllidar_ros2/share/ament_index/resource_index/packages/sllidar_ros2\n'}
[60.430621] (sllidar_ros2) StdoutLine: {'line': b'-- Installing: /home/rospi/aug_2024/install/sllidar_ros2/share/sllidar_ros2/cmake/ament_cmake_export_dependencies-extras.cmake\n'}
[60.432012] (sllidar_ros2) StdoutLine: {'line': b'-- Installing: /home/rospi/aug_2024/install/sllidar_ros2/share/sllidar_ros2/cmake/ament_cmake_export_include_directories-extras.cmake\n'}
[60.433454] (sllidar_ros2) StdoutLine: {'line': b'-- Installing: /home/rospi/aug_2024/install/sllidar_ros2/share/sllidar_ros2/cmake/sllidar_ros2Config.cmake\n'}
[60.434529] (sllidar_ros2) StdoutLine: {'line': b'-- Installing: /home/rospi/aug_2024/install/sllidar_ros2/share/sllidar_ros2/cmake/sllidar_ros2Config-version.cmake\n'}
[60.435774] (sllidar_ros2) StdoutLine: {'line': b'-- Installing: /home/rospi/aug_2024/install/sllidar_ros2/share/sllidar_ros2/package.xml\n'}
[60.442154] (sllidar_ros2) CommandEnded: {'returncode': 0}
[60.464234] (-) TimerEvent: {}
[60.506990] (sllidar_ros2) JobEnded: {'identifier': 'sllidar_ros2', 'rc': 0}
[60.515394] (BMC_2024) JobStarted: {'identifier': 'BMC_2024'}
[60.547366] (BMC_2024) JobProgress: {'identifier': 'BMC_2024', 'progress': 'cmake'}
[60.549325] (BMC_2024) Command: {'cmd': ['/usr/bin/cmake', '/home/rospi/aug_2024/src/BMC_2024', '-DCMAKE_INSTALL_PREFIX=/home/rospi/aug_2024/install/BMC_2024'], 'cwd': '/home/rospi/aug_2024/build/BMC_2024', 'env': OrderedDict([('LESSOPEN', '| /usr/bin/lesspipe %s'), ('USER', 'rospi'), ('SSH_CLIENT', '10.150.15.24 50384 22'), ('XDG_SESSION_TYPE', 'tty'), ('SHLVL', '1'), ('LD_LIBRARY_PATH', '/home/rospi/aug_2024/install/BMC_2024/lib:/opt/ros/humble/opt/rviz_ogre_vendor/lib:/opt/ros/humble/lib/aarch64-linux-gnu:/opt/ros/humble/lib'), ('MOTD_SHOWN', 'pam'), ('HOME', '/home/rospi'), ('OLDPWD', '/home/rospi'), ('SSH_TTY', '/dev/pts/2'), ('ROS_PYTHON_VERSION', '3'), ('DBUS_SESSION_BUS_ADDRESS', 'unix:path=/run/user/1000/bus'), ('COLCON_PREFIX_PATH', '/home/rospi/aug_2024/install'), ('ROS_DISTRO', 'humble'), ('LOGNAME', 'rospi'), ('_', '/usr/bin/colcon'), ('ROS_VERSION', '2'), ('XDG_SESSION_CLASS', 'user'), ('TERM', 'xterm-256color'), ('XDG_SESSION_ID', '86'), ('ROS_LOCALHOST_ONLY', '0'), ('PATH', '/opt/ros/humble/bin:/usr/local/sbin:/usr/local/bin:/usr/sbin:/usr/bin:/sbin:/bin:/usr/games:/usr/local/games:/snap/bin'), ('XDG_RUNTIME_DIR', '/run/user/1000'), ('LANG', 'en_US.UTF-8'), ('LS_COLORS', 'rs=0:di=01;34:ln=01;36:mh=00:pi=40;33:so=01;35:do=01;35:bd=40;33;01:cd=40;33;01:or=40;31;01:mi=00:su=37;41:sg=30;43:ca=30;41:tw=30;42:ow=34;42:st=37;44:ex=01;32:*.tar=01;31:*.tgz=01;31:*.arc=01;31:*.arj=01;31:*.taz=01;31:*.lha=01;31:*.lz4=01;31:*.lzh=01;31:*.lzma=01;31:*.tlz=01;31:*.txz=01;31:*.tzo=01;31:*.t7z=01;31:*.zip=01;31:*.z=01;31:*.dz=01;31:*.gz=01;31:*.lrz=01;31:*.lz=01;31:*.lzo=01;31:*.xz=01;31:*.zst=01;31:*.tzst=01;31:*.bz2=01;31:*.bz=01;31:*.tbz=01;31:*.tbz2=01;31:*.tz=01;31:*.deb=01;31:*.rpm=01;31:*.jar=01;31:*.war=01;31:*.ear=01;31:*.sar=01;31:*.rar=01;31:*.alz=01;31:*.ace=01;31:*.zoo=01;31:*.cpio=01;31:*.7z=01;31:*.rz=01;31:*.cab=01;31:*.wim=01;31:*.swm=01;31:*.dwm=01;31:*.esd=01;31:*.jpg=01;35:*.jpeg=01;35:*.mjpg=01;35:*.mjpeg=01;35:*.gif=01;35:*.bmp=01;35:*.pbm=01;35:*.pgm=01;35:*.ppm=01;35:*.tga=01;35:*.xbm=01;35:*.xpm=01;35:*.tif=01;35:*.tiff=01;35:*.png=01;35:*.svg=01;35:*.svgz=01;35:*.mng=01;35:*.pcx=01;35:*.mov=01;35:*.mpg=01;35:*.mpeg=01;35:*.m2v=01;35:*.mkv=01;35:*.webm=01;35:*.webp=01;35:*.ogm=01;35:*.mp4=01;35:*.m4v=01;35:*.mp4v=01;35:*.vob=01;35:*.qt=01;35:*.nuv=01;35:*.wmv=01;35:*.asf=01;35:*.rm=01;35:*.rmvb=01;35:*.flc=01;35:*.avi=01;35:*.fli=01;35:*.flv=01;35:*.gl=01;35:*.dl=01;35:*.xcf=01;35:*.xwd=01;35:*.yuv=01;35:*.cgm=01;35:*.emf=01;35:*.ogv=01;35:*.ogx=01;35:*.aac=00;36:*.au=00;36:*.flac=00;36:*.m4a=00;36:*.mid=00;36:*.midi=00;36:*.mka=00;36:*.mp3=00;36:*.mpc=00;36:*.ogg=00;36:*.ra=00;36:*.wav=00;36:*.oga=00;36:*.opus=00;36:*.spx=00;36:*.xspf=00;36:'), ('ROS_DOMAIN_ID', '13'), ('AMENT_PREFIX_PATH', '/home/rospi/aug_2024/install/aug_2024:/home/rospi/aug_2024/install/sllidar_ros2:/home/rospi/aug_2024/install/my_robot_nav2:/home/rospi/aug_2024/install/BMC_2024:/opt/ros/humble'), ('SHELL', '/bin/bash'), ('LESSCLOSE', '/usr/bin/lesspipe %s %s'), ('PWD', '/home/rospi/aug_2024/build/BMC_2024'), ('LC_ALL', 'en_US.UTF-8'), ('SSH_CONNECTION', '10.150.15.24 50384 10.6.102.87 22'), ('XDG_DATA_DIRS', '/usr/local/share:/usr/share:/var/lib/snapd/desktop'), ('PYTHONPATH', '/opt/ros/humble/lib/python3.10/site-packages:/opt/ros/humble/local/lib/python3.10/dist-packages'), ('COLCON', '1'), ('CMAKE_PREFIX_PATH', '/home/rospi/aug_2024/install/sllidar_ros2:/home/rospi/aug_2024/install/aug_2024:/home/rospi/aug_2024/install/my_robot_nav2:/home/rospi/aug_2024/install/BMC_2024:/opt/ros/humble')]), 'shell': False}
[60.564581] (-) TimerEvent: {}
[60.665344] (-) TimerEvent: {}
[60.766260] (-) TimerEvent: {}
[60.818273] (BMC_2024) StdoutLine: {'line': b'-- The C compiler identification is GNU 11.4.0\n'}
[60.866439] (-) TimerEvent: {}
[60.967240] (-) TimerEvent: {}
[61.068047] (-) TimerEvent: {}
[61.088560] (BMC_2024) StdoutLine: {'line': b'-- The CXX compiler identification is GNU 11.4.0\n'}
[61.117984] (BMC_2024) StdoutLine: {'line': b'-- Detecting C compiler ABI info\n'}
[61.168230] (-) TimerEvent: {}
[61.269034] (-) TimerEvent: {}
[61.370416] (-) TimerEvent: {}
[61.455601] (BMC_2024) StdoutLine: {'line': b'-- Detecting C compiler ABI info - done\n'}
[61.470694] (-) TimerEvent: {}
[61.489219] (BMC_2024) StdoutLine: {'line': b'-- Check for working C compiler: /usr/bin/cc - skipped\n'}
[61.490407] (BMC_2024) StdoutLine: {'line': b'-- Detecting C compile features\n'}
[61.492247] (BMC_2024) StdoutLine: {'line': b'-- Detecting C compile features - done\n'}
[61.508105] (BMC_2024) StdoutLine: {'line': b'-- Detecting CXX compiler ABI info\n'}
[61.570972] (-) TimerEvent: {}
[61.671954] (-) TimerEvent: {}
[61.772785] (-) TimerEvent: {}
[61.873647] (-) TimerEvent: {}
[61.878751] (BMC_2024) StdoutLine: {'line': b'-- Detecting CXX compiler ABI info - done\n'}
[61.907484] (BMC_2024) StdoutLine: {'line': b'-- Check for working CXX compiler: /usr/bin/c++ - skipped\n'}
[61.908543] (BMC_2024) StdoutLine: {'line': b'-- Detecting CXX compile features\n'}
[61.910396] (BMC_2024) StdoutLine: {'line': b'-- Detecting CXX compile features - done\n'}
[61.950954] (BMC_2024) StdoutLine: {'line': b'-- Found ament_cmake: 1.3.11 (/opt/ros/humble/share/ament_cmake/cmake)\n'}
[61.973777] (-) TimerEvent: {}
[62.074490] (-) TimerEvent: {}
[62.175332] (-) TimerEvent: {}
[62.276333] (-) TimerEvent: {}
[62.377601] (-) TimerEvent: {}
[62.478727] (-) TimerEvent: {}
[62.579388] (-) TimerEvent: {}
[62.680049] (-) TimerEvent: {}
[62.761403] (BMC_2024) StdoutLine: {'line': b'-- Found Python3: /usr/bin/python3 (found version "3.10.12") found components: Interpreter \n'}
[62.780268] (-) TimerEvent: {}
[62.881073] (-) TimerEvent: {}
[62.981757] (-) TimerEvent: {}
[63.082475] (-) TimerEvent: {}
[63.183146] (-) TimerEvent: {}
[63.283821] (-) TimerEvent: {}
[63.384509] (-) TimerEvent: {}
[63.485171] (-) TimerEvent: {}
[63.533581] (BMC_2024) StdoutLine: {'line': b'-- Found hardware_interface: 2.49.0 (/opt/ros/humble/share/hardware_interface/cmake)\n'}
[63.585356] (-) TimerEvent: {}
[63.686354] (-) TimerEvent: {}
[63.787186] (-) TimerEvent: {}
[63.887934] (-) TimerEvent: {}
[63.988702] (-) TimerEvent: {}
[64.066455] (BMC_2024) StdoutLine: {'line': b'-- Found rosidl_generator_c: 3.1.6 (/opt/ros/humble/share/rosidl_generator_c/cmake)\n'}
[64.088861] (-) TimerEvent: {}
[64.140201] (BMC_2024) StdoutLine: {'line': b'-- Found rosidl_adapter: 3.1.6 (/opt/ros/humble/share/rosidl_adapter/cmake)\n'}
[64.189025] (-) TimerEvent: {}
[64.229974] (BMC_2024) StdoutLine: {'line': b'-- Found rosidl_generator_cpp: 3.1.6 (/opt/ros/humble/share/rosidl_generator_cpp/cmake)\n'}
[64.289206] (-) TimerEvent: {}
[64.341959] (BMC_2024) StdoutLine: {'line': b'-- Using all available rosidl_typesupport_c: rosidl_typesupport_fastrtps_c;rosidl_typesupport_introspection_c\n'}
[64.389374] (-) TimerEvent: {}
[64.490065] (-) TimerEvent: {}
[64.497109] (BMC_2024) StdoutLine: {'line': b'-- Using all available rosidl_typesupport_cpp: rosidl_typesupport_fastrtps_cpp;rosidl_typesupport_introspection_cpp\n'}
[64.590232] (-) TimerEvent: {}
[64.690904] (-) TimerEvent: {}
[64.791591] (-) TimerEvent: {}
[64.892252] (-) TimerEvent: {}
[64.992978] (-) TimerEvent: {}
[65.093676] (-) TimerEvent: {}
[65.194391] (-) TimerEvent: {}
[65.295112] (-) TimerEvent: {}
[65.395798] (-) TimerEvent: {}
[65.496545] (-) TimerEvent: {}
[65.597257] (-) TimerEvent: {}
[65.698002] (-) TimerEvent: {}
[65.798702] (-) TimerEvent: {}
[65.899381] (-) TimerEvent: {}
[66.000054] (-) TimerEvent: {}
[66.100753] (-) TimerEvent: {}
[66.201424] (-) TimerEvent: {}
[66.302099] (-) TimerEvent: {}
[66.311088] (BMC_2024) StdoutLine: {'line': b'-- Found rmw_implementation_cmake: 6.1.2 (/opt/ros/humble/share/rmw_implementation_cmake/cmake)\n'}
[66.348454] (BMC_2024) StdoutLine: {'line': b'-- Found rmw_fastrtps_cpp: 6.2.7 (/opt/ros/humble/share/rmw_fastrtps_cpp/cmake)\n'}
[66.402275] (-) TimerEvent: {}
[66.502960] (-) TimerEvent: {}
[66.585235] (BMC_2024) StdoutLine: {'line': b'-- Found TinyXML2 via Config file: TinyXML2_DIR-NOTFOUND\n'}
[66.603137] (-) TimerEvent: {}
[66.703848] (-) TimerEvent: {}
[66.804570] (-) TimerEvent: {}
[66.822948] (BMC_2024) StdoutLine: {'line': b'-- Found OpenSSL: /usr/lib/aarch64-linux-gnu/libcrypto.so (found version "3.0.2")  \n'}
[66.837611] (BMC_2024) StdoutLine: {'line': b'-- Found TinyXML2 via Config file: TinyXML2_DIR-NOTFOUND\n'}
[66.904741] (-) TimerEvent: {}
[66.923737] (BMC_2024) StdoutLine: {'line': b'-- Found FastRTPS: /opt/ros/humble/include  \n'}
[66.937162] (BMC_2024) StdoutLine: {'line': b'-- Found TinyXML2 via Config file: TinyXML2_DIR-NOTFOUND\n'}
[66.969888] (BMC_2024) StdoutLine: {'line': b'-- Found TinyXML2 via Config file: TinyXML2_DIR-NOTFOUND\n'}
[67.004959] (-) TimerEvent: {}
[67.008601] (BMC_2024) StdoutLine: {'line': b"-- Using RMW implementation 'rmw_fastrtps_cpp' as default\n"}
[67.105118] (-) TimerEvent: {}
[67.121071] (BMC_2024) StdoutLine: {'line': b'-- Looking for pthread.h\n'}
[67.205307] (-) TimerEvent: {}
[67.306039] (-) TimerEvent: {}
[67.406936] (-) TimerEvent: {}
[67.463650] (BMC_2024) StdoutLine: {'line': b'-- Looking for pthread.h - found\n'}
[67.464775] (BMC_2024) StdoutLine: {'line': b'-- Performing Test CMAKE_HAVE_LIBC_PTHREAD\n'}
[67.507091] (-) TimerEvent: {}
[67.607859] (-) TimerEvent: {}
[67.708597] (-) TimerEvent: {}
[67.809376] (-) TimerEvent: {}
[67.810098] (BMC_2024) StdoutLine: {'line': b'-- Performing Test CMAKE_HAVE_LIBC_PTHREAD - Success\n'}
[67.814333] (BMC_2024) StdoutLine: {'line': b'-- Found Threads: TRUE  \n'}
[67.909651] (-) TimerEvent: {}
[68.010543] (-) TimerEvent: {}
[68.111276] (-) TimerEvent: {}
[68.153627] (BMC_2024) StdoutLine: {'line': b'-- Found sllidar_ros2: 1.0.1 (/home/rospi/aug_2024/install/sllidar_ros2/share/sllidar_ros2/cmake)\n'}
[68.165008] (BMC_2024) StderrLine: {'line': b'\x1b[33mCMake Warning at /home/rospi/aug_2024/install/sllidar_ros2/share/sllidar_ros2/cmake/ament_cmake_export_include_directories-extras.cmake:11 (message):\n'}
[68.165641] (BMC_2024) StderrLine: {'line': b"  Package 'sllidar_ros2' exports the include directory\n"}
[68.166003] (BMC_2024) StderrLine: {'line': b"  '/home/rospi/aug_2024/install/sllidar_ros2/share/sllidar_ros2/cmake/../../../include'\n"}
[68.166317] (BMC_2024) StderrLine: {'line': b"  which doesn't exist\n"}
[68.166623] (BMC_2024) StderrLine: {'line': b'Call Stack (most recent call first):\n'}
[68.166928] (BMC_2024) StderrLine: {'line': b'  /home/rospi/aug_2024/install/sllidar_ros2/share/sllidar_ros2/cmake/sllidar_ros2Config.cmake:41 (include)\n'}
[68.167261] (BMC_2024) StderrLine: {'line': b'  CMakeLists.txt:19 (find_package)\n'}
[68.167622] (BMC_2024) StderrLine: {'line': b'\n'}
[68.167964] (BMC_2024) StderrLine: {'line': b'\x1b[0m\n'}
[68.211446] (-) TimerEvent: {}
[68.312115] (-) TimerEvent: {}
[68.412873] (-) TimerEvent: {}
[68.460461] (BMC_2024) StderrLine: {'line': b'WARNING: Package name "BMC_2024" does not follow the naming conventions. It should start with a lower case letter and only contain lower case letters, digits, underscores, and dashes.\n'}
[68.513089] (-) TimerEvent: {}
[68.537527] (BMC_2024) StdoutLine: {'line': b'-- Configuring done\n'}
[68.613281] (-) TimerEvent: {}
[68.714085] (-) TimerEvent: {}
[68.724341] (BMC_2024) StdoutLine: {'line': b'-- Generating done\n'}
[68.746838] (BMC_2024) StdoutLine: {'line': b'-- Build files have been written to: /home/rospi/aug_2024/build/BMC_2024\n'}
[68.788293] (BMC_2024) CommandEnded: {'returncode': 0}
[68.790286] (BMC_2024) JobProgress: {'identifier': 'BMC_2024', 'progress': 'build'}
[68.791417] (BMC_2024) Command: {'cmd': ['/usr/bin/cmake', '--build', '/home/rospi/aug_2024/build/BMC_2024', '--', '-j4', '-l4'], 'cwd': '/home/rospi/aug_2024/build/BMC_2024', 'env': OrderedDict([('LESSOPEN', '| /usr/bin/lesspipe %s'), ('USER', 'rospi'), ('SSH_CLIENT', '10.150.15.24 50384 22'), ('XDG_SESSION_TYPE', 'tty'), ('SHLVL', '1'), ('LD_LIBRARY_PATH', '/home/rospi/aug_2024/install/BMC_2024/lib:/opt/ros/humble/opt/rviz_ogre_vendor/lib:/opt/ros/humble/lib/aarch64-linux-gnu:/opt/ros/humble/lib'), ('MOTD_SHOWN', 'pam'), ('HOME', '/home/rospi'), ('OLDPWD', '/home/rospi'), ('SSH_TTY', '/dev/pts/2'), ('ROS_PYTHON_VERSION', '3'), ('DBUS_SESSION_BUS_ADDRESS', 'unix:path=/run/user/1000/bus'), ('COLCON_PREFIX_PATH', '/home/rospi/aug_2024/install'), ('ROS_DISTRO', 'humble'), ('LOGNAME', 'rospi'), ('_', '/usr/bin/colcon'), ('ROS_VERSION', '2'), ('XDG_SESSION_CLASS', 'user'), ('TERM', 'xterm-256color'), ('XDG_SESSION_ID', '86'), ('ROS_LOCALHOST_ONLY', '0'), ('PATH', '/opt/ros/humble/bin:/usr/local/sbin:/usr/local/bin:/usr/sbin:/usr/bin:/sbin:/bin:/usr/games:/usr/local/games:/snap/bin'), ('XDG_RUNTIME_DIR', '/run/user/1000'), ('LANG', 'en_US.UTF-8'), ('LS_COLORS', 'rs=0:di=01;34:ln=01;36:mh=00:pi=40;33:so=01;35:do=01;35:bd=40;33;01:cd=40;33;01:or=40;31;01:mi=00:su=37;41:sg=30;43:ca=30;41:tw=30;42:ow=34;42:st=37;44:ex=01;32:*.tar=01;31:*.tgz=01;31:*.arc=01;31:*.arj=01;31:*.taz=01;31:*.lha=01;31:*.lz4=01;31:*.lzh=01;31:*.lzma=01;31:*.tlz=01;31:*.txz=01;31:*.tzo=01;31:*.t7z=01;31:*.zip=01;31:*.z=01;31:*.dz=01;31:*.gz=01;31:*.lrz=01;31:*.lz=01;31:*.lzo=01;31:*.xz=01;31:*.zst=01;31:*.tzst=01;31:*.bz2=01;31:*.bz=01;31:*.tbz=01;31:*.tbz2=01;31:*.tz=01;31:*.deb=01;31:*.rpm=01;31:*.jar=01;31:*.war=01;31:*.ear=01;31:*.sar=01;31:*.rar=01;31:*.alz=01;31:*.ace=01;31:*.zoo=01;31:*.cpio=01;31:*.7z=01;31:*.rz=01;31:*.cab=01;31:*.wim=01;31:*.swm=01;31:*.dwm=01;31:*.esd=01;31:*.jpg=01;35:*.jpeg=01;35:*.mjpg=01;35:*.mjpeg=01;35:*.gif=01;35:*.bmp=01;35:*.pbm=01;35:*.pgm=01;35:*.ppm=01;35:*.tga=01;35:*.xbm=01;35:*.xpm=01;35:*.tif=01;35:*.tiff=01;35:*.png=01;35:*.svg=01;35:*.svgz=01;35:*.mng=01;35:*.pcx=01;35:*.mov=01;35:*.mpg=01;35:*.mpeg=01;35:*.m2v=01;35:*.mkv=01;35:*.webm=01;35:*.webp=01;35:*.ogm=01;35:*.mp4=01;35:*.m4v=01;35:*.mp4v=01;35:*.vob=01;35:*.qt=01;35:*.nuv=01;35:*.wmv=01;35:*.asf=01;35:*.rm=01;35:*.rmvb=01;35:*.flc=01;35:*.avi=01;35:*.fli=01;35:*.flv=01;35:*.gl=01;35:*.dl=01;35:*.xcf=01;35:*.xwd=01;35:*.yuv=01;35:*.cgm=01;35:*.emf=01;35:*.ogv=01;35:*.ogx=01;35:*.aac=00;36:*.au=00;36:*.flac=00;36:*.m4a=00;36:*.mid=00;36:*.midi=00;36:*.mka=00;36:*.mp3=00;36:*.mpc=00;36:*.ogg=00;36:*.ra=00;36:*.wav=00;36:*.oga=00;36:*.opus=00;36:*.spx=00;36:*.xspf=00;36:'), ('ROS_DOMAIN_ID', '13'), ('AMENT_PREFIX_PATH', '/home/rospi/aug_2024/install/aug_2024:/home/rospi/aug_2024/install/sllidar_ros2:/home/rospi/aug_2024/install/my_robot_nav2:/home/rospi/aug_2024/install/BMC_2024:/opt/ros/humble'), ('SHELL', '/bin/bash'), ('LESSCLOSE', '/usr/bin/lesspipe %s %s'), ('PWD', '/home/rospi/aug_2024/build/BMC_2024'), ('LC_ALL', 'en_US.UTF-8'), ('SSH_CONNECTION', '10.150.15.24 50384 10.6.102.87 22'), ('XDG_DATA_DIRS', '/usr/local/share:/usr/share:/var/lib/snapd/desktop'), ('PYTHONPATH', '/opt/ros/humble/lib/python3.10/site-packages:/opt/ros/humble/local/lib/python3.10/dist-packages'), ('COLCON', '1'), ('CMAKE_PREFIX_PATH', '/home/rospi/aug_2024/install/sllidar_ros2:/home/rospi/aug_2024/install/aug_2024:/home/rospi/aug_2024/install/my_robot_nav2:/home/rospi/aug_2024/install/BMC_2024:/opt/ros/humble')]), 'shell': False}
[68.814408] (-) TimerEvent: {}
[68.915352] (-) TimerEvent: {}
[69.016328] (-) TimerEvent: {}
[69.021154] (BMC_2024) StdoutLine: {'line': b'[ 33%] \x1b[32mBuilding CXX object CMakeFiles/BMC_2024.dir/src/aug_2024_system.cpp.o\x1b[0m\n'}
[69.024012] (BMC_2024) StdoutLine: {'line': b'[ 66%] \x1b[32mBuilding CXX object CMakeFiles/BMC_2024.dir/src/bmc_comms.cpp.o\x1b[0m\n'}
[69.116556] (-) TimerEvent: {}
[69.217841] (-) TimerEvent: {}
[69.318734] (-) TimerEvent: {}
[69.420622] (-) TimerEvent: {}
[69.524584] (-) TimerEvent: {}
[69.625305] (-) TimerEvent: {}
[69.726013] (-) TimerEvent: {}
[69.826794] (-) TimerEvent: {}
[69.927585] (-) TimerEvent: {}
[70.028381] (-) TimerEvent: {}
[70.129200] (-) TimerEvent: {}
[70.230053] (-) TimerEvent: {}
[70.330815] (-) TimerEvent: {}
[70.431590] (-) TimerEvent: {}
[70.532348] (-) TimerEvent: {}
[70.633178] (-) TimerEvent: {}
[70.734001] (-) TimerEvent: {}
[70.834783] (-) TimerEvent: {}
[70.935582] (-) TimerEvent: {}
[71.036427] (-) TimerEvent: {}
[71.137180] (-) TimerEvent: {}
[71.237925] (-) TimerEvent: {}
[71.338777] (-) TimerEvent: {}
[71.440275] (-) TimerEvent: {}
[71.541311] (-) TimerEvent: {}
[71.642423] (-) TimerEvent: {}
[71.743344] (-) TimerEvent: {}
[71.860689] (-) TimerEvent: {}
[71.964797] (-) TimerEvent: {}
[72.068350] (-) TimerEvent: {}
[72.172649] (-) TimerEvent: {}
[72.273798] (-) TimerEvent: {}
[72.375457] (-) TimerEvent: {}
[72.476328] (-) TimerEvent: {}
[72.578058] (-) TimerEvent: {}
[72.679478] (-) TimerEvent: {}
[72.781284] (-) TimerEvent: {}
[72.882821] (-) TimerEvent: {}
[72.984569] (-) TimerEvent: {}
[73.086255] (-) TimerEvent: {}
[73.187765] (-) TimerEvent: {}
[73.289579] (-) TimerEvent: {}
[73.391303] (-) TimerEvent: {}
[73.492487] (-) TimerEvent: {}
[73.600686] (-) TimerEvent: {}
[73.702531] (-) TimerEvent: {}
[73.804612] (-) TimerEvent: {}
[73.905590] (-) TimerEvent: {}
[74.006518] (-) TimerEvent: {}
[74.107503] (-) TimerEvent: {}
[74.208579] (-) TimerEvent: {}
[74.309647] (-) TimerEvent: {}
[74.410648] (-) TimerEvent: {}
[74.511647] (-) TimerEvent: {}
[74.612705] (-) TimerEvent: {}
[74.713928] (-) TimerEvent: {}
[74.815153] (-) TimerEvent: {}
[74.916112] (-) TimerEvent: {}
[75.017087] (-) TimerEvent: {}
[75.118239] (-) TimerEvent: {}
[75.219139] (-) TimerEvent: {}
[75.320225] (-) TimerEvent: {}
[75.421387] (-) TimerEvent: {}
[75.522309] (-) TimerEvent: {}
[75.623218] (-) TimerEvent: {}
[75.724238] (-) TimerEvent: {}
[75.825452] (-) TimerEvent: {}
[75.926486] (-) TimerEvent: {}
[76.027496] (-) TimerEvent: {}
[76.128587] (-) TimerEvent: {}
[76.230037] (-) TimerEvent: {}
[76.332643] (-) TimerEvent: {}
[76.433638] (-) TimerEvent: {}
[76.534709] (-) TimerEvent: {}
[76.635749] (-) TimerEvent: {}
[76.737237] (-) TimerEvent: {}
[76.838823] (-) TimerEvent: {}
[76.940469] (-) TimerEvent: {}
[77.042045] (-) TimerEvent: {}
[77.143676] (-) TimerEvent: {}
[77.244954] (-) TimerEvent: {}
[77.345895] (-) TimerEvent: {}
[77.448627] (-) TimerEvent: {}
[77.549591] (-) TimerEvent: {}
[77.652636] (-) TimerEvent: {}
[77.753573] (-) TimerEvent: {}
[77.854504] (-) TimerEvent: {}
[77.955837] (-) TimerEvent: {}
[78.057111] (-) TimerEvent: {}
[78.158069] (-) TimerEvent: {}
[78.258919] (-) TimerEvent: {}
[78.359769] (-) TimerEvent: {}
[78.460701] (-) TimerEvent: {}
[78.561652] (-) TimerEvent: {}
[78.662580] (-) TimerEvent: {}
[78.763533] (-) TimerEvent: {}
[78.864512] (-) TimerEvent: {}
[78.965461] (-) TimerEvent: {}
[79.066477] (-) TimerEvent: {}
[79.167409] (-) TimerEvent: {}
[79.268362] (-) TimerEvent: {}
[79.369462] (-) TimerEvent: {}
[79.470419] (-) TimerEvent: {}
[79.571341] (-) TimerEvent: {}
[79.672285] (-) TimerEvent: {}
[79.773268] (-) TimerEvent: {}
[79.874223] (-) TimerEvent: {}
[79.975235] (-) TimerEvent: {}
[80.076299] (-) TimerEvent: {}
[80.177448] (-) TimerEvent: {}
[80.279137] (-) TimerEvent: {}
[80.380710] (-) TimerEvent: {}
[80.482188] (-) TimerEvent: {}
[80.583121] (-) TimerEvent: {}
[80.684096] (-) TimerEvent: {}
[80.785059] (-) TimerEvent: {}
[80.885989] (-) TimerEvent: {}
[80.987094] (-) TimerEvent: {}
[81.088158] (-) TimerEvent: {}
[81.189168] (-) TimerEvent: {}
[81.290191] (-) TimerEvent: {}
[81.391284] (-) TimerEvent: {}
[81.506304] (-) TimerEvent: {}
[81.608139] (-) TimerEvent: {}
[81.712754] (-) TimerEvent: {}
[81.814874] (-) TimerEvent: {}
[81.915831] (-) TimerEvent: {}
[82.017194] (-) TimerEvent: {}
[82.118190] (-) TimerEvent: {}
[82.219230] (-) TimerEvent: {}
[82.320164] (-) TimerEvent: {}
[82.421205] (-) TimerEvent: {}
[82.522178] (-) TimerEvent: {}
[82.606145] (BMC_2024) StderrLine: {'line': b'\x1b[01m\x1b[K/home/rospi/aug_2024/src/BMC_2024/src/aug_2024_system.cpp:\x1b[m\x1b[K In member function \xe2\x80\x98\x1b[01m\x1b[Kvirtual hardware_interface::return_type BMC_2024::AUG2024Hardware::read(const rclcpp::Time&, const rclcpp::Duration&)\x1b[m\x1b[K\xe2\x80\x99:\n'}
[82.607119] (BMC_2024) StderrLine: {'line': b'\x1b[01m\x1b[K/home/rospi/aug_2024/src/BMC_2024/src/aug_2024_system.cpp:278:59:\x1b[m\x1b[K \x1b[01;35m\x1b[Kwarning: \x1b[m\x1b[Kunused parameter \xe2\x80\x98\x1b[01m\x1b[Kperiod\x1b[m\x1b[K\xe2\x80\x99 [\x1b[01;35m\x1b[K\x1b]8;;https://gcc.gnu.org/onlinedocs/gcc/Warning-Options.html#index-Wunused-parameter\x07-Wunused-parameter\x1b]8;;\x07\x1b[m\x1b[K]\n'}
[82.607935] (BMC_2024) StderrLine: {'line': b'  278 |   const rclcpp::Time & /*time*/, \x1b[01;35m\x1b[Kconst rclcpp::Duration & period\x1b[m\x1b[K)\n'}
[82.608677] (BMC_2024) StderrLine: {'line': b'      |                                  \x1b[01;35m\x1b[K~~~~~~~~~~~~~~~~~~~~~~~~~^~~~~~\x1b[m\x1b[K\n'}
[82.622403] (-) TimerEvent: {}
[82.723310] (-) TimerEvent: {}
[82.824313] (-) TimerEvent: {}
[82.925411] (-) TimerEvent: {}
[83.026309] (-) TimerEvent: {}
[83.127272] (-) TimerEvent: {}
[83.228183] (-) TimerEvent: {}
[83.329159] (-) TimerEvent: {}
[83.430070] (-) TimerEvent: {}
[83.531015] (-) TimerEvent: {}
[83.631927] (-) TimerEvent: {}
[83.732836] (-) TimerEvent: {}
[83.833791] (-) TimerEvent: {}
[83.934888] (-) TimerEvent: {}
[84.036634] (-) TimerEvent: {}
[84.138355] (-) TimerEvent: {}
[84.240919] (-) TimerEvent: {}
[84.344028] (-) TimerEvent: {}
[84.444991] (-) TimerEvent: {}
[84.545898] (-) TimerEvent: {}
[84.647057] (-) TimerEvent: {}
[84.748233] (-) TimerEvent: {}
[84.849126] (-) TimerEvent: {}
[84.949942] (-) TimerEvent: {}
[85.050805] (-) TimerEvent: {}
[85.151966] (-) TimerEvent: {}
[85.253942] (-) TimerEvent: {}
[85.354731] (-) TimerEvent: {}
[85.455511] (-) TimerEvent: {}
[85.556299] (-) TimerEvent: {}
[85.657210] (-) TimerEvent: {}
[85.758165] (-) TimerEvent: {}
[85.859384] (-) TimerEvent: {}
[85.960887] (-) TimerEvent: {}
[86.061738] (-) TimerEvent: {}
[86.162508] (-) TimerEvent: {}
[86.263240] (-) TimerEvent: {}
[86.364042] (-) TimerEvent: {}
[86.464877] (-) TimerEvent: {}
[86.565663] (-) TimerEvent: {}
[86.666466] (-) TimerEvent: {}
[86.767267] (-) TimerEvent: {}
[86.868055] (-) TimerEvent: {}
[86.968876] (-) TimerEvent: {}
[87.069700] (-) TimerEvent: {}
[87.170607] (-) TimerEvent: {}
[87.271404] (-) TimerEvent: {}
[87.372159] (-) TimerEvent: {}
[87.472962] (-) TimerEvent: {}
[87.573722] (-) TimerEvent: {}
[87.626755] (BMC_2024) StdoutLine: {'line': b'[100%] \x1b[32m\x1b[1mLinking CXX shared library libBMC_2024.so\x1b[0m\n'}
[87.673918] (-) TimerEvent: {}
[87.774661] (-) TimerEvent: {}
[87.875773] (-) TimerEvent: {}
[87.976732] (-) TimerEvent: {}
[88.077634] (-) TimerEvent: {}
[88.178518] (-) TimerEvent: {}
[88.279405] (-) TimerEvent: {}
[88.380329] (-) TimerEvent: {}
[88.481264] (-) TimerEvent: {}
[88.582065] (-) TimerEvent: {}
[88.682749] (-) TimerEvent: {}
[88.761971] (BMC_2024) StdoutLine: {'line': b'[100%] Built target BMC_2024\n'}
[88.782957] (-) TimerEvent: {}
[88.805982] (BMC_2024) CommandEnded: {'returncode': 0}
[88.808355] (BMC_2024) JobProgress: {'identifier': 'BMC_2024', 'progress': 'install'}
[88.809444] (BMC_2024) Command: {'cmd': ['/usr/bin/cmake', '--install', '/home/rospi/aug_2024/build/BMC_2024'], 'cwd': '/home/rospi/aug_2024/build/BMC_2024', 'env': OrderedDict([('LESSOPEN', '| /usr/bin/lesspipe %s'), ('USER', 'rospi'), ('SSH_CLIENT', '10.150.15.24 50384 22'), ('XDG_SESSION_TYPE', 'tty'), ('SHLVL', '1'), ('LD_LIBRARY_PATH', '/home/rospi/aug_2024/install/BMC_2024/lib:/opt/ros/humble/opt/rviz_ogre_vendor/lib:/opt/ros/humble/lib/aarch64-linux-gnu:/opt/ros/humble/lib'), ('MOTD_SHOWN', 'pam'), ('HOME', '/home/rospi'), ('OLDPWD', '/home/rospi'), ('SSH_TTY', '/dev/pts/2'), ('ROS_PYTHON_VERSION', '3'), ('DBUS_SESSION_BUS_ADDRESS', 'unix:path=/run/user/1000/bus'), ('COLCON_PREFIX_PATH', '/home/rospi/aug_2024/install'), ('ROS_DISTRO', 'humble'), ('LOGNAME', 'rospi'), ('_', '/usr/bin/colcon'), ('ROS_VERSION', '2'), ('XDG_SESSION_CLASS', 'user'), ('TERM', 'xterm-256color'), ('XDG_SESSION_ID', '86'), ('ROS_LOCALHOST_ONLY', '0'), ('PATH', '/opt/ros/humble/bin:/usr/local/sbin:/usr/local/bin:/usr/sbin:/usr/bin:/sbin:/bin:/usr/games:/usr/local/games:/snap/bin'), ('XDG_RUNTIME_DIR', '/run/user/1000'), ('LANG', 'en_US.UTF-8'), ('LS_COLORS', 'rs=0:di=01;34:ln=01;36:mh=00:pi=40;33:so=01;35:do=01;35:bd=40;33;01:cd=40;33;01:or=40;31;01:mi=00:su=37;41:sg=30;43:ca=30;41:tw=30;42:ow=34;42:st=37;44:ex=01;32:*.tar=01;31:*.tgz=01;31:*.arc=01;31:*.arj=01;31:*.taz=01;31:*.lha=01;31:*.lz4=01;31:*.lzh=01;31:*.lzma=01;31:*.tlz=01;31:*.txz=01;31:*.tzo=01;31:*.t7z=01;31:*.zip=01;31:*.z=01;31:*.dz=01;31:*.gz=01;31:*.lrz=01;31:*.lz=01;31:*.lzo=01;31:*.xz=01;31:*.zst=01;31:*.tzst=01;31:*.bz2=01;31:*.bz=01;31:*.tbz=01;31:*.tbz2=01;31:*.tz=01;31:*.deb=01;31:*.rpm=01;31:*.jar=01;31:*.war=01;31:*.ear=01;31:*.sar=01;31:*.rar=01;31:*.alz=01;31:*.ace=01;31:*.zoo=01;31:*.cpio=01;31:*.7z=01;31:*.rz=01;31:*.cab=01;31:*.wim=01;31:*.swm=01;31:*.dwm=01;31:*.esd=01;31:*.jpg=01;35:*.jpeg=01;35:*.mjpg=01;35:*.mjpeg=01;35:*.gif=01;35:*.bmp=01;35:*.pbm=01;35:*.pgm=01;35:*.ppm=01;35:*.tga=01;35:*.xbm=01;35:*.xpm=01;35:*.tif=01;35:*.tiff=01;35:*.png=01;35:*.svg=01;35:*.svgz=01;35:*.mng=01;35:*.pcx=01;35:*.mov=01;35:*.mpg=01;35:*.mpeg=01;35:*.m2v=01;35:*.mkv=01;35:*.webm=01;35:*.webp=01;35:*.ogm=01;35:*.mp4=01;35:*.m4v=01;35:*.mp4v=01;35:*.vob=01;35:*.qt=01;35:*.nuv=01;35:*.wmv=01;35:*.asf=01;35:*.rm=01;35:*.rmvb=01;35:*.flc=01;35:*.avi=01;35:*.fli=01;35:*.flv=01;35:*.gl=01;35:*.dl=01;35:*.xcf=01;35:*.xwd=01;35:*.yuv=01;35:*.cgm=01;35:*.emf=01;35:*.ogv=01;35:*.ogx=01;35:*.aac=00;36:*.au=00;36:*.flac=00;36:*.m4a=00;36:*.mid=00;36:*.midi=00;36:*.mka=00;36:*.mp3=00;36:*.mpc=00;36:*.ogg=00;36:*.ra=00;36:*.wav=00;36:*.oga=00;36:*.opus=00;36:*.spx=00;36:*.xspf=00;36:'), ('ROS_DOMAIN_ID', '13'), ('AMENT_PREFIX_PATH', '/home/rospi/aug_2024/install/aug_2024:/home/rospi/aug_2024/install/sllidar_ros2:/home/rospi/aug_2024/install/my_robot_nav2:/home/rospi/aug_2024/install/BMC_2024:/opt/ros/humble'), ('SHELL', '/bin/bash'), ('LESSCLOSE', '/usr/bin/lesspipe %s %s'), ('PWD', '/home/rospi/aug_2024/build/BMC_2024'), ('LC_ALL', 'en_US.UTF-8'), ('SSH_CONNECTION', '10.150.15.24 50384 10.6.102.87 22'), ('XDG_DATA_DIRS', '/usr/local/share:/usr/share:/var/lib/snapd/desktop'), ('PYTHONPATH', '/opt/ros/humble/lib/python3.10/site-packages:/opt/ros/humble/local/lib/python3.10/dist-packages'), ('COLCON', '1'), ('CMAKE_PREFIX_PATH', '/home/rospi/aug_2024/install/sllidar_ros2:/home/rospi/aug_2024/install/aug_2024:/home/rospi/aug_2024/install/my_robot_nav2:/home/rospi/aug_2024/install/BMC_2024:/opt/ros/humble')]), 'shell': False}
[88.843389] (BMC_2024) StdoutLine: {'line': b'-- Install configuration: ""\n'}
[88.844164] (BMC_2024) StdoutLine: {'line': b'-- Installing: /home/rospi/aug_2024/install/BMC_2024/lib/libBMC_2024.so\n'}
[88.853037] (BMC_2024) StdoutLine: {'line': b'-- Set runtime path of "/home/rospi/aug_2024/install/BMC_2024/lib/libBMC_2024.so" to ""\n'}
[88.853669] (BMC_2024) StdoutLine: {'line': b'-- Installing: /home/rospi/aug_2024/install/BMC_2024/include\n'}
[88.854153] (BMC_2024) StdoutLine: {'line': b'-- Installing: /home/rospi/aug_2024/install/BMC_2024/include/BMC_2024\n'}
[88.854606] (BMC_2024) StdoutLine: {'line': b'-- Installing: /home/rospi/aug_2024/install/BMC_2024/include/BMC_2024/aug_2024_system.hpp\n'}
[88.855587] (BMC_2024) StdoutLine: {'line': b'-- Installing: /home/rospi/aug_2024/install/BMC_2024/include/BMC_2024/bmc_comms.hpp\n'}
[88.856615] (BMC_2024) StdoutLine: {'line': b'-- Installing: /home/rospi/aug_2024/install/BMC_2024/include/BMC_2024/visibility_control.h\n'}
[88.858196] (BMC_2024) StdoutLine: {'line': b'-- Installing: /home/rospi/aug_2024/install/BMC_2024/share/BMC_2024/aug_2024_hardware.xml\n'}
[88.860336] (BMC_2024) StdoutLine: {'line': b'-- Up-to-date: /home/rospi/aug_2024/install/BMC_2024/lib/libBMC_2024.so\n'}
[88.862184] (BMC_2024) StdoutLine: {'line': b'-- Installing: /home/rospi/aug_2024/install/BMC_2024/share/BMC_2024/environment/library_path.sh\n'}
[88.863488] (BMC_2024) StdoutLine: {'line': b'-- Installing: /home/rospi/aug_2024/install/BMC_2024/share/BMC_2024/environment/library_path.dsv\n'}
[88.865348] (BMC_2024) StdoutLine: {'line': b'-- Installing: /home/rospi/aug_2024/install/BMC_2024/share/ament_index/resource_index/package_run_dependencies/BMC_2024\n'}
[88.867111] (BMC_2024) StdoutLine: {'line': b'-- Installing: /home/rospi/aug_2024/install/BMC_2024/share/ament_index/resource_index/parent_prefix_path/BMC_2024\n'}
[88.868598] (BMC_2024) StdoutLine: {'line': b'-- Installing: /home/rospi/aug_2024/install/BMC_2024/share/BMC_2024/environment/ament_prefix_path.sh\n'}
[88.869870] (BMC_2024) StdoutLine: {'line': b'-- Installing: /home/rospi/aug_2024/install/BMC_2024/share/BMC_2024/environment/ament_prefix_path.dsv\n'}
[88.871154] (BMC_2024) StdoutLine: {'line': b'-- Installing: /home/rospi/aug_2024/install/BMC_2024/share/BMC_2024/environment/path.sh\n'}
[88.872427] (BMC_2024) StdoutLine: {'line': b'-- Installing: /home/rospi/aug_2024/install/BMC_2024/share/BMC_2024/environment/path.dsv\n'}
[88.873660] (BMC_2024) StdoutLine: {'line': b'-- Installing: /home/rospi/aug_2024/install/BMC_2024/share/BMC_2024/local_setup.bash\n'}
[88.874866] (BMC_2024) StdoutLine: {'line': b'-- Installing: /home/rospi/aug_2024/install/BMC_2024/share/BMC_2024/local_setup.sh\n'}
[88.876108] (BMC_2024) StdoutLine: {'line': b'-- Installing: /home/rospi/aug_2024/install/BMC_2024/share/BMC_2024/local_setup.zsh\n'}
[88.877363] (BMC_2024) StdoutLine: {'line': b'-- Installing: /home/rospi/aug_2024/install/BMC_2024/share/BMC_2024/local_setup.dsv\n'}
[88.878585] (BMC_2024) StdoutLine: {'line': b'-- Installing: /home/rospi/aug_2024/install/BMC_2024/share/BMC_2024/package.dsv\n'}
[88.880131] (BMC_2024) StdoutLine: {'line': b'-- Installing: /home/rospi/aug_2024/install/BMC_2024/share/ament_index/resource_index/packages/BMC_2024\n'}
[88.881876] (BMC_2024) StdoutLine: {'line': b'-- Installing: /home/rospi/aug_2024/install/BMC_2024/share/ament_index/resource_index/hardware_interface__pluginlib__plugin/BMC_2024\n'}
[88.883063] (-) TimerEvent: {}
[88.883607] (BMC_2024) StdoutLine: {'line': b'-- Installing: /home/rospi/aug_2024/install/BMC_2024/share/BMC_2024/cmake/ament_cmake_export_include_directories-extras.cmake\n'}
[88.885283] (BMC_2024) StdoutLine: {'line': b'-- Installing: /home/rospi/aug_2024/install/BMC_2024/share/BMC_2024/cmake/ament_cmake_export_libraries-extras.cmake\n'}
[88.886696] (BMC_2024) StdoutLine: {'line': b'-- Installing: /home/rospi/aug_2024/install/BMC_2024/share/BMC_2024/cmake/ament_cmake_export_dependencies-extras.cmake\n'}
[88.888065] (BMC_2024) StdoutLine: {'line': b'-- Installing: /home/rospi/aug_2024/install/BMC_2024/share/BMC_2024/cmake/BMC_2024Config.cmake\n'}
[88.889211] (BMC_2024) StdoutLine: {'line': b'-- Installing: /home/rospi/aug_2024/install/BMC_2024/share/BMC_2024/cmake/BMC_2024Config-version.cmake\n'}
[88.890475] (BMC_2024) StdoutLine: {'line': b'-- Installing: /home/rospi/aug_2024/install/BMC_2024/share/BMC_2024/package.xml\n'}
[88.897072] (BMC_2024) CommandEnded: {'returncode': 0}
[88.971857] (BMC_2024) JobEnded: {'identifier': 'BMC_2024', 'rc': 0}
[88.976382] (aug_2024) JobStarted: {'identifier': 'aug_2024'}
[88.983206] (-) TimerEvent: {}
[89.018940] (aug_2024) JobProgress: {'identifier': 'aug_2024', 'progress': 'cmake'}
[89.020884] (aug_2024) Command: {'cmd': ['/usr/bin/cmake', '/home/rospi/aug_2024/src/aug_2024', '-DCMAKE_INSTALL_PREFIX=/home/rospi/aug_2024/install/aug_2024'], 'cwd': '/home/rospi/aug_2024/build/aug_2024', 'env': OrderedDict([('LESSOPEN', '| /usr/bin/lesspipe %s'), ('USER', 'rospi'), ('SSH_CLIENT', '10.150.15.24 50384 22'), ('XDG_SESSION_TYPE', 'tty'), ('SHLVL', '1'), ('LD_LIBRARY_PATH', '/home/rospi/aug_2024/install/BMC_2024/lib:/opt/ros/humble/opt/rviz_ogre_vendor/lib:/opt/ros/humble/lib/aarch64-linux-gnu:/opt/ros/humble/lib'), ('MOTD_SHOWN', 'pam'), ('HOME', '/home/rospi'), ('OLDPWD', '/home/rospi'), ('SSH_TTY', '/dev/pts/2'), ('ROS_PYTHON_VERSION', '3'), ('DBUS_SESSION_BUS_ADDRESS', 'unix:path=/run/user/1000/bus'), ('COLCON_PREFIX_PATH', '/home/rospi/aug_2024/install'), ('ROS_DISTRO', 'humble'), ('LOGNAME', 'rospi'), ('_', '/usr/bin/colcon'), ('ROS_VERSION', '2'), ('XDG_SESSION_CLASS', 'user'), ('TERM', 'xterm-256color'), ('XDG_SESSION_ID', '86'), ('ROS_LOCALHOST_ONLY', '0'), ('PATH', '/opt/ros/humble/bin:/usr/local/sbin:/usr/local/bin:/usr/sbin:/usr/bin:/sbin:/bin:/usr/games:/usr/local/games:/snap/bin'), ('XDG_RUNTIME_DIR', '/run/user/1000'), ('LANG', 'en_US.UTF-8'), ('LS_COLORS', 'rs=0:di=01;34:ln=01;36:mh=00:pi=40;33:so=01;35:do=01;35:bd=40;33;01:cd=40;33;01:or=40;31;01:mi=00:su=37;41:sg=30;43:ca=30;41:tw=30;42:ow=34;42:st=37;44:ex=01;32:*.tar=01;31:*.tgz=01;31:*.arc=01;31:*.arj=01;31:*.taz=01;31:*.lha=01;31:*.lz4=01;31:*.lzh=01;31:*.lzma=01;31:*.tlz=01;31:*.txz=01;31:*.tzo=01;31:*.t7z=01;31:*.zip=01;31:*.z=01;31:*.dz=01;31:*.gz=01;31:*.lrz=01;31:*.lz=01;31:*.lzo=01;31:*.xz=01;31:*.zst=01;31:*.tzst=01;31:*.bz2=01;31:*.bz=01;31:*.tbz=01;31:*.tbz2=01;31:*.tz=01;31:*.deb=01;31:*.rpm=01;31:*.jar=01;31:*.war=01;31:*.ear=01;31:*.sar=01;31:*.rar=01;31:*.alz=01;31:*.ace=01;31:*.zoo=01;31:*.cpio=01;31:*.7z=01;31:*.rz=01;31:*.cab=01;31:*.wim=01;31:*.swm=01;31:*.dwm=01;31:*.esd=01;31:*.jpg=01;35:*.jpeg=01;35:*.mjpg=01;35:*.mjpeg=01;35:*.gif=01;35:*.bmp=01;35:*.pbm=01;35:*.pgm=01;35:*.ppm=01;35:*.tga=01;35:*.xbm=01;35:*.xpm=01;35:*.tif=01;35:*.tiff=01;35:*.png=01;35:*.svg=01;35:*.svgz=01;35:*.mng=01;35:*.pcx=01;35:*.mov=01;35:*.mpg=01;35:*.mpeg=01;35:*.m2v=01;35:*.mkv=01;35:*.webm=01;35:*.webp=01;35:*.ogm=01;35:*.mp4=01;35:*.m4v=01;35:*.mp4v=01;35:*.vob=01;35:*.qt=01;35:*.nuv=01;35:*.wmv=01;35:*.asf=01;35:*.rm=01;35:*.rmvb=01;35:*.flc=01;35:*.avi=01;35:*.fli=01;35:*.flv=01;35:*.gl=01;35:*.dl=01;35:*.xcf=01;35:*.xwd=01;35:*.yuv=01;35:*.cgm=01;35:*.emf=01;35:*.ogv=01;35:*.ogx=01;35:*.aac=00;36:*.au=00;36:*.flac=00;36:*.m4a=00;36:*.mid=00;36:*.midi=00;36:*.mka=00;36:*.mp3=00;36:*.mpc=00;36:*.ogg=00;36:*.ra=00;36:*.wav=00;36:*.oga=00;36:*.opus=00;36:*.spx=00;36:*.xspf=00;36:'), ('ROS_DOMAIN_ID', '13'), ('AMENT_PREFIX_PATH', '/home/rospi/aug_2024/install/aug_2024:/home/rospi/aug_2024/install/sllidar_ros2:/home/rospi/aug_2024/install/my_robot_nav2:/home/rospi/aug_2024/install/BMC_2024:/opt/ros/humble'), ('SHELL', '/bin/bash'), ('LESSCLOSE', '/usr/bin/lesspipe %s %s'), ('PWD', '/home/rospi/aug_2024/build/aug_2024'), ('LC_ALL', 'en_US.UTF-8'), ('SSH_CONNECTION', '10.150.15.24 50384 10.6.102.87 22'), ('XDG_DATA_DIRS', '/usr/local/share:/usr/share:/var/lib/snapd/desktop'), ('PYTHONPATH', '/opt/ros/humble/lib/python3.10/site-packages:/opt/ros/humble/local/lib/python3.10/dist-packages'), ('COLCON', '1'), ('CMAKE_PREFIX_PATH', '/home/rospi/aug_2024/install/BMC_2024:/home/rospi/aug_2024/install/sllidar_ros2:/home/rospi/aug_2024/install/aug_2024:/home/rospi/aug_2024/install/my_robot_nav2:/opt/ros/humble')]), 'shell': False}
[89.083434] (-) TimerEvent: {}
[89.184266] (-) TimerEvent: {}
[89.285219] (-) TimerEvent: {}
[89.292753] (aug_2024) StdoutLine: {'line': b'-- The C compiler identification is GNU 11.4.0\n'}
[89.385406] (-) TimerEvent: {}
[89.486252] (-) TimerEvent: {}
[89.564375] (aug_2024) StdoutLine: {'line': b'-- The CXX compiler identification is GNU 11.4.0\n'}
[89.586484] (-) TimerEvent: {}
[89.604194] (aug_2024) StdoutLine: {'line': b'-- Detecting C compiler ABI info\n'}
[89.686701] (-) TimerEvent: {}
[89.787625] (-) TimerEvent: {}
[89.888470] (-) TimerEvent: {}
[89.959570] (aug_2024) StdoutLine: {'line': b'-- Detecting C compiler ABI info - done\n'}
[89.987582] (aug_2024) StdoutLine: {'line': b'-- Check for working C compiler: /usr/bin/cc - skipped\n'}
[89.988512] (aug_2024) StdoutLine: {'line': b'-- Detecting C compile features\n'}
[89.988979] (-) TimerEvent: {}
[89.990182] (aug_2024) StdoutLine: {'line': b'-- Detecting C compile features - done\n'}
[90.002614] (aug_2024) StdoutLine: {'line': b'-- Detecting CXX compiler ABI info\n'}
[90.089228] (-) TimerEvent: {}
[90.190076] (-) TimerEvent: {}
[90.290925] (-) TimerEvent: {}
[90.366761] (aug_2024) StdoutLine: {'line': b'-- Detecting CXX compiler ABI info - done\n'}
[90.391082] (-) TimerEvent: {}
[90.395770] (aug_2024) StdoutLine: {'line': b'-- Check for working CXX compiler: /usr/bin/c++ - skipped\n'}
[90.396850] (aug_2024) StdoutLine: {'line': b'-- Detecting CXX compile features\n'}
[90.398835] (aug_2024) StdoutLine: {'line': b'-- Detecting CXX compile features - done\n'}
[90.436741] (aug_2024) StdoutLine: {'line': b'-- Found ament_cmake: 1.3.11 (/opt/ros/humble/share/ament_cmake/cmake)\n'}
[90.491232] (-) TimerEvent: {}
[90.591903] (-) TimerEvent: {}
[90.692638] (-) TimerEvent: {}
[90.793336] (-) TimerEvent: {}
[90.894076] (-) TimerEvent: {}
[90.994931] (-) TimerEvent: {}
[91.095697] (-) TimerEvent: {}
[91.196369] (-) TimerEvent: {}
[91.252035] (aug_2024) StdoutLine: {'line': b'-- Found Python3: /usr/bin/python3 (found version "3.10.12") found components: Interpreter \n'}
[91.296550] (-) TimerEvent: {}
[91.397219] (-) TimerEvent: {}
[91.497875] (-) TimerEvent: {}
[91.598546] (-) TimerEvent: {}
[91.699241] (-) TimerEvent: {}
[91.799948] (-) TimerEvent: {}
[91.900639] (-) TimerEvent: {}
[92.001432] (-) TimerEvent: {}
[92.021340] (aug_2024) StdoutLine: {'line': b'-- Found rclcpp: 16.0.12 (/opt/ros/humble/share/rclcpp/cmake)\n'}
[92.101668] (-) TimerEvent: {}
[92.202531] (-) TimerEvent: {}
[92.303301] (-) TimerEvent: {}
[92.403984] (-) TimerEvent: {}
[92.504706] (-) TimerEvent: {}
[92.516090] (aug_2024) StdoutLine: {'line': b'-- Found rosidl_generator_c: 3.1.6 (/opt/ros/humble/share/rosidl_generator_c/cmake)\n'}
[92.582044] (aug_2024) StdoutLine: {'line': b'-- Found rosidl_adapter: 3.1.6 (/opt/ros/humble/share/rosidl_adapter/cmake)\n'}
[92.604872] (-) TimerEvent: {}
[92.662883] (aug_2024) StdoutLine: {'line': b'-- Found rosidl_generator_cpp: 3.1.6 (/opt/ros/humble/share/rosidl_generator_cpp/cmake)\n'}
[92.705053] (-) TimerEvent: {}
[92.762697] (aug_2024) StdoutLine: {'line': b'-- Using all available rosidl_typesupport_c: rosidl_typesupport_fastrtps_c;rosidl_typesupport_introspection_c\n'}
[92.805233] (-) TimerEvent: {}
[92.902023] (aug_2024) StdoutLine: {'line': b'-- Using all available rosidl_typesupport_cpp: rosidl_typesupport_fastrtps_cpp;rosidl_typesupport_introspection_cpp\n'}
[92.905367] (-) TimerEvent: {}
[93.006046] (-) TimerEvent: {}
[93.106804] (-) TimerEvent: {}
[93.207528] (-) TimerEvent: {}
[93.295390] (aug_2024) StdoutLine: {'line': b'-- Found rmw_implementation_cmake: 6.1.2 (/opt/ros/humble/share/rmw_implementation_cmake/cmake)\n'}
[93.307684] (-) TimerEvent: {}
[93.329319] (aug_2024) StdoutLine: {'line': b'-- Found rmw_fastrtps_cpp: 6.2.7 (/opt/ros/humble/share/rmw_fastrtps_cpp/cmake)\n'}
[93.407886] (-) TimerEvent: {}
[93.508641] (-) TimerEvent: {}
[93.609346] (-) TimerEvent: {}
[93.710154] (-) TimerEvent: {}
[93.811109] (-) TimerEvent: {}
[93.911883] (-) TimerEvent: {}
[93.986907] (aug_2024) StdoutLine: {'line': b'-- Found OpenSSL: /usr/lib/aarch64-linux-gnu/libcrypto.so (found version "3.0.2")  \n'}
[94.012057] (-) TimerEvent: {}
[94.112812] (-) TimerEvent: {}
[94.213561] (-) TimerEvent: {}
[94.282915] (aug_2024) StdoutLine: {'line': b'-- Found FastRTPS: /opt/ros/humble/include  \n'}
[94.313940] (-) TimerEvent: {}
[94.414637] (-) TimerEvent: {}
[94.515351] (-) TimerEvent: {}
[94.616055] (-) TimerEvent: {}
[94.716774] (-) TimerEvent: {}
[94.761556] (aug_2024) StdoutLine: {'line': b"-- Using RMW implementation 'rmw_fastrtps_cpp' as default\n"}
[94.816958] (-) TimerEvent: {}
[94.870184] (aug_2024) StdoutLine: {'line': b'-- Looking for pthread.h\n'}
[94.917152] (-) TimerEvent: {}
[95.017959] (-) TimerEvent: {}
[95.118727] (-) TimerEvent: {}
[95.215164] (aug_2024) StdoutLine: {'line': b'-- Looking for pthread.h - found\n'}
[95.217136] (aug_2024) StdoutLine: {'line': b'-- Performing Test CMAKE_HAVE_LIBC_PTHREAD\n'}
[95.218871] (-) TimerEvent: {}
[95.319625] (-) TimerEvent: {}
[95.420650] (-) TimerEvent: {}
[95.521598] (-) TimerEvent: {}
[95.565856] (aug_2024) StdoutLine: {'line': b'-- Performing Test CMAKE_HAVE_LIBC_PTHREAD - Success\n'}
[95.570034] (aug_2024) StdoutLine: {'line': b'-- Found Threads: TRUE  \n'}
[95.621770] (-) TimerEvent: {}
[95.722479] (-) TimerEvent: {}
[95.823214] (-) TimerEvent: {}
[95.914653] (aug_2024) StdoutLine: {'line': b'-- Found sensor_msgs: 4.8.0 (/opt/ros/humble/share/sensor_msgs/cmake)\n'}
[95.923380] (-) TimerEvent: {}
[96.024087] (-) TimerEvent: {}
[96.098964] (aug_2024) StdoutLine: {'line': b'-- Found robot_state_publisher: 3.0.3 (/opt/ros/humble/share/robot_state_publisher/cmake)\n'}
[96.124256] (-) TimerEvent: {}
[96.225159] (-) TimerEvent: {}
[96.328703] (-) TimerEvent: {}
[96.363424] (aug_2024) StdoutLine: {'line': b'-- Found eigen3_cmake_module: 0.1.1 (/opt/ros/humble/share/eigen3_cmake_module/cmake)\n'}
[96.364889] (aug_2024) StdoutLine: {'line': b'-- Found Eigen3: TRUE (found version "3.4.0") \n'}
[96.366180] (aug_2024) StdoutLine: {'line': b'-- Ensuring Eigen3 include directory is part of orocos-kdl CMake target\n'}
[96.428918] (-) TimerEvent: {}
[96.529707] (-) TimerEvent: {}
[96.630409] (-) TimerEvent: {}
[96.731124] (-) TimerEvent: {}
[96.831918] (-) TimerEvent: {}
[96.932637] (-) TimerEvent: {}
[97.033370] (-) TimerEvent: {}
[97.134067] (-) TimerEvent: {}
[97.234771] (-) TimerEvent: {}
[97.335449] (-) TimerEvent: {}
[97.436104] (-) TimerEvent: {}
[97.536789] (-) TimerEvent: {}
[97.572352] (aug_2024) StdoutLine: {'line': b'-- Found xacro: 2.0.13 (/opt/ros/humble/share/xacro/cmake)\n'}
[97.601702] (aug_2024) StdoutLine: {'line': b'-- Found controller_manager: 2.49.0 (/opt/ros/humble/share/controller_manager/cmake)\n'}
[97.637006] (-) TimerEvent: {}
[97.737891] (-) TimerEvent: {}
[97.838691] (-) TimerEvent: {}
[97.939643] (-) TimerEvent: {}
[98.040478] (-) TimerEvent: {}
[98.141205] (-) TimerEvent: {}
[98.241944] (-) TimerEvent: {}
[98.310643] (aug_2024) StdoutLine: {'line': b'-- Found joint_state_broadcaster: 2.43.0 (/opt/ros/humble/share/joint_state_broadcaster/cmake)\n'}
[98.342122] (-) TimerEvent: {}
[98.442842] (-) TimerEvent: {}
[98.543556] (-) TimerEvent: {}
[98.572187] (aug_2024) StdoutLine: {'line': b'-- Found diff_drive_controller: 2.43.0 (/opt/ros/humble/share/diff_drive_controller/cmake)\n'}
[98.643724] (-) TimerEvent: {}
[98.744470] (-) TimerEvent: {}
[98.755393] (aug_2024) StdoutLine: {'line': b'-- Found ros2_control: 2.49.0 (/opt/ros/humble/share/ros2_control/cmake)\n'}
[98.783429] (aug_2024) StdoutLine: {'line': b'-- Found ros2_controllers: 2.43.0 (/opt/ros/humble/share/ros2_controllers/cmake)\n'}
[98.813623] (aug_2024) StdoutLine: {'line': b'-- Found BMC_2024: 0.0.0 (/home/rospi/aug_2024/install/BMC_2024/share/BMC_2024/cmake)\n'}
[98.844645] (-) TimerEvent: {}
[98.877805] (aug_2024) StderrLine: {'line': b'\x1b[33mCMake Warning at /home/rospi/aug_2024/install/sllidar_ros2/share/sllidar_ros2/cmake/ament_cmake_export_include_directories-extras.cmake:11 (message):\n'}
[98.878615] (aug_2024) StderrLine: {'line': b"  Package 'sllidar_ros2' exports the include directory\n"}
[98.878992] (aug_2024) StderrLine: {'line': b"  '/home/rospi/aug_2024/install/sllidar_ros2/share/sllidar_ros2/cmake/../../../include'\n"}
[98.879339] (aug_2024) StderrLine: {'line': b"  which doesn't exist\n"}
[98.879670] (aug_2024) StderrLine: {'line': b'Call Stack (most recent call first):\n'}
[98.880128] (aug_2024) StderrLine: {'line': b'  /home/rospi/aug_2024/install/sllidar_ros2/share/sllidar_ros2/cmake/sllidar_ros2Config.cmake:41 (include)\n'}
[98.880697] (aug_2024) StderrLine: {'line': b'  /home/rospi/aug_2024/install/BMC_2024/share/BMC_2024/cmake/ament_cmake_export_dependencies-extras.cmake:21 (find_package)\n'}
[98.881061] (aug_2024) StderrLine: {'line': b'  /home/rospi/aug_2024/install/BMC_2024/share/BMC_2024/cmake/BMC_2024Config.cmake:41 (include)\n'}
[98.881427] (aug_2024) StderrLine: {'line': b'  CMakeLists.txt:31 (find_package)\n'}
[98.881743] (aug_2024) StderrLine: {'line': b'\n'}
[98.882055] (aug_2024) StderrLine: {'line': b'\x1b[0m\n'}
[98.944792] (-) TimerEvent: {}
[99.045486] (-) TimerEvent: {}
[99.146282] (-) TimerEvent: {}
[99.205526] (aug_2024) StdoutLine: {'line': b'-- Configuring done\n'}
[99.246437] (-) TimerEvent: {}
[99.263099] (aug_2024) StdoutLine: {'line': b'-- Generating done\n'}
[99.275939] (aug_2024) StdoutLine: {'line': b'-- Build files have been written to: /home/rospi/aug_2024/build/aug_2024\n'}
[99.324486] (aug_2024) CommandEnded: {'returncode': 0}
[99.326341] (aug_2024) JobProgress: {'identifier': 'aug_2024', 'progress': 'build'}
[99.327511] (aug_2024) Command: {'cmd': ['/usr/bin/cmake', '--build', '/home/rospi/aug_2024/build/aug_2024', '--', '-j4', '-l4'], 'cwd': '/home/rospi/aug_2024/build/aug_2024', 'env': OrderedDict([('LESSOPEN', '| /usr/bin/lesspipe %s'), ('USER', 'rospi'), ('SSH_CLIENT', '10.150.15.24 50384 22'), ('XDG_SESSION_TYPE', 'tty'), ('SHLVL', '1'), ('LD_LIBRARY_PATH', '/home/rospi/aug_2024/install/BMC_2024/lib:/opt/ros/humble/opt/rviz_ogre_vendor/lib:/opt/ros/humble/lib/aarch64-linux-gnu:/opt/ros/humble/lib'), ('MOTD_SHOWN', 'pam'), ('HOME', '/home/rospi'), ('OLDPWD', '/home/rospi'), ('SSH_TTY', '/dev/pts/2'), ('ROS_PYTHON_VERSION', '3'), ('DBUS_SESSION_BUS_ADDRESS', 'unix:path=/run/user/1000/bus'), ('COLCON_PREFIX_PATH', '/home/rospi/aug_2024/install'), ('ROS_DISTRO', 'humble'), ('LOGNAME', 'rospi'), ('_', '/usr/bin/colcon'), ('ROS_VERSION', '2'), ('XDG_SESSION_CLASS', 'user'), ('TERM', 'xterm-256color'), ('XDG_SESSION_ID', '86'), ('ROS_LOCALHOST_ONLY', '0'), ('PATH', '/opt/ros/humble/bin:/usr/local/sbin:/usr/local/bin:/usr/sbin:/usr/bin:/sbin:/bin:/usr/games:/usr/local/games:/snap/bin'), ('XDG_RUNTIME_DIR', '/run/user/1000'), ('LANG', 'en_US.UTF-8'), ('LS_COLORS', 'rs=0:di=01;34:ln=01;36:mh=00:pi=40;33:so=01;35:do=01;35:bd=40;33;01:cd=40;33;01:or=40;31;01:mi=00:su=37;41:sg=30;43:ca=30;41:tw=30;42:ow=34;42:st=37;44:ex=01;32:*.tar=01;31:*.tgz=01;31:*.arc=01;31:*.arj=01;31:*.taz=01;31:*.lha=01;31:*.lz4=01;31:*.lzh=01;31:*.lzma=01;31:*.tlz=01;31:*.txz=01;31:*.tzo=01;31:*.t7z=01;31:*.zip=01;31:*.z=01;31:*.dz=01;31:*.gz=01;31:*.lrz=01;31:*.lz=01;31:*.lzo=01;31:*.xz=01;31:*.zst=01;31:*.tzst=01;31:*.bz2=01;31:*.bz=01;31:*.tbz=01;31:*.tbz2=01;31:*.tz=01;31:*.deb=01;31:*.rpm=01;31:*.jar=01;31:*.war=01;31:*.ear=01;31:*.sar=01;31:*.rar=01;31:*.alz=01;31:*.ace=01;31:*.zoo=01;31:*.cpio=01;31:*.7z=01;31:*.rz=01;31:*.cab=01;31:*.wim=01;31:*.swm=01;31:*.dwm=01;31:*.esd=01;31:*.jpg=01;35:*.jpeg=01;35:*.mjpg=01;35:*.mjpeg=01;35:*.gif=01;35:*.bmp=01;35:*.pbm=01;35:*.pgm=01;35:*.ppm=01;35:*.tga=01;35:*.xbm=01;35:*.xpm=01;35:*.tif=01;35:*.tiff=01;35:*.png=01;35:*.svg=01;35:*.svgz=01;35:*.mng=01;35:*.pcx=01;35:*.mov=01;35:*.mpg=01;35:*.mpeg=01;35:*.m2v=01;35:*.mkv=01;35:*.webm=01;35:*.webp=01;35:*.ogm=01;35:*.mp4=01;35:*.m4v=01;35:*.mp4v=01;35:*.vob=01;35:*.qt=01;35:*.nuv=01;35:*.wmv=01;35:*.asf=01;35:*.rm=01;35:*.rmvb=01;35:*.flc=01;35:*.avi=01;35:*.fli=01;35:*.flv=01;35:*.gl=01;35:*.dl=01;35:*.xcf=01;35:*.xwd=01;35:*.yuv=01;35:*.cgm=01;35:*.emf=01;35:*.ogv=01;35:*.ogx=01;35:*.aac=00;36:*.au=00;36:*.flac=00;36:*.m4a=00;36:*.mid=00;36:*.midi=00;36:*.mka=00;36:*.mp3=00;36:*.mpc=00;36:*.ogg=00;36:*.ra=00;36:*.wav=00;36:*.oga=00;36:*.opus=00;36:*.spx=00;36:*.xspf=00;36:'), ('ROS_DOMAIN_ID', '13'), ('AMENT_PREFIX_PATH', '/home/rospi/aug_2024/install/aug_2024:/home/rospi/aug_2024/install/sllidar_ros2:/home/rospi/aug_2024/install/my_robot_nav2:/home/rospi/aug_2024/install/BMC_2024:/opt/ros/humble'), ('SHELL', '/bin/bash'), ('LESSCLOSE', '/usr/bin/lesspipe %s %s'), ('PWD', '/home/rospi/aug_2024/build/aug_2024'), ('LC_ALL', 'en_US.UTF-8'), ('SSH_CONNECTION', '10.150.15.24 50384 10.6.102.87 22'), ('XDG_DATA_DIRS', '/usr/local/share:/usr/share:/var/lib/snapd/desktop'), ('PYTHONPATH', '/opt/ros/humble/lib/python3.10/site-packages:/opt/ros/humble/local/lib/python3.10/dist-packages'), ('COLCON', '1'), ('CMAKE_PREFIX_PATH', '/home/rospi/aug_2024/install/BMC_2024:/home/rospi/aug_2024/install/sllidar_ros2:/home/rospi/aug_2024/install/aug_2024:/home/rospi/aug_2024/install/my_robot_nav2:/opt/ros/humble')]), 'shell': False}
[99.346641] (-) TimerEvent: {}
[99.447463] (-) TimerEvent: {}
[99.518501] (aug_2024) CommandEnded: {'returncode': 0}
[99.520929] (aug_2024) JobProgress: {'identifier': 'aug_2024', 'progress': 'install'}
[99.521931] (aug_2024) Command: {'cmd': ['/usr/bin/cmake', '--install', '/home/rospi/aug_2024/build/aug_2024'], 'cwd': '/home/rospi/aug_2024/build/aug_2024', 'env': OrderedDict([('LESSOPEN', '| /usr/bin/lesspipe %s'), ('USER', 'rospi'), ('SSH_CLIENT', '10.150.15.24 50384 22'), ('XDG_SESSION_TYPE', 'tty'), ('SHLVL', '1'), ('LD_LIBRARY_PATH', '/home/rospi/aug_2024/install/BMC_2024/lib:/opt/ros/humble/opt/rviz_ogre_vendor/lib:/opt/ros/humble/lib/aarch64-linux-gnu:/opt/ros/humble/lib'), ('MOTD_SHOWN', 'pam'), ('HOME', '/home/rospi'), ('OLDPWD', '/home/rospi'), ('SSH_TTY', '/dev/pts/2'), ('ROS_PYTHON_VERSION', '3'), ('DBUS_SESSION_BUS_ADDRESS', 'unix:path=/run/user/1000/bus'), ('COLCON_PREFIX_PATH', '/home/rospi/aug_2024/install'), ('ROS_DISTRO', 'humble'), ('LOGNAME', 'rospi'), ('_', '/usr/bin/colcon'), ('ROS_VERSION', '2'), ('XDG_SESSION_CLASS', 'user'), ('TERM', 'xterm-256color'), ('XDG_SESSION_ID', '86'), ('ROS_LOCALHOST_ONLY', '0'), ('PATH', '/opt/ros/humble/bin:/usr/local/sbin:/usr/local/bin:/usr/sbin:/usr/bin:/sbin:/bin:/usr/games:/usr/local/games:/snap/bin'), ('XDG_RUNTIME_DIR', '/run/user/1000'), ('LANG', 'en_US.UTF-8'), ('LS_COLORS', 'rs=0:di=01;34:ln=01;36:mh=00:pi=40;33:so=01;35:do=01;35:bd=40;33;01:cd=40;33;01:or=40;31;01:mi=00:su=37;41:sg=30;43:ca=30;41:tw=30;42:ow=34;42:st=37;44:ex=01;32:*.tar=01;31:*.tgz=01;31:*.arc=01;31:*.arj=01;31:*.taz=01;31:*.lha=01;31:*.lz4=01;31:*.lzh=01;31:*.lzma=01;31:*.tlz=01;31:*.txz=01;31:*.tzo=01;31:*.t7z=01;31:*.zip=01;31:*.z=01;31:*.dz=01;31:*.gz=01;31:*.lrz=01;31:*.lz=01;31:*.lzo=01;31:*.xz=01;31:*.zst=01;31:*.tzst=01;31:*.bz2=01;31:*.bz=01;31:*.tbz=01;31:*.tbz2=01;31:*.tz=01;31:*.deb=01;31:*.rpm=01;31:*.jar=01;31:*.war=01;31:*.ear=01;31:*.sar=01;31:*.rar=01;31:*.alz=01;31:*.ace=01;31:*.zoo=01;31:*.cpio=01;31:*.7z=01;31:*.rz=01;31:*.cab=01;31:*.wim=01;31:*.swm=01;31:*.dwm=01;31:*.esd=01;31:*.jpg=01;35:*.jpeg=01;35:*.mjpg=01;35:*.mjpeg=01;35:*.gif=01;35:*.bmp=01;35:*.pbm=01;35:*.pgm=01;35:*.ppm=01;35:*.tga=01;35:*.xbm=01;35:*.xpm=01;35:*.tif=01;35:*.tiff=01;35:*.png=01;35:*.svg=01;35:*.svgz=01;35:*.mng=01;35:*.pcx=01;35:*.mov=01;35:*.mpg=01;35:*.mpeg=01;35:*.m2v=01;35:*.mkv=01;35:*.webm=01;35:*.webp=01;35:*.ogm=01;35:*.mp4=01;35:*.m4v=01;35:*.mp4v=01;35:*.vob=01;35:*.qt=01;35:*.nuv=01;35:*.wmv=01;35:*.asf=01;35:*.rm=01;35:*.rmvb=01;35:*.flc=01;35:*.avi=01;35:*.fli=01;35:*.flv=01;35:*.gl=01;35:*.dl=01;35:*.xcf=01;35:*.xwd=01;35:*.yuv=01;35:*.cgm=01;35:*.emf=01;35:*.ogv=01;35:*.ogx=01;35:*.aac=00;36:*.au=00;36:*.flac=00;36:*.m4a=00;36:*.mid=00;36:*.midi=00;36:*.mka=00;36:*.mp3=00;36:*.mpc=00;36:*.ogg=00;36:*.ra=00;36:*.wav=00;36:*.oga=00;36:*.opus=00;36:*.spx=00;36:*.xspf=00;36:'), ('ROS_DOMAIN_ID', '13'), ('AMENT_PREFIX_PATH', '/home/rospi/aug_2024/install/aug_2024:/home/rospi/aug_2024/install/sllidar_ros2:/home/rospi/aug_2024/install/my_robot_nav2:/home/rospi/aug_2024/install/BMC_2024:/opt/ros/humble'), ('SHELL', '/bin/bash'), ('LESSCLOSE', '/usr/bin/lesspipe %s %s'), ('PWD', '/home/rospi/aug_2024/build/aug_2024'), ('LC_ALL', 'en_US.UTF-8'), ('SSH_CONNECTION', '10.150.15.24 50384 10.6.102.87 22'), ('XDG_DATA_DIRS', '/usr/local/share:/usr/share:/var/lib/snapd/desktop'), ('PYTHONPATH', '/opt/ros/humble/lib/python3.10/site-packages:/opt/ros/humble/local/lib/python3.10/dist-packages'), ('COLCON', '1'), ('CMAKE_PREFIX_PATH', '/home/rospi/aug_2024/install/BMC_2024:/home/rospi/aug_2024/install/sllidar_ros2:/home/rospi/aug_2024/install/aug_2024:/home/rospi/aug_2024/install/my_robot_nav2:/opt/ros/humble')]), 'shell': False}
[99.547681] (-) TimerEvent: {}
[99.557864] (aug_2024) StdoutLine: {'line': b'-- Install configuration: ""\n'}
[99.558569] (aug_2024) StdoutLine: {'line': b'-- Installing: /home/rospi/aug_2024/install/aug_2024/share/aug_2024//config\n'}
[99.559194] (aug_2024) StdoutLine: {'line': b'-- Installing: /home/rospi/aug_2024/install/aug_2024/share/aug_2024//config/ekf.yaml\n'}
[99.560264] (aug_2024) StdoutLine: {'line': b'-- Installing: /home/rospi/aug_2024/install/aug_2024/share/aug_2024//config/backup\n'}
[99.560949] (aug_2024) StdoutLine: {'line': b'-- Installing: /home/rospi/aug_2024/install/aug_2024/share/aug_2024//config/backup/map1.pgm\n'}
[99.564886] (aug_2024) StdoutLine: {'line': b'-- Installing: /home/rospi/aug_2024/install/aug_2024/share/aug_2024//config/backup/map1.yaml\n'}
[99.565893] (aug_2024) StdoutLine: {'line': b'-- Installing: /home/rospi/aug_2024/install/aug_2024/share/aug_2024//config/twist_mux.yaml\n'}
[99.566888] (aug_2024) StdoutLine: {'line': b'-- Installing: /home/rospi/aug_2024/install/aug_2024/share/aug_2024//config/nav2_params.yaml\n'}
[99.568020] (aug_2024) StdoutLine: {'line': b'-- Installing: /home/rospi/aug_2024/install/aug_2024/share/aug_2024//config/test_controllers.yaml\n'}
[99.569060] (aug_2024) StdoutLine: {'line': b'-- Installing: /home/rospi/aug_2024/install/aug_2024/share/aug_2024//config/map1.pgm\n'}
[99.572550] (aug_2024) StdoutLine: {'line': b'-- Installing: /home/rospi/aug_2024/install/aug_2024/share/aug_2024//config/validate_yaml.py\n'}
[99.573624] (aug_2024) StdoutLine: {'line': b'-- Installing: /home/rospi/aug_2024/install/aug_2024/share/aug_2024//config/direct_controllers.yaml\n'}
[99.574652] (aug_2024) StdoutLine: {'line': b'-- Installing: /home/rospi/aug_2024/install/aug_2024/share/aug_2024//config/map1.yaml\n'}
[99.575622] (aug_2024) StdoutLine: {'line': b'-- Installing: /home/rospi/aug_2024/install/aug_2024/share/aug_2024//config/gazebo_ros2_control_params.yaml\n'}
[99.576701] (aug_2024) StdoutLine: {'line': b'-- Installing: /home/rospi/aug_2024/install/aug_2024/share/aug_2024//config/amcl_config.yaml\n'}
[99.577735] (aug_2024) StdoutLine: {'line': b'-- Installing: /home/rospi/aug_2024/install/aug_2024/share/aug_2024//config/flippo_controllers.yaml\n'}
[99.578714] (aug_2024) StdoutLine: {'line': b'-- Installing: /home/rospi/aug_2024/install/aug_2024/share/aug_2024//description\n'}
[99.579317] (aug_2024) StdoutLine: {'line': b'-- Installing: /home/rospi/aug_2024/install/aug_2024/share/aug_2024//description/meshes\n'}
[99.580010] (aug_2024) StdoutLine: {'line': b'-- Installing: /home/rospi/aug_2024/install/aug_2024/share/aug_2024//description/meshes/rear_right_wheel_link.STL\n'}
[99.582869] (aug_2024) StdoutLine: {'line': b'-- Installing: /home/rospi/aug_2024/install/aug_2024/share/aug_2024//description/meshes/front_right_wheel_link.STL\n'}
[99.585612] (aug_2024) StdoutLine: {'line': b'-- Installing: /home/rospi/aug_2024/install/aug_2024/share/aug_2024//description/meshes/chassis_link.STL\n'}
[99.593573] (aug_2024) StdoutLine: {'line': b'-- Installing: /home/rospi/aug_2024/install/aug_2024/share/aug_2024//description/meshes/rear_left_wheel_link.STL\n'}
[99.596301] (aug_2024) StdoutLine: {'line': b'-- Installing: /home/rospi/aug_2024/install/aug_2024/share/aug_2024//description/meshes/front_left_wheel_link.STL\n'}
[99.599110] (aug_2024) StdoutLine: {'line': b'-- Installing: /home/rospi/aug_2024/install/aug_2024/share/aug_2024//description/rviz\n'}
[99.599763] (aug_2024) StdoutLine: {'line': b'-- Installing: /home/rospi/aug_2024/install/aug_2024/share/aug_2024//description/rviz/urdf_config.rviz\n'}
[99.600867] (aug_2024) StdoutLine: {'line': b'-- Installing: /home/rospi/aug_2024/install/aug_2024/share/aug_2024//description/config\n'}
[99.601525] (aug_2024) StdoutLine: {'line': b'-- Installing: /home/rospi/aug_2024/install/aug_2024/share/aug_2024//description/config/ekf.yaml\n'}
[99.602637] (aug_2024) StdoutLine: {'line': b'-- Installing: /home/rospi/aug_2024/install/aug_2024/share/aug_2024//description/config/aug_2024_joint_names.yaml\n'}
[99.603679] (aug_2024) StdoutLine: {'line': b'-- Installing: /home/rospi/aug_2024/install/aug_2024/share/aug_2024//description/urdf\n'}
[99.604368] (aug_2024) StdoutLine: {'line': b'-- Installing: /home/rospi/aug_2024/install/aug_2024/share/aug_2024//description/urdf/aug_2024.urdf\n'}
[99.605640] (aug_2024) StdoutLine: {'line': b'-- Installing: /home/rospi/aug_2024/install/aug_2024/share/aug_2024//description/urdf/aug_2024-cast.urdf\n'}
[99.606824] (aug_2024) StdoutLine: {'line': b'-- Installing: /home/rospi/aug_2024/install/aug_2024/share/aug_2024//description/urdf/aug_2024_old.xacro\n'}
[99.607992] (aug_2024) StdoutLine: {'line': b'-- Installing: /home/rospi/aug_2024/install/aug_2024/share/aug_2024//description/urdf/aug_2024 _no_caster.xacro\n'}
[99.609670] (aug_2024) StdoutLine: {'line': b'-- Installing: /home/rospi/aug_2024/install/aug_2024/share/aug_2024//description/urdf/aug_2024-1.xacro\n'}
[99.610815] (aug_2024) StdoutLine: {'line': b'-- Installing: /home/rospi/aug_2024/install/aug_2024/share/aug_2024//description/urdf/aug_2024-nocaster.urdf\n'}
[99.611943] (aug_2024) StdoutLine: {'line': b'-- Installing: /home/rospi/aug_2024/install/aug_2024/share/aug_2024//launch\n'}
[99.612826] (aug_2024) StdoutLine: {'line': b'-- Installing: /home/rospi/aug_2024/install/aug_2024/share/aug_2024//launch/sllidar_a2m12_launch .py\n'}
[99.613897] (aug_2024) StdoutLine: {'line': b'-- Installing: /home/rospi/aug_2024/install/aug_2024/share/aug_2024//launch/simple_test.py\n'}
[99.614859] (aug_2024) StdoutLine: {'line': b'-- Installing: /home/rospi/aug_2024/install/aug_2024/share/aug_2024//launch/min_launch.py\n'}
[99.615830] (aug_2024) StdoutLine: {'line': b'-- Installing: /home/rospi/aug_2024/install/aug_2024/share/aug_2024//launch/test_launch.py\n'}
[99.616854] (aug_2024) StdoutLine: {'line': b'-- Installing: /home/rospi/aug_2024/install/aug_2024/share/aug_2024//launch/aug_2024_launch.py\n'}
[99.617862] (aug_2024) StdoutLine: {'line': b'-- Installing: /home/rospi/aug_2024/install/aug_2024/share/aug_2024//launch/aug_2024_rospi_launch.py\n'}
[99.618973] (aug_2024) StdoutLine: {'line': b'-- Installing: /home/rospi/aug_2024/install/aug_2024/share/aug_2024//launch/ros2_control_debug.launch.py\n'}
[99.620001] (aug_2024) StdoutLine: {'line': b'-- Installing: /home/rospi/aug_2024/install/aug_2024/share/aug_2024//launch/controller_test.py\n'}
[99.621131] (aug_2024) StdoutLine: {'line': b'-- Installing: /home/rospi/aug_2024/install/aug_2024/share/aug_2024//launch/direct_test.py\n'}
[99.622112] (aug_2024) StdoutLine: {'line': b'-- Installing: /home/rospi/aug_2024/install/aug_2024/share/aug_2024//launch/aug_2024_sim_launch.py\n'}
[99.623186] (aug_2024) StdoutLine: {'line': b'-- Installing: /home/rospi/aug_2024/install/aug_2024/share/aug_2024//launch/aug_2024_sim_launch1.py\n'}
[99.624309] (aug_2024) StdoutLine: {'line': b'-- Installing: /home/rospi/aug_2024/install/aug_2024/share/aug_2024//launch/simple.py\n'}
[99.625298] (aug_2024) StdoutLine: {'line': b'-- Installing: /home/rospi/aug_2024/install/aug_2024/share/aug_2024//worlds\n'}
[99.625943] (aug_2024) StdoutLine: {'line': b'-- Installing: /home/rospi/aug_2024/install/aug_2024/share/aug_2024//worlds/usda_rough_dim.sdf\n'}
[99.627852] (aug_2024) StdoutLine: {'line': b'-- Installing: /home/rospi/aug_2024/install/aug_2024/share/aug_2024//worlds/usda_build_full\n'}
[99.628540] (aug_2024) StdoutLine: {'line': b'-- Installing: /home/rospi/aug_2024/install/aug_2024/share/aug_2024//worlds/usda_build_full/model.sdf\n'}
[99.630699] (aug_2024) StdoutLine: {'line': b'-- Installing: /home/rospi/aug_2024/install/aug_2024/share/aug_2024//worlds/usda_build_full/model.config\n'}
[99.631751] (aug_2024) StdoutLine: {'line': b'-- Installing: /home/rospi/aug_2024/install/aug_2024/share/aug_2024//worlds/gaz_goof_001\n'}
[99.633872] (aug_2024) StdoutLine: {'line': b'-- Installing: /home/rospi/aug_2024/install/aug_2024/share/ament_index/resource_index/package_run_dependencies/aug_2024\n'}
[99.635675] (aug_2024) StdoutLine: {'line': b'-- Installing: /home/rospi/aug_2024/install/aug_2024/share/ament_index/resource_index/parent_prefix_path/aug_2024\n'}
[99.637578] (aug_2024) StdoutLine: {'line': b'-- Installing: /home/rospi/aug_2024/install/aug_2024/share/aug_2024/environment/ament_prefix_path.sh\n'}
[99.638890] (aug_2024) StdoutLine: {'line': b'-- Installing: /home/rospi/aug_2024/install/aug_2024/share/aug_2024/environment/ament_prefix_path.dsv\n'}
[99.640204] (aug_2024) StdoutLine: {'line': b'-- Installing: /home/rospi/aug_2024/install/aug_2024/share/aug_2024/environment/path.sh\n'}
[99.641514] (aug_2024) StdoutLine: {'line': b'-- Installing: /home/rospi/aug_2024/install/aug_2024/share/aug_2024/environment/path.dsv\n'}
[99.642758] (aug_2024) StdoutLine: {'line': b'-- Installing: /home/rospi/aug_2024/install/aug_2024/share/aug_2024/local_setup.bash\n'}
[99.643958] (aug_2024) StdoutLine: {'line': b'-- Installing: /home/rospi/aug_2024/install/aug_2024/share/aug_2024/local_setup.sh\n'}
[99.645337] (aug_2024) StdoutLine: {'line': b'-- Installing: /home/rospi/aug_2024/install/aug_2024/share/aug_2024/local_setup.zsh\n'}
[99.646556] (aug_2024) StdoutLine: {'line': b'-- Installing: /home/rospi/aug_2024/install/aug_2024/share/aug_2024/local_setup.dsv\n'}
[99.647773] (aug_2024) StdoutLine: {'line': b'-- Installing: /home/rospi/aug_2024/install/aug_2024/share/aug_2024/package.dsv\n'}
[99.648187] (-) TimerEvent: {}
[99.649474] (aug_2024) StdoutLine: {'line': b'-- Installing: /home/rospi/aug_2024/install/aug_2024/share/ament_index/resource_index/packages/aug_2024\n'}
[99.651072] (aug_2024) StdoutLine: {'line': b'-- Installing: /home/rospi/aug_2024/install/aug_2024/share/aug_2024/cmake/aug_2024Config.cmake\n'}
[99.652152] (aug_2024) StdoutLine: {'line': b'-- Installing: /home/rospi/aug_2024/install/aug_2024/share/aug_2024/cmake/aug_2024Config-version.cmake\n'}
[99.653518] (aug_2024) StdoutLine: {'line': b'-- Installing: /home/rospi/aug_2024/install/aug_2024/share/aug_2024/package.xml\n'}
[99.659951] (aug_2024) CommandEnded: {'returncode': 0}
[99.720587] (aug_2024) JobEnded: {'identifier': 'aug_2024', 'rc': 0}
[99.723780] (-) EventReactorShutdown: {}
