[0.000000] (-) TimerEvent: {}
[0.001803] (my_robot_nav2) JobQueued: {'identifier': 'my_robot_nav2', 'dependencies': OrderedDict()}
[0.002390] (sllidar_ros2) JobQueued: {'identifier': 'sllidar_ros2', 'dependencies': OrderedDict()}
[0.002499] (BMC_2024) JobQueued: {'identifier': 'BMC_2024', 'dependencies': OrderedDict([('sllidar_ros2', '/home/rospi/aug_2024/install/sllidar_ros2')])}
[0.002603] (aug_2024) JobQueued: {'identifier': 'aug_2024', 'dependencies': OrderedDict([('sllidar_ros2', '/home/rospi/aug_2024/install/sllidar_ros2'), ('BMC_2024', '/home/rospi/aug_2024/install/BMC_2024')])}
[0.002706] (sllidar_ros2) JobStarted: {'identifier': 'sllidar_ros2'}
[0.034810] (my_robot_nav2) JobStarted: {'identifier': 'my_robot_nav2'}
[0.061776] (sllidar_ros2) JobProgress: {'identifier': 'sllidar_ros2', 'progress': 'cmake'}
[0.063923] (sllidar_ros2) Command: {'cmd': ['/usr/bin/cmake', '/home/rospi/aug_2024/src/sllidar_ros2', '-DCMAKE_INSTALL_PREFIX=/home/rospi/aug_2024/install/sllidar_ros2'], 'cwd': '/home/rospi/aug_2024/build/sllidar_ros2', 'env': OrderedDict([('LESSOPEN', '| /usr/bin/lesspipe %s'), ('USER', 'rospi'), ('SSH_CLIENT', '10.150.42.143 62568 22'), ('XDG_SESSION_TYPE', 'tty'), ('SHLVL', '1'), ('LD_LIBRARY_PATH', '/home/rospi/aug_2024/install/BMC_2024/lib:/opt/ros/humble/opt/rviz_ogre_vendor/lib:/opt/ros/humble/lib/aarch64-linux-gnu:/opt/ros/humble/lib'), ('MOTD_SHOWN', 'pam'), ('HOME', '/home/rospi'), ('OLDPWD', '/home/rospi'), ('SSH_TTY', '/dev/pts/0'), ('ROS_PYTHON_VERSION', '3'), ('DBUS_SESSION_BUS_ADDRESS', 'unix:path=/run/user/1000/bus'), ('COLCON_PREFIX_PATH', '/home/rospi/aug_2024/install'), ('ROS_DISTRO', 'humble'), ('LOGNAME', 'rospi'), ('_', '/usr/bin/colcon'), ('ROS_VERSION', '2'), ('XDG_SESSION_CLASS', 'user'), ('TERM', 'xterm-256color'), ('XDG_SESSION_ID', '1'), ('ROS_LOCALHOST_ONLY', '0'), ('PATH', '/opt/ros/humble/bin:/usr/local/sbin:/usr/local/bin:/usr/sbin:/usr/bin:/sbin:/bin:/usr/games:/usr/local/games:/snap/bin'), ('XDG_RUNTIME_DIR', '/run/user/1000'), ('LANG', 'en_US.UTF-8'), ('LS_COLORS', 'rs=0:di=01;34:ln=01;36:mh=00:pi=40;33:so=01;35:do=01;35:bd=40;33;01:cd=40;33;01:or=40;31;01:mi=00:su=37;41:sg=30;43:ca=30;41:tw=30;42:ow=34;42:st=37;44:ex=01;32:*.tar=01;31:*.tgz=01;31:*.arc=01;31:*.arj=01;31:*.taz=01;31:*.lha=01;31:*.lz4=01;31:*.lzh=01;31:*.lzma=01;31:*.tlz=01;31:*.txz=01;31:*.tzo=01;31:*.t7z=01;31:*.zip=01;31:*.z=01;31:*.dz=01;31:*.gz=01;31:*.lrz=01;31:*.lz=01;31:*.lzo=01;31:*.xz=01;31:*.zst=01;31:*.tzst=01;31:*.bz2=01;31:*.bz=01;31:*.tbz=01;31:*.tbz2=01;31:*.tz=01;31:*.deb=01;31:*.rpm=01;31:*.jar=01;31:*.war=01;31:*.ear=01;31:*.sar=01;31:*.rar=01;31:*.alz=01;31:*.ace=01;31:*.zoo=01;31:*.cpio=01;31:*.7z=01;31:*.rz=01;31:*.cab=01;31:*.wim=01;31:*.swm=01;31:*.dwm=01;31:*.esd=01;31:*.jpg=01;35:*.jpeg=01;35:*.mjpg=01;35:*.mjpeg=01;35:*.gif=01;35:*.bmp=01;35:*.pbm=01;35:*.pgm=01;35:*.ppm=01;35:*.tga=01;35:*.xbm=01;35:*.xpm=01;35:*.tif=01;35:*.tiff=01;35:*.png=01;35:*.svg=01;35:*.svgz=01;35:*.mng=01;35:*.pcx=01;35:*.mov=01;35:*.mpg=01;35:*.mpeg=01;35:*.m2v=01;35:*.mkv=01;35:*.webm=01;35:*.webp=01;35:*.ogm=01;35:*.mp4=01;35:*.m4v=01;35:*.mp4v=01;35:*.vob=01;35:*.qt=01;35:*.nuv=01;35:*.wmv=01;35:*.asf=01;35:*.rm=01;35:*.rmvb=01;35:*.flc=01;35:*.avi=01;35:*.fli=01;35:*.flv=01;35:*.gl=01;35:*.dl=01;35:*.xcf=01;35:*.xwd=01;35:*.yuv=01;35:*.cgm=01;35:*.emf=01;35:*.ogv=01;35:*.ogx=01;35:*.aac=00;36:*.au=00;36:*.flac=00;36:*.m4a=00;36:*.mid=00;36:*.midi=00;36:*.mka=00;36:*.mp3=00;36:*.mpc=00;36:*.ogg=00;36:*.ra=00;36:*.wav=00;36:*.oga=00;36:*.opus=00;36:*.spx=00;36:*.xspf=00;36:'), ('AMENT_PREFIX_PATH', '/home/rospi/aug_2024/install/aug_2024:/home/rospi/aug_2024/install/BMC_2024:/home/rospi/aug_2024/install/sllidar_ros2:/home/rospi/aug_2024/install/my_robot_nav2:/opt/ros/humble'), ('SHELL', '/bin/bash'), ('LESSCLOSE', '/usr/bin/lesspipe %s %s'), ('PWD', '/home/rospi/aug_2024/build/sllidar_ros2'), ('LC_ALL', 'en_US.UTF-8'), ('SSH_CONNECTION', '10.150.42.143 62568 10.6.102.87 22'), ('XDG_DATA_DIRS', '/usr/local/share:/usr/share:/var/lib/snapd/desktop'), ('PYTHONPATH', '/opt/ros/humble/lib/python3.10/site-packages:/opt/ros/humble/local/lib/python3.10/dist-packages'), ('COLCON', '1'), ('CMAKE_PREFIX_PATH', '/home/rospi/aug_2024/install/aug_2024:/home/rospi/aug_2024/install/BMC_2024:/home/rospi/aug_2024/install/sllidar_ros2:/home/rospi/aug_2024/install/my_robot_nav2:/opt/ros/humble')]), 'shell': False}
[0.080116] (my_robot_nav2) JobProgress: {'identifier': 'my_robot_nav2', 'progress': 'cmake'}
[0.082396] (my_robot_nav2) Command: {'cmd': ['/usr/bin/cmake', '/home/rospi/aug_2024/src/my_robot_nav2', '-DCMAKE_INSTALL_PREFIX=/home/rospi/aug_2024/install/my_robot_nav2'], 'cwd': '/home/rospi/aug_2024/build/my_robot_nav2', 'env': OrderedDict([('LESSOPEN', '| /usr/bin/lesspipe %s'), ('USER', 'rospi'), ('SSH_CLIENT', '10.150.42.143 62568 22'), ('XDG_SESSION_TYPE', 'tty'), ('SHLVL', '1'), ('LD_LIBRARY_PATH', '/home/rospi/aug_2024/install/BMC_2024/lib:/opt/ros/humble/opt/rviz_ogre_vendor/lib:/opt/ros/humble/lib/aarch64-linux-gnu:/opt/ros/humble/lib'), ('MOTD_SHOWN', 'pam'), ('HOME', '/home/rospi'), ('OLDPWD', '/home/rospi'), ('SSH_TTY', '/dev/pts/0'), ('ROS_PYTHON_VERSION', '3'), ('DBUS_SESSION_BUS_ADDRESS', 'unix:path=/run/user/1000/bus'), ('COLCON_PREFIX_PATH', '/home/rospi/aug_2024/install'), ('ROS_DISTRO', 'humble'), ('LOGNAME', 'rospi'), ('_', '/usr/bin/colcon'), ('ROS_VERSION', '2'), ('XDG_SESSION_CLASS', 'user'), ('TERM', 'xterm-256color'), ('XDG_SESSION_ID', '1'), ('ROS_LOCALHOST_ONLY', '0'), ('PATH', '/opt/ros/humble/bin:/usr/local/sbin:/usr/local/bin:/usr/sbin:/usr/bin:/sbin:/bin:/usr/games:/usr/local/games:/snap/bin'), ('XDG_RUNTIME_DIR', '/run/user/1000'), ('LANG', 'en_US.UTF-8'), ('LS_COLORS', 'rs=0:di=01;34:ln=01;36:mh=00:pi=40;33:so=01;35:do=01;35:bd=40;33;01:cd=40;33;01:or=40;31;01:mi=00:su=37;41:sg=30;43:ca=30;41:tw=30;42:ow=34;42:st=37;44:ex=01;32:*.tar=01;31:*.tgz=01;31:*.arc=01;31:*.arj=01;31:*.taz=01;31:*.lha=01;31:*.lz4=01;31:*.lzh=01;31:*.lzma=01;31:*.tlz=01;31:*.txz=01;31:*.tzo=01;31:*.t7z=01;31:*.zip=01;31:*.z=01;31:*.dz=01;31:*.gz=01;31:*.lrz=01;31:*.lz=01;31:*.lzo=01;31:*.xz=01;31:*.zst=01;31:*.tzst=01;31:*.bz2=01;31:*.bz=01;31:*.tbz=01;31:*.tbz2=01;31:*.tz=01;31:*.deb=01;31:*.rpm=01;31:*.jar=01;31:*.war=01;31:*.ear=01;31:*.sar=01;31:*.rar=01;31:*.alz=01;31:*.ace=01;31:*.zoo=01;31:*.cpio=01;31:*.7z=01;31:*.rz=01;31:*.cab=01;31:*.wim=01;31:*.swm=01;31:*.dwm=01;31:*.esd=01;31:*.jpg=01;35:*.jpeg=01;35:*.mjpg=01;35:*.mjpeg=01;35:*.gif=01;35:*.bmp=01;35:*.pbm=01;35:*.pgm=01;35:*.ppm=01;35:*.tga=01;35:*.xbm=01;35:*.xpm=01;35:*.tif=01;35:*.tiff=01;35:*.png=01;35:*.svg=01;35:*.svgz=01;35:*.mng=01;35:*.pcx=01;35:*.mov=01;35:*.mpg=01;35:*.mpeg=01;35:*.m2v=01;35:*.mkv=01;35:*.webm=01;35:*.webp=01;35:*.ogm=01;35:*.mp4=01;35:*.m4v=01;35:*.mp4v=01;35:*.vob=01;35:*.qt=01;35:*.nuv=01;35:*.wmv=01;35:*.asf=01;35:*.rm=01;35:*.rmvb=01;35:*.flc=01;35:*.avi=01;35:*.fli=01;35:*.flv=01;35:*.gl=01;35:*.dl=01;35:*.xcf=01;35:*.xwd=01;35:*.yuv=01;35:*.cgm=01;35:*.emf=01;35:*.ogv=01;35:*.ogx=01;35:*.aac=00;36:*.au=00;36:*.flac=00;36:*.m4a=00;36:*.mid=00;36:*.midi=00;36:*.mka=00;36:*.mp3=00;36:*.mpc=00;36:*.ogg=00;36:*.ra=00;36:*.wav=00;36:*.oga=00;36:*.opus=00;36:*.spx=00;36:*.xspf=00;36:'), ('AMENT_PREFIX_PATH', '/home/rospi/aug_2024/install/aug_2024:/home/rospi/aug_2024/install/BMC_2024:/home/rospi/aug_2024/install/sllidar_ros2:/home/rospi/aug_2024/install/my_robot_nav2:/opt/ros/humble'), ('SHELL', '/bin/bash'), ('LESSCLOSE', '/usr/bin/lesspipe %s %s'), ('PWD', '/home/rospi/aug_2024/build/my_robot_nav2'), ('LC_ALL', 'en_US.UTF-8'), ('SSH_CONNECTION', '10.150.42.143 62568 10.6.102.87 22'), ('XDG_DATA_DIRS', '/usr/local/share:/usr/share:/var/lib/snapd/desktop'), ('PYTHONPATH', '/opt/ros/humble/lib/python3.10/site-packages:/opt/ros/humble/local/lib/python3.10/dist-packages'), ('COLCON', '1'), ('CMAKE_PREFIX_PATH', '/home/rospi/aug_2024/install/aug_2024:/home/rospi/aug_2024/install/BMC_2024:/home/rospi/aug_2024/install/sllidar_ros2:/home/rospi/aug_2024/install/my_robot_nav2:/opt/ros/humble')]), 'shell': False}
[0.098892] (-) TimerEvent: {}
[0.199702] (-) TimerEvent: {}
[0.300474] (-) TimerEvent: {}
[0.401313] (-) TimerEvent: {}
[0.451713] (sllidar_ros2) StdoutLine: {'line': b'-- The C compiler identification is GNU 11.4.0\n'}
[0.452884] (my_robot_nav2) StdoutLine: {'line': b'-- The C compiler identification is GNU 11.4.0\n'}
[0.501514] (-) TimerEvent: {}
[0.602352] (-) TimerEvent: {}
[0.703474] (-) TimerEvent: {}
[0.804076] (my_robot_nav2) StdoutLine: {'line': b'-- The CXX compiler identification is GNU 11.4.0\n'}
[0.804786] (-) TimerEvent: {}
[0.807066] (sllidar_ros2) StdoutLine: {'line': b'-- The CXX compiler identification is GNU 11.4.0\n'}
[0.839456] (my_robot_nav2) StdoutLine: {'line': b'-- Detecting C compiler ABI info\n'}
[0.840185] (sllidar_ros2) StdoutLine: {'line': b'-- Detecting C compiler ABI info\n'}
[0.905277] (-) TimerEvent: {}
[1.006456] (-) TimerEvent: {}
[1.107338] (-) TimerEvent: {}
[1.190328] (sllidar_ros2) StdoutLine: {'line': b'-- Detecting C compiler ABI info - done\n'}
[1.191070] (my_robot_nav2) StdoutLine: {'line': b'-- Detecting C compiler ABI info - done\n'}
[1.207489] (-) TimerEvent: {}
[1.219775] (my_robot_nav2) StdoutLine: {'line': b'-- Check for working C compiler: /usr/bin/cc - skipped\n'}
[1.220755] (sllidar_ros2) StdoutLine: {'line': b'-- Check for working C compiler: /usr/bin/cc - skipped\n'}
[1.221492] (my_robot_nav2) StdoutLine: {'line': b'-- Detecting C compile features\n'}
[1.222197] (sllidar_ros2) StdoutLine: {'line': b'-- Detecting C compile features\n'}
[1.223543] (my_robot_nav2) StdoutLine: {'line': b'-- Detecting C compile features - done\n'}
[1.224240] (sllidar_ros2) StdoutLine: {'line': b'-- Detecting C compile features - done\n'}
[1.237917] (sllidar_ros2) StdoutLine: {'line': b'-- Detecting CXX compiler ABI info\n'}
[1.238653] (my_robot_nav2) StdoutLine: {'line': b'-- Detecting CXX compiler ABI info\n'}
[1.307715] (-) TimerEvent: {}
[1.409283] (-) TimerEvent: {}
[1.510544] (-) TimerEvent: {}
[1.611577] (-) TimerEvent: {}
[1.631746] (sllidar_ros2) StdoutLine: {'line': b'-- Detecting CXX compiler ABI info - done\n'}
[1.632437] (my_robot_nav2) StdoutLine: {'line': b'-- Detecting CXX compiler ABI info - done\n'}
[1.661643] (my_robot_nav2) StdoutLine: {'line': b'-- Check for working CXX compiler: /usr/bin/c++ - skipped\n'}
[1.662378] (sllidar_ros2) StdoutLine: {'line': b'-- Check for working CXX compiler: /usr/bin/c++ - skipped\n'}
[1.663239] (sllidar_ros2) StdoutLine: {'line': b'-- Detecting CXX compile features\n'}
[1.663724] (my_robot_nav2) StdoutLine: {'line': b'-- Detecting CXX compile features\n'}
[1.664781] (my_robot_nav2) StdoutLine: {'line': b'-- Detecting CXX compile features - done\n'}
[1.665469] (sllidar_ros2) StdoutLine: {'line': b'-- Detecting CXX compile features - done\n'}
[1.707311] (my_robot_nav2) StdoutLine: {'line': b'-- Found ament_cmake: 1.3.11 (/opt/ros/humble/share/ament_cmake/cmake)\n'}
[1.708095] (sllidar_ros2) StdoutLine: {'line': b'-- Found ament_cmake: 1.3.11 (/opt/ros/humble/share/ament_cmake/cmake)\n'}
[1.711752] (-) TimerEvent: {}
[1.816108] (-) TimerEvent: {}
[1.920106] (-) TimerEvent: {}
[2.021072] (-) TimerEvent: {}
[2.122561] (-) TimerEvent: {}
[2.223846] (-) TimerEvent: {}
[2.324934] (-) TimerEvent: {}
[2.425740] (-) TimerEvent: {}
[2.526573] (-) TimerEvent: {}
[2.627657] (-) TimerEvent: {}
[2.701541] (my_robot_nav2) StdoutLine: {'line': b'-- Found Python3: /usr/bin/python3 (found version "3.10.12") found components: Interpreter \n'}
[2.706539] (sllidar_ros2) StdoutLine: {'line': b'-- Found Python3: /usr/bin/python3 (found version "3.10.12") found components: Interpreter \n'}
[2.727934] (-) TimerEvent: {}
[2.830017] (-) TimerEvent: {}
[2.931346] (-) TimerEvent: {}
[3.032922] (-) TimerEvent: {}
[3.136327] (-) TimerEvent: {}
[3.237163] (-) TimerEvent: {}
[3.338018] (-) TimerEvent: {}
[3.438869] (-) TimerEvent: {}
[3.528146] (sllidar_ros2) StdoutLine: {'line': b'-- Found rclcpp: 16.0.12 (/opt/ros/humble/share/rclcpp/cmake)\n'}
[3.536245] (my_robot_nav2) StdoutLine: {'line': b'-- Found ament_lint_auto: 0.12.12 (/opt/ros/humble/share/ament_lint_auto/cmake)\n'}
[3.539070] (-) TimerEvent: {}
[3.640952] (-) TimerEvent: {}
[3.741965] (-) TimerEvent: {}
[3.842830] (-) TimerEvent: {}
[3.943582] (-) TimerEvent: {}
[4.044650] (-) TimerEvent: {}
[4.075257] (sllidar_ros2) StdoutLine: {'line': b'-- Found rosidl_generator_c: 3.1.6 (/opt/ros/humble/share/rosidl_generator_c/cmake)\n'}
[4.143491] (sllidar_ros2) StdoutLine: {'line': b'-- Found rosidl_adapter: 3.1.6 (/opt/ros/humble/share/rosidl_adapter/cmake)\n'}
[4.144780] (-) TimerEvent: {}
[4.180020] (my_robot_nav2) StdoutLine: {'line': b"-- Added test 'flake8' to check Python code syntax and style conventions\n"}
[4.194789] (my_robot_nav2) StdoutLine: {'line': b"-- Added test 'lint_cmake' to check CMake code style\n"}
[4.203719] (my_robot_nav2) StdoutLine: {'line': b"-- Added test 'pep257' to check Python code against some of the docstring style conventions in PEP 257\n"}
[4.229532] (sllidar_ros2) StdoutLine: {'line': b'-- Found rosidl_generator_cpp: 3.1.6 (/opt/ros/humble/share/rosidl_generator_cpp/cmake)\n'}
[4.244956] (-) TimerEvent: {}
[4.261378] (my_robot_nav2) StdoutLine: {'line': b"-- Added test 'xmllint' to check XML markup files\n"}
[4.270524] (my_robot_nav2) StdoutLine: {'line': b'-- Configuring done\n'}
[4.292993] (my_robot_nav2) StdoutLine: {'line': b'-- Generating done\n'}
[4.302357] (my_robot_nav2) StdoutLine: {'line': b'-- Build files have been written to: /home/rospi/aug_2024/build/my_robot_nav2\n'}
[4.319070] (my_robot_nav2) CommandEnded: {'returncode': 0}
[4.321089] (my_robot_nav2) JobProgress: {'identifier': 'my_robot_nav2', 'progress': 'build'}
[4.323741] (my_robot_nav2) Command: {'cmd': ['/usr/bin/cmake', '--build', '/home/rospi/aug_2024/build/my_robot_nav2', '--', '-j4', '-l4'], 'cwd': '/home/rospi/aug_2024/build/my_robot_nav2', 'env': OrderedDict([('LESSOPEN', '| /usr/bin/lesspipe %s'), ('USER', 'rospi'), ('SSH_CLIENT', '10.150.42.143 62568 22'), ('XDG_SESSION_TYPE', 'tty'), ('SHLVL', '1'), ('LD_LIBRARY_PATH', '/home/rospi/aug_2024/install/BMC_2024/lib:/opt/ros/humble/opt/rviz_ogre_vendor/lib:/opt/ros/humble/lib/aarch64-linux-gnu:/opt/ros/humble/lib'), ('MOTD_SHOWN', 'pam'), ('HOME', '/home/rospi'), ('OLDPWD', '/home/rospi'), ('SSH_TTY', '/dev/pts/0'), ('ROS_PYTHON_VERSION', '3'), ('DBUS_SESSION_BUS_ADDRESS', 'unix:path=/run/user/1000/bus'), ('COLCON_PREFIX_PATH', '/home/rospi/aug_2024/install'), ('ROS_DISTRO', 'humble'), ('LOGNAME', 'rospi'), ('_', '/usr/bin/colcon'), ('ROS_VERSION', '2'), ('XDG_SESSION_CLASS', 'user'), ('TERM', 'xterm-256color'), ('XDG_SESSION_ID', '1'), ('ROS_LOCALHOST_ONLY', '0'), ('PATH', '/opt/ros/humble/bin:/usr/local/sbin:/usr/local/bin:/usr/sbin:/usr/bin:/sbin:/bin:/usr/games:/usr/local/games:/snap/bin'), ('XDG_RUNTIME_DIR', '/run/user/1000'), ('LANG', 'en_US.UTF-8'), ('LS_COLORS', 'rs=0:di=01;34:ln=01;36:mh=00:pi=40;33:so=01;35:do=01;35:bd=40;33;01:cd=40;33;01:or=40;31;01:mi=00:su=37;41:sg=30;43:ca=30;41:tw=30;42:ow=34;42:st=37;44:ex=01;32:*.tar=01;31:*.tgz=01;31:*.arc=01;31:*.arj=01;31:*.taz=01;31:*.lha=01;31:*.lz4=01;31:*.lzh=01;31:*.lzma=01;31:*.tlz=01;31:*.txz=01;31:*.tzo=01;31:*.t7z=01;31:*.zip=01;31:*.z=01;31:*.dz=01;31:*.gz=01;31:*.lrz=01;31:*.lz=01;31:*.lzo=01;31:*.xz=01;31:*.zst=01;31:*.tzst=01;31:*.bz2=01;31:*.bz=01;31:*.tbz=01;31:*.tbz2=01;31:*.tz=01;31:*.deb=01;31:*.rpm=01;31:*.jar=01;31:*.war=01;31:*.ear=01;31:*.sar=01;31:*.rar=01;31:*.alz=01;31:*.ace=01;31:*.zoo=01;31:*.cpio=01;31:*.7z=01;31:*.rz=01;31:*.cab=01;31:*.wim=01;31:*.swm=01;31:*.dwm=01;31:*.esd=01;31:*.jpg=01;35:*.jpeg=01;35:*.mjpg=01;35:*.mjpeg=01;35:*.gif=01;35:*.bmp=01;35:*.pbm=01;35:*.pgm=01;35:*.ppm=01;35:*.tga=01;35:*.xbm=01;35:*.xpm=01;35:*.tif=01;35:*.tiff=01;35:*.png=01;35:*.svg=01;35:*.svgz=01;35:*.mng=01;35:*.pcx=01;35:*.mov=01;35:*.mpg=01;35:*.mpeg=01;35:*.m2v=01;35:*.mkv=01;35:*.webm=01;35:*.webp=01;35:*.ogm=01;35:*.mp4=01;35:*.m4v=01;35:*.mp4v=01;35:*.vob=01;35:*.qt=01;35:*.nuv=01;35:*.wmv=01;35:*.asf=01;35:*.rm=01;35:*.rmvb=01;35:*.flc=01;35:*.avi=01;35:*.fli=01;35:*.flv=01;35:*.gl=01;35:*.dl=01;35:*.xcf=01;35:*.xwd=01;35:*.yuv=01;35:*.cgm=01;35:*.emf=01;35:*.ogv=01;35:*.ogx=01;35:*.aac=00;36:*.au=00;36:*.flac=00;36:*.m4a=00;36:*.mid=00;36:*.midi=00;36:*.mka=00;36:*.mp3=00;36:*.mpc=00;36:*.ogg=00;36:*.ra=00;36:*.wav=00;36:*.oga=00;36:*.opus=00;36:*.spx=00;36:*.xspf=00;36:'), ('AMENT_PREFIX_PATH', '/home/rospi/aug_2024/install/aug_2024:/home/rospi/aug_2024/install/BMC_2024:/home/rospi/aug_2024/install/sllidar_ros2:/home/rospi/aug_2024/install/my_robot_nav2:/opt/ros/humble'), ('SHELL', '/bin/bash'), ('LESSCLOSE', '/usr/bin/lesspipe %s %s'), ('PWD', '/home/rospi/aug_2024/build/my_robot_nav2'), ('LC_ALL', 'en_US.UTF-8'), ('SSH_CONNECTION', '10.150.42.143 62568 10.6.102.87 22'), ('XDG_DATA_DIRS', '/usr/local/share:/usr/share:/var/lib/snapd/desktop'), ('PYTHONPATH', '/opt/ros/humble/lib/python3.10/site-packages:/opt/ros/humble/local/lib/python3.10/dist-packages'), ('COLCON', '1'), ('CMAKE_PREFIX_PATH', '/home/rospi/aug_2024/install/aug_2024:/home/rospi/aug_2024/install/BMC_2024:/home/rospi/aug_2024/install/sllidar_ros2:/home/rospi/aug_2024/install/my_robot_nav2:/opt/ros/humble')]), 'shell': False}
[4.342070] (sllidar_ros2) StdoutLine: {'line': b'-- Using all available rosidl_typesupport_c: rosidl_typesupport_fastrtps_c;rosidl_typesupport_introspection_c\n'}
[4.345148] (-) TimerEvent: {}
[4.446112] (-) TimerEvent: {}
[4.486636] (my_robot_nav2) CommandEnded: {'returncode': 0}
[4.488922] (my_robot_nav2) JobProgress: {'identifier': 'my_robot_nav2', 'progress': 'install'}
[4.499478] (sllidar_ros2) StdoutLine: {'line': b'-- Using all available rosidl_typesupport_cpp: rosidl_typesupport_fastrtps_cpp;rosidl_typesupport_introspection_cpp\n'}
[4.528163] (my_robot_nav2) Command: {'cmd': ['/usr/bin/cmake', '--install', '/home/rospi/aug_2024/build/my_robot_nav2'], 'cwd': '/home/rospi/aug_2024/build/my_robot_nav2', 'env': OrderedDict([('LESSOPEN', '| /usr/bin/lesspipe %s'), ('USER', 'rospi'), ('SSH_CLIENT', '10.150.42.143 62568 22'), ('XDG_SESSION_TYPE', 'tty'), ('SHLVL', '1'), ('LD_LIBRARY_PATH', '/home/rospi/aug_2024/install/BMC_2024/lib:/opt/ros/humble/opt/rviz_ogre_vendor/lib:/opt/ros/humble/lib/aarch64-linux-gnu:/opt/ros/humble/lib'), ('MOTD_SHOWN', 'pam'), ('HOME', '/home/rospi'), ('OLDPWD', '/home/rospi'), ('SSH_TTY', '/dev/pts/0'), ('ROS_PYTHON_VERSION', '3'), ('DBUS_SESSION_BUS_ADDRESS', 'unix:path=/run/user/1000/bus'), ('COLCON_PREFIX_PATH', '/home/rospi/aug_2024/install'), ('ROS_DISTRO', 'humble'), ('LOGNAME', 'rospi'), ('_', '/usr/bin/colcon'), ('ROS_VERSION', '2'), ('XDG_SESSION_CLASS', 'user'), ('TERM', 'xterm-256color'), ('XDG_SESSION_ID', '1'), ('ROS_LOCALHOST_ONLY', '0'), ('PATH', '/opt/ros/humble/bin:/usr/local/sbin:/usr/local/bin:/usr/sbin:/usr/bin:/sbin:/bin:/usr/games:/usr/local/games:/snap/bin'), ('XDG_RUNTIME_DIR', '/run/user/1000'), ('LANG', 'en_US.UTF-8'), ('LS_COLORS', 'rs=0:di=01;34:ln=01;36:mh=00:pi=40;33:so=01;35:do=01;35:bd=40;33;01:cd=40;33;01:or=40;31;01:mi=00:su=37;41:sg=30;43:ca=30;41:tw=30;42:ow=34;42:st=37;44:ex=01;32:*.tar=01;31:*.tgz=01;31:*.arc=01;31:*.arj=01;31:*.taz=01;31:*.lha=01;31:*.lz4=01;31:*.lzh=01;31:*.lzma=01;31:*.tlz=01;31:*.txz=01;31:*.tzo=01;31:*.t7z=01;31:*.zip=01;31:*.z=01;31:*.dz=01;31:*.gz=01;31:*.lrz=01;31:*.lz=01;31:*.lzo=01;31:*.xz=01;31:*.zst=01;31:*.tzst=01;31:*.bz2=01;31:*.bz=01;31:*.tbz=01;31:*.tbz2=01;31:*.tz=01;31:*.deb=01;31:*.rpm=01;31:*.jar=01;31:*.war=01;31:*.ear=01;31:*.sar=01;31:*.rar=01;31:*.alz=01;31:*.ace=01;31:*.zoo=01;31:*.cpio=01;31:*.7z=01;31:*.rz=01;31:*.cab=01;31:*.wim=01;31:*.swm=01;31:*.dwm=01;31:*.esd=01;31:*.jpg=01;35:*.jpeg=01;35:*.mjpg=01;35:*.mjpeg=01;35:*.gif=01;35:*.bmp=01;35:*.pbm=01;35:*.pgm=01;35:*.ppm=01;35:*.tga=01;35:*.xbm=01;35:*.xpm=01;35:*.tif=01;35:*.tiff=01;35:*.png=01;35:*.svg=01;35:*.svgz=01;35:*.mng=01;35:*.pcx=01;35:*.mov=01;35:*.mpg=01;35:*.mpeg=01;35:*.m2v=01;35:*.mkv=01;35:*.webm=01;35:*.webp=01;35:*.ogm=01;35:*.mp4=01;35:*.m4v=01;35:*.mp4v=01;35:*.vob=01;35:*.qt=01;35:*.nuv=01;35:*.wmv=01;35:*.asf=01;35:*.rm=01;35:*.rmvb=01;35:*.flc=01;35:*.avi=01;35:*.fli=01;35:*.flv=01;35:*.gl=01;35:*.dl=01;35:*.xcf=01;35:*.xwd=01;35:*.yuv=01;35:*.cgm=01;35:*.emf=01;35:*.ogv=01;35:*.ogx=01;35:*.aac=00;36:*.au=00;36:*.flac=00;36:*.m4a=00;36:*.mid=00;36:*.midi=00;36:*.mka=00;36:*.mp3=00;36:*.mpc=00;36:*.ogg=00;36:*.ra=00;36:*.wav=00;36:*.oga=00;36:*.opus=00;36:*.spx=00;36:*.xspf=00;36:'), ('AMENT_PREFIX_PATH', '/home/rospi/aug_2024/install/aug_2024:/home/rospi/aug_2024/install/BMC_2024:/home/rospi/aug_2024/install/sllidar_ros2:/home/rospi/aug_2024/install/my_robot_nav2:/opt/ros/humble'), ('SHELL', '/bin/bash'), ('LESSCLOSE', '/usr/bin/lesspipe %s %s'), ('PWD', '/home/rospi/aug_2024/build/my_robot_nav2'), ('LC_ALL', 'en_US.UTF-8'), ('SSH_CONNECTION', '10.150.42.143 62568 10.6.102.87 22'), ('XDG_DATA_DIRS', '/usr/local/share:/usr/share:/var/lib/snapd/desktop'), ('PYTHONPATH', '/opt/ros/humble/lib/python3.10/site-packages:/opt/ros/humble/local/lib/python3.10/dist-packages'), ('COLCON', '1'), ('CMAKE_PREFIX_PATH', '/home/rospi/aug_2024/install/aug_2024:/home/rospi/aug_2024/install/BMC_2024:/home/rospi/aug_2024/install/sllidar_ros2:/home/rospi/aug_2024/install/my_robot_nav2:/opt/ros/humble')]), 'shell': False}
[4.546460] (-) TimerEvent: {}
[4.557066] (my_robot_nav2) StdoutLine: {'line': b'-- Install configuration: ""\n'}
[4.557903] (my_robot_nav2) StdoutLine: {'line': b'-- Installing: /home/rospi/aug_2024/install/my_robot_nav2/share/my_robot_nav2//config\n'}
[4.558539] (my_robot_nav2) StdoutLine: {'line': b'-- Installing: /home/rospi/aug_2024/install/my_robot_nav2/share/my_robot_nav2//config/slam_toolbox_params.yaml\n'}
[4.559872] (my_robot_nav2) StdoutLine: {'line': b'-- Installing: /home/rospi/aug_2024/install/my_robot_nav2/share/my_robot_nav2//config/nav2_params.yaml\n'}
[4.561359] (my_robot_nav2) StdoutLine: {'line': b'-- Installing: /home/rospi/aug_2024/install/my_robot_nav2/share/my_robot_nav2//include\n'}
[4.562053] (my_robot_nav2) StdoutLine: {'line': b'-- Installing: /home/rospi/aug_2024/install/my_robot_nav2/share/my_robot_nav2//launch\n'}
[4.562670] (my_robot_nav2) StdoutLine: {'line': b'-- Installing: /home/rospi/aug_2024/install/my_robot_nav2/share/my_robot_nav2//launch/slam_toolbox.launch.py\n'}
[4.563810] (my_robot_nav2) StdoutLine: {'line': b'-- Installing: /home/rospi/aug_2024/install/my_robot_nav2/share/my_robot_nav2//maps\n'}
[4.564556] (my_robot_nav2) StdoutLine: {'line': b'-- Installing: /home/rospi/aug_2024/install/my_robot_nav2/share/my_robot_nav2//maps/simple_map.yaml\n'}
[4.565903] (my_robot_nav2) StdoutLine: {'line': b'-- Installing: /home/rospi/aug_2024/install/my_robot_nav2/share/my_robot_nav2//maps/simple_map.pgm\n'}
[4.568191] (my_robot_nav2) StdoutLine: {'line': b'-- Installing: /home/rospi/aug_2024/install/my_robot_nav2/share/ament_index/resource_index/package_run_dependencies/my_robot_nav2\n'}
[4.570213] (my_robot_nav2) StdoutLine: {'line': b'-- Installing: /home/rospi/aug_2024/install/my_robot_nav2/share/ament_index/resource_index/parent_prefix_path/my_robot_nav2\n'}
[4.571932] (my_robot_nav2) StdoutLine: {'line': b'-- Installing: /home/rospi/aug_2024/install/my_robot_nav2/share/my_robot_nav2/environment/ament_prefix_path.sh\n'}
[4.573299] (my_robot_nav2) StdoutLine: {'line': b'-- Installing: /home/rospi/aug_2024/install/my_robot_nav2/share/my_robot_nav2/environment/ament_prefix_path.dsv\n'}
[4.574691] (my_robot_nav2) StdoutLine: {'line': b'-- Installing: /home/rospi/aug_2024/install/my_robot_nav2/share/my_robot_nav2/environment/path.sh\n'}
[4.576062] (my_robot_nav2) StdoutLine: {'line': b'-- Installing: /home/rospi/aug_2024/install/my_robot_nav2/share/my_robot_nav2/environment/path.dsv\n'}
[4.577442] (my_robot_nav2) StdoutLine: {'line': b'-- Installing: /home/rospi/aug_2024/install/my_robot_nav2/share/my_robot_nav2/local_setup.bash\n'}
[4.578820] (my_robot_nav2) StdoutLine: {'line': b'-- Installing: /home/rospi/aug_2024/install/my_robot_nav2/share/my_robot_nav2/local_setup.sh\n'}
[4.580171] (my_robot_nav2) StdoutLine: {'line': b'-- Installing: /home/rospi/aug_2024/install/my_robot_nav2/share/my_robot_nav2/local_setup.zsh\n'}
[4.581416] (my_robot_nav2) StdoutLine: {'line': b'-- Installing: /home/rospi/aug_2024/install/my_robot_nav2/share/my_robot_nav2/local_setup.dsv\n'}
[4.582644] (my_robot_nav2) StdoutLine: {'line': b'-- Installing: /home/rospi/aug_2024/install/my_robot_nav2/share/my_robot_nav2/package.dsv\n'}
[4.584203] (my_robot_nav2) StdoutLine: {'line': b'-- Installing: /home/rospi/aug_2024/install/my_robot_nav2/share/ament_index/resource_index/packages/my_robot_nav2\n'}
[4.585968] (my_robot_nav2) StdoutLine: {'line': b'-- Installing: /home/rospi/aug_2024/install/my_robot_nav2/share/my_robot_nav2/cmake/my_robot_nav2Config.cmake\n'}
[4.587064] (my_robot_nav2) StdoutLine: {'line': b'-- Installing: /home/rospi/aug_2024/install/my_robot_nav2/share/my_robot_nav2/cmake/my_robot_nav2Config-version.cmake\n'}
[4.588339] (my_robot_nav2) StdoutLine: {'line': b'-- Installing: /home/rospi/aug_2024/install/my_robot_nav2/share/my_robot_nav2/package.xml\n'}
[4.594730] (my_robot_nav2) CommandEnded: {'returncode': 0}
[4.647531] (-) TimerEvent: {}
[4.678347] (my_robot_nav2) JobEnded: {'identifier': 'my_robot_nav2', 'rc': 0}
[4.747733] (-) TimerEvent: {}
[4.848420] (-) TimerEvent: {}
[4.939011] (sllidar_ros2) StdoutLine: {'line': b'-- Found rmw_implementation_cmake: 6.1.2 (/opt/ros/humble/share/rmw_implementation_cmake/cmake)\n'}
[4.948581] (-) TimerEvent: {}
[4.975535] (sllidar_ros2) StdoutLine: {'line': b'-- Found rmw_fastrtps_cpp: 6.2.7 (/opt/ros/humble/share/rmw_fastrtps_cpp/cmake)\n'}
[5.048790] (-) TimerEvent: {}
[5.149546] (-) TimerEvent: {}
[5.250240] (-) TimerEvent: {}
[5.350911] (-) TimerEvent: {}
[5.451663] (-) TimerEvent: {}
[5.552522] (-) TimerEvent: {}
[5.633810] (sllidar_ros2) StdoutLine: {'line': b'-- Found OpenSSL: /usr/lib/aarch64-linux-gnu/libcrypto.so (found version "3.0.2")  \n'}
[5.652716] (-) TimerEvent: {}
[5.753415] (-) TimerEvent: {}
[5.854224] (-) TimerEvent: {}
[5.943769] (sllidar_ros2) StdoutLine: {'line': b'-- Found FastRTPS: /opt/ros/humble/include  \n'}
[5.955239] (-) TimerEvent: {}
[6.056175] (-) TimerEvent: {}
[6.157040] (-) TimerEvent: {}
[6.257851] (-) TimerEvent: {}
[6.358588] (-) TimerEvent: {}
[6.426325] (sllidar_ros2) StdoutLine: {'line': b"-- Using RMW implementation 'rmw_fastrtps_cpp' as default\n"}
[6.458740] (-) TimerEvent: {}
[6.539856] (sllidar_ros2) StdoutLine: {'line': b'-- Looking for pthread.h\n'}
[6.558934] (-) TimerEvent: {}
[6.659697] (-) TimerEvent: {}
[6.760483] (-) TimerEvent: {}
[6.861330] (-) TimerEvent: {}
[6.890090] (sllidar_ros2) StdoutLine: {'line': b'-- Looking for pthread.h - found\n'}
[6.892134] (sllidar_ros2) StdoutLine: {'line': b'-- Performing Test CMAKE_HAVE_LIBC_PTHREAD\n'}
[6.961536] (-) TimerEvent: {}
[7.062352] (-) TimerEvent: {}
[7.163292] (-) TimerEvent: {}
[7.236360] (sllidar_ros2) StdoutLine: {'line': b'-- Performing Test CMAKE_HAVE_LIBC_PTHREAD - Success\n'}
[7.240817] (sllidar_ros2) StdoutLine: {'line': b'-- Found Threads: TRUE  \n'}
[7.263447] (-) TimerEvent: {}
[7.364131] (-) TimerEvent: {}
[7.464844] (-) TimerEvent: {}
[7.565613] (-) TimerEvent: {}
[7.627459] (sllidar_ros2) StdoutLine: {'line': b'-- Found sensor_msgs: 4.8.0 (/opt/ros/humble/share/sensor_msgs/cmake)\n'}
[7.665785] (-) TimerEvent: {}
[7.766496] (-) TimerEvent: {}
[7.867279] (-) TimerEvent: {}
[7.868073] (sllidar_ros2) StdoutLine: {'line': b'-- Found std_srvs: 4.8.0 (/opt/ros/humble/share/std_srvs/cmake)\n'}
[7.967470] (-) TimerEvent: {}
[8.068229] (-) TimerEvent: {}
[8.168954] (-) TimerEvent: {}
[8.243149] (sllidar_ros2) StdoutLine: {'line': b'-- Configuring done\n'}
[8.269134] (-) TimerEvent: {}
[8.334374] (sllidar_ros2) StdoutLine: {'line': b'-- Generating done\n'}
[8.359553] (sllidar_ros2) StdoutLine: {'line': b'-- Build files have been written to: /home/rospi/aug_2024/build/sllidar_ros2\n'}
[8.369393] (-) TimerEvent: {}
[8.396647] (sllidar_ros2) CommandEnded: {'returncode': 0}
[8.398582] (sllidar_ros2) JobProgress: {'identifier': 'sllidar_ros2', 'progress': 'build'}
[8.404399] (sllidar_ros2) Command: {'cmd': ['/usr/bin/cmake', '--build', '/home/rospi/aug_2024/build/sllidar_ros2', '--', '-j4', '-l4'], 'cwd': '/home/rospi/aug_2024/build/sllidar_ros2', 'env': OrderedDict([('LESSOPEN', '| /usr/bin/lesspipe %s'), ('USER', 'rospi'), ('SSH_CLIENT', '10.150.42.143 62568 22'), ('XDG_SESSION_TYPE', 'tty'), ('SHLVL', '1'), ('LD_LIBRARY_PATH', '/home/rospi/aug_2024/install/BMC_2024/lib:/opt/ros/humble/opt/rviz_ogre_vendor/lib:/opt/ros/humble/lib/aarch64-linux-gnu:/opt/ros/humble/lib'), ('MOTD_SHOWN', 'pam'), ('HOME', '/home/rospi'), ('OLDPWD', '/home/rospi'), ('SSH_TTY', '/dev/pts/0'), ('ROS_PYTHON_VERSION', '3'), ('DBUS_SESSION_BUS_ADDRESS', 'unix:path=/run/user/1000/bus'), ('COLCON_PREFIX_PATH', '/home/rospi/aug_2024/install'), ('ROS_DISTRO', 'humble'), ('LOGNAME', 'rospi'), ('_', '/usr/bin/colcon'), ('ROS_VERSION', '2'), ('XDG_SESSION_CLASS', 'user'), ('TERM', 'xterm-256color'), ('XDG_SESSION_ID', '1'), ('ROS_LOCALHOST_ONLY', '0'), ('PATH', '/opt/ros/humble/bin:/usr/local/sbin:/usr/local/bin:/usr/sbin:/usr/bin:/sbin:/bin:/usr/games:/usr/local/games:/snap/bin'), ('XDG_RUNTIME_DIR', '/run/user/1000'), ('LANG', 'en_US.UTF-8'), ('LS_COLORS', 'rs=0:di=01;34:ln=01;36:mh=00:pi=40;33:so=01;35:do=01;35:bd=40;33;01:cd=40;33;01:or=40;31;01:mi=00:su=37;41:sg=30;43:ca=30;41:tw=30;42:ow=34;42:st=37;44:ex=01;32:*.tar=01;31:*.tgz=01;31:*.arc=01;31:*.arj=01;31:*.taz=01;31:*.lha=01;31:*.lz4=01;31:*.lzh=01;31:*.lzma=01;31:*.tlz=01;31:*.txz=01;31:*.tzo=01;31:*.t7z=01;31:*.zip=01;31:*.z=01;31:*.dz=01;31:*.gz=01;31:*.lrz=01;31:*.lz=01;31:*.lzo=01;31:*.xz=01;31:*.zst=01;31:*.tzst=01;31:*.bz2=01;31:*.bz=01;31:*.tbz=01;31:*.tbz2=01;31:*.tz=01;31:*.deb=01;31:*.rpm=01;31:*.jar=01;31:*.war=01;31:*.ear=01;31:*.sar=01;31:*.rar=01;31:*.alz=01;31:*.ace=01;31:*.zoo=01;31:*.cpio=01;31:*.7z=01;31:*.rz=01;31:*.cab=01;31:*.wim=01;31:*.swm=01;31:*.dwm=01;31:*.esd=01;31:*.jpg=01;35:*.jpeg=01;35:*.mjpg=01;35:*.mjpeg=01;35:*.gif=01;35:*.bmp=01;35:*.pbm=01;35:*.pgm=01;35:*.ppm=01;35:*.tga=01;35:*.xbm=01;35:*.xpm=01;35:*.tif=01;35:*.tiff=01;35:*.png=01;35:*.svg=01;35:*.svgz=01;35:*.mng=01;35:*.pcx=01;35:*.mov=01;35:*.mpg=01;35:*.mpeg=01;35:*.m2v=01;35:*.mkv=01;35:*.webm=01;35:*.webp=01;35:*.ogm=01;35:*.mp4=01;35:*.m4v=01;35:*.mp4v=01;35:*.vob=01;35:*.qt=01;35:*.nuv=01;35:*.wmv=01;35:*.asf=01;35:*.rm=01;35:*.rmvb=01;35:*.flc=01;35:*.avi=01;35:*.fli=01;35:*.flv=01;35:*.gl=01;35:*.dl=01;35:*.xcf=01;35:*.xwd=01;35:*.yuv=01;35:*.cgm=01;35:*.emf=01;35:*.ogv=01;35:*.ogx=01;35:*.aac=00;36:*.au=00;36:*.flac=00;36:*.m4a=00;36:*.mid=00;36:*.midi=00;36:*.mka=00;36:*.mp3=00;36:*.mpc=00;36:*.ogg=00;36:*.ra=00;36:*.wav=00;36:*.oga=00;36:*.opus=00;36:*.spx=00;36:*.xspf=00;36:'), ('AMENT_PREFIX_PATH', '/home/rospi/aug_2024/install/aug_2024:/home/rospi/aug_2024/install/BMC_2024:/home/rospi/aug_2024/install/sllidar_ros2:/home/rospi/aug_2024/install/my_robot_nav2:/opt/ros/humble'), ('SHELL', '/bin/bash'), ('LESSCLOSE', '/usr/bin/lesspipe %s %s'), ('PWD', '/home/rospi/aug_2024/build/sllidar_ros2'), ('LC_ALL', 'en_US.UTF-8'), ('SSH_CONNECTION', '10.150.42.143 62568 10.6.102.87 22'), ('XDG_DATA_DIRS', '/usr/local/share:/usr/share:/var/lib/snapd/desktop'), ('PYTHONPATH', '/opt/ros/humble/lib/python3.10/site-packages:/opt/ros/humble/local/lib/python3.10/dist-packages'), ('COLCON', '1'), ('CMAKE_PREFIX_PATH', '/home/rospi/aug_2024/install/aug_2024:/home/rospi/aug_2024/install/BMC_2024:/home/rospi/aug_2024/install/sllidar_ros2:/home/rospi/aug_2024/install/my_robot_nav2:/opt/ros/humble')]), 'shell': False}
[8.469595] (-) TimerEvent: {}
[8.570380] (-) TimerEvent: {}
[8.627932] (sllidar_ros2) StdoutLine: {'line': b'[  5%] \x1b[32mBuilding CXX object CMakeFiles/sllidar_client.dir/src/sllidar_client.cpp.o\x1b[0m\n'}
[8.630693] (sllidar_ros2) StdoutLine: {'line': b'[ 10%] \x1b[32mBuilding CXX object CMakeFiles/sllidar_node.dir/src/sllidar_node.cpp.o\x1b[0m\n'}
[8.635690] (sllidar_ros2) StdoutLine: {'line': b'[ 15%] \x1b[32mBuilding CXX object CMakeFiles/sllidar_node.dir/sdk/src/arch/linux/net_serial.cpp.o\x1b[0m\n'}
[8.638232] (sllidar_ros2) StdoutLine: {'line': b'[ 20%] \x1b[32mBuilding CXX object CMakeFiles/sllidar_node.dir/sdk/src/arch/linux/net_socket.cpp.o\x1b[0m\n'}
[8.670684] (-) TimerEvent: {}
[8.771895] (-) TimerEvent: {}
[8.872752] (-) TimerEvent: {}
[8.973562] (-) TimerEvent: {}
[9.074667] (-) TimerEvent: {}
[9.175598] (-) TimerEvent: {}
[9.276441] (-) TimerEvent: {}
[9.377392] (-) TimerEvent: {}
[9.478120] (-) TimerEvent: {}
[9.578984] (-) TimerEvent: {}
[9.679793] (-) TimerEvent: {}
[9.780642] (-) TimerEvent: {}
[9.881446] (-) TimerEvent: {}
[9.988906] (-) TimerEvent: {}
[10.090893] (-) TimerEvent: {}
[10.192311] (-) TimerEvent: {}
[10.299202] (-) TimerEvent: {}
[10.400989] (-) TimerEvent: {}
[10.501880] (-) TimerEvent: {}
[10.602809] (-) TimerEvent: {}
[10.703788] (-) TimerEvent: {}
[10.804772] (-) TimerEvent: {}
[10.905652] (-) TimerEvent: {}
[11.006497] (-) TimerEvent: {}
[11.107468] (-) TimerEvent: {}
[11.208566] (-) TimerEvent: {}
[11.309789] (-) TimerEvent: {}
[11.411060] (-) TimerEvent: {}
[11.512638] (-) TimerEvent: {}
[11.545603] (sllidar_ros2) StderrLine: {'line': b'In file included from \x1b[01m\x1b[K/home/rospi/aug_2024/src/sllidar_ros2/./sdk/include/rplidar_protocol.h:36\x1b[m\x1b[K,\n'}
[11.546607] (sllidar_ros2) StderrLine: {'line': b'                 from \x1b[01m\x1b[K/home/rospi/aug_2024/src/sllidar_ros2/./sdk/include/rplidar.h:39\x1b[m\x1b[K,\n'}
[11.547428] (sllidar_ros2) StderrLine: {'line': b'                 from \x1b[01m\x1b[K/home/rospi/aug_2024/src/sllidar_ros2/./sdk/src/sdkcommon.h:49\x1b[m\x1b[K,\n'}
[11.548223] (sllidar_ros2) StderrLine: {'line': b'                 from \x1b[01m\x1b[K/home/rospi/aug_2024/src/sllidar_ros2/sdk/src/arch/linux/net_socket.cpp:10\x1b[m\x1b[K:\n'}
[11.550053] (sllidar_ros2) StderrLine: {'line': b'\x1b[01m\x1b[K/home/rospi/aug_2024/src/sllidar_ros2/./sdk/include/sl_lidar_protocol.h:66:16:\x1b[m\x1b[K \x1b[01;35m\x1b[Kwarning: \x1b[m\x1b[KISO C++ forbids zero-size array \xe2\x80\x98\x1b[01m\x1b[Kdata\x1b[m\x1b[K\xe2\x80\x99 [\x1b[01;35m\x1b[K\x1b]8;;https://gcc.gnu.org/onlinedocs/gcc/Warning-Options.html#index-Wpedantic\x07-Wpedantic\x1b]8;;\x07\x1b[m\x1b[K]\n'}
[11.551203] (sllidar_ros2) StderrLine: {'line': b'   66 |     sl_u8 data[\x1b[01;35m\x1b[K0\x1b[m\x1b[K];\n'}
[11.552171] (sllidar_ros2) StderrLine: {'line': b'      |                \x1b[01;35m\x1b[K^\x1b[m\x1b[K\n'}
[11.561306] (sllidar_ros2) StderrLine: {'line': b'In file included from \x1b[01m\x1b[K/home/rospi/aug_2024/src/sllidar_ros2/./sdk/include/rplidar_cmd.h:36\x1b[m\x1b[K,\n'}
[11.562414] (sllidar_ros2) StderrLine: {'line': b'                 from \x1b[01m\x1b[K/home/rospi/aug_2024/src/sllidar_ros2/./sdk/include/rplidar.h:40\x1b[m\x1b[K,\n'}
[11.563348] (sllidar_ros2) StderrLine: {'line': b'                 from \x1b[01m\x1b[K/home/rospi/aug_2024/src/sllidar_ros2/./sdk/src/sdkcommon.h:49\x1b[m\x1b[K,\n'}
[11.564075] (sllidar_ros2) StderrLine: {'line': b'                 from \x1b[01m\x1b[K/home/rospi/aug_2024/src/sllidar_ros2/sdk/src/arch/linux/net_socket.cpp:10\x1b[m\x1b[K:\n'}
[11.564807] (sllidar_ros2) StderrLine: {'line': b'\x1b[01m\x1b[K/home/rospi/aug_2024/src/sllidar_ros2/./sdk/include/sl_lidar_cmd.h:324:20:\x1b[m\x1b[K \x1b[01;35m\x1b[Kwarning: \x1b[m\x1b[KISO C++ forbids zero-size array \xe2\x80\x98\x1b[01m\x1b[Kpayload\x1b[m\x1b[K\xe2\x80\x99 [\x1b[01;35m\x1b[K\x1b]8;;https://gcc.gnu.org/onlinedocs/gcc/Warning-Options.html#index-Wpedantic\x07-Wpedantic\x1b]8;;\x07\x1b[m\x1b[K]\n'}
[11.565585] (sllidar_ros2) StderrLine: {'line': b'  324 |     sl_u8  payload[\x1b[01;35m\x1b[K0\x1b[m\x1b[K];\n'}
[11.566270] (sllidar_ros2) StderrLine: {'line': b'      |                    \x1b[01;35m\x1b[K^\x1b[m\x1b[K\n'}
[11.612963] (-) TimerEvent: {}
[11.713971] (-) TimerEvent: {}
[11.815887] (-) TimerEvent: {}
[11.917951] (-) TimerEvent: {}
[12.019752] (-) TimerEvent: {}
[12.022090] (sllidar_ros2) StderrLine: {'line': b'In file included from \x1b[01m\x1b[K/home/rospi/aug_2024/src/sllidar_ros2/./sdk/src/arch/linux/arch_linux.h:42\x1b[m\x1b[K,\n'}
[12.023917] (sllidar_ros2) StderrLine: {'line': b'                 from \x1b[01m\x1b[K/home/rospi/aug_2024/src/sllidar_ros2/./sdk/src/sdkcommon.h:41\x1b[m\x1b[K,\n'}
[12.024927] (sllidar_ros2) StderrLine: {'line': b'                 from \x1b[01m\x1b[K/home/rospi/aug_2024/src/sllidar_ros2/sdk/src/arch/linux/net_socket.cpp:10\x1b[m\x1b[K:\n'}
[12.025847] (sllidar_ros2) StderrLine: {'line': b'\x1b[01m\x1b[K/home/rospi/aug_2024/src/sllidar_ros2/sdk/src/arch/linux/net_socket.cpp:\x1b[m\x1b[K In member function \xe2\x80\x98\x1b[01m\x1b[Kvirtual u_result rp::arch::net::DGramSocketImpl::sendTo(const rp::net::SocketAddress*, const void*, size_t)\x1b[m\x1b[K\xe2\x80\x99:\n'}
[12.026719] (sllidar_ros2) StderrLine: {'line': b'\x1b[01m\x1b[K/home/rospi/aug_2024/src/sllidar_ros2/sdk/src/arch/linux/net_socket.cpp:733:24:\x1b[m\x1b[K \x1b[01;35m\x1b[Kwarning: \x1b[m\x1b[Kcomparison of integer expressions of different signedness: \xe2\x80\x98\x1b[01m\x1b[Kint\x1b[m\x1b[K\xe2\x80\x99 and \xe2\x80\x98\x1b[01m\x1b[Ksize_t\x1b[m\x1b[K\xe2\x80\x99 {aka \xe2\x80\x98\x1b[01m\x1b[Klong unsigned int\x1b[m\x1b[K\xe2\x80\x99} [\x1b[01;35m\x1b[K\x1b]8;;https://gcc.gnu.org/onlinedocs/gcc/Warning-Options.html#index-Wsign-compare\x07-Wsign-compare\x1b]8;;\x07\x1b[m\x1b[K]\n'}
[12.027533] (sllidar_ros2) StderrLine: {'line': b'  733 |             assert(\x1b[01;35m\x1b[Kans == len\x1b[m\x1b[K);\n'}
[12.028568] (sllidar_ros2) StderrLine: {'line': b'      |                    \x1b[01;35m\x1b[K~~~~^~~~~~\x1b[m\x1b[K\n'}
[12.120050] (-) TimerEvent: {}
[12.221259] (-) TimerEvent: {}
[12.322215] (-) TimerEvent: {}
[12.347434] (sllidar_ros2) StderrLine: {'line': b'\x1b[01m\x1b[K/home/rospi/aug_2024/src/sllidar_ros2/sdk/src/arch/linux/net_serial.cpp:\x1b[m\x1b[K In member function \xe2\x80\x98\x1b[01m\x1b[Kbool rp::arch::net::raw_serial::open(const char*, uint32_t, uint32_t)\x1b[m\x1b[K\xe2\x80\x99:\n'}
[12.348459] (sllidar_ros2) StderrLine: {'line': b'\x1b[01m\x1b[K/home/rospi/aug_2024/src/sllidar_ros2/sdk/src/arch/linux/net_serial.cpp:97:74:\x1b[m\x1b[K \x1b[01;35m\x1b[Kwarning: \x1b[m\x1b[Kunused parameter \xe2\x80\x98\x1b[01m\x1b[Kflags\x1b[m\x1b[K\xe2\x80\x99 [\x1b[01;35m\x1b[K\x1b]8;;https://gcc.gnu.org/onlinedocs/gcc/Warning-Options.html#index-Wunused-parameter\x07-Wunused-parameter\x1b]8;;\x07\x1b[m\x1b[K]\n'}
[12.349456] (sllidar_ros2) StderrLine: {'line': b'   97 | bool raw_serial::open(const char * portname, uint32_t baudrate, \x1b[01;35m\x1b[Kuint32_t flags\x1b[m\x1b[K)\n'}
[12.350497] (sllidar_ros2) StderrLine: {'line': b'      |                                                                 \x1b[01;35m\x1b[K~~~~~~~~~^~~~~\x1b[m\x1b[K\n'}
[12.355305] (sllidar_ros2) StderrLine: {'line': b'\x1b[01m\x1b[K/home/rospi/aug_2024/src/sllidar_ros2/sdk/src/arch/linux/net_serial.cpp:\x1b[m\x1b[K In member function \xe2\x80\x98\x1b[01m\x1b[Kvirtual void rp::arch::net::raw_serial::flush(_u32)\x1b[m\x1b[K\xe2\x80\x99:\n'}
[12.356471] (sllidar_ros2) StderrLine: {'line': b'\x1b[01m\x1b[K/home/rospi/aug_2024/src/sllidar_ros2/sdk/src/arch/linux/net_serial.cpp:281:30:\x1b[m\x1b[K \x1b[01;35m\x1b[Kwarning: \x1b[m\x1b[Kunused parameter \xe2\x80\x98\x1b[01m\x1b[Kflags\x1b[m\x1b[K\xe2\x80\x99 [\x1b[01;35m\x1b[K\x1b]8;;https://gcc.gnu.org/onlinedocs/gcc/Warning-Options.html#index-Wunused-parameter\x07-Wunused-parameter\x1b]8;;\x07\x1b[m\x1b[K]\n'}
[12.357633] (sllidar_ros2) StderrLine: {'line': b'  281 | void raw_serial::flush( \x1b[01;35m\x1b[K_u32 flags\x1b[m\x1b[K)\n'}
[12.358832] (sllidar_ros2) StderrLine: {'line': b'      |                         \x1b[01;35m\x1b[K~~~~~^~~~~\x1b[m\x1b[K\n'}
[12.360874] (sllidar_ros2) StderrLine: {'line': b'\x1b[01m\x1b[K/home/rospi/aug_2024/src/sllidar_ros2/sdk/src/arch/linux/net_serial.cpp:\x1b[m\x1b[K In member function \xe2\x80\x98\x1b[01m\x1b[Kvirtual int rp::arch::net::raw_serial::waitforsent(_u32, size_t*)\x1b[m\x1b[K\xe2\x80\x99:\n'}
[12.362063] (sllidar_ros2) StderrLine: {'line': b'\x1b[01m\x1b[K/home/rospi/aug_2024/src/sllidar_ros2/sdk/src/arch/linux/net_serial.cpp:286:34:\x1b[m\x1b[K \x1b[01;35m\x1b[Kwarning: \x1b[m\x1b[Kunused parameter \xe2\x80\x98\x1b[01m\x1b[Ktimeout\x1b[m\x1b[K\xe2\x80\x99 [\x1b[01;35m\x1b[K\x1b]8;;https://gcc.gnu.org/onlinedocs/gcc/Warning-Options.html#index-Wunused-parameter\x07-Wunused-parameter\x1b]8;;\x07\x1b[m\x1b[K]\n'}
[12.362970] (sllidar_ros2) StderrLine: {'line': b'  286 | int raw_serial::waitforsent(\x1b[01;35m\x1b[K_u32 timeout\x1b[m\x1b[K, size_t * returned_size)\n'}
[12.364070] (sllidar_ros2) StderrLine: {'line': b'      |                             \x1b[01;35m\x1b[K~~~~~^~~~~~~\x1b[m\x1b[K\n'}
[12.373010] (sllidar_ros2) StderrLine: {'line': b'\x1b[01m\x1b[K/home/rospi/aug_2024/src/sllidar_ros2/sdk/src/arch/linux/net_serial.cpp:\x1b[m\x1b[K In member function \xe2\x80\x98\x1b[01m\x1b[Kvirtual int rp::arch::net::raw_serial::waitforrecv(_u32, size_t*)\x1b[m\x1b[K\xe2\x80\x99:\n'}
[12.374424] (sllidar_ros2) StderrLine: {'line': b'\x1b[01m\x1b[K/home/rospi/aug_2024/src/sllidar_ros2/sdk/src/arch/linux/net_serial.cpp:292:34:\x1b[m\x1b[K \x1b[01;35m\x1b[Kwarning: \x1b[m\x1b[Kunused parameter \xe2\x80\x98\x1b[01m\x1b[Ktimeout\x1b[m\x1b[K\xe2\x80\x99 [\x1b[01;35m\x1b[K\x1b]8;;https://gcc.gnu.org/onlinedocs/gcc/Warning-Options.html#index-Wunused-parameter\x07-Wunused-parameter\x1b]8;;\x07\x1b[m\x1b[K]\n'}
[12.375288] (sllidar_ros2) StderrLine: {'line': b'  292 | int raw_serial::waitforrecv(\x1b[01;35m\x1b[K_u32 timeout\x1b[m\x1b[K, size_t * returned_size)\n'}
[12.376657] (sllidar_ros2) StderrLine: {'line': b'      |                             \x1b[01;35m\x1b[K~~~~~^~~~~~~\x1b[m\x1b[K\n'}
[12.381324] (sllidar_ros2) StderrLine: {'line': b'\x1b[01m\x1b[K/home/rospi/aug_2024/src/sllidar_ros2/sdk/src/arch/linux/net_serial.cpp:\x1b[m\x1b[K In member function \xe2\x80\x98\x1b[01m\x1b[Kvirtual void rp::arch::net::raw_serial::cancelOperation()\x1b[m\x1b[K\xe2\x80\x99:\n'}
[12.382707] (sllidar_ros2) StderrLine: {'line': b'\x1b[01m\x1b[K/home/rospi/aug_2024/src/sllidar_ros2/sdk/src/arch/linux/net_serial.cpp:427:5:\x1b[m\x1b[K \x1b[01;35m\x1b[Kwarning: \x1b[m\x1b[Kvalue computed is not used [\x1b[01;35m\x1b[K\x1b]8;;https://gcc.gnu.org/onlinedocs/gcc/Warning-Options.html#index-Wunused-value\x07-Wunused-value\x1b]8;;\x07\x1b[m\x1b[K]\n'}
[12.384232] (sllidar_ros2) StderrLine: {'line': b'  427 |     \x1b[01;35m\x1b[K(int)::write(_selfpipe[1], "x", 1)\x1b[m\x1b[K;\n'}
[12.385839] (sllidar_ros2) StderrLine: {'line': b'      |     \x1b[01;35m\x1b[K^~~~~~~~~~~~~~~~~~~~~~~~~~~~~~~~~~\x1b[m\x1b[K\n'}
[12.422534] (-) TimerEvent: {}
[12.523876] (-) TimerEvent: {}
[12.625084] (-) TimerEvent: {}
[12.726009] (-) TimerEvent: {}
[12.826968] (-) TimerEvent: {}
[12.928008] (-) TimerEvent: {}
[13.029327] (-) TimerEvent: {}
[13.039297] (sllidar_ros2) StdoutLine: {'line': b'[ 25%] \x1b[32mBuilding CXX object CMakeFiles/sllidar_node.dir/sdk/src/arch/linux/timer.cpp.o\x1b[0m\n'}
[13.129595] (-) TimerEvent: {}
[13.168134] (sllidar_ros2) StdoutLine: {'line': b'[ 30%] \x1b[32mBuilding CXX object CMakeFiles/sllidar_node.dir/sdk/src/dataunpacker/dataunpacker.cpp.o\x1b[0m\n'}
[13.229804] (-) TimerEvent: {}
[13.330778] (-) TimerEvent: {}
[13.431669] (-) TimerEvent: {}
[13.532549] (-) TimerEvent: {}
[13.633595] (-) TimerEvent: {}
[13.734642] (-) TimerEvent: {}
[13.835580] (-) TimerEvent: {}
[13.936474] (-) TimerEvent: {}
[14.037367] (-) TimerEvent: {}
[14.138201] (-) TimerEvent: {}
[14.239116] (-) TimerEvent: {}
[14.340272] (-) TimerEvent: {}
[14.441935] (-) TimerEvent: {}
[14.542994] (-) TimerEvent: {}
[14.643959] (-) TimerEvent: {}
[14.745058] (-) TimerEvent: {}
[14.846175] (-) TimerEvent: {}
[14.947155] (-) TimerEvent: {}
[15.048311] (-) TimerEvent: {}
[15.149601] (-) TimerEvent: {}
[15.250698] (-) TimerEvent: {}
[15.351671] (-) TimerEvent: {}
[15.452768] (-) TimerEvent: {}
[15.553865] (-) TimerEvent: {}
[15.654960] (-) TimerEvent: {}
[15.756090] (-) TimerEvent: {}
[15.857392] (-) TimerEvent: {}
[15.958769] (-) TimerEvent: {}
[16.060029] (-) TimerEvent: {}
[16.161023] (-) TimerEvent: {}
[16.262081] (-) TimerEvent: {}
[16.363600] (-) TimerEvent: {}
[16.465090] (-) TimerEvent: {}
[16.474862] (sllidar_ros2) StdoutLine: {'line': b'[ 35%] \x1b[32mBuilding CXX object CMakeFiles/sllidar_node.dir/sdk/src/dataunpacker/unpacker/handler_capsules.cpp.o\x1b[0m\n'}
[16.524605] (sllidar_ros2) StderrLine: {'line': b'In file included from \x1b[01m\x1b[K/home/rospi/aug_2024/src/sllidar_ros2/./sdk/include/rplidar_protocol.h:36\x1b[m\x1b[K,\n'}
[16.526156] (sllidar_ros2) StderrLine: {'line': b'                 from \x1b[01m\x1b[K/home/rospi/aug_2024/src/sllidar_ros2/./sdk/include/rplidar.h:39\x1b[m\x1b[K,\n'}
[16.526926] (sllidar_ros2) StderrLine: {'line': b'                 from \x1b[01m\x1b[K/home/rospi/aug_2024/src/sllidar_ros2/./sdk/src/sdkcommon.h:49\x1b[m\x1b[K,\n'}
[16.527713] (sllidar_ros2) StderrLine: {'line': b'                 from \x1b[01m\x1b[K/home/rospi/aug_2024/src/sllidar_ros2/sdk/src/dataunpacker/dataunnpacker_commondef.h:41\x1b[m\x1b[K,\n'}
[16.528452] (sllidar_ros2) StderrLine: {'line': b'                 from \x1b[01m\x1b[K/home/rospi/aug_2024/src/sllidar_ros2/sdk/src/dataunpacker/dataunpacker.cpp:39\x1b[m\x1b[K:\n'}
[16.530192] (sllidar_ros2) StderrLine: {'line': b'\x1b[01m\x1b[K/home/rospi/aug_2024/src/sllidar_ros2/./sdk/include/sl_lidar_protocol.h:66:16:\x1b[m\x1b[K \x1b[01;35m\x1b[Kwarning: \x1b[m\x1b[KISO C++ forbids zero-size array \xe2\x80\x98\x1b[01m\x1b[Kdata\x1b[m\x1b[K\xe2\x80\x99 [\x1b[01;35m\x1b[K\x1b]8;;https://gcc.gnu.org/onlinedocs/gcc/Warning-Options.html#index-Wpedantic\x07-Wpedantic\x1b]8;;\x07\x1b[m\x1b[K]\n'}
[16.530933] (sllidar_ros2) StderrLine: {'line': b'   66 |     sl_u8 data[\x1b[01;35m\x1b[K0\x1b[m\x1b[K];\n'}
[16.531619] (sllidar_ros2) StderrLine: {'line': b'      |                \x1b[01;35m\x1b[K^\x1b[m\x1b[K\n'}
[16.532345] (sllidar_ros2) StderrLine: {'line': b'In file included from \x1b[01m\x1b[K/home/rospi/aug_2024/src/sllidar_ros2/./sdk/include/rplidar_cmd.h:36\x1b[m\x1b[K,\n'}
[16.533631] (sllidar_ros2) StderrLine: {'line': b'                 from \x1b[01m\x1b[K/home/rospi/aug_2024/src/sllidar_ros2/./sdk/include/rplidar.h:40\x1b[m\x1b[K,\n'}
[16.534395] (sllidar_ros2) StderrLine: {'line': b'                 from \x1b[01m\x1b[K/home/rospi/aug_2024/src/sllidar_ros2/./sdk/src/sdkcommon.h:49\x1b[m\x1b[K,\n'}
[16.535122] (sllidar_ros2) StderrLine: {'line': b'                 from \x1b[01m\x1b[K/home/rospi/aug_2024/src/sllidar_ros2/sdk/src/dataunpacker/dataunnpacker_commondef.h:41\x1b[m\x1b[K,\n'}
[16.535836] (sllidar_ros2) StderrLine: {'line': b'                 from \x1b[01m\x1b[K/home/rospi/aug_2024/src/sllidar_ros2/sdk/src/dataunpacker/dataunpacker.cpp:39\x1b[m\x1b[K:\n'}
[16.536526] (sllidar_ros2) StderrLine: {'line': b'\x1b[01m\x1b[K/home/rospi/aug_2024/src/sllidar_ros2/./sdk/include/sl_lidar_cmd.h:324:20:\x1b[m\x1b[K \x1b[01;35m\x1b[Kwarning: \x1b[m\x1b[KISO C++ forbids zero-size array \xe2\x80\x98\x1b[01m\x1b[Kpayload\x1b[m\x1b[K\xe2\x80\x99 [\x1b[01;35m\x1b[K\x1b]8;;https://gcc.gnu.org/onlinedocs/gcc/Warning-Options.html#index-Wpedantic\x07-Wpedantic\x1b]8;;\x07\x1b[m\x1b[K]\n'}
[16.537385] (sllidar_ros2) StderrLine: {'line': b'  324 |     sl_u8  payload[\x1b[01;35m\x1b[K0\x1b[m\x1b[K];\n'}
[16.538119] (sllidar_ros2) StderrLine: {'line': b'      |                    \x1b[01;35m\x1b[K^\x1b[m\x1b[K\n'}
[16.565337] (-) TimerEvent: {}
[16.666364] (-) TimerEvent: {}
[16.767456] (-) TimerEvent: {}
[16.868439] (-) TimerEvent: {}
[16.969574] (-) TimerEvent: {}
[17.070620] (-) TimerEvent: {}
[17.171592] (-) TimerEvent: {}
[17.272591] (-) TimerEvent: {}
[17.374148] (-) TimerEvent: {}
[17.475257] (-) TimerEvent: {}
[17.557116] (sllidar_ros2) StderrLine: {'line': b'In file included from \x1b[01m\x1b[K/home/rospi/aug_2024/src/sllidar_ros2/sdk/src/dataunpacker/dataunpacker.cpp:40\x1b[m\x1b[K:\n'}
[17.558553] (sllidar_ros2) StderrLine: {'line': b'\x1b[01m\x1b[K/home/rospi/aug_2024/src/sllidar_ros2/sdk/src/dataunpacker/dataunpacker.h:\x1b[m\x1b[K In member function \xe2\x80\x98\x1b[01m\x1b[Kvirtual void sl::internal::LIDARSampleDataListener::onCustomSampleDataDecoded(_u8, _u32, const void*, size_t)\x1b[m\x1b[K\xe2\x80\x99:\n'}
[17.560119] (sllidar_ros2) StderrLine: {'line': b'\x1b[01m\x1b[K/home/rospi/aug_2024/src/sllidar_ros2/sdk/src/dataunpacker/dataunpacker.h:54:52:\x1b[m\x1b[K \x1b[01;35m\x1b[Kwarning: \x1b[m\x1b[Kunused parameter \xe2\x80\x98\x1b[01m\x1b[KansType\x1b[m\x1b[K\xe2\x80\x99 [\x1b[01;35m\x1b[K\x1b]8;;https://gcc.gnu.org/onlinedocs/gcc/Warning-Options.html#index-Wunused-parameter\x07-Wunused-parameter\x1b]8;;\x07\x1b[m\x1b[K]\n'}
[17.561729] (sllidar_ros2) StderrLine: {'line': b'   54 |         virtual void onCustomSampleDataDecoded(\x1b[01;35m\x1b[K_u8 ansType\x1b[m\x1b[K, _u32 customCode, const void* data, size_t size) {}\n'}
[17.562896] (sllidar_ros2) StderrLine: {'line': b'      |                                                \x1b[01;35m\x1b[K~~~~^~~~~~~\x1b[m\x1b[K\n'}
[17.563715] (sllidar_ros2) StderrLine: {'line': b'\x1b[01m\x1b[K/home/rospi/aug_2024/src/sllidar_ros2/sdk/src/dataunpacker/dataunpacker.h:54:66:\x1b[m\x1b[K \x1b[01;35m\x1b[Kwarning: \x1b[m\x1b[Kunused parameter \xe2\x80\x98\x1b[01m\x1b[KcustomCode\x1b[m\x1b[K\xe2\x80\x99 [\x1b[01;35m\x1b[K\x1b]8;;https://gcc.gnu.org/onlinedocs/gcc/Warning-Options.html#index-Wunused-parameter\x07-Wunused-parameter\x1b]8;;\x07\x1b[m\x1b[K]\n'}
[17.564446] (sllidar_ros2) StderrLine: {'line': b'   54 |         virtual void onCustomSampleDataDecoded(_u8 ansType, \x1b[01;35m\x1b[K_u32 customCode\x1b[m\x1b[K, const void* data, size_t size) {}\n'}
[17.565240] (sllidar_ros2) StderrLine: {'line': b'      |                                                             \x1b[01;35m\x1b[K~~~~~^~~~~~~~~~\x1b[m\x1b[K\n'}
[17.565967] (sllidar_ros2) StderrLine: {'line': b'\x1b[01m\x1b[K/home/rospi/aug_2024/src/sllidar_ros2/sdk/src/dataunpacker/dataunpacker.h:54:90:\x1b[m\x1b[K \x1b[01;35m\x1b[Kwarning: \x1b[m\x1b[Kunused parameter \xe2\x80\x98\x1b[01m\x1b[Kdata\x1b[m\x1b[K\xe2\x80\x99 [\x1b[01;35m\x1b[K\x1b]8;;https://gcc.gnu.org/onlinedocs/gcc/Warning-Options.html#index-Wunused-parameter\x07-Wunused-parameter\x1b]8;;\x07\x1b[m\x1b[K]\n'}
[17.566680] (sllidar_ros2) StderrLine: {'line': b'   54 |         virtual void onCustomSampleDataDecoded(_u8 ansType, _u32 customCode, \x1b[01;35m\x1b[Kconst void* data\x1b[m\x1b[K, size_t size) {}\n'}
[17.567357] (sllidar_ros2) StderrLine: {'line': b'      |                                                                              \x1b[01;35m\x1b[K~~~~~~~~~~~~^~~~\x1b[m\x1b[K\n'}
[17.568207] (sllidar_ros2) StderrLine: {'line': b'\x1b[01m\x1b[K/home/rospi/aug_2024/src/sllidar_ros2/sdk/src/dataunpacker/dataunpacker.h:54:103:\x1b[m\x1b[K \x1b[01;35m\x1b[Kwarning: \x1b[m\x1b[Kunused parameter \xe2\x80\x98\x1b[01m\x1b[Ksize\x1b[m\x1b[K\xe2\x80\x99 [\x1b[01;35m\x1b[K\x1b]8;;https://gcc.gnu.org/onlinedocs/gcc/Warning-Options.html#index-Wunused-parameter\x07-Wunused-parameter\x1b]8;;\x07\x1b[m\x1b[K]\n'}
[17.569014] (sllidar_ros2) StderrLine: {'line': b'   54 |         virtual void onCustomSampleDataDecoded(_u8 ansType, _u32 customCode, const void* data, \x1b[01;35m\x1b[Ksize_t size\x1b[m\x1b[K) {}\n'}
[17.569728] (sllidar_ros2) StderrLine: {'line': b'      |                                                                                                \x1b[01;35m\x1b[K~~~~~~~^~~~\x1b[m\x1b[K\n'}
[17.570413] (sllidar_ros2) StderrLine: {'line': b'\x1b[01m\x1b[K/home/rospi/aug_2024/src/sllidar_ros2/sdk/src/dataunpacker/dataunpacker.h:\x1b[m\x1b[K In member function \xe2\x80\x98\x1b[01m\x1b[Kvirtual void sl::internal::LIDARSampleDataListener::onDecodingError(int, _u8, const void*, size_t)\x1b[m\x1b[K\xe2\x80\x99:\n'}
[17.571105] (sllidar_ros2) StderrLine: {'line': b'\x1b[01m\x1b[K/home/rospi/aug_2024/src/sllidar_ros2/sdk/src/dataunpacker/dataunpacker.h:56:42:\x1b[m\x1b[K \x1b[01;35m\x1b[Kwarning: \x1b[m\x1b[Kunused parameter \xe2\x80\x98\x1b[01m\x1b[KerrMsg\x1b[m\x1b[K\xe2\x80\x99 [\x1b[01;35m\x1b[K\x1b]8;;https://gcc.gnu.org/onlinedocs/gcc/Warning-Options.html#index-Wunused-parameter\x07-Wunused-parameter\x1b]8;;\x07\x1b[m\x1b[K]\n'}
[17.571809] (sllidar_ros2) StderrLine: {'line': b'   56 |         virtual void onDecodingError(\x1b[01;35m\x1b[Kint errMsg\x1b[m\x1b[K, _u8 ansType, const void* payload, size_t size) {}\n'}
[17.572497] (sllidar_ros2) StderrLine: {'line': b'      |                                      \x1b[01;35m\x1b[K~~~~^~~~~~\x1b[m\x1b[K\n'}
[17.589836] (-) TimerEvent: {}
[17.590495] (sllidar_ros2) StderrLine: {'line': b'\x1b[01m\x1b[K/home/rospi/aug_2024/src/sllidar_ros2/sdk/src/dataunpacker/dataunpacker.h:56:54:\x1b[m\x1b[K \x1b[01;35m\x1b[Kwarning: \x1b[m\x1b[Kunused parameter \xe2\x80\x98\x1b[01m\x1b[KansType\x1b[m\x1b[K\xe2\x80\x99 [\x1b[01;35m\x1b[K\x1b]8;;https://gcc.gnu.org/onlinedocs/gcc/Warning-Options.html#index-Wunused-parameter\x07-Wunused-parameter\x1b]8;;\x07\x1b[m\x1b[K]\n'}
[17.591390] (sllidar_ros2) StderrLine: {'line': b'   56 |         virtual void onDecodingError(int errMsg, \x1b[01;35m\x1b[K_u8 ansType\x1b[m\x1b[K, const void* payload, size_t size) {}\n'}
[17.592239] (sllidar_ros2) StderrLine: {'line': b'      |                                                  \x1b[01;35m\x1b[K~~~~^~~~~~~\x1b[m\x1b[K\n'}
[17.593096] (sllidar_ros2) StderrLine: {'line': b'\x1b[01m\x1b[K/home/rospi/aug_2024/src/sllidar_ros2/sdk/src/dataunpacker/dataunpacker.h:56:75:\x1b[m\x1b[K \x1b[01;35m\x1b[Kwarning: \x1b[m\x1b[Kunused parameter \xe2\x80\x98\x1b[01m\x1b[Kpayload\x1b[m\x1b[K\xe2\x80\x99 [\x1b[01;35m\x1b[K\x1b]8;;https://gcc.gnu.org/onlinedocs/gcc/Warning-Options.html#index-Wunused-parameter\x07-Wunused-parameter\x1b]8;;\x07\x1b[m\x1b[K]\n'}
[17.593914] (sllidar_ros2) StderrLine: {'line': b'   56 |         virtual void onDecodingError(int errMsg, _u8 ansType, \x1b[01;35m\x1b[Kconst void* payload\x1b[m\x1b[K, size_t size) {}\n'}
[17.594755] (sllidar_ros2) StderrLine: {'line': b'      |                                                               \x1b[01;35m\x1b[K~~~~~~~~~~~~^~~~~~~\x1b[m\x1b[K\n'}
[17.595512] (sllidar_ros2) StderrLine: {'line': b'\x1b[01m\x1b[K/home/rospi/aug_2024/src/sllidar_ros2/sdk/src/dataunpacker/dataunpacker.h:56:91:\x1b[m\x1b[K \x1b[01;35m\x1b[Kwarning: \x1b[m\x1b[Kunused parameter \xe2\x80\x98\x1b[01m\x1b[Ksize\x1b[m\x1b[K\xe2\x80\x99 [\x1b[01;35m\x1b[K\x1b]8;;https://gcc.gnu.org/onlinedocs/gcc/Warning-Options.html#index-Wunused-parameter\x07-Wunused-parameter\x1b]8;;\x07\x1b[m\x1b[K]\n'}
[17.596259] (sllidar_ros2) StderrLine: {'line': b'   56 |         virtual void onDecodingError(int errMsg, _u8 ansType, const void* payload, \x1b[01;35m\x1b[Ksize_t size\x1b[m\x1b[K) {}\n'}
[17.597151] (sllidar_ros2) StderrLine: {'line': b'      |                                                                                    \x1b[01;35m\x1b[K~~~~~~~^~~~\x1b[m\x1b[K\n'}
[17.690102] (-) TimerEvent: {}
[17.791109] (-) TimerEvent: {}
[17.892111] (-) TimerEvent: {}
[17.993113] (-) TimerEvent: {}
[18.095458] (-) TimerEvent: {}
[18.198073] (-) TimerEvent: {}
[18.299820] (-) TimerEvent: {}
[18.400786] (-) TimerEvent: {}
[18.502355] (-) TimerEvent: {}
[18.604122] (-) TimerEvent: {}
[18.706033] (-) TimerEvent: {}
[18.807831] (-) TimerEvent: {}
[18.909720] (-) TimerEvent: {}
[19.010729] (-) TimerEvent: {}
[19.103903] (sllidar_ros2) StdoutLine: {'line': b'[ 40%] \x1b[32mBuilding CXX object CMakeFiles/sllidar_node.dir/sdk/src/dataunpacker/unpacker/handler_hqnode.cpp.o\x1b[0m\n'}
[19.110963] (-) TimerEvent: {}
[19.211973] (-) TimerEvent: {}
[19.312949] (-) TimerEvent: {}
[19.413917] (-) TimerEvent: {}
[19.520925] (-) TimerEvent: {}
[19.622487] (-) TimerEvent: {}
[19.636203] (sllidar_ros2) StderrLine: {'line': b'In file included from \x1b[01m\x1b[K/home/rospi/aug_2024/src/sllidar_ros2/./sdk/include/rplidar_protocol.h:36\x1b[m\x1b[K,\n'}
[19.637336] (sllidar_ros2) StderrLine: {'line': b'                 from \x1b[01m\x1b[K/home/rospi/aug_2024/src/sllidar_ros2/./sdk/include/rplidar.h:39\x1b[m\x1b[K,\n'}
[19.637990] (sllidar_ros2) StderrLine: {'line': b'                 from \x1b[01m\x1b[K/home/rospi/aug_2024/src/sllidar_ros2/./sdk/src/sdkcommon.h:49\x1b[m\x1b[K,\n'}
[19.638582] (sllidar_ros2) StderrLine: {'line': b'                 from \x1b[01m\x1b[K/home/rospi/aug_2024/src/sllidar_ros2/sdk/src/dataunpacker/unpacker/../dataunnpacker_commondef.h:41\x1b[m\x1b[K,\n'}
[19.639172] (sllidar_ros2) StderrLine: {'line': b'                 from \x1b[01m\x1b[K/home/rospi/aug_2024/src/sllidar_ros2/sdk/src/dataunpacker/unpacker/handler_capsules.cpp:39\x1b[m\x1b[K:\n'}
[19.639745] (sllidar_ros2) StderrLine: {'line': b'\x1b[01m\x1b[K/home/rospi/aug_2024/src/sllidar_ros2/./sdk/include/sl_lidar_protocol.h:66:16:\x1b[m\x1b[K \x1b[01;35m\x1b[Kwarning: \x1b[m\x1b[KISO C++ forbids zero-size array \xe2\x80\x98\x1b[01m\x1b[Kdata\x1b[m\x1b[K\xe2\x80\x99 [\x1b[01;35m\x1b[K\x1b]8;;https://gcc.gnu.org/onlinedocs/gcc/Warning-Options.html#index-Wpedantic\x07-Wpedantic\x1b]8;;\x07\x1b[m\x1b[K]\n'}
[19.640308] (sllidar_ros2) StderrLine: {'line': b'   66 |     sl_u8 data[\x1b[01;35m\x1b[K0\x1b[m\x1b[K];\n'}
[19.641153] (sllidar_ros2) StderrLine: {'line': b'      |                \x1b[01;35m\x1b[K^\x1b[m\x1b[K\n'}
[19.644554] (sllidar_ros2) StderrLine: {'line': b'In file included from \x1b[01m\x1b[K/home/rospi/aug_2024/src/sllidar_ros2/./sdk/include/rplidar_cmd.h:36\x1b[m\x1b[K,\n'}
[19.646407] (sllidar_ros2) StderrLine: {'line': b'                 from \x1b[01m\x1b[K/home/rospi/aug_2024/src/sllidar_ros2/./sdk/include/rplidar.h:40\x1b[m\x1b[K,\n'}
[19.647261] (sllidar_ros2) StderrLine: {'line': b'                 from \x1b[01m\x1b[K/home/rospi/aug_2024/src/sllidar_ros2/./sdk/src/sdkcommon.h:49\x1b[m\x1b[K,\n'}
[19.647949] (sllidar_ros2) StderrLine: {'line': b'                 from \x1b[01m\x1b[K/home/rospi/aug_2024/src/sllidar_ros2/sdk/src/dataunpacker/unpacker/../dataunnpacker_commondef.h:41\x1b[m\x1b[K,\n'}
[19.648533] (sllidar_ros2) StderrLine: {'line': b'                 from \x1b[01m\x1b[K/home/rospi/aug_2024/src/sllidar_ros2/sdk/src/dataunpacker/unpacker/handler_capsules.cpp:39\x1b[m\x1b[K:\n'}
[19.649185] (sllidar_ros2) StderrLine: {'line': b'\x1b[01m\x1b[K/home/rospi/aug_2024/src/sllidar_ros2/./sdk/include/sl_lidar_cmd.h:324:20:\x1b[m\x1b[K \x1b[01;35m\x1b[Kwarning: \x1b[m\x1b[KISO C++ forbids zero-size array \xe2\x80\x98\x1b[01m\x1b[Kpayload\x1b[m\x1b[K\xe2\x80\x99 [\x1b[01;35m\x1b[K\x1b]8;;https://gcc.gnu.org/onlinedocs/gcc/Warning-Options.html#index-Wpedantic\x07-Wpedantic\x1b]8;;\x07\x1b[m\x1b[K]\n'}
[19.649739] (sllidar_ros2) StderrLine: {'line': b'  324 |     sl_u8  payload[\x1b[01;35m\x1b[K0\x1b[m\x1b[K];\n'}
[19.650357] (sllidar_ros2) StderrLine: {'line': b'      |                    \x1b[01;35m\x1b[K^\x1b[m\x1b[K\n'}
[19.722729] (-) TimerEvent: {}
[19.824321] (-) TimerEvent: {}
[19.929789] (-) TimerEvent: {}
[20.031407] (-) TimerEvent: {}
[20.133404] (-) TimerEvent: {}
[20.234308] (-) TimerEvent: {}
[20.335212] (-) TimerEvent: {}
[20.436111] (-) TimerEvent: {}
[20.537258] (-) TimerEvent: {}
[20.638263] (-) TimerEvent: {}
[20.739238] (-) TimerEvent: {}
[20.795001] (sllidar_ros2) StderrLine: {'line': b'In file included from \x1b[01m\x1b[K/home/rospi/aug_2024/src/sllidar_ros2/sdk/src/dataunpacker/unpacker/handler_capsules.cpp:40\x1b[m\x1b[K:\n'}
[20.796408] (sllidar_ros2) StderrLine: {'line': b'\x1b[01m\x1b[K/home/rospi/aug_2024/src/sllidar_ros2/sdk/src/dataunpacker/unpacker/../dataunpacker.h:\x1b[m\x1b[K In member function \xe2\x80\x98\x1b[01m\x1b[Kvirtual void sl::internal::LIDARSampleDataListener::onCustomSampleDataDecoded(_u8, _u32, const void*, size_t)\x1b[m\x1b[K\xe2\x80\x99:\n'}
[20.797877] (sllidar_ros2) StderrLine: {'line': b'\x1b[01m\x1b[K/home/rospi/aug_2024/src/sllidar_ros2/sdk/src/dataunpacker/unpacker/../dataunpacker.h:54:52:\x1b[m\x1b[K \x1b[01;35m\x1b[Kwarning: \x1b[m\x1b[Kunused parameter \xe2\x80\x98\x1b[01m\x1b[KansType\x1b[m\x1b[K\xe2\x80\x99 [\x1b[01;35m\x1b[K\x1b]8;;https://gcc.gnu.org/onlinedocs/gcc/Warning-Options.html#index-Wunused-parameter\x07-Wunused-parameter\x1b]8;;\x07\x1b[m\x1b[K]\n'}
[20.799212] (sllidar_ros2) StderrLine: {'line': b'   54 |         virtual void onCustomSampleDataDecoded(\x1b[01;35m\x1b[K_u8 ansType\x1b[m\x1b[K, _u32 customCode, const void* data, size_t size) {}\n'}
[20.800493] (sllidar_ros2) StderrLine: {'line': b'      |                                                \x1b[01;35m\x1b[K~~~~^~~~~~~\x1b[m\x1b[K\n'}
[20.802044] (sllidar_ros2) StderrLine: {'line': b'\x1b[01m\x1b[K/home/rospi/aug_2024/src/sllidar_ros2/sdk/src/dataunpacker/unpacker/../dataunpacker.h:54:66:\x1b[m\x1b[K \x1b[01;35m\x1b[Kwarning: \x1b[m\x1b[Kunused parameter \xe2\x80\x98\x1b[01m\x1b[KcustomCode\x1b[m\x1b[K\xe2\x80\x99 [\x1b[01;35m\x1b[K\x1b]8;;https://gcc.gnu.org/onlinedocs/gcc/Warning-Options.html#index-Wunused-parameter\x07-Wunused-parameter\x1b]8;;\x07\x1b[m\x1b[K]\n'}
[20.803474] (sllidar_ros2) StderrLine: {'line': b'   54 |         virtual void onCustomSampleDataDecoded(_u8 ansType, \x1b[01;35m\x1b[K_u32 customCode\x1b[m\x1b[K, const void* data, size_t size) {}\n'}
[20.804843] (sllidar_ros2) StderrLine: {'line': b'      |                                                             \x1b[01;35m\x1b[K~~~~~^~~~~~~~~~\x1b[m\x1b[K\n'}
[20.806374] (sllidar_ros2) StderrLine: {'line': b'\x1b[01m\x1b[K/home/rospi/aug_2024/src/sllidar_ros2/sdk/src/dataunpacker/unpacker/../dataunpacker.h:54:90:\x1b[m\x1b[K \x1b[01;35m\x1b[Kwarning: \x1b[m\x1b[Kunused parameter \xe2\x80\x98\x1b[01m\x1b[Kdata\x1b[m\x1b[K\xe2\x80\x99 [\x1b[01;35m\x1b[K\x1b]8;;https://gcc.gnu.org/onlinedocs/gcc/Warning-Options.html#index-Wunused-parameter\x07-Wunused-parameter\x1b]8;;\x07\x1b[m\x1b[K]\n'}
[20.807687] (sllidar_ros2) StderrLine: {'line': b'   54 |         virtual void onCustomSampleDataDecoded(_u8 ansType, _u32 customCode, \x1b[01;35m\x1b[Kconst void* data\x1b[m\x1b[K, size_t size) {}\n'}
[20.809086] (sllidar_ros2) StderrLine: {'line': b'      |                                                                              \x1b[01;35m\x1b[K~~~~~~~~~~~~^~~~\x1b[m\x1b[K\n'}
[20.813563] (sllidar_ros2) StderrLine: {'line': b'\x1b[01m\x1b[K/home/rospi/aug_2024/src/sllidar_ros2/sdk/src/dataunpacker/unpacker/../dataunpacker.h:54:103:\x1b[m\x1b[K \x1b[01;35m\x1b[Kwarning: \x1b[m\x1b[Kunused parameter \xe2\x80\x98\x1b[01m\x1b[Ksize\x1b[m\x1b[K\xe2\x80\x99 [\x1b[01;35m\x1b[K\x1b]8;;https://gcc.gnu.org/onlinedocs/gcc/Warning-Options.html#index-Wunused-parameter\x07-Wunused-parameter\x1b]8;;\x07\x1b[m\x1b[K]\n'}
[20.814461] (sllidar_ros2) StderrLine: {'line': b'   54 |         virtual void onCustomSampleDataDecoded(_u8 ansType, _u32 customCode, const void* data, \x1b[01;35m\x1b[Ksize_t size\x1b[m\x1b[K) {}\n'}
[20.815237] (sllidar_ros2) StderrLine: {'line': b'      |                                                                                                \x1b[01;35m\x1b[K~~~~~~~^~~~\x1b[m\x1b[K\n'}
[20.815961] (sllidar_ros2) StderrLine: {'line': b'\x1b[01m\x1b[K/home/rospi/aug_2024/src/sllidar_ros2/sdk/src/dataunpacker/unpacker/../dataunpacker.h:\x1b[m\x1b[K In member function \xe2\x80\x98\x1b[01m\x1b[Kvirtual void sl::internal::LIDARSampleDataListener::onDecodingError(int, _u8, const void*, size_t)\x1b[m\x1b[K\xe2\x80\x99:\n'}
[20.822531] (sllidar_ros2) StderrLine: {'line': b'\x1b[01m\x1b[K/home/rospi/aug_2024/src/sllidar_ros2/sdk/src/dataunpacker/unpacker/../dataunpacker.h:56:42:\x1b[m\x1b[K \x1b[01;35m\x1b[Kwarning: \x1b[m\x1b[Kunused parameter \xe2\x80\x98\x1b[01m\x1b[KerrMsg\x1b[m\x1b[K\xe2\x80\x99 [\x1b[01;35m\x1b[K\x1b]8;;https://gcc.gnu.org/onlinedocs/gcc/Warning-Options.html#index-Wunused-parameter\x07-Wunused-parameter\x1b]8;;\x07\x1b[m\x1b[K]\n'}
[20.823835] (sllidar_ros2) StderrLine: {'line': b'   56 |         virtual void onDecodingError(\x1b[01;35m\x1b[Kint errMsg\x1b[m\x1b[K, _u8 ansType, const void* payload, size_t size) {}\n'}
[20.824603] (sllidar_ros2) StderrLine: {'line': b'      |                                      \x1b[01;35m\x1b[K~~~~^~~~~~\x1b[m\x1b[K\n'}
[20.837672] (sllidar_ros2) StderrLine: {'line': b'\x1b[01m\x1b[K/home/rospi/aug_2024/src/sllidar_ros2/sdk/src/dataunpacker/unpacker/../dataunpacker.h:56:54:\x1b[m\x1b[K \x1b[01;35m\x1b[Kwarning: \x1b[m\x1b[Kunused parameter \xe2\x80\x98\x1b[01m\x1b[KansType\x1b[m\x1b[K\xe2\x80\x99 [\x1b[01;35m\x1b[K\x1b]8;;https://gcc.gnu.org/onlinedocs/gcc/Warning-Options.html#index-Wunused-parameter\x07-Wunused-parameter\x1b]8;;\x07\x1b[m\x1b[K]\n'}
[20.838412] (sllidar_ros2) StderrLine: {'line': b'   56 |         virtual void onDecodingError(int errMsg, \x1b[01;35m\x1b[K_u8 ansType\x1b[m\x1b[K, const void* payload, size_t size) {}\n'}
[20.839131] (sllidar_ros2) StderrLine: {'line': b'      |                                                  \x1b[01;35m\x1b[K~~~~^~~~~~~\x1b[m\x1b[K\n'}
[20.839819] (-) TimerEvent: {}
[20.840618] (sllidar_ros2) StderrLine: {'line': b'\x1b[01m\x1b[K/home/rospi/aug_2024/src/sllidar_ros2/sdk/src/dataunpacker/unpacker/../dataunpacker.h:56:75:\x1b[m\x1b[K \x1b[01;35m\x1b[Kwarning: \x1b[m\x1b[Kunused parameter \xe2\x80\x98\x1b[01m\x1b[Kpayload\x1b[m\x1b[K\xe2\x80\x99 [\x1b[01;35m\x1b[K\x1b]8;;https://gcc.gnu.org/onlinedocs/gcc/Warning-Options.html#index-Wunused-parameter\x07-Wunused-parameter\x1b]8;;\x07\x1b[m\x1b[K]\n'}
[20.841504] (sllidar_ros2) StderrLine: {'line': b'   56 |         virtual void onDecodingError(int errMsg, _u8 ansType, \x1b[01;35m\x1b[Kconst void* payload\x1b[m\x1b[K, size_t size) {}\n'}
[20.842308] (sllidar_ros2) StderrLine: {'line': b'      |                                                               \x1b[01;35m\x1b[K~~~~~~~~~~~~^~~~~~~\x1b[m\x1b[K\n'}
[20.842992] (sllidar_ros2) StderrLine: {'line': b'\x1b[01m\x1b[K/home/rospi/aug_2024/src/sllidar_ros2/sdk/src/dataunpacker/unpacker/../dataunpacker.h:56:91:\x1b[m\x1b[K \x1b[01;35m\x1b[Kwarning: \x1b[m\x1b[Kunused parameter \xe2\x80\x98\x1b[01m\x1b[Ksize\x1b[m\x1b[K\xe2\x80\x99 [\x1b[01;35m\x1b[K\x1b]8;;https://gcc.gnu.org/onlinedocs/gcc/Warning-Options.html#index-Wunused-parameter\x07-Wunused-parameter\x1b]8;;\x07\x1b[m\x1b[K]\n'}
[20.843744] (sllidar_ros2) StderrLine: {'line': b'   56 |         virtual void onDecodingError(int errMsg, _u8 ansType, const void* payload, \x1b[01;35m\x1b[Ksize_t size\x1b[m\x1b[K) {}\n'}
[20.844410] (sllidar_ros2) StderrLine: {'line': b'      |                                                                                    \x1b[01;35m\x1b[K~~~~~~~^~~~\x1b[m\x1b[K\n'}
[20.882139] (sllidar_ros2) StderrLine: {'line': b'\x1b[01m\x1b[K/home/rospi/aug_2024/src/sllidar_ros2/sdk/src/dataunpacker/unpacker/handler_capsules.cpp:\x1b[m\x1b[K In member function \xe2\x80\x98\x1b[01m\x1b[Kvoid sl::internal::unpacker::UnpackerHandler_DenseCapsuleNode::_onScanNodeDenseCapsuleData(rplidar_response_dense_capsule_measurement_nodes_t&, sl::internal::LIDARSampleDataUnpackerInner*)\x1b[m\x1b[K\xe2\x80\x99:\n'}
[20.883650] (sllidar_ros2) StderrLine: {'line': b'\x1b[01m\x1b[K/home/rospi/aug_2024/src/sllidar_ros2/sdk/src/dataunpacker/unpacker/handler_capsules.cpp:763:30:\x1b[m\x1b[K \x1b[01;35m\x1b[Kwarning: \x1b[m\x1b[Ktype qualifiers ignored on cast result type [\x1b[01;35m\x1b[K\x1b]8;;https://gcc.gnu.org/onlinedocs/gcc/Warning-Options.html#index-Wignored-qualifiers\x07-Wignored-qualifiers\x1b]8;;\x07\x1b[m\x1b[K]\n'}
[20.885035] (sllidar_ros2) StderrLine: {'line': b'  763 |             const int dist = \x1b[01;35m\x1b[Kstatic_cast<const int>(_cached_previous_dense_capsuledata.cabins[pos].distance)\x1b[m\x1b[K;\n'}
[20.886302] (sllidar_ros2) StderrLine: {'line': b'      |                              \x1b[01;35m\x1b[K^~~~~~~~~~~~~~~~~~~~~~~~~~~~~~~~~~~~~~~~~~~~~~~~~~~~~~~~~~~~~~~~~~~~~~~~~~~~~~~\x1b[m\x1b[K\n'}
[20.940091] (-) TimerEvent: {}
[21.041178] (-) TimerEvent: {}
[21.142264] (-) TimerEvent: {}
[21.243234] (-) TimerEvent: {}
[21.344265] (-) TimerEvent: {}
[21.445472] (-) TimerEvent: {}
[21.546773] (-) TimerEvent: {}
[21.648239] (-) TimerEvent: {}
[21.749474] (-) TimerEvent: {}
[21.840537] (sllidar_ros2) StdoutLine: {'line': b'[ 45%] \x1b[32mBuilding CXX object CMakeFiles/sllidar_node.dir/sdk/src/dataunpacker/unpacker/handler_normalnode.cpp.o\x1b[0m\n'}
[21.849747] (-) TimerEvent: {}
[21.951142] (-) TimerEvent: {}
[22.052315] (-) TimerEvent: {}
[22.157448] (-) TimerEvent: {}
[22.230597] (sllidar_ros2) StderrLine: {'line': b'In file included from \x1b[01m\x1b[K/home/rospi/aug_2024/src/sllidar_ros2/./sdk/include/rplidar_protocol.h:36\x1b[m\x1b[K,\n'}
[22.231989] (sllidar_ros2) StderrLine: {'line': b'                 from \x1b[01m\x1b[K/home/rospi/aug_2024/src/sllidar_ros2/./sdk/include/rplidar.h:39\x1b[m\x1b[K,\n'}
[22.232596] (sllidar_ros2) StderrLine: {'line': b'                 from \x1b[01m\x1b[K/home/rospi/aug_2024/src/sllidar_ros2/./sdk/src/sdkcommon.h:49\x1b[m\x1b[K,\n'}
[22.233972] (sllidar_ros2) StderrLine: {'line': b'                 from \x1b[01m\x1b[K/home/rospi/aug_2024/src/sllidar_ros2/sdk/src/dataunpacker/unpacker/../dataunnpacker_commondef.h:41\x1b[m\x1b[K,\n'}
[22.234705] (sllidar_ros2) StderrLine: {'line': b'                 from \x1b[01m\x1b[K/home/rospi/aug_2024/src/sllidar_ros2/sdk/src/dataunpacker/unpacker/handler_hqnode.cpp:39\x1b[m\x1b[K:\n'}
[22.235311] (sllidar_ros2) StderrLine: {'line': b'\x1b[01m\x1b[K/home/rospi/aug_2024/src/sllidar_ros2/./sdk/include/sl_lidar_protocol.h:66:16:\x1b[m\x1b[K \x1b[01;35m\x1b[Kwarning: \x1b[m\x1b[KISO C++ forbids zero-size array \xe2\x80\x98\x1b[01m\x1b[Kdata\x1b[m\x1b[K\xe2\x80\x99 [\x1b[01;35m\x1b[K\x1b]8;;https://gcc.gnu.org/onlinedocs/gcc/Warning-Options.html#index-Wpedantic\x07-Wpedantic\x1b]8;;\x07\x1b[m\x1b[K]\n'}
[22.235899] (sllidar_ros2) StderrLine: {'line': b'   66 |     sl_u8 data[\x1b[01;35m\x1b[K0\x1b[m\x1b[K];\n'}
[22.236290] (sllidar_ros2) StderrLine: {'line': b'      |                \x1b[01;35m\x1b[K^\x1b[m\x1b[K\n'}
[22.251859] (sllidar_ros2) StderrLine: {'line': b'In file included from \x1b[01m\x1b[K/home/rospi/aug_2024/src/sllidar_ros2/./sdk/include/rplidar_cmd.h:36\x1b[m\x1b[K,\n'}
[22.252616] (sllidar_ros2) StderrLine: {'line': b'                 from \x1b[01m\x1b[K/home/rospi/aug_2024/src/sllidar_ros2/./sdk/include/rplidar.h:40\x1b[m\x1b[K,\n'}
[22.253759] (sllidar_ros2) StderrLine: {'line': b'                 from \x1b[01m\x1b[K/home/rospi/aug_2024/src/sllidar_ros2/./sdk/src/sdkcommon.h:49\x1b[m\x1b[K,\n'}
[22.254338] (sllidar_ros2) StderrLine: {'line': b'                 from \x1b[01m\x1b[K/home/rospi/aug_2024/src/sllidar_ros2/sdk/src/dataunpacker/unpacker/../dataunnpacker_commondef.h:41\x1b[m\x1b[K,\n'}
[22.254903] (sllidar_ros2) StderrLine: {'line': b'                 from \x1b[01m\x1b[K/home/rospi/aug_2024/src/sllidar_ros2/sdk/src/dataunpacker/unpacker/handler_hqnode.cpp:39\x1b[m\x1b[K:\n'}
[22.255525] (sllidar_ros2) StderrLine: {'line': b'\x1b[01m\x1b[K/home/rospi/aug_2024/src/sllidar_ros2/./sdk/include/sl_lidar_cmd.h:324:20:\x1b[m\x1b[K \x1b[01;35m\x1b[Kwarning: \x1b[m\x1b[KISO C++ forbids zero-size array \xe2\x80\x98\x1b[01m\x1b[Kpayload\x1b[m\x1b[K\xe2\x80\x99 [\x1b[01;35m\x1b[K\x1b]8;;https://gcc.gnu.org/onlinedocs/gcc/Warning-Options.html#index-Wpedantic\x07-Wpedantic\x1b]8;;\x07\x1b[m\x1b[K]\n'}
[22.256032] (sllidar_ros2) StderrLine: {'line': b'  324 |     sl_u8  payload[\x1b[01;35m\x1b[K0\x1b[m\x1b[K];\n'}
[22.256538] (sllidar_ros2) StderrLine: {'line': b'      |                    \x1b[01;35m\x1b[K^\x1b[m\x1b[K\n'}
[22.264351] (-) TimerEvent: {}
[22.368897] (-) TimerEvent: {}
[22.469885] (-) TimerEvent: {}
[22.570860] (-) TimerEvent: {}
[22.671808] (-) TimerEvent: {}
[22.772838] (-) TimerEvent: {}
[22.874091] (-) TimerEvent: {}
[22.975549] (-) TimerEvent: {}
[23.076457] (-) TimerEvent: {}
[23.177502] (-) TimerEvent: {}
[23.278576] (-) TimerEvent: {}
[23.379688] (-) TimerEvent: {}
[23.480751] (-) TimerEvent: {}
[23.491596] (sllidar_ros2) StderrLine: {'line': b'In file included from \x1b[01m\x1b[K/home/rospi/aug_2024/src/sllidar_ros2/sdk/src/dataunpacker/unpacker/handler_hqnode.cpp:40\x1b[m\x1b[K:\n'}
[23.493523] (sllidar_ros2) StderrLine: {'line': b'\x1b[01m\x1b[K/home/rospi/aug_2024/src/sllidar_ros2/sdk/src/dataunpacker/unpacker/../dataunpacker.h:\x1b[m\x1b[K In member function \xe2\x80\x98\x1b[01m\x1b[Kvirtual void sl::internal::LIDARSampleDataListener::onCustomSampleDataDecoded(_u8, _u32, const void*, size_t)\x1b[m\x1b[K\xe2\x80\x99:\n'}
[23.495494] (sllidar_ros2) StderrLine: {'line': b'\x1b[01m\x1b[K/home/rospi/aug_2024/src/sllidar_ros2/sdk/src/dataunpacker/unpacker/../dataunpacker.h:54:52:\x1b[m\x1b[K \x1b[01;35m\x1b[Kwarning: \x1b[m\x1b[Kunused parameter \xe2\x80\x98\x1b[01m\x1b[KansType\x1b[m\x1b[K\xe2\x80\x99 [\x1b[01;35m\x1b[K\x1b]8;;https://gcc.gnu.org/onlinedocs/gcc/Warning-Options.html#index-Wunused-parameter\x07-Wunused-parameter\x1b]8;;\x07\x1b[m\x1b[K]\n'}
[23.497533] (sllidar_ros2) StderrLine: {'line': b'   54 |         virtual void onCustomSampleDataDecoded(\x1b[01;35m\x1b[K_u8 ansType\x1b[m\x1b[K, _u32 customCode, const void* data, size_t size) {}\n'}
[23.498935] (sllidar_ros2) StderrLine: {'line': b'      |                                                \x1b[01;35m\x1b[K~~~~^~~~~~~\x1b[m\x1b[K\n'}
[23.499862] (sllidar_ros2) StderrLine: {'line': b'\x1b[01m\x1b[K/home/rospi/aug_2024/src/sllidar_ros2/sdk/src/dataunpacker/unpacker/../dataunpacker.h:54:66:\x1b[m\x1b[K \x1b[01;35m\x1b[Kwarning: \x1b[m\x1b[Kunused parameter \xe2\x80\x98\x1b[01m\x1b[KcustomCode\x1b[m\x1b[K\xe2\x80\x99 [\x1b[01;35m\x1b[K\x1b]8;;https://gcc.gnu.org/onlinedocs/gcc/Warning-Options.html#index-Wunused-parameter\x07-Wunused-parameter\x1b]8;;\x07\x1b[m\x1b[K]\n'}
[23.501211] (sllidar_ros2) StderrLine: {'line': b'   54 |         virtual void onCustomSampleDataDecoded(_u8 ansType, \x1b[01;35m\x1b[K_u32 customCode\x1b[m\x1b[K, const void* data, size_t size) {}\n'}
[23.502198] (sllidar_ros2) StderrLine: {'line': b'      |                                                             \x1b[01;35m\x1b[K~~~~~^~~~~~~~~~\x1b[m\x1b[K\n'}
[23.503211] (sllidar_ros2) StderrLine: {'line': b'\x1b[01m\x1b[K/home/rospi/aug_2024/src/sllidar_ros2/sdk/src/dataunpacker/unpacker/../dataunpacker.h:54:90:\x1b[m\x1b[K \x1b[01;35m\x1b[Kwarning: \x1b[m\x1b[Kunused parameter \xe2\x80\x98\x1b[01m\x1b[Kdata\x1b[m\x1b[K\xe2\x80\x99 [\x1b[01;35m\x1b[K\x1b]8;;https://gcc.gnu.org/onlinedocs/gcc/Warning-Options.html#index-Wunused-parameter\x07-Wunused-parameter\x1b]8;;\x07\x1b[m\x1b[K]\n'}
[23.504170] (sllidar_ros2) StderrLine: {'line': b'   54 |         virtual void onCustomSampleDataDecoded(_u8 ansType, _u32 customCode, \x1b[01;35m\x1b[Kconst void* data\x1b[m\x1b[K, size_t size) {}\n'}
[23.505150] (sllidar_ros2) StderrLine: {'line': b'      |                                                                              \x1b[01;35m\x1b[K~~~~~~~~~~~~^~~~\x1b[m\x1b[K\n'}
[23.506056] (sllidar_ros2) StderrLine: {'line': b'\x1b[01m\x1b[K/home/rospi/aug_2024/src/sllidar_ros2/sdk/src/dataunpacker/unpacker/../dataunpacker.h:54:103:\x1b[m\x1b[K \x1b[01;35m\x1b[Kwarning: \x1b[m\x1b[Kunused parameter \xe2\x80\x98\x1b[01m\x1b[Ksize\x1b[m\x1b[K\xe2\x80\x99 [\x1b[01;35m\x1b[K\x1b]8;;https://gcc.gnu.org/onlinedocs/gcc/Warning-Options.html#index-Wunused-parameter\x07-Wunused-parameter\x1b]8;;\x07\x1b[m\x1b[K]\n'}
[23.506932] (sllidar_ros2) StderrLine: {'line': b'   54 |         virtual void onCustomSampleDataDecoded(_u8 ansType, _u32 customCode, const void* data, \x1b[01;35m\x1b[Ksize_t size\x1b[m\x1b[K) {}\n'}
[23.507915] (sllidar_ros2) StderrLine: {'line': b'      |                                                                                                \x1b[01;35m\x1b[K~~~~~~~^~~~\x1b[m\x1b[K\n'}
[23.508844] (sllidar_ros2) StderrLine: {'line': b'\x1b[01m\x1b[K/home/rospi/aug_2024/src/sllidar_ros2/sdk/src/dataunpacker/unpacker/../dataunpacker.h:\x1b[m\x1b[K In member function \xe2\x80\x98\x1b[01m\x1b[Kvirtual void sl::internal::LIDARSampleDataListener::onDecodingError(int, _u8, const void*, size_t)\x1b[m\x1b[K\xe2\x80\x99:\n'}
[23.509754] (sllidar_ros2) StderrLine: {'line': b'\x1b[01m\x1b[K/home/rospi/aug_2024/src/sllidar_ros2/sdk/src/dataunpacker/unpacker/../dataunpacker.h:56:42:\x1b[m\x1b[K \x1b[01;35m\x1b[Kwarning: \x1b[m\x1b[Kunused parameter \xe2\x80\x98\x1b[01m\x1b[KerrMsg\x1b[m\x1b[K\xe2\x80\x99 [\x1b[01;35m\x1b[K\x1b]8;;https://gcc.gnu.org/onlinedocs/gcc/Warning-Options.html#index-Wunused-parameter\x07-Wunused-parameter\x1b]8;;\x07\x1b[m\x1b[K]\n'}
[23.510622] (sllidar_ros2) StderrLine: {'line': b'   56 |         virtual void onDecodingError(\x1b[01;35m\x1b[Kint errMsg\x1b[m\x1b[K, _u8 ansType, const void* payload, size_t size) {}\n'}
[23.511472] (sllidar_ros2) StderrLine: {'line': b'      |                                      \x1b[01;35m\x1b[K~~~~^~~~~~\x1b[m\x1b[K\n'}
[23.512346] (sllidar_ros2) StderrLine: {'line': b'\x1b[01m\x1b[K/home/rospi/aug_2024/src/sllidar_ros2/sdk/src/dataunpacker/unpacker/../dataunpacker.h:56:54:\x1b[m\x1b[K \x1b[01;35m\x1b[Kwarning: \x1b[m\x1b[Kunused parameter \xe2\x80\x98\x1b[01m\x1b[KansType\x1b[m\x1b[K\xe2\x80\x99 [\x1b[01;35m\x1b[K\x1b]8;;https://gcc.gnu.org/onlinedocs/gcc/Warning-Options.html#index-Wunused-parameter\x07-Wunused-parameter\x1b]8;;\x07\x1b[m\x1b[K]\n'}
[23.525668] (sllidar_ros2) StderrLine: {'line': b'   56 |         virtual void onDecodingError(int errMsg, \x1b[01;35m\x1b[K_u8 ansType\x1b[m\x1b[K, const void* payload, size_t size) {}\n'}
[23.526611] (sllidar_ros2) StderrLine: {'line': b'      |                                                  \x1b[01;35m\x1b[K~~~~^~~~~~~\x1b[m\x1b[K\n'}
[23.527644] (sllidar_ros2) StderrLine: {'line': b'\x1b[01m\x1b[K/home/rospi/aug_2024/src/sllidar_ros2/sdk/src/dataunpacker/unpacker/../dataunpacker.h:56:75:\x1b[m\x1b[K \x1b[01;35m\x1b[Kwarning: \x1b[m\x1b[Kunused parameter \xe2\x80\x98\x1b[01m\x1b[Kpayload\x1b[m\x1b[K\xe2\x80\x99 [\x1b[01;35m\x1b[K\x1b]8;;https://gcc.gnu.org/onlinedocs/gcc/Warning-Options.html#index-Wunused-parameter\x07-Wunused-parameter\x1b]8;;\x07\x1b[m\x1b[K]\n'}
[23.528643] (sllidar_ros2) StderrLine: {'line': b'   56 |         virtual void onDecodingError(int errMsg, _u8 ansType, \x1b[01;35m\x1b[Kconst void* payload\x1b[m\x1b[K, size_t size) {}\n'}
[23.529605] (sllidar_ros2) StderrLine: {'line': b'      |                                                               \x1b[01;35m\x1b[K~~~~~~~~~~~~^~~~~~~\x1b[m\x1b[K\n'}
[23.530504] (sllidar_ros2) StderrLine: {'line': b'\x1b[01m\x1b[K/home/rospi/aug_2024/src/sllidar_ros2/sdk/src/dataunpacker/unpacker/../dataunpacker.h:56:91:\x1b[m\x1b[K \x1b[01;35m\x1b[Kwarning: \x1b[m\x1b[Kunused parameter \xe2\x80\x98\x1b[01m\x1b[Ksize\x1b[m\x1b[K\xe2\x80\x99 [\x1b[01;35m\x1b[K\x1b]8;;https://gcc.gnu.org/onlinedocs/gcc/Warning-Options.html#index-Wunused-parameter\x07-Wunused-parameter\x1b]8;;\x07\x1b[m\x1b[K]\n'}
[23.531413] (sllidar_ros2) StderrLine: {'line': b'   56 |         virtual void onDecodingError(int errMsg, _u8 ansType, const void* payload, \x1b[01;35m\x1b[Ksize_t size\x1b[m\x1b[K) {}\n'}
[23.532289] (sllidar_ros2) StderrLine: {'line': b'      |                                                                                    \x1b[01;35m\x1b[K~~~~~~~^~~~\x1b[m\x1b[K\n'}
[23.580997] (-) TimerEvent: {}
[23.685012] (-) TimerEvent: {}
[23.793047] (-) TimerEvent: {}
[23.894208] (-) TimerEvent: {}
[24.004371] (-) TimerEvent: {}
[24.106321] (-) TimerEvent: {}
[24.208055] (-) TimerEvent: {}
[24.309212] (-) TimerEvent: {}
[24.410457] (-) TimerEvent: {}
[24.416205] (sllidar_ros2) StdoutLine: {'line': b'[ 50%] \x1b[32mBuilding CXX object CMakeFiles/sllidar_node.dir/sdk/src/hal/thread.cpp.o\x1b[0m\n'}
[24.510742] (-) TimerEvent: {}
[24.611908] (-) TimerEvent: {}
[24.712906] (-) TimerEvent: {}
[24.813872] (-) TimerEvent: {}
[24.914885] (-) TimerEvent: {}
[25.015857] (-) TimerEvent: {}
[25.116851] (-) TimerEvent: {}
[25.217854] (-) TimerEvent: {}
[25.290821] (sllidar_ros2) StderrLine: {'line': b'In file included from \x1b[01m\x1b[K/home/rospi/aug_2024/src/sllidar_ros2/./sdk/include/sl_lidar_cmd.h:41\x1b[m\x1b[K,\n'}
[25.291841] (sllidar_ros2) StderrLine: {'line': b'                 from \x1b[01m\x1b[K/home/rospi/aug_2024/src/sllidar_ros2/./sdk/include/sl_lidar_driver.h:54\x1b[m\x1b[K,\n'}
[25.292515] (sllidar_ros2) StderrLine: {'line': b'                 from \x1b[01m\x1b[K/home/rospi/aug_2024/src/sllidar_ros2/./sdk/include/sl_lidar.h:36\x1b[m\x1b[K,\n'}
[25.293453] (sllidar_ros2) StderrLine: {'line': b'                 from \x1b[01m\x1b[K/home/rospi/aug_2024/src/sllidar_ros2/src/sllidar_node.cpp:38\x1b[m\x1b[K:\n'}
[25.294554] (sllidar_ros2) StderrLine: {'line': b'\x1b[01m\x1b[K/home/rospi/aug_2024/src/sllidar_ros2/./sdk/include/sl_lidar_protocol.h:66:16:\x1b[m\x1b[K \x1b[01;35m\x1b[Kwarning: \x1b[m\x1b[KISO C++ forbids zero-size array \xe2\x80\x98\x1b[01m\x1b[Kdata\x1b[m\x1b[K\xe2\x80\x99 [\x1b[01;35m\x1b[K\x1b]8;;https://gcc.gnu.org/onlinedocs/gcc/Warning-Options.html#index-Wpedantic\x07-Wpedantic\x1b]8;;\x07\x1b[m\x1b[K]\n'}
[25.295269] (sllidar_ros2) StderrLine: {'line': b'   66 |     sl_u8 data[\x1b[01;35m\x1b[K0\x1b[m\x1b[K];\n'}
[25.295955] (sllidar_ros2) StderrLine: {'line': b'      |                \x1b[01;35m\x1b[K^\x1b[m\x1b[K\n'}
[25.296777] (sllidar_ros2) StderrLine: {'line': b'In file included from \x1b[01m\x1b[K/home/rospi/aug_2024/src/sllidar_ros2/./sdk/include/sl_lidar_driver.h:54\x1b[m\x1b[K,\n'}
[25.297500] (sllidar_ros2) StderrLine: {'line': b'                 from \x1b[01m\x1b[K/home/rospi/aug_2024/src/sllidar_ros2/./sdk/include/sl_lidar.h:36\x1b[m\x1b[K,\n'}
[25.298168] (sllidar_ros2) StderrLine: {'line': b'                 from \x1b[01m\x1b[K/home/rospi/aug_2024/src/sllidar_ros2/src/sllidar_node.cpp:38\x1b[m\x1b[K:\n'}
[25.298829] (sllidar_ros2) StderrLine: {'line': b'\x1b[01m\x1b[K/home/rospi/aug_2024/src/sllidar_ros2/./sdk/include/sl_lidar_cmd.h:324:20:\x1b[m\x1b[K \x1b[01;35m\x1b[Kwarning: \x1b[m\x1b[KISO C++ forbids zero-size array \xe2\x80\x98\x1b[01m\x1b[Kpayload\x1b[m\x1b[K\xe2\x80\x99 [\x1b[01;35m\x1b[K\x1b]8;;https://gcc.gnu.org/onlinedocs/gcc/Warning-Options.html#index-Wpedantic\x07-Wpedantic\x1b]8;;\x07\x1b[m\x1b[K]\n'}
[25.299588] (sllidar_ros2) StderrLine: {'line': b'  324 |     sl_u8  payload[\x1b[01;35m\x1b[K0\x1b[m\x1b[K];\n'}
[25.300254] (sllidar_ros2) StderrLine: {'line': b'      |                    \x1b[01;35m\x1b[K^\x1b[m\x1b[K\n'}
[25.318141] (-) TimerEvent: {}
[25.419205] (-) TimerEvent: {}
[25.428399] (sllidar_ros2) StderrLine: {'line': b'In file included from \x1b[01m\x1b[K/home/rospi/aug_2024/src/sllidar_ros2/./sdk/include/rplidar_protocol.h:36\x1b[m\x1b[K,\n'}
[25.429689] (sllidar_ros2) StderrLine: {'line': b'                 from \x1b[01m\x1b[K/home/rospi/aug_2024/src/sllidar_ros2/./sdk/include/rplidar.h:39\x1b[m\x1b[K,\n'}
[25.430446] (sllidar_ros2) StderrLine: {'line': b'                 from \x1b[01m\x1b[K/home/rospi/aug_2024/src/sllidar_ros2/./sdk/src/sdkcommon.h:49\x1b[m\x1b[K,\n'}
[25.431161] (sllidar_ros2) StderrLine: {'line': b'                 from \x1b[01m\x1b[K/home/rospi/aug_2024/src/sllidar_ros2/sdk/src/dataunpacker/unpacker/../dataunnpacker_commondef.h:41\x1b[m\x1b[K,\n'}
[25.431825] (sllidar_ros2) StderrLine: {'line': b'                 from \x1b[01m\x1b[K/home/rospi/aug_2024/src/sllidar_ros2/sdk/src/dataunpacker/unpacker/handler_normalnode.cpp:39\x1b[m\x1b[K:\n'}
[25.432463] (sllidar_ros2) StderrLine: {'line': b'\x1b[01m\x1b[K/home/rospi/aug_2024/src/sllidar_ros2/./sdk/include/sl_lidar_protocol.h:66:16:\x1b[m\x1b[K \x1b[01;35m\x1b[Kwarning: \x1b[m\x1b[KISO C++ forbids zero-size array \xe2\x80\x98\x1b[01m\x1b[Kdata\x1b[m\x1b[K\xe2\x80\x99 [\x1b[01;35m\x1b[K\x1b]8;;https://gcc.gnu.org/onlinedocs/gcc/Warning-Options.html#index-Wpedantic\x07-Wpedantic\x1b]8;;\x07\x1b[m\x1b[K]\n'}
[25.433296] (sllidar_ros2) StderrLine: {'line': b'   66 |     sl_u8 data[\x1b[01;35m\x1b[K0\x1b[m\x1b[K];\n'}
[25.433977] (sllidar_ros2) StderrLine: {'line': b'      |                \x1b[01;35m\x1b[K^\x1b[m\x1b[K\n'}
[25.437562] (sllidar_ros2) StderrLine: {'line': b'In file included from \x1b[01m\x1b[K/home/rospi/aug_2024/src/sllidar_ros2/./sdk/include/rplidar_cmd.h:36\x1b[m\x1b[K,\n'}
[25.438662] (sllidar_ros2) StderrLine: {'line': b'                 from \x1b[01m\x1b[K/home/rospi/aug_2024/src/sllidar_ros2/./sdk/include/rplidar.h:40\x1b[m\x1b[K,\n'}
[25.439370] (sllidar_ros2) StderrLine: {'line': b'                 from \x1b[01m\x1b[K/home/rospi/aug_2024/src/sllidar_ros2/./sdk/src/sdkcommon.h:49\x1b[m\x1b[K,\n'}
[25.440228] (sllidar_ros2) StderrLine: {'line': b'                 from \x1b[01m\x1b[K/home/rospi/aug_2024/src/sllidar_ros2/sdk/src/dataunpacker/unpacker/../dataunnpacker_commondef.h:41\x1b[m\x1b[K,\n'}
[25.441010] (sllidar_ros2) StderrLine: {'line': b'                 from \x1b[01m\x1b[K/home/rospi/aug_2024/src/sllidar_ros2/sdk/src/dataunpacker/unpacker/handler_normalnode.cpp:39\x1b[m\x1b[K:\n'}
[25.441705] (sllidar_ros2) StderrLine: {'line': b'\x1b[01m\x1b[K/home/rospi/aug_2024/src/sllidar_ros2/./sdk/include/sl_lidar_cmd.h:324:20:\x1b[m\x1b[K \x1b[01;35m\x1b[Kwarning: \x1b[m\x1b[KISO C++ forbids zero-size array \xe2\x80\x98\x1b[01m\x1b[Kpayload\x1b[m\x1b[K\xe2\x80\x99 [\x1b[01;35m\x1b[K\x1b]8;;https://gcc.gnu.org/onlinedocs/gcc/Warning-Options.html#index-Wpedantic\x07-Wpedantic\x1b]8;;\x07\x1b[m\x1b[K]\n'}
[25.442430] (sllidar_ros2) StderrLine: {'line': b'  324 |     sl_u8  payload[\x1b[01;35m\x1b[K0\x1b[m\x1b[K];\n'}
[25.443142] (sllidar_ros2) StderrLine: {'line': b'      |                    \x1b[01;35m\x1b[K^\x1b[m\x1b[K\n'}
[25.519449] (-) TimerEvent: {}
[25.620531] (-) TimerEvent: {}
[25.721617] (-) TimerEvent: {}
[25.822671] (-) TimerEvent: {}
[25.923821] (-) TimerEvent: {}
[26.024885] (-) TimerEvent: {}
[26.126068] (-) TimerEvent: {}
[26.230884] (-) TimerEvent: {}
[26.331880] (-) TimerEvent: {}
[26.436560] (-) TimerEvent: {}
[26.539433] (-) TimerEvent: {}
[26.640417] (-) TimerEvent: {}
[26.741729] (-) TimerEvent: {}
[26.842819] (-) TimerEvent: {}
[26.847916] (sllidar_ros2) StderrLine: {'line': b'In file included from \x1b[01m\x1b[K/home/rospi/aug_2024/src/sllidar_ros2/sdk/src/dataunpacker/unpacker/handler_normalnode.cpp:40\x1b[m\x1b[K:\n'}
[26.849514] (sllidar_ros2) StderrLine: {'line': b'\x1b[01m\x1b[K/home/rospi/aug_2024/src/sllidar_ros2/sdk/src/dataunpacker/unpacker/../dataunpacker.h:\x1b[m\x1b[K In member function \xe2\x80\x98\x1b[01m\x1b[Kvirtual void sl::internal::LIDARSampleDataListener::onCustomSampleDataDecoded(_u8, _u32, const void*, size_t)\x1b[m\x1b[K\xe2\x80\x99:\n'}
[26.851421] (sllidar_ros2) StderrLine: {'line': b'\x1b[01m\x1b[K/home/rospi/aug_2024/src/sllidar_ros2/sdk/src/dataunpacker/unpacker/../dataunpacker.h:54:52:\x1b[m\x1b[K \x1b[01;35m\x1b[Kwarning: \x1b[m\x1b[Kunused parameter \xe2\x80\x98\x1b[01m\x1b[KansType\x1b[m\x1b[K\xe2\x80\x99 [\x1b[01;35m\x1b[K\x1b]8;;https://gcc.gnu.org/onlinedocs/gcc/Warning-Options.html#index-Wunused-parameter\x07-Wunused-parameter\x1b]8;;\x07\x1b[m\x1b[K]\n'}
[26.853294] (sllidar_ros2) StderrLine: {'line': b'   54 |         virtual void onCustomSampleDataDecoded(\x1b[01;35m\x1b[K_u8 ansType\x1b[m\x1b[K, _u32 customCode, const void* data, size_t size) {}\n'}
[26.855280] (sllidar_ros2) StderrLine: {'line': b'      |                                                \x1b[01;35m\x1b[K~~~~^~~~~~~\x1b[m\x1b[K\n'}
[26.857424] (sllidar_ros2) StderrLine: {'line': b'\x1b[01m\x1b[K/home/rospi/aug_2024/src/sllidar_ros2/sdk/src/dataunpacker/unpacker/../dataunpacker.h:54:66:\x1b[m\x1b[K \x1b[01;35m\x1b[Kwarning: \x1b[m\x1b[Kunused parameter \xe2\x80\x98\x1b[01m\x1b[KcustomCode\x1b[m\x1b[K\xe2\x80\x99 [\x1b[01;35m\x1b[K\x1b]8;;https://gcc.gnu.org/onlinedocs/gcc/Warning-Options.html#index-Wunused-parameter\x07-Wunused-parameter\x1b]8;;\x07\x1b[m\x1b[K]\n'}
[26.859398] (sllidar_ros2) StderrLine: {'line': b'   54 |         virtual void onCustomSampleDataDecoded(_u8 ansType, \x1b[01;35m\x1b[K_u32 customCode\x1b[m\x1b[K, const void* data, size_t size) {}\n'}
[26.861438] (sllidar_ros2) StderrLine: {'line': b'      |                                                             \x1b[01;35m\x1b[K~~~~~^~~~~~~~~~\x1b[m\x1b[K\n'}
[26.866696] (sllidar_ros2) StderrLine: {'line': b'\x1b[01m\x1b[K/home/rospi/aug_2024/src/sllidar_ros2/sdk/src/dataunpacker/unpacker/../dataunpacker.h:54:90:\x1b[m\x1b[K \x1b[01;35m\x1b[Kwarning: \x1b[m\x1b[Kunused parameter \xe2\x80\x98\x1b[01m\x1b[Kdata\x1b[m\x1b[K\xe2\x80\x99 [\x1b[01;35m\x1b[K\x1b]8;;https://gcc.gnu.org/onlinedocs/gcc/Warning-Options.html#index-Wunused-parameter\x07-Wunused-parameter\x1b]8;;\x07\x1b[m\x1b[K]\n'}
[26.867750] (sllidar_ros2) StderrLine: {'line': b'   54 |         virtual void onCustomSampleDataDecoded(_u8 ansType, _u32 customCode, \x1b[01;35m\x1b[Kconst void* data\x1b[m\x1b[K, size_t size) {}\n'}
[26.868879] (sllidar_ros2) StderrLine: {'line': b'      |                                                                              \x1b[01;35m\x1b[K~~~~~~~~~~~~^~~~\x1b[m\x1b[K\n'}
[26.869903] (sllidar_ros2) StderrLine: {'line': b'\x1b[01m\x1b[K/home/rospi/aug_2024/src/sllidar_ros2/sdk/src/dataunpacker/unpacker/../dataunpacker.h:54:103:\x1b[m\x1b[K \x1b[01;35m\x1b[Kwarning: \x1b[m\x1b[Kunused parameter \xe2\x80\x98\x1b[01m\x1b[Ksize\x1b[m\x1b[K\xe2\x80\x99 [\x1b[01;35m\x1b[K\x1b]8;;https://gcc.gnu.org/onlinedocs/gcc/Warning-Options.html#index-Wunused-parameter\x07-Wunused-parameter\x1b]8;;\x07\x1b[m\x1b[K]\n'}
[26.870901] (sllidar_ros2) StderrLine: {'line': b'   54 |         virtual void onCustomSampleDataDecoded(_u8 ansType, _u32 customCode, const void* data, \x1b[01;35m\x1b[Ksize_t size\x1b[m\x1b[K) {}\n'}
[26.872001] (sllidar_ros2) StderrLine: {'line': b'      |                                                                                                \x1b[01;35m\x1b[K~~~~~~~^~~~\x1b[m\x1b[K\n'}
[26.873057] (sllidar_ros2) StderrLine: {'line': b'\x1b[01m\x1b[K/home/rospi/aug_2024/src/sllidar_ros2/sdk/src/dataunpacker/unpacker/../dataunpacker.h:\x1b[m\x1b[K In member function \xe2\x80\x98\x1b[01m\x1b[Kvirtual void sl::internal::LIDARSampleDataListener::onDecodingError(int, _u8, const void*, size_t)\x1b[m\x1b[K\xe2\x80\x99:\n'}
[26.874159] (sllidar_ros2) StderrLine: {'line': b'\x1b[01m\x1b[K/home/rospi/aug_2024/src/sllidar_ros2/sdk/src/dataunpacker/unpacker/../dataunpacker.h:56:42:\x1b[m\x1b[K \x1b[01;35m\x1b[Kwarning: \x1b[m\x1b[Kunused parameter \xe2\x80\x98\x1b[01m\x1b[KerrMsg\x1b[m\x1b[K\xe2\x80\x99 [\x1b[01;35m\x1b[K\x1b]8;;https://gcc.gnu.org/onlinedocs/gcc/Warning-Options.html#index-Wunused-parameter\x07-Wunused-parameter\x1b]8;;\x07\x1b[m\x1b[K]\n'}
[26.875223] (sllidar_ros2) StderrLine: {'line': b'   56 |         virtual void onDecodingError(\x1b[01;35m\x1b[Kint errMsg\x1b[m\x1b[K, _u8 ansType, const void* payload, size_t size) {}\n'}
[26.876075] (sllidar_ros2) StderrLine: {'line': b'      |                                      \x1b[01;35m\x1b[K~~~~^~~~~~\x1b[m\x1b[K\n'}
[26.893444] (sllidar_ros2) StderrLine: {'line': b'\x1b[01m\x1b[K/home/rospi/aug_2024/src/sllidar_ros2/sdk/src/dataunpacker/unpacker/../dataunpacker.h:56:54:\x1b[m\x1b[K \x1b[01;35m\x1b[Kwarning: \x1b[m\x1b[Kunused parameter \xe2\x80\x98\x1b[01m\x1b[KansType\x1b[m\x1b[K\xe2\x80\x99 [\x1b[01;35m\x1b[K\x1b]8;;https://gcc.gnu.org/onlinedocs/gcc/Warning-Options.html#index-Wunused-parameter\x07-Wunused-parameter\x1b]8;;\x07\x1b[m\x1b[K]\n'}
[26.894706] (sllidar_ros2) StderrLine: {'line': b'   56 |         virtual void onDecodingError(int errMsg, \x1b[01;35m\x1b[K_u8 ansType\x1b[m\x1b[K, const void* payload, size_t size) {}\n'}
[26.895984] (sllidar_ros2) StderrLine: {'line': b'      |                                                  \x1b[01;35m\x1b[K~~~~^~~~~~~\x1b[m\x1b[K\n'}
[26.896930] (sllidar_ros2) StderrLine: {'line': b'\x1b[01m\x1b[K/home/rospi/aug_2024/src/sllidar_ros2/sdk/src/dataunpacker/unpacker/../dataunpacker.h:56:75:\x1b[m\x1b[K \x1b[01;35m\x1b[Kwarning: \x1b[m\x1b[Kunused parameter \xe2\x80\x98\x1b[01m\x1b[Kpayload\x1b[m\x1b[K\xe2\x80\x99 [\x1b[01;35m\x1b[K\x1b]8;;https://gcc.gnu.org/onlinedocs/gcc/Warning-Options.html#index-Wunused-parameter\x07-Wunused-parameter\x1b]8;;\x07\x1b[m\x1b[K]\n'}
[26.897946] (sllidar_ros2) StderrLine: {'line': b'   56 |         virtual void onDecodingError(int errMsg, _u8 ansType, \x1b[01;35m\x1b[Kconst void* payload\x1b[m\x1b[K, size_t size) {}\n'}
[26.898968] (sllidar_ros2) StderrLine: {'line': b'      |                                                               \x1b[01;35m\x1b[K~~~~~~~~~~~~^~~~~~~\x1b[m\x1b[K\n'}
[26.900002] (sllidar_ros2) StderrLine: {'line': b'\x1b[01m\x1b[K/home/rospi/aug_2024/src/sllidar_ros2/sdk/src/dataunpacker/unpacker/../dataunpacker.h:56:91:\x1b[m\x1b[K \x1b[01;35m\x1b[Kwarning: \x1b[m\x1b[Kunused parameter \xe2\x80\x98\x1b[01m\x1b[Ksize\x1b[m\x1b[K\xe2\x80\x99 [\x1b[01;35m\x1b[K\x1b]8;;https://gcc.gnu.org/onlinedocs/gcc/Warning-Options.html#index-Wunused-parameter\x07-Wunused-parameter\x1b]8;;\x07\x1b[m\x1b[K]\n'}
[26.901073] (sllidar_ros2) StderrLine: {'line': b'   56 |         virtual void onDecodingError(int errMsg, _u8 ansType, const void* payload, \x1b[01;35m\x1b[Ksize_t size\x1b[m\x1b[K) {}\n'}
[26.902049] (sllidar_ros2) StderrLine: {'line': b'      |                                                                                    \x1b[01;35m\x1b[K~~~~~~~^~~~\x1b[m\x1b[K\n'}
[26.943160] (-) TimerEvent: {}
[27.044496] (-) TimerEvent: {}
[27.145761] (-) TimerEvent: {}
[27.246822] (-) TimerEvent: {}
[27.347931] (-) TimerEvent: {}
[27.421883] (sllidar_ros2) StderrLine: {'line': b'In file included from \x1b[01m\x1b[K/home/rospi/aug_2024/src/sllidar_ros2/./sdk/include/rplidar_protocol.h:36\x1b[m\x1b[K,\n'}
[27.422812] (sllidar_ros2) StderrLine: {'line': b'                 from \x1b[01m\x1b[K/home/rospi/aug_2024/src/sllidar_ros2/./sdk/include/rplidar.h:39\x1b[m\x1b[K,\n'}
[27.423674] (sllidar_ros2) StderrLine: {'line': b'                 from \x1b[01m\x1b[K/home/rospi/aug_2024/src/sllidar_ros2/./sdk/src/sdkcommon.h:49\x1b[m\x1b[K,\n'}
[27.424925] (sllidar_ros2) StderrLine: {'line': b'                 from \x1b[01m\x1b[K/home/rospi/aug_2024/src/sllidar_ros2/sdk/src/hal/thread.cpp:35\x1b[m\x1b[K:\n'}
[27.426180] (sllidar_ros2) StderrLine: {'line': b'\x1b[01m\x1b[K/home/rospi/aug_2024/src/sllidar_ros2/./sdk/include/sl_lidar_protocol.h:66:16:\x1b[m\x1b[K \x1b[01;35m\x1b[Kwarning: \x1b[m\x1b[KISO C++ forbids zero-size array \xe2\x80\x98\x1b[01m\x1b[Kdata\x1b[m\x1b[K\xe2\x80\x99 [\x1b[01;35m\x1b[K\x1b]8;;https://gcc.gnu.org/onlinedocs/gcc/Warning-Options.html#index-Wpedantic\x07-Wpedantic\x1b]8;;\x07\x1b[m\x1b[K]\n'}
[27.427198] (sllidar_ros2) StderrLine: {'line': b'   66 |     sl_u8 data[\x1b[01;35m\x1b[K0\x1b[m\x1b[K];\n'}
[27.428053] (sllidar_ros2) StderrLine: {'line': b'      |                \x1b[01;35m\x1b[K^\x1b[m\x1b[K\n'}
[27.429271] (sllidar_ros2) StderrLine: {'line': b'In file included from \x1b[01m\x1b[K/home/rospi/aug_2024/src/sllidar_ros2/./sdk/include/rplidar_cmd.h:36\x1b[m\x1b[K,\n'}
[27.430173] (sllidar_ros2) StderrLine: {'line': b'                 from \x1b[01m\x1b[K/home/rospi/aug_2024/src/sllidar_ros2/./sdk/include/rplidar.h:40\x1b[m\x1b[K,\n'}
[27.431035] (sllidar_ros2) StderrLine: {'line': b'                 from \x1b[01m\x1b[K/home/rospi/aug_2024/src/sllidar_ros2/./sdk/src/sdkcommon.h:49\x1b[m\x1b[K,\n'}
[27.431858] (sllidar_ros2) StderrLine: {'line': b'                 from \x1b[01m\x1b[K/home/rospi/aug_2024/src/sllidar_ros2/sdk/src/hal/thread.cpp:35\x1b[m\x1b[K:\n'}
[27.432664] (sllidar_ros2) StderrLine: {'line': b'\x1b[01m\x1b[K/home/rospi/aug_2024/src/sllidar_ros2/./sdk/include/sl_lidar_cmd.h:324:20:\x1b[m\x1b[K \x1b[01;35m\x1b[Kwarning: \x1b[m\x1b[KISO C++ forbids zero-size array \xe2\x80\x98\x1b[01m\x1b[Kpayload\x1b[m\x1b[K\xe2\x80\x99 [\x1b[01;35m\x1b[K\x1b]8;;https://gcc.gnu.org/onlinedocs/gcc/Warning-Options.html#index-Wpedantic\x07-Wpedantic\x1b]8;;\x07\x1b[m\x1b[K]\n'}
[27.433705] (sllidar_ros2) StderrLine: {'line': b'  324 |     sl_u8  payload[\x1b[01;35m\x1b[K0\x1b[m\x1b[K];\n'}
[27.434576] (sllidar_ros2) StderrLine: {'line': b'      |                    \x1b[01;35m\x1b[K^\x1b[m\x1b[K\n'}
[27.448166] (-) TimerEvent: {}
[27.549681] (-) TimerEvent: {}
[27.650766] (-) TimerEvent: {}
[27.720537] (sllidar_ros2) StdoutLine: {'line': b'[ 55%] \x1b[32mBuilding CXX object CMakeFiles/sllidar_node.dir/sdk/src/rplidar_driver.cpp.o\x1b[0m\n'}
[27.750971] (-) TimerEvent: {}
[27.845607] (sllidar_ros2) StderrLine: {'line': b'In file included from \x1b[01m\x1b[K/home/rospi/aug_2024/src/sllidar_ros2/sdk/src/hal/thread.cpp:43\x1b[m\x1b[K:\n'}
[27.846427] (sllidar_ros2) StderrLine: {'line': b'\x1b[01m\x1b[K/home/rospi/aug_2024/src/sllidar_ros2/./sdk/src/arch/linux/thread.hpp:\x1b[m\x1b[K In static member function \xe2\x80\x98\x1b[01m\x1b[Kstatic rp::hal::Thread rp::hal::Thread::create(thread_proc_t, void*)\x1b[m\x1b[K\xe2\x80\x99:\n'}
[27.847157] (sllidar_ros2) StderrLine: {'line': b'\x1b[01m\x1b[K/home/rospi/aug_2024/src/sllidar_ros2/./sdk/src/arch/linux/thread.hpp:52:57:\x1b[m\x1b[K \x1b[01;35m\x1b[Kwarning: \x1b[m\x1b[Kcast between incompatible function types from \xe2\x80\x98\x1b[01m\x1b[Kthread_proc_t\x1b[m\x1b[K\xe2\x80\x99 {aka \xe2\x80\x98\x1b[01m\x1b[Klong unsigned int (*)(void*)\x1b[m\x1b[K\xe2\x80\x99} to \xe2\x80\x98\x1b[01m\x1b[Kvoid* (*)(void*)\x1b[m\x1b[K\xe2\x80\x99 [\x1b[01;35m\x1b[K\x1b]8;;https://gcc.gnu.org/onlinedocs/gcc/Warning-Options.html#index-Wcast-function-type\x07-Wcast-function-type\x1b]8;;\x07\x1b[m\x1b[K]\n'}
[27.847856] (sllidar_ros2) StderrLine: {'line': b'   52 |     pthread_create((pthread_t *)&newborn._handle, NULL, \x1b[01;35m\x1b[K(void * (*)(void *))proc\x1b[m\x1b[K, data);\n'}
[27.848496] (sllidar_ros2) StderrLine: {'line': b'      |                                                         \x1b[01;35m\x1b[K^~~~~~~~~~~~~~~~~~~~~~~~\x1b[m\x1b[K\n'}
[27.849314] (sllidar_ros2) StderrLine: {'line': b'\x1b[01m\x1b[K/home/rospi/aug_2024/src/sllidar_ros2/./sdk/src/arch/linux/thread.hpp:\x1b[m\x1b[K In member function \xe2\x80\x98\x1b[01m\x1b[Ku_result rp::hal::Thread::join(long unsigned int)\x1b[m\x1b[K\xe2\x80\x99:\n'}
[27.849972] (sllidar_ros2) StderrLine: {'line': b'\x1b[01m\x1b[K/home/rospi/aug_2024/src/sllidar_ros2/./sdk/src/arch/linux/thread.hpp:176:37:\x1b[m\x1b[K \x1b[01;35m\x1b[Kwarning: \x1b[m\x1b[Kunused parameter \xe2\x80\x98\x1b[01m\x1b[Ktimeout\x1b[m\x1b[K\xe2\x80\x99 [\x1b[01;35m\x1b[K\x1b]8;;https://gcc.gnu.org/onlinedocs/gcc/Warning-Options.html#index-Wunused-parameter\x07-Wunused-parameter\x1b]8;;\x07\x1b[m\x1b[K]\n'}
[27.850767] (sllidar_ros2) StderrLine: {'line': b'  176 | u_result Thread::join(\x1b[01;35m\x1b[Kunsigned long timeout\x1b[m\x1b[K)\n'}
[27.851409] (-) TimerEvent: {}
[27.852008] (sllidar_ros2) StderrLine: {'line': b'      |                       \x1b[01;35m\x1b[K~~~~~~~~~~~~~~^~~~~~~\x1b[m\x1b[K\n'}
[27.951683] (-) TimerEvent: {}
[28.052668] (-) TimerEvent: {}
[28.153778] (-) TimerEvent: {}
[28.254805] (-) TimerEvent: {}
[28.283242] (sllidar_ros2) StdoutLine: {'line': b'[ 60%] \x1b[32mBuilding CXX object CMakeFiles/sllidar_node.dir/sdk/src/sl_async_transceiver.cpp.o\x1b[0m\n'}
[28.355039] (-) TimerEvent: {}
[28.455920] (-) TimerEvent: {}
[28.556914] (-) TimerEvent: {}
[28.657931] (-) TimerEvent: {}
[28.758896] (-) TimerEvent: {}
[28.859796] (-) TimerEvent: {}
[28.960833] (-) TimerEvent: {}
[29.061898] (-) TimerEvent: {}
[29.162898] (-) TimerEvent: {}
[29.263958] (-) TimerEvent: {}
[29.364979] (-) TimerEvent: {}
[29.465928] (-) TimerEvent: {}
[29.566993] (-) TimerEvent: {}
[29.668066] (-) TimerEvent: {}
[29.769122] (-) TimerEvent: {}
[29.870293] (-) TimerEvent: {}
[29.971563] (-) TimerEvent: {}
[30.072934] (-) TimerEvent: {}
[30.174225] (-) TimerEvent: {}
[30.276159] (-) TimerEvent: {}
[30.380899] (-) TimerEvent: {}
[30.485489] (-) TimerEvent: {}
[30.587293] (-) TimerEvent: {}
[30.688828] (-) TimerEvent: {}
[30.772534] (sllidar_ros2) StderrLine: {'line': b'In file included from \x1b[01m\x1b[K/home/rospi/aug_2024/src/sllidar_ros2/./sdk/include/rplidar_protocol.h:36\x1b[m\x1b[K,\n'}
[30.773662] (sllidar_ros2) StderrLine: {'line': b'                 from \x1b[01m\x1b[K/home/rospi/aug_2024/src/sllidar_ros2/./sdk/include/rplidar.h:39\x1b[m\x1b[K,\n'}
[30.774623] (sllidar_ros2) StderrLine: {'line': b'                 from \x1b[01m\x1b[K/home/rospi/aug_2024/src/sllidar_ros2/sdk/src/sdkcommon.h:49\x1b[m\x1b[K,\n'}
[30.775378] (sllidar_ros2) StderrLine: {'line': b'                 from \x1b[01m\x1b[K/home/rospi/aug_2024/src/sllidar_ros2/sdk/src/rplidar_driver.cpp:33\x1b[m\x1b[K:\n'}
[30.776372] (sllidar_ros2) StderrLine: {'line': b'\x1b[01m\x1b[K/home/rospi/aug_2024/src/sllidar_ros2/./sdk/include/sl_lidar_protocol.h:66:16:\x1b[m\x1b[K \x1b[01;35m\x1b[Kwarning: \x1b[m\x1b[KISO C++ forbids zero-size array \xe2\x80\x98\x1b[01m\x1b[Kdata\x1b[m\x1b[K\xe2\x80\x99 [\x1b[01;35m\x1b[K\x1b]8;;https://gcc.gnu.org/onlinedocs/gcc/Warning-Options.html#index-Wpedantic\x07-Wpedantic\x1b]8;;\x07\x1b[m\x1b[K]\n'}
[30.777926] (sllidar_ros2) StderrLine: {'line': b'   66 |     sl_u8 data[\x1b[01;35m\x1b[K0\x1b[m\x1b[K];\n'}
[30.778685] (sllidar_ros2) StderrLine: {'line': b'      |                \x1b[01;35m\x1b[K^\x1b[m\x1b[K\n'}
[30.779511] (sllidar_ros2) StderrLine: {'line': b'In file included from \x1b[01m\x1b[K/home/rospi/aug_2024/src/sllidar_ros2/./sdk/include/rplidar_cmd.h:36\x1b[m\x1b[K,\n'}
[30.780269] (sllidar_ros2) StderrLine: {'line': b'                 from \x1b[01m\x1b[K/home/rospi/aug_2024/src/sllidar_ros2/./sdk/include/rplidar.h:40\x1b[m\x1b[K,\n'}
[30.781247] (sllidar_ros2) StderrLine: {'line': b'                 from \x1b[01m\x1b[K/home/rospi/aug_2024/src/sllidar_ros2/sdk/src/sdkcommon.h:49\x1b[m\x1b[K,\n'}
[30.782242] (sllidar_ros2) StderrLine: {'line': b'                 from \x1b[01m\x1b[K/home/rospi/aug_2024/src/sllidar_ros2/sdk/src/rplidar_driver.cpp:33\x1b[m\x1b[K:\n'}
[30.783196] (sllidar_ros2) StderrLine: {'line': b'\x1b[01m\x1b[K/home/rospi/aug_2024/src/sllidar_ros2/./sdk/include/sl_lidar_cmd.h:324:20:\x1b[m\x1b[K \x1b[01;35m\x1b[Kwarning: \x1b[m\x1b[KISO C++ forbids zero-size array \xe2\x80\x98\x1b[01m\x1b[Kpayload\x1b[m\x1b[K\xe2\x80\x99 [\x1b[01;35m\x1b[K\x1b]8;;https://gcc.gnu.org/onlinedocs/gcc/Warning-Options.html#index-Wpedantic\x07-Wpedantic\x1b]8;;\x07\x1b[m\x1b[K]\n'}
[30.783943] (sllidar_ros2) StderrLine: {'line': b'  324 |     sl_u8  payload[\x1b[01;35m\x1b[K0\x1b[m\x1b[K];\n'}
[30.792862] (sllidar_ros2) StderrLine: {'line': b'      |                    \x1b[01;35m\x1b[K^\x1b[m\x1b[K\n'}
[30.793725] (-) TimerEvent: {}
[30.894754] (-) TimerEvent: {}
[30.995987] (-) TimerEvent: {}
[31.097421] (-) TimerEvent: {}
[31.198494] (-) TimerEvent: {}
[31.209890] (sllidar_ros2) StderrLine: {'line': b'In file included from \x1b[01m\x1b[K/home/rospi/aug_2024/src/sllidar_ros2/./sdk/include/rplidar_protocol.h:36\x1b[m\x1b[K,\n'}
[31.211306] (sllidar_ros2) StderrLine: {'line': b'                 from \x1b[01m\x1b[K/home/rospi/aug_2024/src/sllidar_ros2/./sdk/include/rplidar.h:39\x1b[m\x1b[K,\n'}
[31.212149] (sllidar_ros2) StderrLine: {'line': b'                 from \x1b[01m\x1b[K/home/rospi/aug_2024/src/sllidar_ros2/sdk/src/sdkcommon.h:49\x1b[m\x1b[K,\n'}
[31.213294] (sllidar_ros2) StderrLine: {'line': b'                 from \x1b[01m\x1b[K/home/rospi/aug_2024/src/sllidar_ros2/sdk/src/sl_async_transceiver.cpp:35\x1b[m\x1b[K:\n'}
[31.214282] (sllidar_ros2) StderrLine: {'line': b'\x1b[01m\x1b[K/home/rospi/aug_2024/src/sllidar_ros2/./sdk/include/sl_lidar_protocol.h:66:16:\x1b[m\x1b[K \x1b[01;35m\x1b[Kwarning: \x1b[m\x1b[KISO C++ forbids zero-size array \xe2\x80\x98\x1b[01m\x1b[Kdata\x1b[m\x1b[K\xe2\x80\x99 [\x1b[01;35m\x1b[K\x1b]8;;https://gcc.gnu.org/onlinedocs/gcc/Warning-Options.html#index-Wpedantic\x07-Wpedantic\x1b]8;;\x07\x1b[m\x1b[K]\n'}
[31.215828] (sllidar_ros2) StderrLine: {'line': b'   66 |     sl_u8 data[\x1b[01;35m\x1b[K0\x1b[m\x1b[K];\n'}
[31.216823] (sllidar_ros2) StderrLine: {'line': b'      |                \x1b[01;35m\x1b[K^\x1b[m\x1b[K\n'}
[31.217562] (sllidar_ros2) StderrLine: {'line': b'In file included from \x1b[01m\x1b[K/home/rospi/aug_2024/src/sllidar_ros2/./sdk/include/rplidar_cmd.h:36\x1b[m\x1b[K,\n'}
[31.218506] (sllidar_ros2) StderrLine: {'line': b'                 from \x1b[01m\x1b[K/home/rospi/aug_2024/src/sllidar_ros2/./sdk/include/rplidar.h:40\x1b[m\x1b[K,\n'}
[31.219544] (sllidar_ros2) StderrLine: {'line': b'                 from \x1b[01m\x1b[K/home/rospi/aug_2024/src/sllidar_ros2/sdk/src/sdkcommon.h:49\x1b[m\x1b[K,\n'}
[31.220267] (sllidar_ros2) StderrLine: {'line': b'                 from \x1b[01m\x1b[K/home/rospi/aug_2024/src/sllidar_ros2/sdk/src/sl_async_transceiver.cpp:35\x1b[m\x1b[K:\n'}
[31.221100] (sllidar_ros2) StderrLine: {'line': b'\x1b[01m\x1b[K/home/rospi/aug_2024/src/sllidar_ros2/./sdk/include/sl_lidar_cmd.h:324:20:\x1b[m\x1b[K \x1b[01;35m\x1b[Kwarning: \x1b[m\x1b[KISO C++ forbids zero-size array \xe2\x80\x98\x1b[01m\x1b[Kpayload\x1b[m\x1b[K\xe2\x80\x99 [\x1b[01;35m\x1b[K\x1b]8;;https://gcc.gnu.org/onlinedocs/gcc/Warning-Options.html#index-Wpedantic\x07-Wpedantic\x1b]8;;\x07\x1b[m\x1b[K]\n'}
[31.221846] (sllidar_ros2) StderrLine: {'line': b'  324 |     sl_u8  payload[\x1b[01;35m\x1b[K0\x1b[m\x1b[K];\n'}
[31.222716] (sllidar_ros2) StderrLine: {'line': b'      |                    \x1b[01;35m\x1b[K^\x1b[m\x1b[K\n'}
[31.298818] (-) TimerEvent: {}
[31.399934] (-) TimerEvent: {}
[31.501151] (-) TimerEvent: {}
[31.602217] (-) TimerEvent: {}
[31.705990] (-) TimerEvent: {}
[31.759160] (sllidar_ros2) StderrLine: {'line': b'\x1b[01m\x1b[K/home/rospi/aug_2024/src/sllidar_ros2/sdk/src/rplidar_driver.cpp:\x1b[m\x1b[K In member function \xe2\x80\x98\x1b[01m\x1b[Ku_result rp::standalone::rplidar::RPlidarDriver::connect(const char*, _u32, _u32)\x1b[m\x1b[K\xe2\x80\x99:\n'}
[31.760154] (sllidar_ros2) StderrLine: {'line': b'\x1b[01m\x1b[K/home/rospi/aug_2024/src/sllidar_ros2/sdk/src/rplidar_driver.cpp:67:77:\x1b[m\x1b[K \x1b[01;35m\x1b[Kwarning: \x1b[m\x1b[Kunused parameter \xe2\x80\x98\x1b[01m\x1b[Kflag\x1b[m\x1b[K\xe2\x80\x99 [\x1b[01;35m\x1b[K\x1b]8;;https://gcc.gnu.org/onlinedocs/gcc/Warning-Options.html#index-Wunused-parameter\x07-Wunused-parameter\x1b]8;;\x07\x1b[m\x1b[K]\n'}
[31.760949] (sllidar_ros2) StderrLine: {'line': b'   67 |     u_result RPlidarDriver::connect(const char *path, _u32 portOrBaud, \x1b[01;35m\x1b[K_u32 flag\x1b[m\x1b[K)\n'}
[31.762646] (sllidar_ros2) StderrLine: {'line': b'      |                                                                        \x1b[01;35m\x1b[K~~~~~^~~~\x1b[m\x1b[K\n'}
[31.765063] (sllidar_ros2) StderrLine: {'line': b'\x1b[01m\x1b[K/home/rospi/aug_2024/src/sllidar_ros2/sdk/src/rplidar_driver.cpp:\x1b[m\x1b[K In member function \xe2\x80\x98\x1b[01m\x1b[Ku_result rp::standalone::rplidar::RPlidarDriver::reset(_u32)\x1b[m\x1b[K\xe2\x80\x99:\n'}
[31.766208] (sllidar_ros2) StderrLine: {'line': b'\x1b[01m\x1b[K/home/rospi/aug_2024/src/sllidar_ros2/sdk/src/rplidar_driver.cpp:101:40:\x1b[m\x1b[K \x1b[01;35m\x1b[Kwarning: \x1b[m\x1b[Kunused parameter \xe2\x80\x98\x1b[01m\x1b[Ktimeout\x1b[m\x1b[K\xe2\x80\x99 [\x1b[01;35m\x1b[K\x1b]8;;https://gcc.gnu.org/onlinedocs/gcc/Warning-Options.html#index-Wunused-parameter\x07-Wunused-parameter\x1b]8;;\x07\x1b[m\x1b[K]\n'}
[31.767040] (sllidar_ros2) StderrLine: {'line': b'  101 |     u_result RPlidarDriver::reset(\x1b[01;35m\x1b[K_u32 timeout\x1b[m\x1b[K)\n'}
[31.768048] (sllidar_ros2) StderrLine: {'line': b'      |                                   \x1b[01;35m\x1b[K~~~~~^~~~~~~\x1b[m\x1b[K\n'}
[31.772117] (sllidar_ros2) StderrLine: {'line': b'\x1b[01m\x1b[K/home/rospi/aug_2024/src/sllidar_ros2/sdk/src/rplidar_driver.cpp:\x1b[m\x1b[K In member function \xe2\x80\x98\x1b[01m\x1b[Ku_result rp::standalone::rplidar::RPlidarDriver::getScanDataWithInterval(rplidar_response_measurement_node_t*, size_t&)\x1b[m\x1b[K\xe2\x80\x99:\n'}
[31.785314] (sllidar_ros2) StderrLine: {'line': b'\x1b[01m\x1b[K/home/rospi/aug_2024/src/sllidar_ros2/sdk/src/rplidar_driver.cpp:180:91:\x1b[m\x1b[K \x1b[01;35m\x1b[Kwarning: \x1b[m\x1b[Kunused parameter \xe2\x80\x98\x1b[01m\x1b[Knodebuffer\x1b[m\x1b[K\xe2\x80\x99 [\x1b[01;35m\x1b[K\x1b]8;;https://gcc.gnu.org/onlinedocs/gcc/Warning-Options.html#index-Wunused-parameter\x07-Wunused-parameter\x1b]8;;\x07\x1b[m\x1b[K]\n'}
[31.786124] (sllidar_ros2) StderrLine: {'line': b'  180 |     u_result RPlidarDriver::getScanDataWithInterval(\x1b[01;35m\x1b[Krplidar_response_measurement_node_t * nodebuffer\x1b[m\x1b[K, size_t & count)\n'}
[31.786956] (sllidar_ros2) StderrLine: {'line': b'      |                                                     \x1b[01;35m\x1b[K~~~~~~~~~~~~~~~~~~~~~~~~~~~~~~~~~~~~~~^~~~~~~~~~\x1b[m\x1b[K\n'}
[31.787664] (sllidar_ros2) StderrLine: {'line': b'\x1b[01m\x1b[K/home/rospi/aug_2024/src/sllidar_ros2/sdk/src/rplidar_driver.cpp:180:112:\x1b[m\x1b[K \x1b[01;35m\x1b[Kwarning: \x1b[m\x1b[Kunused parameter \xe2\x80\x98\x1b[01m\x1b[Kcount\x1b[m\x1b[K\xe2\x80\x99 [\x1b[01;35m\x1b[K\x1b]8;;https://gcc.gnu.org/onlinedocs/gcc/Warning-Options.html#index-Wunused-parameter\x07-Wunused-parameter\x1b]8;;\x07\x1b[m\x1b[K]\n'}
[31.788488] (sllidar_ros2) StderrLine: {'line': b'  180 |     u_result RPlidarDriver::getScanDataWithInterval(rplidar_response_measurement_node_t * nodebuffer, \x1b[01;35m\x1b[Ksize_t & count\x1b[m\x1b[K)\n'}
[31.789426] (sllidar_ros2) StderrLine: {'line': b'      |                                                                                                       \x1b[01;35m\x1b[K~~~~~~~~~^~~~~\x1b[m\x1b[K\n'}
[31.806278] (-) TimerEvent: {}
[31.911091] (-) TimerEvent: {}
[32.010554] (sllidar_ros2) StderrLine: {'line': b'In file included from \x1b[01m\x1b[K/home/rospi/aug_2024/src/sllidar_ros2/sdk/src/sl_async_transceiver.cpp:44\x1b[m\x1b[K:\n'}
[32.011532] (-) TimerEvent: {}
[32.012988] (sllidar_ros2) StderrLine: {'line': b'\x1b[01m\x1b[K/home/rospi/aug_2024/src/sllidar_ros2/sdk/src/sl_async_transceiver.h:\x1b[m\x1b[K In member function \xe2\x80\x98\x1b[01m\x1b[Kvirtual void sl::internal::IAsyncProtocolCodec::onChannelError(u_result)\x1b[m\x1b[K\xe2\x80\x99:\n'}
[32.014749] (sllidar_ros2) StderrLine: {'line': b'\x1b[01m\x1b[K/home/rospi/aug_2024/src/sllidar_ros2/sdk/src/sl_async_transceiver.h:90:48:\x1b[m\x1b[K \x1b[01;35m\x1b[Kwarning: \x1b[m\x1b[Kunused parameter \xe2\x80\x98\x1b[01m\x1b[KerrCode\x1b[m\x1b[K\xe2\x80\x99 [\x1b[01;35m\x1b[K\x1b]8;;https://gcc.gnu.org/onlinedocs/gcc/Warning-Options.html#index-Wunused-parameter\x07-Wunused-parameter\x1b]8;;\x07\x1b[m\x1b[K]\n'}
[32.016497] (sllidar_ros2) StderrLine: {'line': b'   90 |         virtual void   onChannelError(\x1b[01;35m\x1b[Ku_result errCode\x1b[m\x1b[K) {}\n'}
[32.019185] (sllidar_ros2) StderrLine: {'line': b'      |                                       \x1b[01;35m\x1b[K~~~~~~~~~^~~~~~~\x1b[m\x1b[K\n'}
[32.111806] (-) TimerEvent: {}
[32.212897] (-) TimerEvent: {}
[32.313982] (-) TimerEvent: {}
[32.415076] (-) TimerEvent: {}
[32.516337] (-) TimerEvent: {}
[32.539475] (sllidar_ros2) StdoutLine: {'line': b'[ 65%] \x1b[32mBuilding CXX object CMakeFiles/sllidar_node.dir/sdk/src/sl_crc.cpp.o\x1b[0m\n'}
[32.616571] (-) TimerEvent: {}
[32.689258] (sllidar_ros2) StderrLine: {'line': b'In file included from \x1b[01m\x1b[K/home/rospi/aug_2024/src/sllidar_ros2/./sdk/include/sl_lidar_cmd.h:41\x1b[m\x1b[K,\n'}
[32.690671] (sllidar_ros2) StderrLine: {'line': b'                 from \x1b[01m\x1b[K/home/rospi/aug_2024/src/sllidar_ros2/./sdk/include/sl_crc.h:36\x1b[m\x1b[K,\n'}
[32.692041] (sllidar_ros2) StderrLine: {'line': b'                 from \x1b[01m\x1b[K/home/rospi/aug_2024/src/sllidar_ros2/sdk/src/sl_crc.cpp:33\x1b[m\x1b[K:\n'}
[32.693401] (sllidar_ros2) StderrLine: {'line': b'\x1b[01m\x1b[K/home/rospi/aug_2024/src/sllidar_ros2/./sdk/include/sl_lidar_protocol.h:66:16:\x1b[m\x1b[K \x1b[01;35m\x1b[Kwarning: \x1b[m\x1b[KISO C++ forbids zero-size array \xe2\x80\x98\x1b[01m\x1b[Kdata\x1b[m\x1b[K\xe2\x80\x99 [\x1b[01;35m\x1b[K\x1b]8;;https://gcc.gnu.org/onlinedocs/gcc/Warning-Options.html#index-Wpedantic\x07-Wpedantic\x1b]8;;\x07\x1b[m\x1b[K]\n'}
[32.694792] (sllidar_ros2) StderrLine: {'line': b'   66 |     sl_u8 data[\x1b[01;35m\x1b[K0\x1b[m\x1b[K];\n'}
[32.696085] (sllidar_ros2) StderrLine: {'line': b'      |                \x1b[01;35m\x1b[K^\x1b[m\x1b[K\n'}
[32.700395] (sllidar_ros2) StderrLine: {'line': b'In file included from \x1b[01m\x1b[K/home/rospi/aug_2024/src/sllidar_ros2/./sdk/include/sl_crc.h:36\x1b[m\x1b[K,\n'}
[32.701961] (sllidar_ros2) StderrLine: {'line': b'                 from \x1b[01m\x1b[K/home/rospi/aug_2024/src/sllidar_ros2/sdk/src/sl_crc.cpp:33\x1b[m\x1b[K:\n'}
[32.703361] (sllidar_ros2) StderrLine: {'line': b'\x1b[01m\x1b[K/home/rospi/aug_2024/src/sllidar_ros2/./sdk/include/sl_lidar_cmd.h:324:20:\x1b[m\x1b[K \x1b[01;35m\x1b[Kwarning: \x1b[m\x1b[KISO C++ forbids zero-size array \xe2\x80\x98\x1b[01m\x1b[Kpayload\x1b[m\x1b[K\xe2\x80\x99 [\x1b[01;35m\x1b[K\x1b]8;;https://gcc.gnu.org/onlinedocs/gcc/Warning-Options.html#index-Wpedantic\x07-Wpedantic\x1b]8;;\x07\x1b[m\x1b[K]\n'}
[32.704812] (sllidar_ros2) StderrLine: {'line': b'  324 |     sl_u8  payload[\x1b[01;35m\x1b[K0\x1b[m\x1b[K];\n'}
[32.706188] (sllidar_ros2) StderrLine: {'line': b'      |                    \x1b[01;35m\x1b[K^\x1b[m\x1b[K\n'}
[32.716870] (-) TimerEvent: {}
[32.817944] (-) TimerEvent: {}
[32.822389] (sllidar_ros2) StdoutLine: {'line': b'[ 70%] \x1b[32mBuilding CXX object CMakeFiles/sllidar_node.dir/sdk/src/sl_lidar_driver.cpp.o\x1b[0m\n'}
[32.918256] (-) TimerEvent: {}
[32.962716] (sllidar_ros2) StdoutLine: {'line': b'[ 75%] \x1b[32mBuilding CXX object CMakeFiles/sllidar_node.dir/sdk/src/sl_lidarprotocol_codec.cpp.o\x1b[0m\n'}
[33.018575] (-) TimerEvent: {}
[33.120998] (-) TimerEvent: {}
[33.223406] (-) TimerEvent: {}
[33.324766] (-) TimerEvent: {}
[33.425848] (-) TimerEvent: {}
[33.526805] (-) TimerEvent: {}
[33.627757] (-) TimerEvent: {}
[33.728655] (-) TimerEvent: {}
[33.829673] (-) TimerEvent: {}
[33.930591] (-) TimerEvent: {}
[34.031486] (-) TimerEvent: {}
[34.135216] (-) TimerEvent: {}
[34.237182] (-) TimerEvent: {}
[34.338885] (-) TimerEvent: {}
[34.452904] (-) TimerEvent: {}
[34.554458] (-) TimerEvent: {}
[34.656133] (-) TimerEvent: {}
[34.757202] (-) TimerEvent: {}
[34.858149] (-) TimerEvent: {}
[34.959126] (-) TimerEvent: {}
[35.060093] (-) TimerEvent: {}
[35.161172] (-) TimerEvent: {}
[35.262286] (-) TimerEvent: {}
[35.363562] (-) TimerEvent: {}
[35.464608] (-) TimerEvent: {}
[35.565784] (-) TimerEvent: {}
[35.666924] (-) TimerEvent: {}
[35.767894] (-) TimerEvent: {}
[35.869134] (-) TimerEvent: {}
[35.972946] (-) TimerEvent: {}
[36.074634] (-) TimerEvent: {}
[36.158785] (sllidar_ros2) StderrLine: {'line': b'In file included from \x1b[01m\x1b[K/home/rospi/aug_2024/src/sllidar_ros2/./sdk/include/rplidar_protocol.h:36\x1b[m\x1b[K,\n'}
[36.159831] (sllidar_ros2) StderrLine: {'line': b'                 from \x1b[01m\x1b[K/home/rospi/aug_2024/src/sllidar_ros2/./sdk/include/rplidar.h:39\x1b[m\x1b[K,\n'}
[36.160543] (sllidar_ros2) StderrLine: {'line': b'                 from \x1b[01m\x1b[K/home/rospi/aug_2024/src/sllidar_ros2/sdk/src/sdkcommon.h:49\x1b[m\x1b[K,\n'}
[36.161418] (sllidar_ros2) StderrLine: {'line': b'                 from \x1b[01m\x1b[K/home/rospi/aug_2024/src/sllidar_ros2/sdk/src/sl_lidar_driver.cpp:33\x1b[m\x1b[K:\n'}
[36.162729] (sllidar_ros2) StderrLine: {'line': b'\x1b[01m\x1b[K/home/rospi/aug_2024/src/sllidar_ros2/./sdk/include/sl_lidar_protocol.h:66:16:\x1b[m\x1b[K \x1b[01;35m\x1b[Kwarning: \x1b[m\x1b[KISO C++ forbids zero-size array \xe2\x80\x98\x1b[01m\x1b[Kdata\x1b[m\x1b[K\xe2\x80\x99 [\x1b[01;35m\x1b[K\x1b]8;;https://gcc.gnu.org/onlinedocs/gcc/Warning-Options.html#index-Wpedantic\x07-Wpedantic\x1b]8;;\x07\x1b[m\x1b[K]\n'}
[36.163561] (sllidar_ros2) StderrLine: {'line': b'   66 |     sl_u8 data[\x1b[01;35m\x1b[K0\x1b[m\x1b[K];\n'}
[36.164358] (sllidar_ros2) StderrLine: {'line': b'      |                \x1b[01;35m\x1b[K^\x1b[m\x1b[K\n'}
[36.165235] (sllidar_ros2) StderrLine: {'line': b'In file included from \x1b[01m\x1b[K/home/rospi/aug_2024/src/sllidar_ros2/./sdk/include/rplidar_cmd.h:36\x1b[m\x1b[K,\n'}
[36.166205] (sllidar_ros2) StderrLine: {'line': b'                 from \x1b[01m\x1b[K/home/rospi/aug_2024/src/sllidar_ros2/./sdk/include/rplidar.h:40\x1b[m\x1b[K,\n'}
[36.167089] (sllidar_ros2) StderrLine: {'line': b'                 from \x1b[01m\x1b[K/home/rospi/aug_2024/src/sllidar_ros2/sdk/src/sdkcommon.h:49\x1b[m\x1b[K,\n'}
[36.167862] (sllidar_ros2) StderrLine: {'line': b'                 from \x1b[01m\x1b[K/home/rospi/aug_2024/src/sllidar_ros2/sdk/src/sl_lidar_driver.cpp:33\x1b[m\x1b[K:\n'}
[36.168668] (sllidar_ros2) StderrLine: {'line': b'\x1b[01m\x1b[K/home/rospi/aug_2024/src/sllidar_ros2/./sdk/include/sl_lidar_cmd.h:324:20:\x1b[m\x1b[K \x1b[01;35m\x1b[Kwarning: \x1b[m\x1b[KISO C++ forbids zero-size array \xe2\x80\x98\x1b[01m\x1b[Kpayload\x1b[m\x1b[K\xe2\x80\x99 [\x1b[01;35m\x1b[K\x1b]8;;https://gcc.gnu.org/onlinedocs/gcc/Warning-Options.html#index-Wpedantic\x07-Wpedantic\x1b]8;;\x07\x1b[m\x1b[K]\n'}
[36.169486] (sllidar_ros2) StderrLine: {'line': b'  324 |     sl_u8  payload[\x1b[01;35m\x1b[K0\x1b[m\x1b[K];\n'}
[36.170196] (sllidar_ros2) StderrLine: {'line': b'      |                    \x1b[01;35m\x1b[K^\x1b[m\x1b[K\n'}
[36.184950] (-) TimerEvent: {}
[36.286371] (-) TimerEvent: {}
[36.387621] (-) TimerEvent: {}
[36.488926] (-) TimerEvent: {}
[36.590171] (-) TimerEvent: {}
[36.600713] (sllidar_ros2) StderrLine: {'line': b'In file included from \x1b[01m\x1b[K/home/rospi/aug_2024/src/sllidar_ros2/./sdk/include/rplidar_protocol.h:36\x1b[m\x1b[K,\n'}
[36.602455] (sllidar_ros2) StderrLine: {'line': b'                 from \x1b[01m\x1b[K/home/rospi/aug_2024/src/sllidar_ros2/./sdk/include/rplidar.h:39\x1b[m\x1b[K,\n'}
[36.603343] (sllidar_ros2) StderrLine: {'line': b'                 from \x1b[01m\x1b[K/home/rospi/aug_2024/src/sllidar_ros2/sdk/src/sdkcommon.h:49\x1b[m\x1b[K,\n'}
[36.604210] (sllidar_ros2) StderrLine: {'line': b'                 from \x1b[01m\x1b[K/home/rospi/aug_2024/src/sllidar_ros2/sdk/src/sl_lidarprotocol_codec.cpp:35\x1b[m\x1b[K:\n'}
[36.605085] (sllidar_ros2) StderrLine: {'line': b'\x1b[01m\x1b[K/home/rospi/aug_2024/src/sllidar_ros2/./sdk/include/sl_lidar_protocol.h:66:16:\x1b[m\x1b[K \x1b[01;35m\x1b[Kwarning: \x1b[m\x1b[KISO C++ forbids zero-size array \xe2\x80\x98\x1b[01m\x1b[Kdata\x1b[m\x1b[K\xe2\x80\x99 [\x1b[01;35m\x1b[K\x1b]8;;https://gcc.gnu.org/onlinedocs/gcc/Warning-Options.html#index-Wpedantic\x07-Wpedantic\x1b]8;;\x07\x1b[m\x1b[K]\n'}
[36.606597] (sllidar_ros2) StderrLine: {'line': b'   66 |     sl_u8 data[\x1b[01;35m\x1b[K0\x1b[m\x1b[K];\n'}
[36.607416] (sllidar_ros2) StderrLine: {'line': b'      |                \x1b[01;35m\x1b[K^\x1b[m\x1b[K\n'}
[36.608218] (sllidar_ros2) StderrLine: {'line': b'In file included from \x1b[01m\x1b[K/home/rospi/aug_2024/src/sllidar_ros2/./sdk/include/rplidar_cmd.h:36\x1b[m\x1b[K,\n'}
[36.609163] (sllidar_ros2) StderrLine: {'line': b'                 from \x1b[01m\x1b[K/home/rospi/aug_2024/src/sllidar_ros2/./sdk/include/rplidar.h:40\x1b[m\x1b[K,\n'}
[36.609983] (sllidar_ros2) StderrLine: {'line': b'                 from \x1b[01m\x1b[K/home/rospi/aug_2024/src/sllidar_ros2/sdk/src/sdkcommon.h:49\x1b[m\x1b[K,\n'}
[36.610880] (sllidar_ros2) StderrLine: {'line': b'                 from \x1b[01m\x1b[K/home/rospi/aug_2024/src/sllidar_ros2/sdk/src/sl_lidarprotocol_codec.cpp:35\x1b[m\x1b[K:\n'}
[36.611800] (sllidar_ros2) StderrLine: {'line': b'\x1b[01m\x1b[K/home/rospi/aug_2024/src/sllidar_ros2/./sdk/include/sl_lidar_cmd.h:324:20:\x1b[m\x1b[K \x1b[01;35m\x1b[Kwarning: \x1b[m\x1b[KISO C++ forbids zero-size array \xe2\x80\x98\x1b[01m\x1b[Kpayload\x1b[m\x1b[K\xe2\x80\x99 [\x1b[01;35m\x1b[K\x1b]8;;https://gcc.gnu.org/onlinedocs/gcc/Warning-Options.html#index-Wpedantic\x07-Wpedantic\x1b]8;;\x07\x1b[m\x1b[K]\n'}
[36.612651] (sllidar_ros2) StderrLine: {'line': b'  324 |     sl_u8  payload[\x1b[01;35m\x1b[K0\x1b[m\x1b[K];\n'}
[36.613541] (sllidar_ros2) StderrLine: {'line': b'      |                    \x1b[01;35m\x1b[K^\x1b[m\x1b[K\n'}
[36.690548] (-) TimerEvent: {}
[36.791844] (-) TimerEvent: {}
[36.893031] (-) TimerEvent: {}
[36.994230] (-) TimerEvent: {}
[37.095362] (-) TimerEvent: {}
[37.196502] (-) TimerEvent: {}
[37.297754] (-) TimerEvent: {}
[37.398983] (-) TimerEvent: {}
[37.500231] (-) TimerEvent: {}
[37.601376] (-) TimerEvent: {}
[37.679298] (sllidar_ros2) StderrLine: {'line': b'In file included from \x1b[01m\x1b[K/home/rospi/aug_2024/src/sllidar_ros2/sdk/src/sl_lidar_driver.cpp:50\x1b[m\x1b[K:\n'}
[37.680753] (sllidar_ros2) StderrLine: {'line': b'\x1b[01m\x1b[K/home/rospi/aug_2024/src/sllidar_ros2/sdk/src/dataunpacker/dataunpacker.h:\x1b[m\x1b[K In member function \xe2\x80\x98\x1b[01m\x1b[Kvirtual void sl::internal::LIDARSampleDataListener::onCustomSampleDataDecoded(_u8, _u32, const void*, size_t)\x1b[m\x1b[K\xe2\x80\x99:\n'}
[37.682162] (sllidar_ros2) StderrLine: {'line': b'\x1b[01m\x1b[K/home/rospi/aug_2024/src/sllidar_ros2/sdk/src/dataunpacker/dataunpacker.h:54:52:\x1b[m\x1b[K \x1b[01;35m\x1b[Kwarning: \x1b[m\x1b[Kunused parameter \xe2\x80\x98\x1b[01m\x1b[KansType\x1b[m\x1b[K\xe2\x80\x99 [\x1b[01;35m\x1b[K\x1b]8;;https://gcc.gnu.org/onlinedocs/gcc/Warning-Options.html#index-Wunused-parameter\x07-Wunused-parameter\x1b]8;;\x07\x1b[m\x1b[K]\n'}
[37.683703] (sllidar_ros2) StderrLine: {'line': b'   54 |         virtual void onCustomSampleDataDecoded(\x1b[01;35m\x1b[K_u8 ansType\x1b[m\x1b[K, _u32 customCode, const void* data, size_t size) {}\n'}
[37.684842] (sllidar_ros2) StderrLine: {'line': b'      |                                                \x1b[01;35m\x1b[K~~~~^~~~~~~\x1b[m\x1b[K\n'}
[37.685603] (sllidar_ros2) StderrLine: {'line': b'\x1b[01m\x1b[K/home/rospi/aug_2024/src/sllidar_ros2/sdk/src/dataunpacker/dataunpacker.h:54:66:\x1b[m\x1b[K \x1b[01;35m\x1b[Kwarning: \x1b[m\x1b[Kunused parameter \xe2\x80\x98\x1b[01m\x1b[KcustomCode\x1b[m\x1b[K\xe2\x80\x99 [\x1b[01;35m\x1b[K\x1b]8;;https://gcc.gnu.org/onlinedocs/gcc/Warning-Options.html#index-Wunused-parameter\x07-Wunused-parameter\x1b]8;;\x07\x1b[m\x1b[K]\n'}
[37.686414] (sllidar_ros2) StderrLine: {'line': b'   54 |         virtual void onCustomSampleDataDecoded(_u8 ansType, \x1b[01;35m\x1b[K_u32 customCode\x1b[m\x1b[K, const void* data, size_t size) {}\n'}
[37.687291] (sllidar_ros2) StderrLine: {'line': b'      |                                                             \x1b[01;35m\x1b[K~~~~~^~~~~~~~~~\x1b[m\x1b[K\n'}
[37.688240] (sllidar_ros2) StderrLine: {'line': b'\x1b[01m\x1b[K/home/rospi/aug_2024/src/sllidar_ros2/sdk/src/dataunpacker/dataunpacker.h:54:90:\x1b[m\x1b[K \x1b[01;35m\x1b[Kwarning: \x1b[m\x1b[Kunused parameter \xe2\x80\x98\x1b[01m\x1b[Kdata\x1b[m\x1b[K\xe2\x80\x99 [\x1b[01;35m\x1b[K\x1b]8;;https://gcc.gnu.org/onlinedocs/gcc/Warning-Options.html#index-Wunused-parameter\x07-Wunused-parameter\x1b]8;;\x07\x1b[m\x1b[K]\n'}
[37.689396] (sllidar_ros2) StderrLine: {'line': b'   54 |         virtual void onCustomSampleDataDecoded(_u8 ansType, _u32 customCode, \x1b[01;35m\x1b[Kconst void* data\x1b[m\x1b[K, size_t size) {}\n'}
[37.690300] (sllidar_ros2) StderrLine: {'line': b'      |                                                                              \x1b[01;35m\x1b[K~~~~~~~~~~~~^~~~\x1b[m\x1b[K\n'}
[37.691236] (sllidar_ros2) StderrLine: {'line': b'\x1b[01m\x1b[K/home/rospi/aug_2024/src/sllidar_ros2/sdk/src/dataunpacker/dataunpacker.h:54:103:\x1b[m\x1b[K \x1b[01;35m\x1b[Kwarning: \x1b[m\x1b[Kunused parameter \xe2\x80\x98\x1b[01m\x1b[Ksize\x1b[m\x1b[K\xe2\x80\x99 [\x1b[01;35m\x1b[K\x1b]8;;https://gcc.gnu.org/onlinedocs/gcc/Warning-Options.html#index-Wunused-parameter\x07-Wunused-parameter\x1b]8;;\x07\x1b[m\x1b[K]\n'}
[37.692249] (sllidar_ros2) StderrLine: {'line': b'   54 |         virtual void onCustomSampleDataDecoded(_u8 ansType, _u32 customCode, const void* data, \x1b[01;35m\x1b[Ksize_t size\x1b[m\x1b[K) {}\n'}
[37.693089] (sllidar_ros2) StderrLine: {'line': b'      |                                                                                                \x1b[01;35m\x1b[K~~~~~~~^~~~\x1b[m\x1b[K\n'}
[37.694029] (sllidar_ros2) StderrLine: {'line': b'\x1b[01m\x1b[K/home/rospi/aug_2024/src/sllidar_ros2/sdk/src/dataunpacker/dataunpacker.h:\x1b[m\x1b[K In member function \xe2\x80\x98\x1b[01m\x1b[Kvirtual void sl::internal::LIDARSampleDataListener::onDecodingError(int, _u8, const void*, size_t)\x1b[m\x1b[K\xe2\x80\x99:\n'}
[37.694884] (sllidar_ros2) StderrLine: {'line': b'\x1b[01m\x1b[K/home/rospi/aug_2024/src/sllidar_ros2/sdk/src/dataunpacker/dataunpacker.h:56:42:\x1b[m\x1b[K \x1b[01;35m\x1b[Kwarning: \x1b[m\x1b[Kunused parameter \xe2\x80\x98\x1b[01m\x1b[KerrMsg\x1b[m\x1b[K\xe2\x80\x99 [\x1b[01;35m\x1b[K\x1b]8;;https://gcc.gnu.org/onlinedocs/gcc/Warning-Options.html#index-Wunused-parameter\x07-Wunused-parameter\x1b]8;;\x07\x1b[m\x1b[K]\n'}
[37.695760] (sllidar_ros2) StderrLine: {'line': b'   56 |         virtual void onDecodingError(\x1b[01;35m\x1b[Kint errMsg\x1b[m\x1b[K, _u8 ansType, const void* payload, size_t size) {}\n'}
[37.708770] (sllidar_ros2) StderrLine: {'line': b'      |                                      \x1b[01;35m\x1b[K~~~~^~~~~~\x1b[m\x1b[K\n'}
[37.709726] (-) TimerEvent: {}
[37.710597] (sllidar_ros2) StderrLine: {'line': b'\x1b[01m\x1b[K/home/rospi/aug_2024/src/sllidar_ros2/sdk/src/dataunpacker/dataunpacker.h:56:54:\x1b[m\x1b[K \x1b[01;35m\x1b[Kwarning: \x1b[m\x1b[Kunused parameter \xe2\x80\x98\x1b[01m\x1b[KansType\x1b[m\x1b[K\xe2\x80\x99 [\x1b[01;35m\x1b[K\x1b]8;;https://gcc.gnu.org/onlinedocs/gcc/Warning-Options.html#index-Wunused-parameter\x07-Wunused-parameter\x1b]8;;\x07\x1b[m\x1b[K]\n'}
[37.711456] (sllidar_ros2) StderrLine: {'line': b'   56 |         virtual void onDecodingError(int errMsg, \x1b[01;35m\x1b[K_u8 ansType\x1b[m\x1b[K, const void* payload, size_t size) {}\n'}
[37.712940] (sllidar_ros2) StderrLine: {'line': b'      |                                                  \x1b[01;35m\x1b[K~~~~^~~~~~~\x1b[m\x1b[K\n'}
[37.713789] (sllidar_ros2) StderrLine: {'line': b'\x1b[01m\x1b[K/home/rospi/aug_2024/src/sllidar_ros2/sdk/src/dataunpacker/dataunpacker.h:56:75:\x1b[m\x1b[K \x1b[01;35m\x1b[Kwarning: \x1b[m\x1b[Kunused parameter \xe2\x80\x98\x1b[01m\x1b[Kpayload\x1b[m\x1b[K\xe2\x80\x99 [\x1b[01;35m\x1b[K\x1b]8;;https://gcc.gnu.org/onlinedocs/gcc/Warning-Options.html#index-Wunused-parameter\x07-Wunused-parameter\x1b]8;;\x07\x1b[m\x1b[K]\n'}
[37.714541] (sllidar_ros2) StderrLine: {'line': b'   56 |         virtual void onDecodingError(int errMsg, _u8 ansType, \x1b[01;35m\x1b[Kconst void* payload\x1b[m\x1b[K, size_t size) {}\n'}
[37.715278] (sllidar_ros2) StderrLine: {'line': b'      |                                                               \x1b[01;35m\x1b[K~~~~~~~~~~~~^~~~~~~\x1b[m\x1b[K\n'}
[37.716361] (sllidar_ros2) StderrLine: {'line': b'\x1b[01m\x1b[K/home/rospi/aug_2024/src/sllidar_ros2/sdk/src/dataunpacker/dataunpacker.h:56:91:\x1b[m\x1b[K \x1b[01;35m\x1b[Kwarning: \x1b[m\x1b[Kunused parameter \xe2\x80\x98\x1b[01m\x1b[Ksize\x1b[m\x1b[K\xe2\x80\x99 [\x1b[01;35m\x1b[K\x1b]8;;https://gcc.gnu.org/onlinedocs/gcc/Warning-Options.html#index-Wunused-parameter\x07-Wunused-parameter\x1b]8;;\x07\x1b[m\x1b[K]\n'}
[37.717293] (sllidar_ros2) StderrLine: {'line': b'   56 |         virtual void onDecodingError(int errMsg, _u8 ansType, const void* payload, \x1b[01;35m\x1b[Ksize_t size\x1b[m\x1b[K) {}\n'}
[37.718137] (sllidar_ros2) StderrLine: {'line': b'      |                                                                                    \x1b[01;35m\x1b[K~~~~~~~^~~~\x1b[m\x1b[K\n'}
[37.738038] (sllidar_ros2) StderrLine: {'line': b'In file included from \x1b[01m\x1b[K/home/rospi/aug_2024/src/sllidar_ros2/sdk/src/sl_lidar_driver.cpp:51\x1b[m\x1b[K:\n'}
[37.739413] (sllidar_ros2) StderrLine: {'line': b'\x1b[01m\x1b[K/home/rospi/aug_2024/src/sllidar_ros2/sdk/src/sl_async_transceiver.h:\x1b[m\x1b[K In member function \xe2\x80\x98\x1b[01m\x1b[Kvirtual void sl::internal::IAsyncProtocolCodec::onChannelError(u_result)\x1b[m\x1b[K\xe2\x80\x99:\n'}
[37.740237] (sllidar_ros2) StderrLine: {'line': b'\x1b[01m\x1b[K/home/rospi/aug_2024/src/sllidar_ros2/sdk/src/sl_async_transceiver.h:90:48:\x1b[m\x1b[K \x1b[01;35m\x1b[Kwarning: \x1b[m\x1b[Kunused parameter \xe2\x80\x98\x1b[01m\x1b[KerrCode\x1b[m\x1b[K\xe2\x80\x99 [\x1b[01;35m\x1b[K\x1b]8;;https://gcc.gnu.org/onlinedocs/gcc/Warning-Options.html#index-Wunused-parameter\x07-Wunused-parameter\x1b]8;;\x07\x1b[m\x1b[K]\n'}
[37.741061] (sllidar_ros2) StderrLine: {'line': b'   90 |         virtual void   onChannelError(\x1b[01;35m\x1b[Ku_result errCode\x1b[m\x1b[K) {}\n'}
[37.741833] (sllidar_ros2) StderrLine: {'line': b'      |                                       \x1b[01;35m\x1b[K~~~~~~~~~^~~~~~~\x1b[m\x1b[K\n'}
[37.810035] (-) TimerEvent: {}
[37.866844] (sllidar_ros2) StderrLine: {'line': b'\x1b[01m\x1b[K/home/rospi/aug_2024/src/sllidar_ros2/sdk/src/sl_lidar_driver.cpp:\x1b[m\x1b[K In member function \xe2\x80\x98\x1b[01m\x1b[Kvirtual sl_result sl::SlamtecLidarDriver::reset(sl_u32)\x1b[m\x1b[K\xe2\x80\x99:\n'}
[37.868429] (sllidar_ros2) StderrLine: {'line': b'\x1b[01m\x1b[K/home/rospi/aug_2024/src/sllidar_ros2/sdk/src/sl_lidar_driver.cpp:511:32:\x1b[m\x1b[K \x1b[01;35m\x1b[Kwarning: \x1b[m\x1b[Kunused parameter \xe2\x80\x98\x1b[01m\x1b[KtimeoutInMs\x1b[m\x1b[K\xe2\x80\x99 [\x1b[01;35m\x1b[K\x1b]8;;https://gcc.gnu.org/onlinedocs/gcc/Warning-Options.html#index-Wunused-parameter\x07-Wunused-parameter\x1b]8;;\x07\x1b[m\x1b[K]\n'}
[37.869440] (sllidar_ros2) StderrLine: {'line': b'  511 |         sl_result reset(\x1b[01;35m\x1b[Ksl_u32 timeoutInMs = DEFAULT_TIMEOUT\x1b[m\x1b[K)\n'}
[37.870268] (sllidar_ros2) StderrLine: {'line': b'      |                         \x1b[01;35m\x1b[K~~~~~~~^~~~~~~~~~~~~~~~~~~~~~~~~~~~~\x1b[m\x1b[K\n'}
[37.888985] (sllidar_ros2) StderrLine: {'line': b'\x1b[01m\x1b[K/home/rospi/aug_2024/src/sllidar_ros2/sdk/src/sl_lidar_driver.cpp:\x1b[m\x1b[K In member function \xe2\x80\x98\x1b[01m\x1b[Kvirtual sl_result sl::SlamtecLidarDriver::startScan(bool, bool, sl_u32, sl::LidarScanMode*)\x1b[m\x1b[K\xe2\x80\x99:\n'}
[37.890521] (sllidar_ros2) StderrLine: {'line': b'\x1b[01m\x1b[K/home/rospi/aug_2024/src/sllidar_ros2/sdk/src/sl_lidar_driver.cpp:586:69:\x1b[m\x1b[K \x1b[01;35m\x1b[Kwarning: \x1b[m\x1b[Kunused parameter \xe2\x80\x98\x1b[01m\x1b[Koptions\x1b[m\x1b[K\xe2\x80\x99 [\x1b[01;35m\x1b[K\x1b]8;;https://gcc.gnu.org/onlinedocs/gcc/Warning-Options.html#index-Wunused-parameter\x07-Wunused-parameter\x1b]8;;\x07\x1b[m\x1b[K]\n'}
[37.891339] (sllidar_ros2) StderrLine: {'line': b'  586 |         sl_result startScan(bool force, bool useTypicalScan, \x1b[01;35m\x1b[Ksl_u32 options = 0\x1b[m\x1b[K, LidarScanMode* outUsedScanMode = nullptr)\n'}
[37.892124] (sllidar_ros2) StderrLine: {'line': b'      |                                                              \x1b[01;35m\x1b[K~~~~~~~^~~~~~~~~~~\x1b[m\x1b[K\n'}
[37.902242] (sllidar_ros2) StderrLine: {'line': b'\x1b[01m\x1b[K/home/rospi/aug_2024/src/sllidar_ros2/sdk/src/sl_lidar_driver.cpp:\x1b[m\x1b[K In member function \xe2\x80\x98\x1b[01m\x1b[Kvirtual sl_result sl::SlamtecLidarDriver::stop(sl_u32)\x1b[m\x1b[K\xe2\x80\x99:\n'}
[37.903619] (sllidar_ros2) StderrLine: {'line': b'\x1b[01m\x1b[K/home/rospi/aug_2024/src/sllidar_ros2/sdk/src/sl_lidar_driver.cpp:763:31:\x1b[m\x1b[K \x1b[01;35m\x1b[Kwarning: \x1b[m\x1b[Kunused parameter \xe2\x80\x98\x1b[01m\x1b[Ktimeout\x1b[m\x1b[K\xe2\x80\x99 [\x1b[01;35m\x1b[K\x1b]8;;https://gcc.gnu.org/onlinedocs/gcc/Warning-Options.html#index-Wunused-parameter\x07-Wunused-parameter\x1b]8;;\x07\x1b[m\x1b[K]\n'}
[37.904712] (sllidar_ros2) StderrLine: {'line': b'  763 |         sl_result stop(\x1b[01;35m\x1b[Ksl_u32 timeout = DEFAULT_TIMEOUT\x1b[m\x1b[K)\n'}
[37.905693] (sllidar_ros2) StderrLine: {'line': b'      |                        \x1b[01;35m\x1b[K~~~~~~~^~~~~~~~~~~~~~~~~~~~~~~~~\x1b[m\x1b[K\n'}
[37.910269] (-) TimerEvent: {}
[37.915219] (sllidar_ros2) StderrLine: {'line': b'\x1b[01m\x1b[K/home/rospi/aug_2024/src/sllidar_ros2/sdk/src/sl_lidar_driver.cpp:\x1b[m\x1b[K In member function \xe2\x80\x98\x1b[01m\x1b[Kvirtual sl_result sl::SlamtecLidarDriver::getFrequency(const sl::LidarScanMode&, const sl_lidar_response_measurement_node_hq_t*, size_t, float&)\x1b[m\x1b[K\xe2\x80\x99:\n'}
[37.916716] (sllidar_ros2) StderrLine: {'line': b'\x1b[01m\x1b[K/home/rospi/aug_2024/src/sllidar_ros2/sdk/src/sl_lidar_driver.cpp:880:110:\x1b[m\x1b[K \x1b[01;35m\x1b[Kwarning: \x1b[m\x1b[Kunused parameter \xe2\x80\x98\x1b[01m\x1b[Knodes\x1b[m\x1b[K\xe2\x80\x99 [\x1b[01;35m\x1b[K\x1b]8;;https://gcc.gnu.org/onlinedocs/gcc/Warning-Options.html#index-Wunused-parameter\x07-Wunused-parameter\x1b]8;;\x07\x1b[m\x1b[K]\n'}
[37.917617] (sllidar_ros2) StderrLine: {'line': b'  880 |         sl_result getFrequency(const LidarScanMode& scanMode, \x1b[01;35m\x1b[Kconst sl_lidar_response_measurement_node_hq_t* nodes\x1b[m\x1b[K, size_t count, float& frequency)\n'}
[37.918698] (sllidar_ros2) StderrLine: {'line': b'      |                                                               \x1b[01;35m\x1b[K~~~~~~~~~~~~~~~~~~~~~~~~~~~~~~~~~~~~~~~~~~~~~~~^~~~~\x1b[m\x1b[K\n'}
[37.932719] (sllidar_ros2) StderrLine: {'line': b'\x1b[01m\x1b[K/home/rospi/aug_2024/src/sllidar_ros2/sdk/src/sl_lidar_driver.cpp:\x1b[m\x1b[K In member function \xe2\x80\x98\x1b[01m\x1b[Kvirtual sl_result sl::SlamtecLidarDriver::getMotorInfo(sl::LidarMotorInfo&, sl_u32)\x1b[m\x1b[K\xe2\x80\x99:\n'}
[37.934175] (sllidar_ros2) StderrLine: {'line': b'\x1b[01m\x1b[K/home/rospi/aug_2024/src/sllidar_ros2/sdk/src/sl_lidar_driver.cpp:1023:66:\x1b[m\x1b[K \x1b[01;35m\x1b[Kwarning: \x1b[m\x1b[Kunused parameter \xe2\x80\x98\x1b[01m\x1b[KtimeoutInMs\x1b[m\x1b[K\xe2\x80\x99 [\x1b[01;35m\x1b[K\x1b]8;;https://gcc.gnu.org/onlinedocs/gcc/Warning-Options.html#index-Wunused-parameter\x07-Wunused-parameter\x1b]8;;\x07\x1b[m\x1b[K]\n'}
[37.934988] (sllidar_ros2) StderrLine: {'line': b' 1023 |         sl_result getMotorInfo(LidarMotorInfo &motorInfo, \x1b[01;35m\x1b[Ksl_u32 timeoutInMs\x1b[m\x1b[K)\n'}
[37.935759] (sllidar_ros2) StderrLine: {'line': b'      |                                                           \x1b[01;35m\x1b[K~~~~~~~^~~~~~~~~~~\x1b[m\x1b[K\n'}
[37.941360] (sllidar_ros2) StderrLine: {'line': b'\x1b[01m\x1b[K/home/rospi/aug_2024/src/sllidar_ros2/sdk/src/sl_lidar_driver.cpp:\x1b[m\x1b[K In member function \xe2\x80\x98\x1b[01m\x1b[Ku_result sl::SlamtecLidarDriver::getScanModeCount(sl_u16&, sl_u32)\x1b[m\x1b[K\xe2\x80\x99:\n'}
[37.942674] (sllidar_ros2) StderrLine: {'line': b'\x1b[01m\x1b[K/home/rospi/aug_2024/src/sllidar_ros2/sdk/src/sl_lidar_driver.cpp:1199:61:\x1b[m\x1b[K \x1b[01;35m\x1b[Kwarning: \x1b[m\x1b[Kunused parameter \xe2\x80\x98\x1b[01m\x1b[KtimeoutInMs\x1b[m\x1b[K\xe2\x80\x99 [\x1b[01;35m\x1b[K\x1b]8;;https://gcc.gnu.org/onlinedocs/gcc/Warning-Options.html#index-Wunused-parameter\x07-Wunused-parameter\x1b]8;;\x07\x1b[m\x1b[K]\n'}
[37.943655] (sllidar_ros2) StderrLine: {'line': b' 1199 |         u_result getScanModeCount(sl_u16& modeCount, \x1b[01;35m\x1b[Ksl_u32 timeoutInMs = DEFAULT_TIMEOUT\x1b[m\x1b[K)\n'}
[37.944559] (sllidar_ros2) StderrLine: {'line': b'      |                                                      \x1b[01;35m\x1b[K~~~~~~~^~~~~~~~~~~~~~~~~~~~~~~~~~~~~\x1b[m\x1b[K\n'}
[38.010503] (-) TimerEvent: {}
[38.076012] (sllidar_ros2) StderrLine: {'line': b'In file included from \x1b[01m\x1b[K/home/rospi/aug_2024/src/sllidar_ros2/sdk/src/sl_lidarprotocol_codec.cpp:49\x1b[m\x1b[K:\n'}
[38.076988] (sllidar_ros2) StderrLine: {'line': b'\x1b[01m\x1b[K/home/rospi/aug_2024/src/sllidar_ros2/sdk/src/sl_async_transceiver.h:\x1b[m\x1b[K In member function \xe2\x80\x98\x1b[01m\x1b[Kvirtual void sl::internal::IAsyncProtocolCodec::onChannelError(u_result)\x1b[m\x1b[K\xe2\x80\x99:\n'}
[38.077816] (sllidar_ros2) StderrLine: {'line': b'\x1b[01m\x1b[K/home/rospi/aug_2024/src/sllidar_ros2/sdk/src/sl_async_transceiver.h:90:48:\x1b[m\x1b[K \x1b[01;35m\x1b[Kwarning: \x1b[m\x1b[Kunused parameter \xe2\x80\x98\x1b[01m\x1b[KerrCode\x1b[m\x1b[K\xe2\x80\x99 [\x1b[01;35m\x1b[K\x1b]8;;https://gcc.gnu.org/onlinedocs/gcc/Warning-Options.html#index-Wunused-parameter\x07-Wunused-parameter\x1b]8;;\x07\x1b[m\x1b[K]\n'}
[38.078601] (sllidar_ros2) StderrLine: {'line': b'   90 |         virtual void   onChannelError(\x1b[01;35m\x1b[Ku_result errCode\x1b[m\x1b[K) {}\n'}
[38.079366] (sllidar_ros2) StderrLine: {'line': b'      |                                       \x1b[01;35m\x1b[K~~~~~~~~~^~~~~~~\x1b[m\x1b[K\n'}
[38.113012] (-) TimerEvent: {}
[38.216926] (-) TimerEvent: {}
[38.238382] (sllidar_ros2) StderrLine: {'line': b'/home/rospi/aug_2024/src/sllidar_ros2/sdk/src/sl_lidar_driver.cpp: In instantiation of \xe2\x80\x98\x1b[01m\x1b[Kvoid sl::RawSampleNodeHolder<T>::pushNode(_u64, const T*) [with T = sl_lidar_response_measurement_node_hq_t; _u64 = long unsigned int]\x1b[m\x1b[K\xe2\x80\x99:\n'}
[38.239624] (sllidar_ros2) StderrLine: {'line': b'\x1b[01m\x1b[K/home/rospi/aug_2024/src/sllidar_ros2/sdk/src/sl_lidar_driver.cpp:1648:42:\x1b[m\x1b[K   required from here\n'}
[38.240941] (sllidar_ros2) StderrLine: {'line': b'\x1b[01m\x1b[K/home/rospi/aug_2024/src/sllidar_ros2/sdk/src/sl_lidar_driver.cpp:202:28:\x1b[m\x1b[K \x1b[01;35m\x1b[Kwarning: \x1b[m\x1b[Kunused parameter \xe2\x80\x98\x1b[01m\x1b[Ktimestamp_uS\x1b[m\x1b[K\xe2\x80\x99 [\x1b[01;35m\x1b[K\x1b]8;;https://gcc.gnu.org/onlinedocs/gcc/Warning-Options.html#index-Wunused-parameter\x07-Wunused-parameter\x1b]8;;\x07\x1b[m\x1b[K]\n'}
[38.242230] (sllidar_ros2) StderrLine: {'line': b'  202 |         void pushNode(\x1b[01;35m\x1b[K_u64 timestamp_uS\x1b[m\x1b[K, const T* node)\n'}
[38.244049] (sllidar_ros2) StderrLine: {'line': b'      |                       \x1b[01;35m\x1b[K~~~~~^~~~~~~~~~~~\x1b[m\x1b[K\n'}
[38.318087] (-) TimerEvent: {}
[38.419753] (-) TimerEvent: {}
[38.521777] (-) TimerEvent: {}
[38.622843] (-) TimerEvent: {}
[38.723978] (-) TimerEvent: {}
[38.824978] (-) TimerEvent: {}
[38.901113] (sllidar_ros2) StdoutLine: {'line': b'[ 80%] \x1b[32mBuilding CXX object CMakeFiles/sllidar_node.dir/sdk/src/sl_serial_channel.cpp.o\x1b[0m\n'}
[38.925199] (-) TimerEvent: {}
[39.026175] (-) TimerEvent: {}
[39.045987] (sllidar_ros2) StderrLine: {'line': b'\x1b[01m\x1b[K/home/rospi/aug_2024/src/sllidar_ros2/sdk/src/sl_lidar_driver.cpp:\x1b[m\x1b[K At global scope:\n'}
[39.047259] (sllidar_ros2) StderrLine: {'line': b'\x1b[01m\x1b[K/home/rospi/aug_2024/src/sllidar_ros2/sdk/src/sl_lidar_driver.cpp:83:17:\x1b[m\x1b[K \x1b[01;35m\x1b[Kwarning: \x1b[m\x1b[K\xe2\x80\x98\x1b[01m\x1b[Kvoid sl::convert(const sl_lidar_response_measurement_node_hq_t&, sl_lidar_response_measurement_node_t&)\x1b[m\x1b[K\xe2\x80\x99 defined but not used [\x1b[01;35m\x1b[K\x1b]8;;https://gcc.gnu.org/onlinedocs/gcc/Warning-Options.html#index-Wunused-function\x07-Wunused-function\x1b]8;;\x07\x1b[m\x1b[K]\n'}
[39.048637] (sllidar_ros2) StderrLine: {'line': b'   83 |     static void \x1b[01;35m\x1b[Kconvert\x1b[m\x1b[K(const sl_lidar_response_measurement_node_hq_t& from, sl_lidar_response_measurement_node_t& to)\n'}
[39.049871] (sllidar_ros2) StderrLine: {'line': b'      |                 \x1b[01;35m\x1b[K^~~~~~~\x1b[m\x1b[K\n'}
[39.051274] (sllidar_ros2) StderrLine: {'line': b'\x1b[01m\x1b[K/home/rospi/aug_2024/src/sllidar_ros2/sdk/src/sl_lidar_driver.cpp:75:17:\x1b[m\x1b[K \x1b[01;35m\x1b[Kwarning: \x1b[m\x1b[K\xe2\x80\x98\x1b[01m\x1b[Kvoid sl::convert(const sl_lidar_response_measurement_node_t&, sl_lidar_response_measurement_node_hq_t&)\x1b[m\x1b[K\xe2\x80\x99 defined but not used [\x1b[01;35m\x1b[K\x1b]8;;https://gcc.gnu.org/onlinedocs/gcc/Warning-Options.html#index-Wunused-function\x07-Wunused-function\x1b]8;;\x07\x1b[m\x1b[K]\n'}
[39.052623] (sllidar_ros2) StderrLine: {'line': b'   75 |     static void \x1b[01;35m\x1b[Kconvert\x1b[m\x1b[K(const sl_lidar_response_measurement_node_t& from, sl_lidar_response_measurement_node_hq_t& to)\n'}
[39.053943] (sllidar_ros2) StderrLine: {'line': b'      |                 \x1b[01;35m\x1b[K^~~~~~~\x1b[m\x1b[K\n'}
[39.055385] (sllidar_ros2) StderrLine: {'line': b'\x1b[01m\x1b[K/home/rospi/aug_2024/src/sllidar_ros2/sdk/src/sl_lidar_driver.cpp:70:17:\x1b[m\x1b[K \x1b[01;35m\x1b[Kwarning: \x1b[m\x1b[K\xe2\x80\x98\x1b[01m\x1b[Kvoid sl::printDeprecationWarn(const char*, const char*)\x1b[m\x1b[K\xe2\x80\x99 defined but not used [\x1b[01;35m\x1b[K\x1b]8;;https://gcc.gnu.org/onlinedocs/gcc/Warning-Options.html#index-Wunused-function\x07-Wunused-function\x1b]8;;\x07\x1b[m\x1b[K]\n'}
[39.056765] (sllidar_ros2) StderrLine: {'line': b'   70 |     static void \x1b[01;35m\x1b[KprintDeprecationWarn\x1b[m\x1b[K(const char* fn, const char* replacement)\n'}
[39.058040] (sllidar_ros2) StderrLine: {'line': b'      |                 \x1b[01;35m\x1b[K^~~~~~~~~~~~~~~~~~~~\x1b[m\x1b[K\n'}
[39.126418] (-) TimerEvent: {}
[39.227362] (-) TimerEvent: {}
[39.328276] (-) TimerEvent: {}
[39.429235] (-) TimerEvent: {}
[39.530180] (-) TimerEvent: {}
[39.631151] (-) TimerEvent: {}
[39.732118] (-) TimerEvent: {}
[39.833089] (-) TimerEvent: {}
[39.934116] (-) TimerEvent: {}
[40.040908] (-) TimerEvent: {}
[40.141949] (-) TimerEvent: {}
[40.243693] (-) TimerEvent: {}
[40.345482] (-) TimerEvent: {}
[40.447405] (-) TimerEvent: {}
[40.549261] (-) TimerEvent: {}
[40.651103] (-) TimerEvent: {}
[40.752943] (-) TimerEvent: {}
[40.854115] (-) TimerEvent: {}
[40.955155] (-) TimerEvent: {}
[41.056561] (-) TimerEvent: {}
[41.061988] (sllidar_ros2) StderrLine: {'line': b'In file included from \x1b[01m\x1b[K/home/rospi/aug_2024/src/sllidar_ros2/./sdk/include/sl_lidar_cmd.h:41\x1b[m\x1b[K,\n'}
[41.062888] (sllidar_ros2) StderrLine: {'line': b'                 from \x1b[01m\x1b[K/home/rospi/aug_2024/src/sllidar_ros2/./sdk/include/sl_lidar_driver.h:54\x1b[m\x1b[K,\n'}
[41.063658] (sllidar_ros2) StderrLine: {'line': b'                 from \x1b[01m\x1b[K/home/rospi/aug_2024/src/sllidar_ros2/sdk/src/sl_serial_channel.cpp:33\x1b[m\x1b[K:\n'}
[41.064432] (sllidar_ros2) StderrLine: {'line': b'\x1b[01m\x1b[K/home/rospi/aug_2024/src/sllidar_ros2/./sdk/include/sl_lidar_protocol.h:66:16:\x1b[m\x1b[K \x1b[01;35m\x1b[Kwarning: \x1b[m\x1b[KISO C++ forbids zero-size array \xe2\x80\x98\x1b[01m\x1b[Kdata\x1b[m\x1b[K\xe2\x80\x99 [\x1b[01;35m\x1b[K\x1b]8;;https://gcc.gnu.org/onlinedocs/gcc/Warning-Options.html#index-Wpedantic\x07-Wpedantic\x1b]8;;\x07\x1b[m\x1b[K]\n'}
[41.065561] (sllidar_ros2) StderrLine: {'line': b'   66 |     sl_u8 data[\x1b[01;35m\x1b[K0\x1b[m\x1b[K];\n'}
[41.066597] (sllidar_ros2) StderrLine: {'line': b'      |                \x1b[01;35m\x1b[K^\x1b[m\x1b[K\n'}
[41.067352] (sllidar_ros2) StderrLine: {'line': b'In file included from \x1b[01m\x1b[K/home/rospi/aug_2024/src/sllidar_ros2/./sdk/include/sl_lidar_driver.h:54\x1b[m\x1b[K,\n'}
[41.068122] (sllidar_ros2) StderrLine: {'line': b'                 from \x1b[01m\x1b[K/home/rospi/aug_2024/src/sllidar_ros2/sdk/src/sl_serial_channel.cpp:33\x1b[m\x1b[K:\n'}
[41.068938] (sllidar_ros2) StderrLine: {'line': b'\x1b[01m\x1b[K/home/rospi/aug_2024/src/sllidar_ros2/./sdk/include/sl_lidar_cmd.h:324:20:\x1b[m\x1b[K \x1b[01;35m\x1b[Kwarning: \x1b[m\x1b[KISO C++ forbids zero-size array \xe2\x80\x98\x1b[01m\x1b[Kpayload\x1b[m\x1b[K\xe2\x80\x99 [\x1b[01;35m\x1b[K\x1b]8;;https://gcc.gnu.org/onlinedocs/gcc/Warning-Options.html#index-Wpedantic\x07-Wpedantic\x1b]8;;\x07\x1b[m\x1b[K]\n'}
[41.069795] (sllidar_ros2) StderrLine: {'line': b'  324 |     sl_u8  payload[\x1b[01;35m\x1b[K0\x1b[m\x1b[K];\n'}
[41.070641] (sllidar_ros2) StderrLine: {'line': b'      |                    \x1b[01;35m\x1b[K^\x1b[m\x1b[K\n'}
[41.156818] (-) TimerEvent: {}
[41.258832] (-) TimerEvent: {}
[41.304495] (sllidar_ros2) StdoutLine: {'line': b'[ 85%] \x1b[32mBuilding CXX object CMakeFiles/sllidar_node.dir/sdk/src/sl_tcp_channel.cpp.o\x1b[0m\n'}
[41.359127] (-) TimerEvent: {}
[41.460302] (-) TimerEvent: {}
[41.472181] (sllidar_ros2) StdoutLine: {'line': b'[ 90%] \x1b[32mBuilding CXX object CMakeFiles/sllidar_node.dir/sdk/src/sl_udp_channel.cpp.o\x1b[0m\n'}
[41.560540] (-) TimerEvent: {}
[41.661505] (-) TimerEvent: {}
[41.762413] (-) TimerEvent: {}
[41.863417] (-) TimerEvent: {}
[41.964587] (-) TimerEvent: {}
[42.065730] (-) TimerEvent: {}
[42.172943] (-) TimerEvent: {}
[42.274972] (-) TimerEvent: {}
[42.377747] (-) TimerEvent: {}
[42.493641] (-) TimerEvent: {}
[42.595913] (-) TimerEvent: {}
[42.696839] (-) TimerEvent: {}
[42.800112] (-) TimerEvent: {}
[42.901119] (-) TimerEvent: {}
[43.002209] (-) TimerEvent: {}
[43.103357] (-) TimerEvent: {}
[43.204465] (-) TimerEvent: {}
[43.305528] (-) TimerEvent: {}
[43.406649] (-) TimerEvent: {}
[43.422774] (sllidar_ros2) StderrLine: {'line': b'In file included from \x1b[01m\x1b[K/home/rospi/aug_2024/src/sllidar_ros2/./sdk/include/sl_lidar_cmd.h:41\x1b[m\x1b[K,\n'}
[43.424047] (sllidar_ros2) StderrLine: {'line': b'                 from \x1b[01m\x1b[K/home/rospi/aug_2024/src/sllidar_ros2/./sdk/include/sl_lidar_driver.h:54\x1b[m\x1b[K,\n'}
[43.425247] (sllidar_ros2) StderrLine: {'line': b'                 from \x1b[01m\x1b[K/home/rospi/aug_2024/src/sllidar_ros2/sdk/src/sl_tcp_channel.cpp:33\x1b[m\x1b[K:\n'}
[43.426500] (sllidar_ros2) StderrLine: {'line': b'\x1b[01m\x1b[K/home/rospi/aug_2024/src/sllidar_ros2/./sdk/include/sl_lidar_protocol.h:66:16:\x1b[m\x1b[K \x1b[01;35m\x1b[Kwarning: \x1b[m\x1b[KISO C++ forbids zero-size array \xe2\x80\x98\x1b[01m\x1b[Kdata\x1b[m\x1b[K\xe2\x80\x99 [\x1b[01;35m\x1b[K\x1b]8;;https://gcc.gnu.org/onlinedocs/gcc/Warning-Options.html#index-Wpedantic\x07-Wpedantic\x1b]8;;\x07\x1b[m\x1b[K]\n'}
[43.427826] (sllidar_ros2) StderrLine: {'line': b'   66 |     sl_u8 data[\x1b[01;35m\x1b[K0\x1b[m\x1b[K];\n'}
[43.429256] (sllidar_ros2) StderrLine: {'line': b'      |                \x1b[01;35m\x1b[K^\x1b[m\x1b[K\n'}
[43.434297] (sllidar_ros2) StderrLine: {'line': b'In file included from \x1b[01m\x1b[K/home/rospi/aug_2024/src/sllidar_ros2/./sdk/include/sl_lidar_driver.h:54\x1b[m\x1b[K,\n'}
[43.435858] (sllidar_ros2) StderrLine: {'line': b'                 from \x1b[01m\x1b[K/home/rospi/aug_2024/src/sllidar_ros2/sdk/src/sl_tcp_channel.cpp:33\x1b[m\x1b[K:\n'}
[43.437228] (sllidar_ros2) StderrLine: {'line': b'\x1b[01m\x1b[K/home/rospi/aug_2024/src/sllidar_ros2/./sdk/include/sl_lidar_cmd.h:324:20:\x1b[m\x1b[K \x1b[01;35m\x1b[Kwarning: \x1b[m\x1b[KISO C++ forbids zero-size array \xe2\x80\x98\x1b[01m\x1b[Kpayload\x1b[m\x1b[K\xe2\x80\x99 [\x1b[01;35m\x1b[K\x1b]8;;https://gcc.gnu.org/onlinedocs/gcc/Warning-Options.html#index-Wpedantic\x07-Wpedantic\x1b]8;;\x07\x1b[m\x1b[K]\n'}
[43.438732] (sllidar_ros2) StderrLine: {'line': b'  324 |     sl_u8  payload[\x1b[01;35m\x1b[K0\x1b[m\x1b[K];\n'}
[43.440174] (sllidar_ros2) StderrLine: {'line': b'      |                    \x1b[01;35m\x1b[K^\x1b[m\x1b[K\n'}
[43.467456] (sllidar_ros2) StderrLine: {'line': b'\x1b[01m\x1b[K/home/rospi/aug_2024/src/sllidar_ros2/sdk/src/sl_tcp_channel.cpp:\x1b[m\x1b[K In member function \xe2\x80\x98\x1b[01m\x1b[Kvoid sl::TcpChannel::setStatus(_u32)\x1b[m\x1b[K\xe2\x80\x99:\n'}
[43.468974] (sllidar_ros2) StderrLine: {'line': b'\x1b[01m\x1b[K/home/rospi/aug_2024/src/sllidar_ros2/sdk/src/sl_tcp_channel.cpp:109:29:\x1b[m\x1b[K \x1b[01;35m\x1b[Kwarning: \x1b[m\x1b[Kunused parameter \xe2\x80\x98\x1b[01m\x1b[Kflag\x1b[m\x1b[K\xe2\x80\x99 [\x1b[01;35m\x1b[K\x1b]8;;https://gcc.gnu.org/onlinedocs/gcc/Warning-Options.html#index-Wunused-parameter\x07-Wunused-parameter\x1b]8;;\x07\x1b[m\x1b[K]\n'}
[43.470459] (sllidar_ros2) StderrLine: {'line': b'  109 |         void setStatus(\x1b[01;35m\x1b[K_u32 flag\x1b[m\x1b[K){}\n'}
[43.471823] (sllidar_ros2) StderrLine: {'line': b'      |                        \x1b[01;35m\x1b[K~~~~~^~~~\x1b[m\x1b[K\n'}
[43.506920] (-) TimerEvent: {}
[43.536477] (sllidar_ros2) StderrLine: {'line': b'In file included from \x1b[01m\x1b[K/home/rospi/aug_2024/src/sllidar_ros2/./sdk/include/sl_lidar_cmd.h:41\x1b[m\x1b[K,\n'}
[43.537311] (sllidar_ros2) StderrLine: {'line': b'                 from \x1b[01m\x1b[K/home/rospi/aug_2024/src/sllidar_ros2/./sdk/include/sl_lidar_driver.h:54\x1b[m\x1b[K,\n'}
[43.537970] (sllidar_ros2) StderrLine: {'line': b'                 from \x1b[01m\x1b[K/home/rospi/aug_2024/src/sllidar_ros2/sdk/src/sl_udp_channel.cpp:33\x1b[m\x1b[K:\n'}
[43.538667] (sllidar_ros2) StderrLine: {'line': b'\x1b[01m\x1b[K/home/rospi/aug_2024/src/sllidar_ros2/./sdk/include/sl_lidar_protocol.h:66:16:\x1b[m\x1b[K \x1b[01;35m\x1b[Kwarning: \x1b[m\x1b[KISO C++ forbids zero-size array \xe2\x80\x98\x1b[01m\x1b[Kdata\x1b[m\x1b[K\xe2\x80\x99 [\x1b[01;35m\x1b[K\x1b]8;;https://gcc.gnu.org/onlinedocs/gcc/Warning-Options.html#index-Wpedantic\x07-Wpedantic\x1b]8;;\x07\x1b[m\x1b[K]\n'}
[43.539614] (sllidar_ros2) StderrLine: {'line': b'   66 |     sl_u8 data[\x1b[01;35m\x1b[K0\x1b[m\x1b[K];\n'}
[43.540259] (sllidar_ros2) StderrLine: {'line': b'      |                \x1b[01;35m\x1b[K^\x1b[m\x1b[K\n'}
[43.541333] (sllidar_ros2) StderrLine: {'line': b'In file included from \x1b[01m\x1b[K/home/rospi/aug_2024/src/sllidar_ros2/./sdk/include/sl_lidar_driver.h:54\x1b[m\x1b[K,\n'}
[43.542096] (sllidar_ros2) StderrLine: {'line': b'                 from \x1b[01m\x1b[K/home/rospi/aug_2024/src/sllidar_ros2/sdk/src/sl_udp_channel.cpp:33\x1b[m\x1b[K:\n'}
[43.542801] (sllidar_ros2) StderrLine: {'line': b'\x1b[01m\x1b[K/home/rospi/aug_2024/src/sllidar_ros2/./sdk/include/sl_lidar_cmd.h:324:20:\x1b[m\x1b[K \x1b[01;35m\x1b[Kwarning: \x1b[m\x1b[KISO C++ forbids zero-size array \xe2\x80\x98\x1b[01m\x1b[Kpayload\x1b[m\x1b[K\xe2\x80\x99 [\x1b[01;35m\x1b[K\x1b]8;;https://gcc.gnu.org/onlinedocs/gcc/Warning-Options.html#index-Wpedantic\x07-Wpedantic\x1b]8;;\x07\x1b[m\x1b[K]\n'}
[43.543511] (sllidar_ros2) StderrLine: {'line': b'  324 |     sl_u8  payload[\x1b[01;35m\x1b[K0\x1b[m\x1b[K];\n'}
[43.544164] (sllidar_ros2) StderrLine: {'line': b'      |                    \x1b[01;35m\x1b[K^\x1b[m\x1b[K\n'}
[43.563235] (sllidar_ros2) StderrLine: {'line': b'\x1b[01m\x1b[K/home/rospi/aug_2024/src/sllidar_ros2/sdk/src/sl_udp_channel.cpp:\x1b[m\x1b[K In member function \xe2\x80\x98\x1b[01m\x1b[Kvoid sl::UdpChannel::setStatus(_u32)\x1b[m\x1b[K\xe2\x80\x99:\n'}
[43.564487] (sllidar_ros2) StderrLine: {'line': b'\x1b[01m\x1b[K/home/rospi/aug_2024/src/sllidar_ros2/sdk/src/sl_udp_channel.cpp:112:29:\x1b[m\x1b[K \x1b[01;35m\x1b[Kwarning: \x1b[m\x1b[Kunused parameter \xe2\x80\x98\x1b[01m\x1b[Kflag\x1b[m\x1b[K\xe2\x80\x99 [\x1b[01;35m\x1b[K\x1b]8;;https://gcc.gnu.org/onlinedocs/gcc/Warning-Options.html#index-Wunused-parameter\x07-Wunused-parameter\x1b]8;;\x07\x1b[m\x1b[K]\n'}
[43.565427] (sllidar_ros2) StderrLine: {'line': b'  112 |         void setStatus(\x1b[01;35m\x1b[K_u32 flag\x1b[m\x1b[K){}\n'}
[43.566203] (sllidar_ros2) StderrLine: {'line': b'      |                        \x1b[01;35m\x1b[K~~~~~^~~~\x1b[m\x1b[K\n'}
[43.611129] (-) TimerEvent: {}
[43.712145] (-) TimerEvent: {}
[43.813299] (-) TimerEvent: {}
[43.914804] (-) TimerEvent: {}
[44.016330] (-) TimerEvent: {}
[44.118207] (-) TimerEvent: {}
[44.220669] (-) TimerEvent: {}
[44.234144] (sllidar_ros2) StdoutLine: {'line': b'[ 95%] \x1b[32m\x1b[1mLinking CXX executable sllidar_node\x1b[0m\n'}
[44.320907] (-) TimerEvent: {}
[44.421728] (-) TimerEvent: {}
[44.522554] (-) TimerEvent: {}
[44.623505] (-) TimerEvent: {}
[44.724444] (-) TimerEvent: {}
[44.825666] (-) TimerEvent: {}
[44.927128] (-) TimerEvent: {}
[45.028342] (-) TimerEvent: {}
[45.129673] (-) TimerEvent: {}
[45.230834] (-) TimerEvent: {}
[45.331710] (-) TimerEvent: {}
[45.432666] (-) TimerEvent: {}
[45.533887] (-) TimerEvent: {}
[45.634963] (-) TimerEvent: {}
[45.736420] (-) TimerEvent: {}
[45.837387] (-) TimerEvent: {}
[45.876200] (sllidar_ros2) StdoutLine: {'line': b'[ 95%] Built target sllidar_node\n'}
[45.937588] (-) TimerEvent: {}
[46.038318] (-) TimerEvent: {}
[46.139035] (-) TimerEvent: {}
[46.239794] (-) TimerEvent: {}
[46.340625] (-) TimerEvent: {}
[46.441510] (-) TimerEvent: {}
[46.542399] (-) TimerEvent: {}
[46.643133] (-) TimerEvent: {}
[46.743838] (-) TimerEvent: {}
[46.844539] (-) TimerEvent: {}
[46.945293] (-) TimerEvent: {}
[47.045997] (-) TimerEvent: {}
[47.146684] (-) TimerEvent: {}
[47.247388] (-) TimerEvent: {}
[47.348050] (-) TimerEvent: {}
[47.448785] (-) TimerEvent: {}
[47.549492] (-) TimerEvent: {}
[47.650185] (-) TimerEvent: {}
[47.750923] (-) TimerEvent: {}
[47.851709] (-) TimerEvent: {}
[47.952606] (-) TimerEvent: {}
[48.053401] (-) TimerEvent: {}
[48.154154] (-) TimerEvent: {}
[48.254881] (-) TimerEvent: {}
[48.355609] (-) TimerEvent: {}
[48.456321] (-) TimerEvent: {}
[48.557032] (-) TimerEvent: {}
[48.657734] (-) TimerEvent: {}
[48.758474] (-) TimerEvent: {}
[48.859205] (-) TimerEvent: {}
[48.959879] (-) TimerEvent: {}
[49.060563] (-) TimerEvent: {}
[49.161300] (-) TimerEvent: {}
[49.262015] (-) TimerEvent: {}
[49.362714] (-) TimerEvent: {}
[49.463415] (-) TimerEvent: {}
[49.564129] (-) TimerEvent: {}
[49.664831] (-) TimerEvent: {}
[49.765537] (-) TimerEvent: {}
[49.866213] (-) TimerEvent: {}
[49.966931] (-) TimerEvent: {}
[50.067697] (-) TimerEvent: {}
[50.168601] (-) TimerEvent: {}
[50.269444] (-) TimerEvent: {}
[50.370272] (-) TimerEvent: {}
[50.471020] (-) TimerEvent: {}
[50.571735] (-) TimerEvent: {}
[50.672430] (-) TimerEvent: {}
[50.773144] (-) TimerEvent: {}
[50.873847] (-) TimerEvent: {}
[50.974527] (-) TimerEvent: {}
[51.075233] (-) TimerEvent: {}
[51.175919] (-) TimerEvent: {}
[51.276629] (-) TimerEvent: {}
[51.377361] (-) TimerEvent: {}
[51.478055] (-) TimerEvent: {}
[51.578776] (-) TimerEvent: {}
[51.679472] (-) TimerEvent: {}
[51.780231] (-) TimerEvent: {}
[51.881165] (-) TimerEvent: {}
[51.981959] (-) TimerEvent: {}
[52.082932] (-) TimerEvent: {}
[52.183771] (-) TimerEvent: {}
[52.284516] (-) TimerEvent: {}
[52.385319] (-) TimerEvent: {}
[52.486074] (-) TimerEvent: {}
[52.586805] (-) TimerEvent: {}
[52.687498] (-) TimerEvent: {}
[52.788190] (-) TimerEvent: {}
[52.888983] (-) TimerEvent: {}
[52.989746] (-) TimerEvent: {}
[53.090466] (-) TimerEvent: {}
[53.191193] (-) TimerEvent: {}
[53.291920] (-) TimerEvent: {}
[53.392628] (-) TimerEvent: {}
[53.493370] (-) TimerEvent: {}
[53.594054] (-) TimerEvent: {}
[53.694753] (-) TimerEvent: {}
[53.795432] (-) TimerEvent: {}
[53.896133] (-) TimerEvent: {}
[53.996850] (-) TimerEvent: {}
[54.097573] (-) TimerEvent: {}
[54.198331] (-) TimerEvent: {}
[54.304600] (-) TimerEvent: {}
[54.410226] (-) TimerEvent: {}
[54.511012] (-) TimerEvent: {}
[54.611736] (-) TimerEvent: {}
[54.712435] (-) TimerEvent: {}
[54.813199] (-) TimerEvent: {}
[54.913945] (-) TimerEvent: {}
[55.014844] (-) TimerEvent: {}
[55.115565] (-) TimerEvent: {}
[55.216295] (-) TimerEvent: {}
[55.317051] (-) TimerEvent: {}
[55.417750] (-) TimerEvent: {}
[55.518455] (-) TimerEvent: {}
[55.619195] (-) TimerEvent: {}
[55.719908] (-) TimerEvent: {}
[55.820668] (-) TimerEvent: {}
[55.921735] (-) TimerEvent: {}
[56.022902] (-) TimerEvent: {}
[56.123756] (-) TimerEvent: {}
[56.224504] (-) TimerEvent: {}
[56.325261] (-) TimerEvent: {}
[56.426006] (-) TimerEvent: {}
[56.526746] (-) TimerEvent: {}
[56.627470] (-) TimerEvent: {}
[56.728177] (-) TimerEvent: {}
[56.828953] (-) TimerEvent: {}
[56.929683] (-) TimerEvent: {}
[57.030435] (-) TimerEvent: {}
[57.131364] (-) TimerEvent: {}
[57.232609] (-) TimerEvent: {}
[57.333448] (-) TimerEvent: {}
[57.434580] (-) TimerEvent: {}
[57.535416] (-) TimerEvent: {}
[57.636271] (-) TimerEvent: {}
[57.737047] (-) TimerEvent: {}
[57.817085] (sllidar_ros2) StdoutLine: {'line': b'[100%] \x1b[32m\x1b[1mLinking CXX executable sllidar_client\x1b[0m\n'}
[57.837278] (-) TimerEvent: {}
[57.938060] (-) TimerEvent: {}
[58.038829] (-) TimerEvent: {}
[58.139667] (-) TimerEvent: {}
[58.240582] (-) TimerEvent: {}
[58.342474] (-) TimerEvent: {}
[58.443888] (-) TimerEvent: {}
[58.544888] (-) TimerEvent: {}
[58.645953] (-) TimerEvent: {}
[58.746955] (-) TimerEvent: {}
[58.847859] (-) TimerEvent: {}
[58.948764] (-) TimerEvent: {}
[59.049569] (-) TimerEvent: {}
[59.150273] (-) TimerEvent: {}
[59.250995] (-) TimerEvent: {}
[59.351905] (-) TimerEvent: {}
[59.453019] (-) TimerEvent: {}
[59.553744] (-) TimerEvent: {}
[59.654543] (-) TimerEvent: {}
[59.755328] (-) TimerEvent: {}
[59.856060] (-) TimerEvent: {}
[59.925538] (sllidar_ros2) StdoutLine: {'line': b'[100%] Built target sllidar_client\n'}
[59.956358] (-) TimerEvent: {}
[59.974442] (sllidar_ros2) CommandEnded: {'returncode': 0}
[59.977325] (sllidar_ros2) JobProgress: {'identifier': 'sllidar_ros2', 'progress': 'install'}
[59.978484] (sllidar_ros2) Command: {'cmd': ['/usr/bin/cmake', '--install', '/home/rospi/aug_2024/build/sllidar_ros2'], 'cwd': '/home/rospi/aug_2024/build/sllidar_ros2', 'env': OrderedDict([('LESSOPEN', '| /usr/bin/lesspipe %s'), ('USER', 'rospi'), ('SSH_CLIENT', '10.150.42.143 62568 22'), ('XDG_SESSION_TYPE', 'tty'), ('SHLVL', '1'), ('LD_LIBRARY_PATH', '/home/rospi/aug_2024/install/BMC_2024/lib:/opt/ros/humble/opt/rviz_ogre_vendor/lib:/opt/ros/humble/lib/aarch64-linux-gnu:/opt/ros/humble/lib'), ('MOTD_SHOWN', 'pam'), ('HOME', '/home/rospi'), ('OLDPWD', '/home/rospi'), ('SSH_TTY', '/dev/pts/0'), ('ROS_PYTHON_VERSION', '3'), ('DBUS_SESSION_BUS_ADDRESS', 'unix:path=/run/user/1000/bus'), ('COLCON_PREFIX_PATH', '/home/rospi/aug_2024/install'), ('ROS_DISTRO', 'humble'), ('LOGNAME', 'rospi'), ('_', '/usr/bin/colcon'), ('ROS_VERSION', '2'), ('XDG_SESSION_CLASS', 'user'), ('TERM', 'xterm-256color'), ('XDG_SESSION_ID', '1'), ('ROS_LOCALHOST_ONLY', '0'), ('PATH', '/opt/ros/humble/bin:/usr/local/sbin:/usr/local/bin:/usr/sbin:/usr/bin:/sbin:/bin:/usr/games:/usr/local/games:/snap/bin'), ('XDG_RUNTIME_DIR', '/run/user/1000'), ('LANG', 'en_US.UTF-8'), ('LS_COLORS', 'rs=0:di=01;34:ln=01;36:mh=00:pi=40;33:so=01;35:do=01;35:bd=40;33;01:cd=40;33;01:or=40;31;01:mi=00:su=37;41:sg=30;43:ca=30;41:tw=30;42:ow=34;42:st=37;44:ex=01;32:*.tar=01;31:*.tgz=01;31:*.arc=01;31:*.arj=01;31:*.taz=01;31:*.lha=01;31:*.lz4=01;31:*.lzh=01;31:*.lzma=01;31:*.tlz=01;31:*.txz=01;31:*.tzo=01;31:*.t7z=01;31:*.zip=01;31:*.z=01;31:*.dz=01;31:*.gz=01;31:*.lrz=01;31:*.lz=01;31:*.lzo=01;31:*.xz=01;31:*.zst=01;31:*.tzst=01;31:*.bz2=01;31:*.bz=01;31:*.tbz=01;31:*.tbz2=01;31:*.tz=01;31:*.deb=01;31:*.rpm=01;31:*.jar=01;31:*.war=01;31:*.ear=01;31:*.sar=01;31:*.rar=01;31:*.alz=01;31:*.ace=01;31:*.zoo=01;31:*.cpio=01;31:*.7z=01;31:*.rz=01;31:*.cab=01;31:*.wim=01;31:*.swm=01;31:*.dwm=01;31:*.esd=01;31:*.jpg=01;35:*.jpeg=01;35:*.mjpg=01;35:*.mjpeg=01;35:*.gif=01;35:*.bmp=01;35:*.pbm=01;35:*.pgm=01;35:*.ppm=01;35:*.tga=01;35:*.xbm=01;35:*.xpm=01;35:*.tif=01;35:*.tiff=01;35:*.png=01;35:*.svg=01;35:*.svgz=01;35:*.mng=01;35:*.pcx=01;35:*.mov=01;35:*.mpg=01;35:*.mpeg=01;35:*.m2v=01;35:*.mkv=01;35:*.webm=01;35:*.webp=01;35:*.ogm=01;35:*.mp4=01;35:*.m4v=01;35:*.mp4v=01;35:*.vob=01;35:*.qt=01;35:*.nuv=01;35:*.wmv=01;35:*.asf=01;35:*.rm=01;35:*.rmvb=01;35:*.flc=01;35:*.avi=01;35:*.fli=01;35:*.flv=01;35:*.gl=01;35:*.dl=01;35:*.xcf=01;35:*.xwd=01;35:*.yuv=01;35:*.cgm=01;35:*.emf=01;35:*.ogv=01;35:*.ogx=01;35:*.aac=00;36:*.au=00;36:*.flac=00;36:*.m4a=00;36:*.mid=00;36:*.midi=00;36:*.mka=00;36:*.mp3=00;36:*.mpc=00;36:*.ogg=00;36:*.ra=00;36:*.wav=00;36:*.oga=00;36:*.opus=00;36:*.spx=00;36:*.xspf=00;36:'), ('AMENT_PREFIX_PATH', '/home/rospi/aug_2024/install/aug_2024:/home/rospi/aug_2024/install/BMC_2024:/home/rospi/aug_2024/install/sllidar_ros2:/home/rospi/aug_2024/install/my_robot_nav2:/opt/ros/humble'), ('SHELL', '/bin/bash'), ('LESSCLOSE', '/usr/bin/lesspipe %s %s'), ('PWD', '/home/rospi/aug_2024/build/sllidar_ros2'), ('LC_ALL', 'en_US.UTF-8'), ('SSH_CONNECTION', '10.150.42.143 62568 10.6.102.87 22'), ('XDG_DATA_DIRS', '/usr/local/share:/usr/share:/var/lib/snapd/desktop'), ('PYTHONPATH', '/opt/ros/humble/lib/python3.10/site-packages:/opt/ros/humble/local/lib/python3.10/dist-packages'), ('COLCON', '1'), ('CMAKE_PREFIX_PATH', '/home/rospi/aug_2024/install/aug_2024:/home/rospi/aug_2024/install/BMC_2024:/home/rospi/aug_2024/install/sllidar_ros2:/home/rospi/aug_2024/install/my_robot_nav2:/opt/ros/humble')]), 'shell': False}
[60.013783] (sllidar_ros2) StdoutLine: {'line': b'-- Install configuration: ""\n'}
[60.014487] (sllidar_ros2) StdoutLine: {'line': b'-- Installing: /home/rospi/aug_2024/install/sllidar_ros2/share/sllidar_ros2/launch\n'}
[60.015183] (sllidar_ros2) StdoutLine: {'line': b'-- Installing: /home/rospi/aug_2024/install/sllidar_ros2/share/sllidar_ros2/launch/view_sllidar_s1_tcp_launch.py\n'}
[60.017064] (sllidar_ros2) StdoutLine: {'line': b'-- Installing: /home/rospi/aug_2024/install/sllidar_ros2/share/sllidar_ros2/launch/sllidar_a2m12_launch .py\n'}
[60.018270] (sllidar_ros2) StdoutLine: {'line': b'-- Installing: /home/rospi/aug_2024/install/sllidar_ros2/share/sllidar_ros2/launch/view_sllidar_s1_launch.py\n'}
[60.019576] (sllidar_ros2) StdoutLine: {'line': b'-- Installing: /home/rospi/aug_2024/install/sllidar_ros2/share/sllidar_ros2/launch/sllidar_s3_launch.py\n'}
[60.020932] (sllidar_ros2) StdoutLine: {'line': b'-- Installing: /home/rospi/aug_2024/install/sllidar_ros2/share/sllidar_ros2/launch/view_sllidar_a2m7_launch.py\n'}
[60.022181] (sllidar_ros2) StdoutLine: {'line': b'-- Installing: /home/rospi/aug_2024/install/sllidar_ros2/share/sllidar_ros2/launch/sllidar_a2m8_launch.py\n'}
[60.023704] (sllidar_ros2) StdoutLine: {'line': b'-- Installing: /home/rospi/aug_2024/install/sllidar_ros2/share/sllidar_ros2/launch/view_sllidar_s2_launch.py\n'}
[60.025173] (sllidar_ros2) StdoutLine: {'line': b'-- Installing: /home/rospi/aug_2024/install/sllidar_ros2/share/sllidar_ros2/launch/view_sllidar_s2e_launch.py\n'}
[60.026895] (sllidar_ros2) StdoutLine: {'line': b'-- Installing: /home/rospi/aug_2024/install/sllidar_ros2/share/sllidar_ros2/launch/view_sllidar_a2m12_launch.py\n'}
[60.028070] (sllidar_ros2) StdoutLine: {'line': b'-- Installing: /home/rospi/aug_2024/install/sllidar_ros2/share/sllidar_ros2/launch/sllidar_s1_launch.py\n'}
[60.029353] (sllidar_ros2) StdoutLine: {'line': b'-- Installing: /home/rospi/aug_2024/install/sllidar_ros2/share/sllidar_ros2/launch/view_sllidar_s3_launch.py\n'}
[60.030550] (sllidar_ros2) StdoutLine: {'line': b'-- Installing: /home/rospi/aug_2024/install/sllidar_ros2/share/sllidar_ros2/launch/view_sllidar_a2m8_launch.py\n'}
[60.031724] (sllidar_ros2) StdoutLine: {'line': b'-- Installing: /home/rospi/aug_2024/install/sllidar_ros2/share/sllidar_ros2/launch/view_sllidar_t1_launch.py\n'}
[60.032917] (sllidar_ros2) StdoutLine: {'line': b'-- Installing: /home/rospi/aug_2024/install/sllidar_ros2/share/sllidar_ros2/launch/view_sllidar_a1_launch.py\n'}
[60.034123] (sllidar_ros2) StdoutLine: {'line': b'-- Installing: /home/rospi/aug_2024/install/sllidar_ros2/share/sllidar_ros2/launch/sllidar_s2_launch.py\n'}
[60.035300] (sllidar_ros2) StdoutLine: {'line': b'-- Installing: /home/rospi/aug_2024/install/sllidar_ros2/share/sllidar_ros2/launch/sllidar_t1_launch.py\n'}
[60.036471] (sllidar_ros2) StdoutLine: {'line': b'-- Installing: /home/rospi/aug_2024/install/sllidar_ros2/share/sllidar_ros2/launch/sllidar_a1_launch.py\n'}
[60.037714] (sllidar_ros2) StdoutLine: {'line': b'-- Installing: /home/rospi/aug_2024/install/sllidar_ros2/share/sllidar_ros2/launch/sllidar_c1_launch.py\n'}
[60.038885] (sllidar_ros2) StdoutLine: {'line': b'-- Installing: /home/rospi/aug_2024/install/sllidar_ros2/share/sllidar_ros2/launch/view_sllidar_c1_launch.py\n'}
[60.040026] (sllidar_ros2) StdoutLine: {'line': b'-- Installing: /home/rospi/aug_2024/install/sllidar_ros2/share/sllidar_ros2/launch/view_sllidar_a3_launch.py\n'}
[60.041258] (sllidar_ros2) StdoutLine: {'line': b'-- Installing: /home/rospi/aug_2024/install/sllidar_ros2/share/sllidar_ros2/launch/sllidar_s1_tcp_launch.py\n'}
[60.042447] (sllidar_ros2) StdoutLine: {'line': b'-- Installing: /home/rospi/aug_2024/install/sllidar_ros2/share/sllidar_ros2/launch/sllidar_a2m7_launch.py\n'}
[60.043626] (sllidar_ros2) StdoutLine: {'line': b'-- Installing: /home/rospi/aug_2024/install/sllidar_ros2/share/sllidar_ros2/launch/sllidar_a3_launch.py\n'}
[60.044854] (sllidar_ros2) StdoutLine: {'line': b'-- Installing: /home/rospi/aug_2024/install/sllidar_ros2/share/sllidar_ros2/launch/sllidar_s2e_launch.py\n'}
[60.046023] (sllidar_ros2) StdoutLine: {'line': b'-- Installing: /home/rospi/aug_2024/install/sllidar_ros2/share/sllidar_ros2/rviz\n'}
[60.046639] (sllidar_ros2) StdoutLine: {'line': b'-- Installing: /home/rospi/aug_2024/install/sllidar_ros2/share/sllidar_ros2/rviz/sllidar_ros2.rviz\n'}
[60.048538] (sllidar_ros2) StdoutLine: {'line': b'-- Installing: /home/rospi/aug_2024/install/sllidar_ros2/lib/sllidar_ros2/sllidar_node\n'}
[60.056508] (-) TimerEvent: {}
[60.066013] (sllidar_ros2) StdoutLine: {'line': b'-- Set runtime path of "/home/rospi/aug_2024/install/sllidar_ros2/lib/sllidar_ros2/sllidar_node" to ""\n'}
[60.066669] (sllidar_ros2) StdoutLine: {'line': b'-- Installing: /home/rospi/aug_2024/install/sllidar_ros2/lib/sllidar_ros2/sllidar_client\n'}
[60.096035] (sllidar_ros2) StdoutLine: {'line': b'-- Set runtime path of "/home/rospi/aug_2024/install/sllidar_ros2/lib/sllidar_ros2/sllidar_client" to ""\n'}
[60.096945] (sllidar_ros2) StdoutLine: {'line': b'-- Installing: /home/rospi/aug_2024/install/sllidar_ros2/share/ament_index/resource_index/package_run_dependencies/sllidar_ros2\n'}
[60.098756] (sllidar_ros2) StdoutLine: {'line': b'-- Installing: /home/rospi/aug_2024/install/sllidar_ros2/share/ament_index/resource_index/parent_prefix_path/sllidar_ros2\n'}
[60.100360] (sllidar_ros2) StdoutLine: {'line': b'-- Installing: /home/rospi/aug_2024/install/sllidar_ros2/share/sllidar_ros2/environment/ament_prefix_path.sh\n'}
[60.101684] (sllidar_ros2) StdoutLine: {'line': b'-- Installing: /home/rospi/aug_2024/install/sllidar_ros2/share/sllidar_ros2/environment/ament_prefix_path.dsv\n'}
[60.102987] (sllidar_ros2) StdoutLine: {'line': b'-- Installing: /home/rospi/aug_2024/install/sllidar_ros2/share/sllidar_ros2/environment/path.sh\n'}
[60.104189] (sllidar_ros2) StdoutLine: {'line': b'-- Installing: /home/rospi/aug_2024/install/sllidar_ros2/share/sllidar_ros2/environment/path.dsv\n'}
[60.105447] (sllidar_ros2) StdoutLine: {'line': b'-- Installing: /home/rospi/aug_2024/install/sllidar_ros2/share/sllidar_ros2/local_setup.bash\n'}
[60.106641] (sllidar_ros2) StdoutLine: {'line': b'-- Installing: /home/rospi/aug_2024/install/sllidar_ros2/share/sllidar_ros2/local_setup.sh\n'}
[60.107868] (sllidar_ros2) StdoutLine: {'line': b'-- Installing: /home/rospi/aug_2024/install/sllidar_ros2/share/sllidar_ros2/local_setup.zsh\n'}
[60.109122] (sllidar_ros2) StdoutLine: {'line': b'-- Installing: /home/rospi/aug_2024/install/sllidar_ros2/share/sllidar_ros2/local_setup.dsv\n'}
[60.110298] (sllidar_ros2) StdoutLine: {'line': b'-- Installing: /home/rospi/aug_2024/install/sllidar_ros2/share/sllidar_ros2/package.dsv\n'}
[60.111853] (sllidar_ros2) StdoutLine: {'line': b'-- Installing: /home/rospi/aug_2024/install/sllidar_ros2/share/ament_index/resource_index/packages/sllidar_ros2\n'}
[60.113511] (sllidar_ros2) StdoutLine: {'line': b'-- Installing: /home/rospi/aug_2024/install/sllidar_ros2/share/sllidar_ros2/cmake/ament_cmake_export_dependencies-extras.cmake\n'}
[60.114920] (sllidar_ros2) StdoutLine: {'line': b'-- Installing: /home/rospi/aug_2024/install/sllidar_ros2/share/sllidar_ros2/cmake/ament_cmake_export_include_directories-extras.cmake\n'}
[60.116297] (sllidar_ros2) StdoutLine: {'line': b'-- Installing: /home/rospi/aug_2024/install/sllidar_ros2/share/sllidar_ros2/cmake/sllidar_ros2Config.cmake\n'}
[60.117449] (sllidar_ros2) StdoutLine: {'line': b'-- Installing: /home/rospi/aug_2024/install/sllidar_ros2/share/sllidar_ros2/cmake/sllidar_ros2Config-version.cmake\n'}
[60.118716] (sllidar_ros2) StdoutLine: {'line': b'-- Installing: /home/rospi/aug_2024/install/sllidar_ros2/share/sllidar_ros2/package.xml\n'}
[60.124964] (sllidar_ros2) CommandEnded: {'returncode': 0}
[60.157190] (-) TimerEvent: {}
[60.186120] (sllidar_ros2) JobEnded: {'identifier': 'sllidar_ros2', 'rc': 0}
[60.195674] (BMC_2024) JobStarted: {'identifier': 'BMC_2024'}
[60.225347] (BMC_2024) JobProgress: {'identifier': 'BMC_2024', 'progress': 'cmake'}
[60.227215] (BMC_2024) Command: {'cmd': ['/usr/bin/cmake', '/home/rospi/aug_2024/src/BMC_2024', '-DCMAKE_INSTALL_PREFIX=/home/rospi/aug_2024/install/BMC_2024'], 'cwd': '/home/rospi/aug_2024/build/BMC_2024', 'env': OrderedDict([('LESSOPEN', '| /usr/bin/lesspipe %s'), ('USER', 'rospi'), ('SSH_CLIENT', '10.150.42.143 62568 22'), ('XDG_SESSION_TYPE', 'tty'), ('SHLVL', '1'), ('LD_LIBRARY_PATH', '/home/rospi/aug_2024/install/BMC_2024/lib:/opt/ros/humble/opt/rviz_ogre_vendor/lib:/opt/ros/humble/lib/aarch64-linux-gnu:/opt/ros/humble/lib'), ('MOTD_SHOWN', 'pam'), ('HOME', '/home/rospi'), ('OLDPWD', '/home/rospi'), ('SSH_TTY', '/dev/pts/0'), ('ROS_PYTHON_VERSION', '3'), ('DBUS_SESSION_BUS_ADDRESS', 'unix:path=/run/user/1000/bus'), ('COLCON_PREFIX_PATH', '/home/rospi/aug_2024/install'), ('ROS_DISTRO', 'humble'), ('LOGNAME', 'rospi'), ('_', '/usr/bin/colcon'), ('ROS_VERSION', '2'), ('XDG_SESSION_CLASS', 'user'), ('TERM', 'xterm-256color'), ('XDG_SESSION_ID', '1'), ('ROS_LOCALHOST_ONLY', '0'), ('PATH', '/opt/ros/humble/bin:/usr/local/sbin:/usr/local/bin:/usr/sbin:/usr/bin:/sbin:/bin:/usr/games:/usr/local/games:/snap/bin'), ('XDG_RUNTIME_DIR', '/run/user/1000'), ('LANG', 'en_US.UTF-8'), ('LS_COLORS', 'rs=0:di=01;34:ln=01;36:mh=00:pi=40;33:so=01;35:do=01;35:bd=40;33;01:cd=40;33;01:or=40;31;01:mi=00:su=37;41:sg=30;43:ca=30;41:tw=30;42:ow=34;42:st=37;44:ex=01;32:*.tar=01;31:*.tgz=01;31:*.arc=01;31:*.arj=01;31:*.taz=01;31:*.lha=01;31:*.lz4=01;31:*.lzh=01;31:*.lzma=01;31:*.tlz=01;31:*.txz=01;31:*.tzo=01;31:*.t7z=01;31:*.zip=01;31:*.z=01;31:*.dz=01;31:*.gz=01;31:*.lrz=01;31:*.lz=01;31:*.lzo=01;31:*.xz=01;31:*.zst=01;31:*.tzst=01;31:*.bz2=01;31:*.bz=01;31:*.tbz=01;31:*.tbz2=01;31:*.tz=01;31:*.deb=01;31:*.rpm=01;31:*.jar=01;31:*.war=01;31:*.ear=01;31:*.sar=01;31:*.rar=01;31:*.alz=01;31:*.ace=01;31:*.zoo=01;31:*.cpio=01;31:*.7z=01;31:*.rz=01;31:*.cab=01;31:*.wim=01;31:*.swm=01;31:*.dwm=01;31:*.esd=01;31:*.jpg=01;35:*.jpeg=01;35:*.mjpg=01;35:*.mjpeg=01;35:*.gif=01;35:*.bmp=01;35:*.pbm=01;35:*.pgm=01;35:*.ppm=01;35:*.tga=01;35:*.xbm=01;35:*.xpm=01;35:*.tif=01;35:*.tiff=01;35:*.png=01;35:*.svg=01;35:*.svgz=01;35:*.mng=01;35:*.pcx=01;35:*.mov=01;35:*.mpg=01;35:*.mpeg=01;35:*.m2v=01;35:*.mkv=01;35:*.webm=01;35:*.webp=01;35:*.ogm=01;35:*.mp4=01;35:*.m4v=01;35:*.mp4v=01;35:*.vob=01;35:*.qt=01;35:*.nuv=01;35:*.wmv=01;35:*.asf=01;35:*.rm=01;35:*.rmvb=01;35:*.flc=01;35:*.avi=01;35:*.fli=01;35:*.flv=01;35:*.gl=01;35:*.dl=01;35:*.xcf=01;35:*.xwd=01;35:*.yuv=01;35:*.cgm=01;35:*.emf=01;35:*.ogv=01;35:*.ogx=01;35:*.aac=00;36:*.au=00;36:*.flac=00;36:*.m4a=00;36:*.mid=00;36:*.midi=00;36:*.mka=00;36:*.mp3=00;36:*.mpc=00;36:*.ogg=00;36:*.ra=00;36:*.wav=00;36:*.oga=00;36:*.opus=00;36:*.spx=00;36:*.xspf=00;36:'), ('AMENT_PREFIX_PATH', '/home/rospi/aug_2024/install/aug_2024:/home/rospi/aug_2024/install/BMC_2024:/home/rospi/aug_2024/install/sllidar_ros2:/home/rospi/aug_2024/install/my_robot_nav2:/opt/ros/humble'), ('SHELL', '/bin/bash'), ('LESSCLOSE', '/usr/bin/lesspipe %s %s'), ('PWD', '/home/rospi/aug_2024/build/BMC_2024'), ('LC_ALL', 'en_US.UTF-8'), ('SSH_CONNECTION', '10.150.42.143 62568 10.6.102.87 22'), ('XDG_DATA_DIRS', '/usr/local/share:/usr/share:/var/lib/snapd/desktop'), ('PYTHONPATH', '/opt/ros/humble/lib/python3.10/site-packages:/opt/ros/humble/local/lib/python3.10/dist-packages'), ('COLCON', '1'), ('CMAKE_PREFIX_PATH', '/home/rospi/aug_2024/install/sllidar_ros2:/home/rospi/aug_2024/install/aug_2024:/home/rospi/aug_2024/install/BMC_2024:/home/rospi/aug_2024/install/my_robot_nav2:/opt/ros/humble')]), 'shell': False}
[60.257387] (-) TimerEvent: {}
[60.358143] (-) TimerEvent: {}
[60.458970] (-) TimerEvent: {}
[60.494217] (BMC_2024) StdoutLine: {'line': b'-- The C compiler identification is GNU 11.4.0\n'}
[60.559164] (-) TimerEvent: {}
[60.659908] (-) TimerEvent: {}
[60.760736] (-) TimerEvent: {}
[60.764878] (BMC_2024) StdoutLine: {'line': b'-- The CXX compiler identification is GNU 11.4.0\n'}
[60.795717] (BMC_2024) StdoutLine: {'line': b'-- Detecting C compiler ABI info\n'}
[60.860925] (-) TimerEvent: {}
[60.961674] (-) TimerEvent: {}
[61.062568] (-) TimerEvent: {}
[61.117941] (BMC_2024) StdoutLine: {'line': b'-- Detecting C compiler ABI info - done\n'}
[61.145882] (BMC_2024) StdoutLine: {'line': b'-- Check for working C compiler: /usr/bin/cc - skipped\n'}
[61.146774] (BMC_2024) StdoutLine: {'line': b'-- Detecting C compile features\n'}
[61.148352] (BMC_2024) StdoutLine: {'line': b'-- Detecting C compile features - done\n'}
[61.160790] (BMC_2024) StdoutLine: {'line': b'-- Detecting CXX compiler ABI info\n'}
[61.162683] (-) TimerEvent: {}
[61.263415] (-) TimerEvent: {}
[61.364292] (-) TimerEvent: {}
[61.465237] (-) TimerEvent: {}
[61.516323] (BMC_2024) StdoutLine: {'line': b'-- Detecting CXX compiler ABI info - done\n'}
[61.544959] (BMC_2024) StdoutLine: {'line': b'-- Check for working CXX compiler: /usr/bin/c++ - skipped\n'}
[61.546455] (BMC_2024) StdoutLine: {'line': b'-- Detecting CXX compile features\n'}
[61.548283] (BMC_2024) StdoutLine: {'line': b'-- Detecting CXX compile features - done\n'}
[61.565369] (-) TimerEvent: {}
[61.588721] (BMC_2024) StdoutLine: {'line': b'-- Found ament_cmake: 1.3.11 (/opt/ros/humble/share/ament_cmake/cmake)\n'}
[61.665585] (-) TimerEvent: {}
[61.766374] (-) TimerEvent: {}
[61.867081] (-) TimerEvent: {}
[61.967767] (-) TimerEvent: {}
[62.068463] (-) TimerEvent: {}
[62.169200] (-) TimerEvent: {}
[62.269905] (-) TimerEvent: {}
[62.370765] (-) TimerEvent: {}
[62.394606] (BMC_2024) StdoutLine: {'line': b'-- Found Python3: /usr/bin/python3 (found version "3.10.12") found components: Interpreter \n'}
[62.470981] (-) TimerEvent: {}
[62.571782] (-) TimerEvent: {}
[62.672474] (-) TimerEvent: {}
[62.773201] (-) TimerEvent: {}
[62.873879] (-) TimerEvent: {}
[62.974538] (-) TimerEvent: {}
[63.075179] (-) TimerEvent: {}
[63.175857] (-) TimerEvent: {}
[63.211164] (BMC_2024) StdoutLine: {'line': b'-- Found hardware_interface: 2.49.0 (/opt/ros/humble/share/hardware_interface/cmake)\n'}
[63.276033] (-) TimerEvent: {}
[63.376717] (-) TimerEvent: {}
[63.477364] (-) TimerEvent: {}
[63.578025] (-) TimerEvent: {}
[63.678667] (-) TimerEvent: {}
[63.716403] (BMC_2024) StdoutLine: {'line': b'-- Found rosidl_generator_c: 3.1.6 (/opt/ros/humble/share/rosidl_generator_c/cmake)\n'}
[63.778832] (-) TimerEvent: {}
[63.789466] (BMC_2024) StdoutLine: {'line': b'-- Found rosidl_adapter: 3.1.6 (/opt/ros/humble/share/rosidl_adapter/cmake)\n'}
[63.879027] (-) TimerEvent: {}
[63.883974] (BMC_2024) StdoutLine: {'line': b'-- Found rosidl_generator_cpp: 3.1.6 (/opt/ros/humble/share/rosidl_generator_cpp/cmake)\n'}
[63.979296] (-) TimerEvent: {}
[63.993905] (BMC_2024) StdoutLine: {'line': b'-- Using all available rosidl_typesupport_c: rosidl_typesupport_fastrtps_c;rosidl_typesupport_introspection_c\n'}
[64.079493] (-) TimerEvent: {}
[64.147731] (BMC_2024) StdoutLine: {'line': b'-- Using all available rosidl_typesupport_cpp: rosidl_typesupport_fastrtps_cpp;rosidl_typesupport_introspection_cpp\n'}
[64.179666] (-) TimerEvent: {}
[64.280381] (-) TimerEvent: {}
[64.381136] (-) TimerEvent: {}
[64.481867] (-) TimerEvent: {}
[64.582600] (-) TimerEvent: {}
[64.683299] (-) TimerEvent: {}
[64.783999] (-) TimerEvent: {}
[64.884770] (-) TimerEvent: {}
[64.985457] (-) TimerEvent: {}
[65.086147] (-) TimerEvent: {}
[65.186851] (-) TimerEvent: {}
[65.287574] (-) TimerEvent: {}
[65.388373] (-) TimerEvent: {}
[65.489090] (-) TimerEvent: {}
[65.589768] (-) TimerEvent: {}
[65.690461] (-) TimerEvent: {}
[65.791145] (-) TimerEvent: {}
[65.888182] (BMC_2024) StdoutLine: {'line': b'-- Found rmw_implementation_cmake: 6.1.2 (/opt/ros/humble/share/rmw_implementation_cmake/cmake)\n'}
[65.891292] (-) TimerEvent: {}
[65.924343] (BMC_2024) StdoutLine: {'line': b'-- Found rmw_fastrtps_cpp: 6.2.7 (/opt/ros/humble/share/rmw_fastrtps_cpp/cmake)\n'}
[65.991472] (-) TimerEvent: {}
[66.092181] (-) TimerEvent: {}
[66.152842] (BMC_2024) StdoutLine: {'line': b'-- Found TinyXML2 via Config file: TinyXML2_DIR-NOTFOUND\n'}
[66.192420] (-) TimerEvent: {}
[66.293844] (-) TimerEvent: {}
[66.394679] (-) TimerEvent: {}
[66.446207] (BMC_2024) StdoutLine: {'line': b'-- Found OpenSSL: /usr/lib/aarch64-linux-gnu/libcrypto.so (found version "3.0.2")  \n'}
[66.463135] (BMC_2024) StdoutLine: {'line': b'-- Found TinyXML2 via Config file: TinyXML2_DIR-NOTFOUND\n'}
[66.494865] (-) TimerEvent: {}
[66.553760] (BMC_2024) StdoutLine: {'line': b'-- Found FastRTPS: /opt/ros/humble/include  \n'}
[66.568325] (BMC_2024) StdoutLine: {'line': b'-- Found TinyXML2 via Config file: TinyXML2_DIR-NOTFOUND\n'}
[66.595046] (-) TimerEvent: {}
[66.603469] (BMC_2024) StdoutLine: {'line': b'-- Found TinyXML2 via Config file: TinyXML2_DIR-NOTFOUND\n'}
[66.642414] (BMC_2024) StdoutLine: {'line': b"-- Using RMW implementation 'rmw_fastrtps_cpp' as default\n"}
[66.695209] (-) TimerEvent: {}
[66.758155] (BMC_2024) StdoutLine: {'line': b'-- Looking for pthread.h\n'}
[66.795383] (-) TimerEvent: {}
[66.896305] (-) TimerEvent: {}
[66.997888] (-) TimerEvent: {}
[67.097582] (BMC_2024) StdoutLine: {'line': b'-- Looking for pthread.h - found\n'}
[67.098141] (-) TimerEvent: {}
[67.098802] (BMC_2024) StdoutLine: {'line': b'-- Performing Test CMAKE_HAVE_LIBC_PTHREAD\n'}
[67.198412] (-) TimerEvent: {}
[67.299286] (-) TimerEvent: {}
[67.400080] (-) TimerEvent: {}
[67.438306] (BMC_2024) StdoutLine: {'line': b'-- Performing Test CMAKE_HAVE_LIBC_PTHREAD - Success\n'}
[67.442699] (BMC_2024) StdoutLine: {'line': b'-- Found Threads: TRUE  \n'}
[67.500234] (-) TimerEvent: {}
[67.601001] (-) TimerEvent: {}
[67.701674] (-) TimerEvent: {}
[67.758543] (BMC_2024) StdoutLine: {'line': b'-- Found sllidar_ros2: 1.0.1 (/home/rospi/aug_2024/install/sllidar_ros2/share/sllidar_ros2/cmake)\n'}
[67.769943] (BMC_2024) StderrLine: {'line': b'\x1b[33mCMake Warning at /home/rospi/aug_2024/install/sllidar_ros2/share/sllidar_ros2/cmake/ament_cmake_export_include_directories-extras.cmake:11 (message):\n'}
[67.770547] (BMC_2024) StderrLine: {'line': b"  Package 'sllidar_ros2' exports the include directory\n"}
[67.770899] (BMC_2024) StderrLine: {'line': b"  '/home/rospi/aug_2024/install/sllidar_ros2/share/sllidar_ros2/cmake/../../../include'\n"}
[67.771210] (BMC_2024) StderrLine: {'line': b"  which doesn't exist\n"}
[67.771508] (BMC_2024) StderrLine: {'line': b'Call Stack (most recent call first):\n'}
[67.771806] (BMC_2024) StderrLine: {'line': b'  /home/rospi/aug_2024/install/sllidar_ros2/share/sllidar_ros2/cmake/sllidar_ros2Config.cmake:41 (include)\n'}
[67.772117] (BMC_2024) StderrLine: {'line': b'  CMakeLists.txt:19 (find_package)\n'}
[67.772457] (BMC_2024) StderrLine: {'line': b'\n'}
[67.772870] (BMC_2024) StderrLine: {'line': b'\x1b[0m\n'}
[67.801852] (-) TimerEvent: {}
[67.902619] (-) TimerEvent: {}
[68.003960] (-) TimerEvent: {}
[68.087614] (BMC_2024) StderrLine: {'line': b'WARNING: Package name "BMC_2024" does not follow the naming conventions. It should start with a lower case letter and only contain lower case letters, digits, underscores, and dashes.\n'}
[68.104362] (-) TimerEvent: {}
[68.188372] (BMC_2024) StdoutLine: {'line': b'-- Configuring done\n'}
[68.204500] (-) TimerEvent: {}
[68.305305] (-) TimerEvent: {}
[68.387281] (BMC_2024) StdoutLine: {'line': b'-- Generating done\n'}
[68.405476] (-) TimerEvent: {}
[68.410177] (BMC_2024) StdoutLine: {'line': b'-- Build files have been written to: /home/rospi/aug_2024/build/BMC_2024\n'}
[68.452446] (BMC_2024) CommandEnded: {'returncode': 0}
[68.454408] (BMC_2024) JobProgress: {'identifier': 'BMC_2024', 'progress': 'build'}
[68.455529] (BMC_2024) Command: {'cmd': ['/usr/bin/cmake', '--build', '/home/rospi/aug_2024/build/BMC_2024', '--', '-j4', '-l4'], 'cwd': '/home/rospi/aug_2024/build/BMC_2024', 'env': OrderedDict([('LESSOPEN', '| /usr/bin/lesspipe %s'), ('USER', 'rospi'), ('SSH_CLIENT', '10.150.42.143 62568 22'), ('XDG_SESSION_TYPE', 'tty'), ('SHLVL', '1'), ('LD_LIBRARY_PATH', '/home/rospi/aug_2024/install/BMC_2024/lib:/opt/ros/humble/opt/rviz_ogre_vendor/lib:/opt/ros/humble/lib/aarch64-linux-gnu:/opt/ros/humble/lib'), ('MOTD_SHOWN', 'pam'), ('HOME', '/home/rospi'), ('OLDPWD', '/home/rospi'), ('SSH_TTY', '/dev/pts/0'), ('ROS_PYTHON_VERSION', '3'), ('DBUS_SESSION_BUS_ADDRESS', 'unix:path=/run/user/1000/bus'), ('COLCON_PREFIX_PATH', '/home/rospi/aug_2024/install'), ('ROS_DISTRO', 'humble'), ('LOGNAME', 'rospi'), ('_', '/usr/bin/colcon'), ('ROS_VERSION', '2'), ('XDG_SESSION_CLASS', 'user'), ('TERM', 'xterm-256color'), ('XDG_SESSION_ID', '1'), ('ROS_LOCALHOST_ONLY', '0'), ('PATH', '/opt/ros/humble/bin:/usr/local/sbin:/usr/local/bin:/usr/sbin:/usr/bin:/sbin:/bin:/usr/games:/usr/local/games:/snap/bin'), ('XDG_RUNTIME_DIR', '/run/user/1000'), ('LANG', 'en_US.UTF-8'), ('LS_COLORS', 'rs=0:di=01;34:ln=01;36:mh=00:pi=40;33:so=01;35:do=01;35:bd=40;33;01:cd=40;33;01:or=40;31;01:mi=00:su=37;41:sg=30;43:ca=30;41:tw=30;42:ow=34;42:st=37;44:ex=01;32:*.tar=01;31:*.tgz=01;31:*.arc=01;31:*.arj=01;31:*.taz=01;31:*.lha=01;31:*.lz4=01;31:*.lzh=01;31:*.lzma=01;31:*.tlz=01;31:*.txz=01;31:*.tzo=01;31:*.t7z=01;31:*.zip=01;31:*.z=01;31:*.dz=01;31:*.gz=01;31:*.lrz=01;31:*.lz=01;31:*.lzo=01;31:*.xz=01;31:*.zst=01;31:*.tzst=01;31:*.bz2=01;31:*.bz=01;31:*.tbz=01;31:*.tbz2=01;31:*.tz=01;31:*.deb=01;31:*.rpm=01;31:*.jar=01;31:*.war=01;31:*.ear=01;31:*.sar=01;31:*.rar=01;31:*.alz=01;31:*.ace=01;31:*.zoo=01;31:*.cpio=01;31:*.7z=01;31:*.rz=01;31:*.cab=01;31:*.wim=01;31:*.swm=01;31:*.dwm=01;31:*.esd=01;31:*.jpg=01;35:*.jpeg=01;35:*.mjpg=01;35:*.mjpeg=01;35:*.gif=01;35:*.bmp=01;35:*.pbm=01;35:*.pgm=01;35:*.ppm=01;35:*.tga=01;35:*.xbm=01;35:*.xpm=01;35:*.tif=01;35:*.tiff=01;35:*.png=01;35:*.svg=01;35:*.svgz=01;35:*.mng=01;35:*.pcx=01;35:*.mov=01;35:*.mpg=01;35:*.mpeg=01;35:*.m2v=01;35:*.mkv=01;35:*.webm=01;35:*.webp=01;35:*.ogm=01;35:*.mp4=01;35:*.m4v=01;35:*.mp4v=01;35:*.vob=01;35:*.qt=01;35:*.nuv=01;35:*.wmv=01;35:*.asf=01;35:*.rm=01;35:*.rmvb=01;35:*.flc=01;35:*.avi=01;35:*.fli=01;35:*.flv=01;35:*.gl=01;35:*.dl=01;35:*.xcf=01;35:*.xwd=01;35:*.yuv=01;35:*.cgm=01;35:*.emf=01;35:*.ogv=01;35:*.ogx=01;35:*.aac=00;36:*.au=00;36:*.flac=00;36:*.m4a=00;36:*.mid=00;36:*.midi=00;36:*.mka=00;36:*.mp3=00;36:*.mpc=00;36:*.ogg=00;36:*.ra=00;36:*.wav=00;36:*.oga=00;36:*.opus=00;36:*.spx=00;36:*.xspf=00;36:'), ('AMENT_PREFIX_PATH', '/home/rospi/aug_2024/install/aug_2024:/home/rospi/aug_2024/install/BMC_2024:/home/rospi/aug_2024/install/sllidar_ros2:/home/rospi/aug_2024/install/my_robot_nav2:/opt/ros/humble'), ('SHELL', '/bin/bash'), ('LESSCLOSE', '/usr/bin/lesspipe %s %s'), ('PWD', '/home/rospi/aug_2024/build/BMC_2024'), ('LC_ALL', 'en_US.UTF-8'), ('SSH_CONNECTION', '10.150.42.143 62568 10.6.102.87 22'), ('XDG_DATA_DIRS', '/usr/local/share:/usr/share:/var/lib/snapd/desktop'), ('PYTHONPATH', '/opt/ros/humble/lib/python3.10/site-packages:/opt/ros/humble/local/lib/python3.10/dist-packages'), ('COLCON', '1'), ('CMAKE_PREFIX_PATH', '/home/rospi/aug_2024/install/sllidar_ros2:/home/rospi/aug_2024/install/aug_2024:/home/rospi/aug_2024/install/BMC_2024:/home/rospi/aug_2024/install/my_robot_nav2:/opt/ros/humble')]), 'shell': False}
[68.505683] (-) TimerEvent: {}
[68.606426] (-) TimerEvent: {}
[68.681719] (BMC_2024) StdoutLine: {'line': b'[ 33%] \x1b[32mBuilding CXX object CMakeFiles/BMC_2024.dir/src/aug_2024_system.cpp.o\x1b[0m\n'}
[68.683693] (BMC_2024) StdoutLine: {'line': b'[ 66%] \x1b[32mBuilding CXX object CMakeFiles/BMC_2024.dir/src/bmc_comms.cpp.o\x1b[0m\n'}
[68.706700] (-) TimerEvent: {}
[68.807526] (-) TimerEvent: {}
[68.908268] (-) TimerEvent: {}
[69.009004] (-) TimerEvent: {}
[69.109689] (-) TimerEvent: {}
[69.210375] (-) TimerEvent: {}
[69.311064] (-) TimerEvent: {}
[69.411751] (-) TimerEvent: {}
[69.512436] (-) TimerEvent: {}
[69.613232] (-) TimerEvent: {}
[69.713930] (-) TimerEvent: {}
[69.814612] (-) TimerEvent: {}
[69.915307] (-) TimerEvent: {}
[70.016090] (-) TimerEvent: {}
[70.116810] (-) TimerEvent: {}
[70.217529] (-) TimerEvent: {}
[70.319434] (-) TimerEvent: {}
[70.420362] (-) TimerEvent: {}
[70.521805] (-) TimerEvent: {}
[70.622654] (-) TimerEvent: {}
[70.723609] (-) TimerEvent: {}
[70.824505] (-) TimerEvent: {}
[70.925255] (-) TimerEvent: {}
[71.025972] (-) TimerEvent: {}
[71.126700] (-) TimerEvent: {}
[71.227550] (-) TimerEvent: {}
[71.328410] (-) TimerEvent: {}
[71.429391] (-) TimerEvent: {}
[71.530294] (-) TimerEvent: {}
[71.631349] (-) TimerEvent: {}
[71.732168] (-) TimerEvent: {}
[71.833019] (-) TimerEvent: {}
[71.933897] (-) TimerEvent: {}
[72.036918] (-) TimerEvent: {}
[72.137776] (-) TimerEvent: {}
[72.238662] (-) TimerEvent: {}
[72.340963] (-) TimerEvent: {}
[72.441830] (-) TimerEvent: {}
[72.542802] (-) TimerEvent: {}
[72.644425] (-) TimerEvent: {}
[72.745441] (-) TimerEvent: {}
[72.846404] (-) TimerEvent: {}
[72.947441] (-) TimerEvent: {}
[73.048455] (-) TimerEvent: {}
[73.149528] (-) TimerEvent: {}
[73.250430] (-) TimerEvent: {}
[73.351457] (-) TimerEvent: {}
[73.452523] (-) TimerEvent: {}
[73.553476] (-) TimerEvent: {}
[73.654400] (-) TimerEvent: {}
[73.755440] (-) TimerEvent: {}
[73.856359] (-) TimerEvent: {}
[73.957360] (-) TimerEvent: {}
[74.058441] (-) TimerEvent: {}
[74.159451] (-) TimerEvent: {}
[74.260414] (-) TimerEvent: {}
[74.361394] (-) TimerEvent: {}
[74.464963] (-) TimerEvent: {}
[74.567512] (-) TimerEvent: {}
[74.671427] (-) TimerEvent: {}
[74.772285] (-) TimerEvent: {}
[74.873261] (-) TimerEvent: {}
[74.974096] (-) TimerEvent: {}
[75.074918] (-) TimerEvent: {}
[75.175826] (-) TimerEvent: {}
[75.276772] (-) TimerEvent: {}
[75.377599] (-) TimerEvent: {}
[75.478389] (-) TimerEvent: {}
[75.579172] (-) TimerEvent: {}
[75.679970] (-) TimerEvent: {}
[75.780775] (-) TimerEvent: {}
[75.881676] (-) TimerEvent: {}
[75.984893] (-) TimerEvent: {}
[76.085751] (-) TimerEvent: {}
[76.186785] (-) TimerEvent: {}
[76.287696] (-) TimerEvent: {}
[76.388528] (-) TimerEvent: {}
[76.489426] (-) TimerEvent: {}
[76.590426] (-) TimerEvent: {}
[76.691243] (-) TimerEvent: {}
[76.792051] (-) TimerEvent: {}
[76.892853] (-) TimerEvent: {}
[76.993803] (-) TimerEvent: {}
[77.094670] (-) TimerEvent: {}
[77.195459] (-) TimerEvent: {}
[77.296253] (-) TimerEvent: {}
[77.397084] (-) TimerEvent: {}
[77.497865] (-) TimerEvent: {}
[77.598694] (-) TimerEvent: {}
[77.699498] (-) TimerEvent: {}
[77.800389] (-) TimerEvent: {}
[77.901252] (-) TimerEvent: {}
[78.002104] (-) TimerEvent: {}
[78.103090] (-) TimerEvent: {}
[78.203892] (-) TimerEvent: {}
[78.304712] (-) TimerEvent: {}
[78.405576] (-) TimerEvent: {}
[78.508881] (-) TimerEvent: {}
[78.611978] (-) TimerEvent: {}
[78.712993] (-) TimerEvent: {}
[78.814636] (-) TimerEvent: {}
[78.915505] (-) TimerEvent: {}
[79.016400] (-) TimerEvent: {}
[79.117424] (-) TimerEvent: {}
[79.218351] (-) TimerEvent: {}
[79.319154] (-) TimerEvent: {}
[79.419954] (-) TimerEvent: {}
[79.520768] (-) TimerEvent: {}
[79.621593] (-) TimerEvent: {}
[79.722391] (-) TimerEvent: {}
[79.823200] (-) TimerEvent: {}
[79.923992] (-) TimerEvent: {}
[80.024854] (-) TimerEvent: {}
[80.128980] (-) TimerEvent: {}
[80.230082] (-) TimerEvent: {}
[80.331395] (-) TimerEvent: {}
[80.432315] (-) TimerEvent: {}
[80.533308] (-) TimerEvent: {}
[80.634185] (-) TimerEvent: {}
[80.735145] (-) TimerEvent: {}
[80.836053] (-) TimerEvent: {}
[80.937004] (-) TimerEvent: {}
[81.037918] (-) TimerEvent: {}
[81.138718] (-) TimerEvent: {}
[81.239512] (-) TimerEvent: {}
[81.340308] (-) TimerEvent: {}
[81.441133] (-) TimerEvent: {}
[81.541927] (-) TimerEvent: {}
[81.642715] (-) TimerEvent: {}
[81.743514] (-) TimerEvent: {}
[81.844294] (-) TimerEvent: {}
[81.894024] (BMC_2024) StderrLine: {'line': b'\x1b[01m\x1b[K/home/rospi/aug_2024/src/BMC_2024/src/aug_2024_system.cpp:\x1b[m\x1b[K In member function \xe2\x80\x98\x1b[01m\x1b[Kvirtual hardware_interface::return_type BMC_2024::AUG2024Hardware::read(const rclcpp::Time&, const rclcpp::Duration&)\x1b[m\x1b[K\xe2\x80\x99:\n'}
[81.894826] (BMC_2024) StderrLine: {'line': b'\x1b[01m\x1b[K/home/rospi/aug_2024/src/BMC_2024/src/aug_2024_system.cpp:278:59:\x1b[m\x1b[K \x1b[01;35m\x1b[Kwarning: \x1b[m\x1b[Kunused parameter \xe2\x80\x98\x1b[01m\x1b[Kperiod\x1b[m\x1b[K\xe2\x80\x99 [\x1b[01;35m\x1b[K\x1b]8;;https://gcc.gnu.org/onlinedocs/gcc/Warning-Options.html#index-Wunused-parameter\x07-Wunused-parameter\x1b]8;;\x07\x1b[m\x1b[K]\n'}
[81.895423] (BMC_2024) StderrLine: {'line': b'  278 |   const rclcpp::Time & /*time*/, \x1b[01;35m\x1b[Kconst rclcpp::Duration & period\x1b[m\x1b[K)\n'}
[81.895950] (BMC_2024) StderrLine: {'line': b'      |                                  \x1b[01;35m\x1b[K~~~~~~~~~~~~~~~~~~~~~~~~~^~~~~~\x1b[m\x1b[K\n'}
[81.944495] (-) TimerEvent: {}
[82.046390] (-) TimerEvent: {}
[82.147925] (-) TimerEvent: {}
[82.249484] (-) TimerEvent: {}
[82.351016] (-) TimerEvent: {}
[82.453767] (-) TimerEvent: {}
[82.556919] (-) TimerEvent: {}
[82.657860] (-) TimerEvent: {}
[82.759341] (-) TimerEvent: {}
[82.860221] (-) TimerEvent: {}
[82.961068] (-) TimerEvent: {}
[83.061932] (-) TimerEvent: {}
[83.162735] (-) TimerEvent: {}
[83.263542] (-) TimerEvent: {}
[83.364381] (-) TimerEvent: {}
[83.465192] (-) TimerEvent: {}
[83.566105] (-) TimerEvent: {}
[83.666927] (-) TimerEvent: {}
[83.767707] (-) TimerEvent: {}
[83.868515] (-) TimerEvent: {}
[83.969364] (-) TimerEvent: {}
[84.072873] (-) TimerEvent: {}
[84.176173] (-) TimerEvent: {}
[84.280192] (-) TimerEvent: {}
[84.381148] (-) TimerEvent: {}
[84.482004] (-) TimerEvent: {}
[84.582748] (-) TimerEvent: {}
[84.683483] (-) TimerEvent: {}
[84.784333] (-) TimerEvent: {}
[84.885200] (-) TimerEvent: {}
[84.985916] (-) TimerEvent: {}
[85.086651] (-) TimerEvent: {}
[85.187368] (-) TimerEvent: {}
[85.288089] (-) TimerEvent: {}
[85.388843] (-) TimerEvent: {}
[85.489538] (-) TimerEvent: {}
[85.590256] (-) TimerEvent: {}
[85.690973] (-) TimerEvent: {}
[85.791655] (-) TimerEvent: {}
[85.892370] (-) TimerEvent: {}
[85.993138] (-) TimerEvent: {}
[86.093858] (-) TimerEvent: {}
[86.194588] (-) TimerEvent: {}
[86.295302] (-) TimerEvent: {}
[86.396051] (-) TimerEvent: {}
[86.496925] (-) TimerEvent: {}
[86.597853] (-) TimerEvent: {}
[86.698553] (-) TimerEvent: {}
[86.799278] (-) TimerEvent: {}
[86.900059] (-) TimerEvent: {}
[86.977563] (BMC_2024) StdoutLine: {'line': b'[100%] \x1b[32m\x1b[1mLinking CXX shared library libBMC_2024.so\x1b[0m\n'}
[87.000298] (-) TimerEvent: {}
[87.101189] (-) TimerEvent: {}
[87.201981] (-) TimerEvent: {}
[87.302928] (-) TimerEvent: {}
[87.403931] (-) TimerEvent: {}
[87.504770] (-) TimerEvent: {}
[87.605602] (-) TimerEvent: {}
[87.706517] (-) TimerEvent: {}
[87.807373] (-) TimerEvent: {}
[87.908165] (-) TimerEvent: {}
[87.994290] (BMC_2024) StdoutLine: {'line': b'[100%] Built target BMC_2024\n'}
[88.008370] (-) TimerEvent: {}
[88.035901] (BMC_2024) CommandEnded: {'returncode': 0}
[88.038181] (BMC_2024) JobProgress: {'identifier': 'BMC_2024', 'progress': 'install'}
[88.039187] (BMC_2024) Command: {'cmd': ['/usr/bin/cmake', '--install', '/home/rospi/aug_2024/build/BMC_2024'], 'cwd': '/home/rospi/aug_2024/build/BMC_2024', 'env': OrderedDict([('LESSOPEN', '| /usr/bin/lesspipe %s'), ('USER', 'rospi'), ('SSH_CLIENT', '10.150.42.143 62568 22'), ('XDG_SESSION_TYPE', 'tty'), ('SHLVL', '1'), ('LD_LIBRARY_PATH', '/home/rospi/aug_2024/install/BMC_2024/lib:/opt/ros/humble/opt/rviz_ogre_vendor/lib:/opt/ros/humble/lib/aarch64-linux-gnu:/opt/ros/humble/lib'), ('MOTD_SHOWN', 'pam'), ('HOME', '/home/rospi'), ('OLDPWD', '/home/rospi'), ('SSH_TTY', '/dev/pts/0'), ('ROS_PYTHON_VERSION', '3'), ('DBUS_SESSION_BUS_ADDRESS', 'unix:path=/run/user/1000/bus'), ('COLCON_PREFIX_PATH', '/home/rospi/aug_2024/install'), ('ROS_DISTRO', 'humble'), ('LOGNAME', 'rospi'), ('_', '/usr/bin/colcon'), ('ROS_VERSION', '2'), ('XDG_SESSION_CLASS', 'user'), ('TERM', 'xterm-256color'), ('XDG_SESSION_ID', '1'), ('ROS_LOCALHOST_ONLY', '0'), ('PATH', '/opt/ros/humble/bin:/usr/local/sbin:/usr/local/bin:/usr/sbin:/usr/bin:/sbin:/bin:/usr/games:/usr/local/games:/snap/bin'), ('XDG_RUNTIME_DIR', '/run/user/1000'), ('LANG', 'en_US.UTF-8'), ('LS_COLORS', 'rs=0:di=01;34:ln=01;36:mh=00:pi=40;33:so=01;35:do=01;35:bd=40;33;01:cd=40;33;01:or=40;31;01:mi=00:su=37;41:sg=30;43:ca=30;41:tw=30;42:ow=34;42:st=37;44:ex=01;32:*.tar=01;31:*.tgz=01;31:*.arc=01;31:*.arj=01;31:*.taz=01;31:*.lha=01;31:*.lz4=01;31:*.lzh=01;31:*.lzma=01;31:*.tlz=01;31:*.txz=01;31:*.tzo=01;31:*.t7z=01;31:*.zip=01;31:*.z=01;31:*.dz=01;31:*.gz=01;31:*.lrz=01;31:*.lz=01;31:*.lzo=01;31:*.xz=01;31:*.zst=01;31:*.tzst=01;31:*.bz2=01;31:*.bz=01;31:*.tbz=01;31:*.tbz2=01;31:*.tz=01;31:*.deb=01;31:*.rpm=01;31:*.jar=01;31:*.war=01;31:*.ear=01;31:*.sar=01;31:*.rar=01;31:*.alz=01;31:*.ace=01;31:*.zoo=01;31:*.cpio=01;31:*.7z=01;31:*.rz=01;31:*.cab=01;31:*.wim=01;31:*.swm=01;31:*.dwm=01;31:*.esd=01;31:*.jpg=01;35:*.jpeg=01;35:*.mjpg=01;35:*.mjpeg=01;35:*.gif=01;35:*.bmp=01;35:*.pbm=01;35:*.pgm=01;35:*.ppm=01;35:*.tga=01;35:*.xbm=01;35:*.xpm=01;35:*.tif=01;35:*.tiff=01;35:*.png=01;35:*.svg=01;35:*.svgz=01;35:*.mng=01;35:*.pcx=01;35:*.mov=01;35:*.mpg=01;35:*.mpeg=01;35:*.m2v=01;35:*.mkv=01;35:*.webm=01;35:*.webp=01;35:*.ogm=01;35:*.mp4=01;35:*.m4v=01;35:*.mp4v=01;35:*.vob=01;35:*.qt=01;35:*.nuv=01;35:*.wmv=01;35:*.asf=01;35:*.rm=01;35:*.rmvb=01;35:*.flc=01;35:*.avi=01;35:*.fli=01;35:*.flv=01;35:*.gl=01;35:*.dl=01;35:*.xcf=01;35:*.xwd=01;35:*.yuv=01;35:*.cgm=01;35:*.emf=01;35:*.ogv=01;35:*.ogx=01;35:*.aac=00;36:*.au=00;36:*.flac=00;36:*.m4a=00;36:*.mid=00;36:*.midi=00;36:*.mka=00;36:*.mp3=00;36:*.mpc=00;36:*.ogg=00;36:*.ra=00;36:*.wav=00;36:*.oga=00;36:*.opus=00;36:*.spx=00;36:*.xspf=00;36:'), ('AMENT_PREFIX_PATH', '/home/rospi/aug_2024/install/aug_2024:/home/rospi/aug_2024/install/BMC_2024:/home/rospi/aug_2024/install/sllidar_ros2:/home/rospi/aug_2024/install/my_robot_nav2:/opt/ros/humble'), ('SHELL', '/bin/bash'), ('LESSCLOSE', '/usr/bin/lesspipe %s %s'), ('PWD', '/home/rospi/aug_2024/build/BMC_2024'), ('LC_ALL', 'en_US.UTF-8'), ('SSH_CONNECTION', '10.150.42.143 62568 10.6.102.87 22'), ('XDG_DATA_DIRS', '/usr/local/share:/usr/share:/var/lib/snapd/desktop'), ('PYTHONPATH', '/opt/ros/humble/lib/python3.10/site-packages:/opt/ros/humble/local/lib/python3.10/dist-packages'), ('COLCON', '1'), ('CMAKE_PREFIX_PATH', '/home/rospi/aug_2024/install/sllidar_ros2:/home/rospi/aug_2024/install/aug_2024:/home/rospi/aug_2024/install/BMC_2024:/home/rospi/aug_2024/install/my_robot_nav2:/opt/ros/humble')]), 'shell': False}
[88.073600] (BMC_2024) StdoutLine: {'line': b'-- Install configuration: ""\n'}
[88.098957] (BMC_2024) StdoutLine: {'line': b'-- Installing: /home/rospi/aug_2024/install/BMC_2024/lib/libBMC_2024.so\n'}
[88.123921] (BMC_2024) StdoutLine: {'line': b'-- Set runtime path of "/home/rospi/aug_2024/install/BMC_2024/lib/libBMC_2024.so" to ""\n'}
[88.146322] (-) TimerEvent: {}
[88.147295] (BMC_2024) StdoutLine: {'line': b'-- Installing: /home/rospi/aug_2024/install/BMC_2024/include\n'}
[88.148513] (BMC_2024) StdoutLine: {'line': b'-- Installing: /home/rospi/aug_2024/install/BMC_2024/include/BMC_2024\n'}
[88.149439] (BMC_2024) StdoutLine: {'line': b'-- Installing: /home/rospi/aug_2024/install/BMC_2024/include/BMC_2024/aug_2024_system.hpp\n'}
[88.150612] (BMC_2024) StdoutLine: {'line': b'-- Installing: /home/rospi/aug_2024/install/BMC_2024/include/BMC_2024/bmc_comms.hpp\n'}
[88.151512] (BMC_2024) StdoutLine: {'line': b'-- Installing: /home/rospi/aug_2024/install/BMC_2024/include/BMC_2024/visibility_control.h\n'}
[88.152352] (BMC_2024) StdoutLine: {'line': b'-- Installing: /home/rospi/aug_2024/install/BMC_2024/share/BMC_2024/aug_2024_hardware.xml\n'}
[88.153370] (BMC_2024) StdoutLine: {'line': b'-- Up-to-date: /home/rospi/aug_2024/install/BMC_2024/lib/libBMC_2024.so\n'}
[88.154006] (BMC_2024) StdoutLine: {'line': b'-- Installing: /home/rospi/aug_2024/install/BMC_2024/share/BMC_2024/environment/library_path.sh\n'}
[88.155002] (BMC_2024) StdoutLine: {'line': b'-- Installing: /home/rospi/aug_2024/install/BMC_2024/share/BMC_2024/environment/library_path.dsv\n'}
[88.156071] (BMC_2024) StdoutLine: {'line': b'-- Installing: /home/rospi/aug_2024/install/BMC_2024/share/ament_index/resource_index/package_run_dependencies/BMC_2024\n'}
[88.156797] (BMC_2024) StdoutLine: {'line': b'-- Installing: /home/rospi/aug_2024/install/BMC_2024/share/ament_index/resource_index/parent_prefix_path/BMC_2024\n'}
[88.157458] (BMC_2024) StdoutLine: {'line': b'-- Installing: /home/rospi/aug_2024/install/BMC_2024/share/BMC_2024/environment/ament_prefix_path.sh\n'}
[88.158096] (BMC_2024) StdoutLine: {'line': b'-- Installing: /home/rospi/aug_2024/install/BMC_2024/share/BMC_2024/environment/ament_prefix_path.dsv\n'}
[88.158834] (BMC_2024) StdoutLine: {'line': b'-- Installing: /home/rospi/aug_2024/install/BMC_2024/share/BMC_2024/environment/path.sh\n'}
[88.159566] (BMC_2024) StdoutLine: {'line': b'-- Installing: /home/rospi/aug_2024/install/BMC_2024/share/BMC_2024/environment/path.dsv\n'}
[88.162299] (BMC_2024) StdoutLine: {'line': b'-- Installing: /home/rospi/aug_2024/install/BMC_2024/share/BMC_2024/local_setup.bash\n'}
[88.163802] (BMC_2024) StdoutLine: {'line': b'-- Installing: /home/rospi/aug_2024/install/BMC_2024/share/BMC_2024/local_setup.sh\n'}
[88.164399] (BMC_2024) StdoutLine: {'line': b'-- Installing: /home/rospi/aug_2024/install/BMC_2024/share/BMC_2024/local_setup.zsh\n'}
[88.164991] (BMC_2024) StdoutLine: {'line': b'-- Installing: /home/rospi/aug_2024/install/BMC_2024/share/BMC_2024/local_setup.dsv\n'}
[88.166161] (BMC_2024) StdoutLine: {'line': b'-- Installing: /home/rospi/aug_2024/install/BMC_2024/share/BMC_2024/package.dsv\n'}
[88.167301] (BMC_2024) StdoutLine: {'line': b'-- Installing: /home/rospi/aug_2024/install/BMC_2024/share/ament_index/resource_index/packages/BMC_2024\n'}
[88.167838] (BMC_2024) StdoutLine: {'line': b'-- Installing: /home/rospi/aug_2024/install/BMC_2024/share/ament_index/resource_index/hardware_interface__pluginlib__plugin/BMC_2024\n'}
[88.168333] (BMC_2024) StdoutLine: {'line': b'-- Installing: /home/rospi/aug_2024/install/BMC_2024/share/BMC_2024/cmake/ament_cmake_export_include_directories-extras.cmake\n'}
[88.169475] (BMC_2024) StdoutLine: {'line': b'-- Installing: /home/rospi/aug_2024/install/BMC_2024/share/BMC_2024/cmake/ament_cmake_export_libraries-extras.cmake\n'}
[88.170077] (BMC_2024) StdoutLine: {'line': b'-- Installing: /home/rospi/aug_2024/install/BMC_2024/share/BMC_2024/cmake/ament_cmake_export_dependencies-extras.cmake\n'}
[88.171425] (BMC_2024) StdoutLine: {'line': b'-- Installing: /home/rospi/aug_2024/install/BMC_2024/share/BMC_2024/cmake/BMC_2024Config.cmake\n'}
[88.171916] (BMC_2024) StdoutLine: {'line': b'-- Installing: /home/rospi/aug_2024/install/BMC_2024/share/BMC_2024/cmake/BMC_2024Config-version.cmake\n'}
[88.173084] (BMC_2024) StdoutLine: {'line': b'-- Installing: /home/rospi/aug_2024/install/BMC_2024/share/BMC_2024/package.xml\n'}
[88.173614] (BMC_2024) CommandEnded: {'returncode': 0}
[88.235214] (BMC_2024) JobEnded: {'identifier': 'BMC_2024', 'rc': 0}
[88.239831] (aug_2024) JobStarted: {'identifier': 'aug_2024'}
[88.246456] (-) TimerEvent: {}
[88.285264] (aug_2024) JobProgress: {'identifier': 'aug_2024', 'progress': 'cmake'}
[88.288110] (aug_2024) Command: {'cmd': ['/usr/bin/cmake', '/home/rospi/aug_2024/src/aug_2024', '-DCMAKE_INSTALL_PREFIX=/home/rospi/aug_2024/install/aug_2024'], 'cwd': '/home/rospi/aug_2024/build/aug_2024', 'env': OrderedDict([('LESSOPEN', '| /usr/bin/lesspipe %s'), ('USER', 'rospi'), ('SSH_CLIENT', '10.150.42.143 62568 22'), ('XDG_SESSION_TYPE', 'tty'), ('SHLVL', '1'), ('LD_LIBRARY_PATH', '/home/rospi/aug_2024/install/BMC_2024/lib:/opt/ros/humble/opt/rviz_ogre_vendor/lib:/opt/ros/humble/lib/aarch64-linux-gnu:/opt/ros/humble/lib'), ('MOTD_SHOWN', 'pam'), ('HOME', '/home/rospi'), ('OLDPWD', '/home/rospi'), ('SSH_TTY', '/dev/pts/0'), ('ROS_PYTHON_VERSION', '3'), ('DBUS_SESSION_BUS_ADDRESS', 'unix:path=/run/user/1000/bus'), ('COLCON_PREFIX_PATH', '/home/rospi/aug_2024/install'), ('ROS_DISTRO', 'humble'), ('LOGNAME', 'rospi'), ('_', '/usr/bin/colcon'), ('ROS_VERSION', '2'), ('XDG_SESSION_CLASS', 'user'), ('TERM', 'xterm-256color'), ('XDG_SESSION_ID', '1'), ('ROS_LOCALHOST_ONLY', '0'), ('PATH', '/opt/ros/humble/bin:/usr/local/sbin:/usr/local/bin:/usr/sbin:/usr/bin:/sbin:/bin:/usr/games:/usr/local/games:/snap/bin'), ('XDG_RUNTIME_DIR', '/run/user/1000'), ('LANG', 'en_US.UTF-8'), ('LS_COLORS', 'rs=0:di=01;34:ln=01;36:mh=00:pi=40;33:so=01;35:do=01;35:bd=40;33;01:cd=40;33;01:or=40;31;01:mi=00:su=37;41:sg=30;43:ca=30;41:tw=30;42:ow=34;42:st=37;44:ex=01;32:*.tar=01;31:*.tgz=01;31:*.arc=01;31:*.arj=01;31:*.taz=01;31:*.lha=01;31:*.lz4=01;31:*.lzh=01;31:*.lzma=01;31:*.tlz=01;31:*.txz=01;31:*.tzo=01;31:*.t7z=01;31:*.zip=01;31:*.z=01;31:*.dz=01;31:*.gz=01;31:*.lrz=01;31:*.lz=01;31:*.lzo=01;31:*.xz=01;31:*.zst=01;31:*.tzst=01;31:*.bz2=01;31:*.bz=01;31:*.tbz=01;31:*.tbz2=01;31:*.tz=01;31:*.deb=01;31:*.rpm=01;31:*.jar=01;31:*.war=01;31:*.ear=01;31:*.sar=01;31:*.rar=01;31:*.alz=01;31:*.ace=01;31:*.zoo=01;31:*.cpio=01;31:*.7z=01;31:*.rz=01;31:*.cab=01;31:*.wim=01;31:*.swm=01;31:*.dwm=01;31:*.esd=01;31:*.jpg=01;35:*.jpeg=01;35:*.mjpg=01;35:*.mjpeg=01;35:*.gif=01;35:*.bmp=01;35:*.pbm=01;35:*.pgm=01;35:*.ppm=01;35:*.tga=01;35:*.xbm=01;35:*.xpm=01;35:*.tif=01;35:*.tiff=01;35:*.png=01;35:*.svg=01;35:*.svgz=01;35:*.mng=01;35:*.pcx=01;35:*.mov=01;35:*.mpg=01;35:*.mpeg=01;35:*.m2v=01;35:*.mkv=01;35:*.webm=01;35:*.webp=01;35:*.ogm=01;35:*.mp4=01;35:*.m4v=01;35:*.mp4v=01;35:*.vob=01;35:*.qt=01;35:*.nuv=01;35:*.wmv=01;35:*.asf=01;35:*.rm=01;35:*.rmvb=01;35:*.flc=01;35:*.avi=01;35:*.fli=01;35:*.flv=01;35:*.gl=01;35:*.dl=01;35:*.xcf=01;35:*.xwd=01;35:*.yuv=01;35:*.cgm=01;35:*.emf=01;35:*.ogv=01;35:*.ogx=01;35:*.aac=00;36:*.au=00;36:*.flac=00;36:*.m4a=00;36:*.mid=00;36:*.midi=00;36:*.mka=00;36:*.mp3=00;36:*.mpc=00;36:*.ogg=00;36:*.ra=00;36:*.wav=00;36:*.oga=00;36:*.opus=00;36:*.spx=00;36:*.xspf=00;36:'), ('AMENT_PREFIX_PATH', '/home/rospi/aug_2024/install/aug_2024:/home/rospi/aug_2024/install/BMC_2024:/home/rospi/aug_2024/install/sllidar_ros2:/home/rospi/aug_2024/install/my_robot_nav2:/opt/ros/humble'), ('SHELL', '/bin/bash'), ('LESSCLOSE', '/usr/bin/lesspipe %s %s'), ('PWD', '/home/rospi/aug_2024/build/aug_2024'), ('LC_ALL', 'en_US.UTF-8'), ('SSH_CONNECTION', '10.150.42.143 62568 10.6.102.87 22'), ('XDG_DATA_DIRS', '/usr/local/share:/usr/share:/var/lib/snapd/desktop'), ('PYTHONPATH', '/opt/ros/humble/lib/python3.10/site-packages:/opt/ros/humble/local/lib/python3.10/dist-packages'), ('COLCON', '1'), ('CMAKE_PREFIX_PATH', '/home/rospi/aug_2024/install/BMC_2024:/home/rospi/aug_2024/install/sllidar_ros2:/home/rospi/aug_2024/install/aug_2024:/home/rospi/aug_2024/install/my_robot_nav2:/opt/ros/humble')]), 'shell': False}
[88.346753] (-) TimerEvent: {}
[88.447658] (-) TimerEvent: {}
[88.548488] (-) TimerEvent: {}
[88.581175] (aug_2024) StdoutLine: {'line': b'-- The C compiler identification is GNU 11.4.0\n'}
[88.648737] (-) TimerEvent: {}
[88.749583] (-) TimerEvent: {}
[88.847171] (aug_2024) StdoutLine: {'line': b'-- The CXX compiler identification is GNU 11.4.0\n'}
[88.849713] (-) TimerEvent: {}
[88.876780] (aug_2024) StdoutLine: {'line': b'-- Detecting C compiler ABI info\n'}
[88.949920] (-) TimerEvent: {}
[89.050676] (-) TimerEvent: {}
[89.151657] (-) TimerEvent: {}
[89.198723] (aug_2024) StdoutLine: {'line': b'-- Detecting C compiler ABI info - done\n'}
[89.226734] (aug_2024) StdoutLine: {'line': b'-- Check for working C compiler: /usr/bin/cc - skipped\n'}
[89.227656] (aug_2024) StdoutLine: {'line': b'-- Detecting C compile features\n'}
[89.229436] (aug_2024) StdoutLine: {'line': b'-- Detecting C compile features - done\n'}
[89.241797] (aug_2024) StdoutLine: {'line': b'-- Detecting CXX compiler ABI info\n'}
[89.251795] (-) TimerEvent: {}
[89.352562] (-) TimerEvent: {}
[89.453454] (-) TimerEvent: {}
[89.554286] (-) TimerEvent: {}
[89.606884] (aug_2024) StdoutLine: {'line': b'-- Detecting CXX compiler ABI info - done\n'}
[89.637078] (aug_2024) StdoutLine: {'line': b'-- Check for working CXX compiler: /usr/bin/c++ - skipped\n'}
[89.638091] (aug_2024) StdoutLine: {'line': b'-- Detecting CXX compile features\n'}
[89.639955] (aug_2024) StdoutLine: {'line': b'-- Detecting CXX compile features - done\n'}
[89.654436] (-) TimerEvent: {}
[89.677563] (aug_2024) StdoutLine: {'line': b'-- Found ament_cmake: 1.3.11 (/opt/ros/humble/share/ament_cmake/cmake)\n'}
[89.754617] (-) TimerEvent: {}
[89.855327] (-) TimerEvent: {}
[89.956008] (-) TimerEvent: {}
[90.056628] (-) TimerEvent: {}
[90.157307] (-) TimerEvent: {}
[90.257989] (-) TimerEvent: {}
[90.358688] (-) TimerEvent: {}
[90.459581] (-) TimerEvent: {}
[90.503837] (aug_2024) StdoutLine: {'line': b'-- Found Python3: /usr/bin/python3 (found version "3.10.12") found components: Interpreter \n'}
[90.559851] (-) TimerEvent: {}
[90.660945] (-) TimerEvent: {}
[90.761824] (-) TimerEvent: {}
[90.862594] (-) TimerEvent: {}
[90.963350] (-) TimerEvent: {}
[91.064040] (-) TimerEvent: {}
[91.164815] (-) TimerEvent: {}
[91.265528] (-) TimerEvent: {}
[91.277414] (aug_2024) StdoutLine: {'line': b'-- Found rclcpp: 16.0.12 (/opt/ros/humble/share/rclcpp/cmake)\n'}
[91.365716] (-) TimerEvent: {}
[91.466406] (-) TimerEvent: {}
[91.567128] (-) TimerEvent: {}
[91.667903] (-) TimerEvent: {}
[91.742564] (aug_2024) StdoutLine: {'line': b'-- Found rosidl_generator_c: 3.1.6 (/opt/ros/humble/share/rosidl_generator_c/cmake)\n'}
[91.768075] (-) TimerEvent: {}
[91.808320] (aug_2024) StdoutLine: {'line': b'-- Found rosidl_adapter: 3.1.6 (/opt/ros/humble/share/rosidl_adapter/cmake)\n'}
[91.868238] (-) TimerEvent: {}
[91.892620] (aug_2024) StdoutLine: {'line': b'-- Found rosidl_generator_cpp: 3.1.6 (/opt/ros/humble/share/rosidl_generator_cpp/cmake)\n'}
[91.968521] (-) TimerEvent: {}
[92.005462] (aug_2024) StdoutLine: {'line': b'-- Using all available rosidl_typesupport_c: rosidl_typesupport_fastrtps_c;rosidl_typesupport_introspection_c\n'}
[92.068655] (-) TimerEvent: {}
[92.150652] (aug_2024) StdoutLine: {'line': b'-- Using all available rosidl_typesupport_cpp: rosidl_typesupport_fastrtps_cpp;rosidl_typesupport_introspection_cpp\n'}
[92.168921] (-) TimerEvent: {}
[92.269795] (-) TimerEvent: {}
[92.370552] (-) TimerEvent: {}
[92.471282] (-) TimerEvent: {}
[92.551383] (aug_2024) StdoutLine: {'line': b'-- Found rmw_implementation_cmake: 6.1.2 (/opt/ros/humble/share/rmw_implementation_cmake/cmake)\n'}
[92.571451] (-) TimerEvent: {}
[92.584921] (aug_2024) StdoutLine: {'line': b'-- Found rmw_fastrtps_cpp: 6.2.7 (/opt/ros/humble/share/rmw_fastrtps_cpp/cmake)\n'}
[92.671624] (-) TimerEvent: {}
[92.772332] (-) TimerEvent: {}
[92.873094] (-) TimerEvent: {}
[92.973810] (-) TimerEvent: {}
[93.074532] (-) TimerEvent: {}
[93.175384] (-) TimerEvent: {}
[93.226027] (aug_2024) StdoutLine: {'line': b'-- Found OpenSSL: /usr/lib/aarch64-linux-gnu/libcrypto.so (found version "3.0.2")  \n'}
[93.275560] (-) TimerEvent: {}
[93.376257] (-) TimerEvent: {}
[93.476969] (-) TimerEvent: {}
[93.521106] (aug_2024) StdoutLine: {'line': b'-- Found FastRTPS: /opt/ros/humble/include  \n'}
[93.577139] (-) TimerEvent: {}
[93.678054] (-) TimerEvent: {}
[93.778759] (-) TimerEvent: {}
[93.879455] (-) TimerEvent: {}
[93.980184] (-) TimerEvent: {}
[93.997453] (aug_2024) StdoutLine: {'line': b"-- Using RMW implementation 'rmw_fastrtps_cpp' as default\n"}
[94.080349] (-) TimerEvent: {}
[94.105377] (aug_2024) StdoutLine: {'line': b'-- Looking for pthread.h\n'}
[94.180565] (-) TimerEvent: {}
[94.281307] (-) TimerEvent: {}
[94.382109] (-) TimerEvent: {}
[94.446990] (aug_2024) StdoutLine: {'line': b'-- Looking for pthread.h - found\n'}
[94.448918] (aug_2024) StdoutLine: {'line': b'-- Performing Test CMAKE_HAVE_LIBC_PTHREAD\n'}
[94.482262] (-) TimerEvent: {}
[94.582993] (-) TimerEvent: {}
[94.683814] (-) TimerEvent: {}
[94.789110] (-) TimerEvent: {}
[94.839863] (aug_2024) StdoutLine: {'line': b'-- Performing Test CMAKE_HAVE_LIBC_PTHREAD - Success\n'}
[94.844495] (aug_2024) StdoutLine: {'line': b'-- Found Threads: TRUE  \n'}
[94.889264] (-) TimerEvent: {}
[94.990054] (-) TimerEvent: {}
[95.090740] (-) TimerEvent: {}
[95.191098] (aug_2024) StdoutLine: {'line': b'-- Found sensor_msgs: 4.8.0 (/opt/ros/humble/share/sensor_msgs/cmake)\n'}
[95.191725] (-) TimerEvent: {}
[95.292347] (-) TimerEvent: {}
[95.375149] (aug_2024) StdoutLine: {'line': b'-- Found robot_state_publisher: 3.0.3 (/opt/ros/humble/share/robot_state_publisher/cmake)\n'}
[95.392516] (-) TimerEvent: {}
[95.493207] (-) TimerEvent: {}
[95.593867] (-) TimerEvent: {}
[95.631364] (aug_2024) StdoutLine: {'line': b'-- Found eigen3_cmake_module: 0.1.1 (/opt/ros/humble/share/eigen3_cmake_module/cmake)\n'}
[95.637183] (aug_2024) StdoutLine: {'line': b'-- Found Eigen3: TRUE (found version "3.4.0") \n'}
[95.637890] (aug_2024) StdoutLine: {'line': b'-- Ensuring Eigen3 include directory is part of orocos-kdl CMake target\n'}
[95.694054] (-) TimerEvent: {}
[95.794788] (-) TimerEvent: {}
[95.895528] (-) TimerEvent: {}
[95.996260] (-) TimerEvent: {}
[96.097046] (-) TimerEvent: {}
[96.197761] (-) TimerEvent: {}
[96.298612] (-) TimerEvent: {}
[96.399831] (-) TimerEvent: {}
[96.500598] (-) TimerEvent: {}
[96.601376] (-) TimerEvent: {}
[96.702112] (-) TimerEvent: {}
[96.802952] (-) TimerEvent: {}
[96.893507] (aug_2024) StdoutLine: {'line': b'-- Found xacro: 2.0.13 (/opt/ros/humble/share/xacro/cmake)\n'}
[96.903088] (-) TimerEvent: {}
[96.923927] (aug_2024) StdoutLine: {'line': b'-- Found controller_manager: 2.49.0 (/opt/ros/humble/share/controller_manager/cmake)\n'}
[97.003278] (-) TimerEvent: {}
[97.103977] (-) TimerEvent: {}
[97.204806] (-) TimerEvent: {}
[97.305565] (-) TimerEvent: {}
[97.406299] (-) TimerEvent: {}
[97.507014] (-) TimerEvent: {}
[97.605199] (aug_2024) StdoutLine: {'line': b'-- Found joint_state_broadcaster: 2.43.0 (/opt/ros/humble/share/joint_state_broadcaster/cmake)\n'}
[97.607150] (-) TimerEvent: {}
[97.707812] (-) TimerEvent: {}
[97.808555] (-) TimerEvent: {}
[97.874184] (aug_2024) StdoutLine: {'line': b'-- Found diff_drive_controller: 2.43.0 (/opt/ros/humble/share/diff_drive_controller/cmake)\n'}
[97.908743] (-) TimerEvent: {}
[98.009468] (-) TimerEvent: {}
[98.064075] (aug_2024) StdoutLine: {'line': b'-- Found ros2_control: 2.49.0 (/opt/ros/humble/share/ros2_control/cmake)\n'}
[98.093054] (aug_2024) StdoutLine: {'line': b'-- Found ros2_controllers: 2.43.0 (/opt/ros/humble/share/ros2_controllers/cmake)\n'}
[98.109605] (-) TimerEvent: {}
[98.123331] (aug_2024) StdoutLine: {'line': b'-- Found BMC_2024: 0.0.0 (/home/rospi/aug_2024/install/BMC_2024/share/BMC_2024/cmake)\n'}
[98.187138] (aug_2024) StderrLine: {'line': b'\x1b[33mCMake Warning at /home/rospi/aug_2024/install/sllidar_ros2/share/sllidar_ros2/cmake/ament_cmake_export_include_directories-extras.cmake:11 (message):\n'}
[98.187761] (aug_2024) StderrLine: {'line': b"  Package 'sllidar_ros2' exports the include directory\n"}
[98.188113] (aug_2024) StderrLine: {'line': b"  '/home/rospi/aug_2024/install/sllidar_ros2/share/sllidar_ros2/cmake/../../../include'\n"}
[98.188423] (aug_2024) StderrLine: {'line': b"  which doesn't exist\n"}
[98.188776] (aug_2024) StderrLine: {'line': b'Call Stack (most recent call first):\n'}
[98.189124] (aug_2024) StderrLine: {'line': b'  /home/rospi/aug_2024/install/sllidar_ros2/share/sllidar_ros2/cmake/sllidar_ros2Config.cmake:41 (include)\n'}
[98.189472] (aug_2024) StderrLine: {'line': b'  /home/rospi/aug_2024/install/BMC_2024/share/BMC_2024/cmake/ament_cmake_export_dependencies-extras.cmake:21 (find_package)\n'}
[98.189835] (aug_2024) StderrLine: {'line': b'  /home/rospi/aug_2024/install/BMC_2024/share/BMC_2024/cmake/BMC_2024Config.cmake:41 (include)\n'}
[98.190236] (aug_2024) StderrLine: {'line': b'  CMakeLists.txt:31 (find_package)\n'}
[98.190536] (aug_2024) StderrLine: {'line': b'\n'}
[98.190821] (aug_2024) StderrLine: {'line': b'\x1b[0m\n'}
[98.209803] (-) TimerEvent: {}
[98.310527] (-) TimerEvent: {}
[98.411187] (-) TimerEvent: {}
[98.511928] (-) TimerEvent: {}
[98.527447] (aug_2024) StdoutLine: {'line': b'-- Configuring done\n'}
[98.593143] (aug_2024) StdoutLine: {'line': b'-- Generating done\n'}
[98.609722] (aug_2024) StdoutLine: {'line': b'-- Build files have been written to: /home/rospi/aug_2024/build/aug_2024\n'}
[98.612121] (-) TimerEvent: {}
[98.686291] (aug_2024) CommandEnded: {'returncode': 0}
[98.688025] (aug_2024) JobProgress: {'identifier': 'aug_2024', 'progress': 'build'}
[98.688307] (aug_2024) Command: {'cmd': ['/usr/bin/cmake', '--build', '/home/rospi/aug_2024/build/aug_2024', '--', '-j4', '-l4'], 'cwd': '/home/rospi/aug_2024/build/aug_2024', 'env': OrderedDict([('LESSOPEN', '| /usr/bin/lesspipe %s'), ('USER', 'rospi'), ('SSH_CLIENT', '10.150.42.143 62568 22'), ('XDG_SESSION_TYPE', 'tty'), ('SHLVL', '1'), ('LD_LIBRARY_PATH', '/home/rospi/aug_2024/install/BMC_2024/lib:/opt/ros/humble/opt/rviz_ogre_vendor/lib:/opt/ros/humble/lib/aarch64-linux-gnu:/opt/ros/humble/lib'), ('MOTD_SHOWN', 'pam'), ('HOME', '/home/rospi'), ('OLDPWD', '/home/rospi'), ('SSH_TTY', '/dev/pts/0'), ('ROS_PYTHON_VERSION', '3'), ('DBUS_SESSION_BUS_ADDRESS', 'unix:path=/run/user/1000/bus'), ('COLCON_PREFIX_PATH', '/home/rospi/aug_2024/install'), ('ROS_DISTRO', 'humble'), ('LOGNAME', 'rospi'), ('_', '/usr/bin/colcon'), ('ROS_VERSION', '2'), ('XDG_SESSION_CLASS', 'user'), ('TERM', 'xterm-256color'), ('XDG_SESSION_ID', '1'), ('ROS_LOCALHOST_ONLY', '0'), ('PATH', '/opt/ros/humble/bin:/usr/local/sbin:/usr/local/bin:/usr/sbin:/usr/bin:/sbin:/bin:/usr/games:/usr/local/games:/snap/bin'), ('XDG_RUNTIME_DIR', '/run/user/1000'), ('LANG', 'en_US.UTF-8'), ('LS_COLORS', 'rs=0:di=01;34:ln=01;36:mh=00:pi=40;33:so=01;35:do=01;35:bd=40;33;01:cd=40;33;01:or=40;31;01:mi=00:su=37;41:sg=30;43:ca=30;41:tw=30;42:ow=34;42:st=37;44:ex=01;32:*.tar=01;31:*.tgz=01;31:*.arc=01;31:*.arj=01;31:*.taz=01;31:*.lha=01;31:*.lz4=01;31:*.lzh=01;31:*.lzma=01;31:*.tlz=01;31:*.txz=01;31:*.tzo=01;31:*.t7z=01;31:*.zip=01;31:*.z=01;31:*.dz=01;31:*.gz=01;31:*.lrz=01;31:*.lz=01;31:*.lzo=01;31:*.xz=01;31:*.zst=01;31:*.tzst=01;31:*.bz2=01;31:*.bz=01;31:*.tbz=01;31:*.tbz2=01;31:*.tz=01;31:*.deb=01;31:*.rpm=01;31:*.jar=01;31:*.war=01;31:*.ear=01;31:*.sar=01;31:*.rar=01;31:*.alz=01;31:*.ace=01;31:*.zoo=01;31:*.cpio=01;31:*.7z=01;31:*.rz=01;31:*.cab=01;31:*.wim=01;31:*.swm=01;31:*.dwm=01;31:*.esd=01;31:*.jpg=01;35:*.jpeg=01;35:*.mjpg=01;35:*.mjpeg=01;35:*.gif=01;35:*.bmp=01;35:*.pbm=01;35:*.pgm=01;35:*.ppm=01;35:*.tga=01;35:*.xbm=01;35:*.xpm=01;35:*.tif=01;35:*.tiff=01;35:*.png=01;35:*.svg=01;35:*.svgz=01;35:*.mng=01;35:*.pcx=01;35:*.mov=01;35:*.mpg=01;35:*.mpeg=01;35:*.m2v=01;35:*.mkv=01;35:*.webm=01;35:*.webp=01;35:*.ogm=01;35:*.mp4=01;35:*.m4v=01;35:*.mp4v=01;35:*.vob=01;35:*.qt=01;35:*.nuv=01;35:*.wmv=01;35:*.asf=01;35:*.rm=01;35:*.rmvb=01;35:*.flc=01;35:*.avi=01;35:*.fli=01;35:*.flv=01;35:*.gl=01;35:*.dl=01;35:*.xcf=01;35:*.xwd=01;35:*.yuv=01;35:*.cgm=01;35:*.emf=01;35:*.ogv=01;35:*.ogx=01;35:*.aac=00;36:*.au=00;36:*.flac=00;36:*.m4a=00;36:*.mid=00;36:*.midi=00;36:*.mka=00;36:*.mp3=00;36:*.mpc=00;36:*.ogg=00;36:*.ra=00;36:*.wav=00;36:*.oga=00;36:*.opus=00;36:*.spx=00;36:*.xspf=00;36:'), ('AMENT_PREFIX_PATH', '/home/rospi/aug_2024/install/aug_2024:/home/rospi/aug_2024/install/BMC_2024:/home/rospi/aug_2024/install/sllidar_ros2:/home/rospi/aug_2024/install/my_robot_nav2:/opt/ros/humble'), ('SHELL', '/bin/bash'), ('LESSCLOSE', '/usr/bin/lesspipe %s %s'), ('PWD', '/home/rospi/aug_2024/build/aug_2024'), ('LC_ALL', 'en_US.UTF-8'), ('SSH_CONNECTION', '10.150.42.143 62568 10.6.102.87 22'), ('XDG_DATA_DIRS', '/usr/local/share:/usr/share:/var/lib/snapd/desktop'), ('PYTHONPATH', '/opt/ros/humble/lib/python3.10/site-packages:/opt/ros/humble/local/lib/python3.10/dist-packages'), ('COLCON', '1'), ('CMAKE_PREFIX_PATH', '/home/rospi/aug_2024/install/BMC_2024:/home/rospi/aug_2024/install/sllidar_ros2:/home/rospi/aug_2024/install/aug_2024:/home/rospi/aug_2024/install/my_robot_nav2:/opt/ros/humble')]), 'shell': False}
[98.712406] (-) TimerEvent: {}
[98.813283] (-) TimerEvent: {}
[98.882706] (aug_2024) CommandEnded: {'returncode': 0}
[98.884945] (aug_2024) JobProgress: {'identifier': 'aug_2024', 'progress': 'install'}
[98.885985] (aug_2024) Command: {'cmd': ['/usr/bin/cmake', '--install', '/home/rospi/aug_2024/build/aug_2024'], 'cwd': '/home/rospi/aug_2024/build/aug_2024', 'env': OrderedDict([('LESSOPEN', '| /usr/bin/lesspipe %s'), ('USER', 'rospi'), ('SSH_CLIENT', '10.150.42.143 62568 22'), ('XDG_SESSION_TYPE', 'tty'), ('SHLVL', '1'), ('LD_LIBRARY_PATH', '/home/rospi/aug_2024/install/BMC_2024/lib:/opt/ros/humble/opt/rviz_ogre_vendor/lib:/opt/ros/humble/lib/aarch64-linux-gnu:/opt/ros/humble/lib'), ('MOTD_SHOWN', 'pam'), ('HOME', '/home/rospi'), ('OLDPWD', '/home/rospi'), ('SSH_TTY', '/dev/pts/0'), ('ROS_PYTHON_VERSION', '3'), ('DBUS_SESSION_BUS_ADDRESS', 'unix:path=/run/user/1000/bus'), ('COLCON_PREFIX_PATH', '/home/rospi/aug_2024/install'), ('ROS_DISTRO', 'humble'), ('LOGNAME', 'rospi'), ('_', '/usr/bin/colcon'), ('ROS_VERSION', '2'), ('XDG_SESSION_CLASS', 'user'), ('TERM', 'xterm-256color'), ('XDG_SESSION_ID', '1'), ('ROS_LOCALHOST_ONLY', '0'), ('PATH', '/opt/ros/humble/bin:/usr/local/sbin:/usr/local/bin:/usr/sbin:/usr/bin:/sbin:/bin:/usr/games:/usr/local/games:/snap/bin'), ('XDG_RUNTIME_DIR', '/run/user/1000'), ('LANG', 'en_US.UTF-8'), ('LS_COLORS', 'rs=0:di=01;34:ln=01;36:mh=00:pi=40;33:so=01;35:do=01;35:bd=40;33;01:cd=40;33;01:or=40;31;01:mi=00:su=37;41:sg=30;43:ca=30;41:tw=30;42:ow=34;42:st=37;44:ex=01;32:*.tar=01;31:*.tgz=01;31:*.arc=01;31:*.arj=01;31:*.taz=01;31:*.lha=01;31:*.lz4=01;31:*.lzh=01;31:*.lzma=01;31:*.tlz=01;31:*.txz=01;31:*.tzo=01;31:*.t7z=01;31:*.zip=01;31:*.z=01;31:*.dz=01;31:*.gz=01;31:*.lrz=01;31:*.lz=01;31:*.lzo=01;31:*.xz=01;31:*.zst=01;31:*.tzst=01;31:*.bz2=01;31:*.bz=01;31:*.tbz=01;31:*.tbz2=01;31:*.tz=01;31:*.deb=01;31:*.rpm=01;31:*.jar=01;31:*.war=01;31:*.ear=01;31:*.sar=01;31:*.rar=01;31:*.alz=01;31:*.ace=01;31:*.zoo=01;31:*.cpio=01;31:*.7z=01;31:*.rz=01;31:*.cab=01;31:*.wim=01;31:*.swm=01;31:*.dwm=01;31:*.esd=01;31:*.jpg=01;35:*.jpeg=01;35:*.mjpg=01;35:*.mjpeg=01;35:*.gif=01;35:*.bmp=01;35:*.pbm=01;35:*.pgm=01;35:*.ppm=01;35:*.tga=01;35:*.xbm=01;35:*.xpm=01;35:*.tif=01;35:*.tiff=01;35:*.png=01;35:*.svg=01;35:*.svgz=01;35:*.mng=01;35:*.pcx=01;35:*.mov=01;35:*.mpg=01;35:*.mpeg=01;35:*.m2v=01;35:*.mkv=01;35:*.webm=01;35:*.webp=01;35:*.ogm=01;35:*.mp4=01;35:*.m4v=01;35:*.mp4v=01;35:*.vob=01;35:*.qt=01;35:*.nuv=01;35:*.wmv=01;35:*.asf=01;35:*.rm=01;35:*.rmvb=01;35:*.flc=01;35:*.avi=01;35:*.fli=01;35:*.flv=01;35:*.gl=01;35:*.dl=01;35:*.xcf=01;35:*.xwd=01;35:*.yuv=01;35:*.cgm=01;35:*.emf=01;35:*.ogv=01;35:*.ogx=01;35:*.aac=00;36:*.au=00;36:*.flac=00;36:*.m4a=00;36:*.mid=00;36:*.midi=00;36:*.mka=00;36:*.mp3=00;36:*.mpc=00;36:*.ogg=00;36:*.ra=00;36:*.wav=00;36:*.oga=00;36:*.opus=00;36:*.spx=00;36:*.xspf=00;36:'), ('AMENT_PREFIX_PATH', '/home/rospi/aug_2024/install/aug_2024:/home/rospi/aug_2024/install/BMC_2024:/home/rospi/aug_2024/install/sllidar_ros2:/home/rospi/aug_2024/install/my_robot_nav2:/opt/ros/humble'), ('SHELL', '/bin/bash'), ('LESSCLOSE', '/usr/bin/lesspipe %s %s'), ('PWD', '/home/rospi/aug_2024/build/aug_2024'), ('LC_ALL', 'en_US.UTF-8'), ('SSH_CONNECTION', '10.150.42.143 62568 10.6.102.87 22'), ('XDG_DATA_DIRS', '/usr/local/share:/usr/share:/var/lib/snapd/desktop'), ('PYTHONPATH', '/opt/ros/humble/lib/python3.10/site-packages:/opt/ros/humble/local/lib/python3.10/dist-packages'), ('COLCON', '1'), ('CMAKE_PREFIX_PATH', '/home/rospi/aug_2024/install/BMC_2024:/home/rospi/aug_2024/install/sllidar_ros2:/home/rospi/aug_2024/install/aug_2024:/home/rospi/aug_2024/install/my_robot_nav2:/opt/ros/humble')]), 'shell': False}
[98.913491] (-) TimerEvent: {}
[98.919326] (aug_2024) StdoutLine: {'line': b'-- Install configuration: ""\n'}
[98.919996] (aug_2024) StdoutLine: {'line': b'-- Installing: /home/rospi/aug_2024/install/aug_2024/share/aug_2024//config\n'}
[98.920594] (aug_2024) StdoutLine: {'line': b'-- Installing: /home/rospi/aug_2024/install/aug_2024/share/aug_2024//config/ekf.yaml\n'}
[98.922366] (aug_2024) StdoutLine: {'line': b'-- Installing: /home/rospi/aug_2024/install/aug_2024/share/aug_2024//config/backup\n'}
[98.922981] (aug_2024) StdoutLine: {'line': b'-- Installing: /home/rospi/aug_2024/install/aug_2024/share/aug_2024//config/backup/map1.pgm\n'}
[98.927412] (aug_2024) StdoutLine: {'line': b'-- Installing: /home/rospi/aug_2024/install/aug_2024/share/aug_2024//config/backup/map1.yaml\n'}
[98.928527] (aug_2024) StdoutLine: {'line': b'-- Installing: /home/rospi/aug_2024/install/aug_2024/share/aug_2024//config/twist_mux.yaml\n'}
[98.929765] (aug_2024) StdoutLine: {'line': b'-- Installing: /home/rospi/aug_2024/install/aug_2024/share/aug_2024//config/nav2_params.yaml\n'}
[98.931118] (aug_2024) StdoutLine: {'line': b'-- Installing: /home/rospi/aug_2024/install/aug_2024/share/aug_2024//config/test_controllers.yaml\n'}
[98.932359] (aug_2024) StdoutLine: {'line': b'-- Installing: /home/rospi/aug_2024/install/aug_2024/share/aug_2024//config/map1.pgm\n'}
[98.936757] (aug_2024) StdoutLine: {'line': b'-- Installing: /home/rospi/aug_2024/install/aug_2024/share/aug_2024//config/validate_yaml.py\n'}
[98.937759] (aug_2024) StdoutLine: {'line': b'-- Installing: /home/rospi/aug_2024/install/aug_2024/share/aug_2024//config/direct_controllers.yaml\n'}
[98.938932] (aug_2024) StdoutLine: {'line': b'-- Installing: /home/rospi/aug_2024/install/aug_2024/share/aug_2024//config/map1.yaml\n'}
[98.940034] (aug_2024) StdoutLine: {'line': b'-- Installing: /home/rospi/aug_2024/install/aug_2024/share/aug_2024//config/gazebo_ros2_control_params.yaml\n'}
[98.941250] (aug_2024) StdoutLine: {'line': b'-- Installing: /home/rospi/aug_2024/install/aug_2024/share/aug_2024//config/amcl_config.yaml\n'}
[98.942434] (aug_2024) StdoutLine: {'line': b'-- Installing: /home/rospi/aug_2024/install/aug_2024/share/aug_2024//config/flippo_controllers.yaml\n'}
[98.943393] (aug_2024) StdoutLine: {'line': b'-- Installing: /home/rospi/aug_2024/install/aug_2024/share/aug_2024//description\n'}
[98.943971] (aug_2024) StdoutLine: {'line': b'-- Installing: /home/rospi/aug_2024/install/aug_2024/share/aug_2024//description/meshes\n'}
[98.944653] (aug_2024) StdoutLine: {'line': b'-- Installing: /home/rospi/aug_2024/install/aug_2024/share/aug_2024//description/meshes/rear_right_wheel_link.STL\n'}
[98.948144] (aug_2024) StdoutLine: {'line': b'-- Installing: /home/rospi/aug_2024/install/aug_2024/share/aug_2024//description/meshes/front_right_wheel_link.STL\n'}
[98.951307] (aug_2024) StdoutLine: {'line': b'-- Installing: /home/rospi/aug_2024/install/aug_2024/share/aug_2024//description/meshes/chassis_link.STL\n'}
[98.959966] (aug_2024) StdoutLine: {'line': b'-- Installing: /home/rospi/aug_2024/install/aug_2024/share/aug_2024//description/meshes/rear_left_wheel_link.STL\n'}
[98.963191] (aug_2024) StdoutLine: {'line': b'-- Installing: /home/rospi/aug_2024/install/aug_2024/share/aug_2024//description/meshes/front_left_wheel_link.STL\n'}
[98.966376] (aug_2024) StdoutLine: {'line': b'-- Installing: /home/rospi/aug_2024/install/aug_2024/share/aug_2024//description/rviz\n'}
[98.967074] (aug_2024) StdoutLine: {'line': b'-- Installing: /home/rospi/aug_2024/install/aug_2024/share/aug_2024//description/rviz/urdf_config.rviz\n'}
[98.968209] (aug_2024) StdoutLine: {'line': b'-- Installing: /home/rospi/aug_2024/install/aug_2024/share/aug_2024//description/config\n'}
[98.968900] (aug_2024) StdoutLine: {'line': b'-- Installing: /home/rospi/aug_2024/install/aug_2024/share/aug_2024//description/config/ekf.yaml\n'}
[98.970154] (aug_2024) StdoutLine: {'line': b'-- Installing: /home/rospi/aug_2024/install/aug_2024/share/aug_2024//description/config/aug_2024_joint_names.yaml\n'}
[98.971310] (aug_2024) StdoutLine: {'line': b'-- Installing: /home/rospi/aug_2024/install/aug_2024/share/aug_2024//description/urdf\n'}
[98.972007] (aug_2024) StdoutLine: {'line': b'-- Installing: /home/rospi/aug_2024/install/aug_2024/share/aug_2024//description/urdf/aug_2024.urdf\n'}
[98.973486] (aug_2024) StdoutLine: {'line': b'-- Installing: /home/rospi/aug_2024/install/aug_2024/share/aug_2024//description/urdf/aug_2024-cast.urdf\n'}
[98.974855] (aug_2024) StdoutLine: {'line': b'-- Installing: /home/rospi/aug_2024/install/aug_2024/share/aug_2024//description/urdf/aug_2024_old.xacro\n'}
[98.976204] (aug_2024) StdoutLine: {'line': b'-- Installing: /home/rospi/aug_2024/install/aug_2024/share/aug_2024//description/urdf/aug_2024 _no_caster.xacro\n'}
[98.978132] (aug_2024) StdoutLine: {'line': b'-- Installing: /home/rospi/aug_2024/install/aug_2024/share/aug_2024//description/urdf/aug_2024-1.xacro\n'}
[98.979422] (aug_2024) StdoutLine: {'line': b'-- Installing: /home/rospi/aug_2024/install/aug_2024/share/aug_2024//description/urdf/aug_2024-nocaster.urdf\n'}
[98.980721] (aug_2024) StdoutLine: {'line': b'-- Installing: /home/rospi/aug_2024/install/aug_2024/share/aug_2024//launch\n'}
[98.981542] (aug_2024) StdoutLine: {'line': b'-- Installing: /home/rospi/aug_2024/install/aug_2024/share/aug_2024//launch/sllidar_a2m12_launch .py\n'}
[98.982715] (aug_2024) StdoutLine: {'line': b'-- Installing: /home/rospi/aug_2024/install/aug_2024/share/aug_2024//launch/simple_test.py\n'}
[98.983671] (aug_2024) StdoutLine: {'line': b'-- Installing: /home/rospi/aug_2024/install/aug_2024/share/aug_2024//launch/min_launch.py\n'}
[98.984802] (aug_2024) StdoutLine: {'line': b'-- Installing: /home/rospi/aug_2024/install/aug_2024/share/aug_2024//launch/test_launch.py\n'}
[98.985908] (aug_2024) StdoutLine: {'line': b'-- Installing: /home/rospi/aug_2024/install/aug_2024/share/aug_2024//launch/aug_2024_launch.py\n'}
[98.987010] (aug_2024) StdoutLine: {'line': b'-- Installing: /home/rospi/aug_2024/install/aug_2024/share/aug_2024//launch/aug_2024_rospi_launch.py\n'}
[98.988069] (aug_2024) StdoutLine: {'line': b'-- Installing: /home/rospi/aug_2024/install/aug_2024/share/aug_2024//launch/ros2_control_debug.launch.py\n'}
[98.989255] (aug_2024) StdoutLine: {'line': b'-- Installing: /home/rospi/aug_2024/install/aug_2024/share/aug_2024//launch/controller_test.py\n'}
[98.990404] (aug_2024) StdoutLine: {'line': b'-- Installing: /home/rospi/aug_2024/install/aug_2024/share/aug_2024//launch/direct_test.py\n'}
[98.991544] (aug_2024) StdoutLine: {'line': b'-- Installing: /home/rospi/aug_2024/install/aug_2024/share/aug_2024//launch/aug_2024_sim_launch.py\n'}
[98.992815] (aug_2024) StdoutLine: {'line': b'-- Installing: /home/rospi/aug_2024/install/aug_2024/share/aug_2024//launch/aug_2024_sim_launch1.py\n'}
[98.994052] (aug_2024) StdoutLine: {'line': b'-- Installing: /home/rospi/aug_2024/install/aug_2024/share/aug_2024//launch/simple.py\n'}
[98.994939] (aug_2024) StdoutLine: {'line': b'-- Installing: /home/rospi/aug_2024/install/aug_2024/share/aug_2024//worlds\n'}
[98.995569] (aug_2024) StdoutLine: {'line': b'-- Installing: /home/rospi/aug_2024/install/aug_2024/share/aug_2024//worlds/usda_rough_dim.sdf\n'}
[98.998051] (aug_2024) StdoutLine: {'line': b'-- Installing: /home/rospi/aug_2024/install/aug_2024/share/aug_2024//worlds/usda_build_full\n'}
[98.998689] (aug_2024) StdoutLine: {'line': b'-- Installing: /home/rospi/aug_2024/install/aug_2024/share/aug_2024//worlds/usda_build_full/model.sdf\n'}
[99.001047] (aug_2024) StdoutLine: {'line': b'-- Installing: /home/rospi/aug_2024/install/aug_2024/share/aug_2024//worlds/usda_build_full/model.config\n'}
[99.002300] (aug_2024) StdoutLine: {'line': b'-- Installing: /home/rospi/aug_2024/install/aug_2024/share/aug_2024//worlds/gaz_goof_001\n'}
[99.004568] (aug_2024) StdoutLine: {'line': b'-- Installing: /home/rospi/aug_2024/install/aug_2024/share/ament_index/resource_index/package_run_dependencies/aug_2024\n'}
[99.006450] (aug_2024) StdoutLine: {'line': b'-- Installing: /home/rospi/aug_2024/install/aug_2024/share/ament_index/resource_index/parent_prefix_path/aug_2024\n'}
[99.008011] (aug_2024) StdoutLine: {'line': b'-- Installing: /home/rospi/aug_2024/install/aug_2024/share/aug_2024/environment/ament_prefix_path.sh\n'}
[99.009307] (aug_2024) StdoutLine: {'line': b'-- Installing: /home/rospi/aug_2024/install/aug_2024/share/aug_2024/environment/ament_prefix_path.dsv\n'}
[99.010581] (aug_2024) StdoutLine: {'line': b'-- Installing: /home/rospi/aug_2024/install/aug_2024/share/aug_2024/environment/path.sh\n'}
[99.011778] (aug_2024) StdoutLine: {'line': b'-- Installing: /home/rospi/aug_2024/install/aug_2024/share/aug_2024/environment/path.dsv\n'}
[99.012999] (aug_2024) StdoutLine: {'line': b'-- Installing: /home/rospi/aug_2024/install/aug_2024/share/aug_2024/local_setup.bash\n'}
[99.013580] (-) TimerEvent: {}
[99.014226] (aug_2024) StdoutLine: {'line': b'-- Installing: /home/rospi/aug_2024/install/aug_2024/share/aug_2024/local_setup.sh\n'}
[99.015527] (aug_2024) StdoutLine: {'line': b'-- Installing: /home/rospi/aug_2024/install/aug_2024/share/aug_2024/local_setup.zsh\n'}
[99.016742] (aug_2024) StdoutLine: {'line': b'-- Installing: /home/rospi/aug_2024/install/aug_2024/share/aug_2024/local_setup.dsv\n'}
[99.018095] (aug_2024) StdoutLine: {'line': b'-- Installing: /home/rospi/aug_2024/install/aug_2024/share/aug_2024/package.dsv\n'}
[99.019587] (aug_2024) StdoutLine: {'line': b'-- Installing: /home/rospi/aug_2024/install/aug_2024/share/ament_index/resource_index/packages/aug_2024\n'}
[99.021123] (aug_2024) StdoutLine: {'line': b'-- Installing: /home/rospi/aug_2024/install/aug_2024/share/aug_2024/cmake/aug_2024Config.cmake\n'}
[99.022159] (aug_2024) StdoutLine: {'line': b'-- Installing: /home/rospi/aug_2024/install/aug_2024/share/aug_2024/cmake/aug_2024Config-version.cmake\n'}
[99.023349] (aug_2024) StdoutLine: {'line': b'-- Installing: /home/rospi/aug_2024/install/aug_2024/share/aug_2024/package.xml\n'}
[99.029770] (aug_2024) CommandEnded: {'returncode': 0}
[99.089806] (aug_2024) JobEnded: {'identifier': 'aug_2024', 'rc': 0}
[99.093016] (-) EventReactorShutdown: {}
