[0.123s] DEBUG:colcon:Command line arguments: ['/usr/bin/colcon', 'build']
[0.123s] DEBUG:colcon:Parsed command line arguments: Namespace(log_base=None, log_level=None, verb_name='build', build_base='build', install_base='install', merge_install=False, symlink_install=False, test_result_base=None, continue_on_error=False, executor='parallel', parallel_workers=12, event_handlers=None, ignore_user_meta=False, metas=['./colcon.meta'], base_paths=['.'], packages_ignore=None, packages_ignore_regex=None, paths=None, packages_up_to=None, packages_up_to_regex=None, packages_above=None, packages_above_and_dependencies=None, packages_above_depth=None, packages_select_by_dep=None, packages_skip_by_dep=None, packages_skip_up_to=None, packages_select_build_failed=False, packages_skip_build_finished=False, packages_select_test_failures=False, packages_skip_test_passed=False, packages_select=None, packages_skip=None, packages_select_regex=None, packages_skip_regex=None, packages_start=None, packages_end=None, allow_overriding=[], cmake_args=None, cmake_target=None, cmake_target_skip_unavailable=False, cmake_clean_cache=False, cmake_clean_first=False, cmake_force_configure=False, ament_cmake_args=None, catkin_cmake_args=None, catkin_skip_building_tests=False, mixin_files=None, mixin=None, verb_parser=<colcon_mixin.mixin.mixin_argument.MixinArgumentDecorator object at 0x72fdfeb6ffa0>, verb_extension=<colcon_core.verb.build.BuildVerb object at 0x72fdfeb6f970>, main=<bound method BuildVerb.main of <colcon_core.verb.build.BuildVerb object at 0x72fdfeb6f970>>, mixin_verb=('build',))
[0.312s] Level 1:colcon.colcon_core.package_discovery:discover_packages(colcon_meta) check parameters
[0.312s] Level 1:colcon.colcon_core.package_discovery:discover_packages(recursive) check parameters
[0.312s] Level 1:colcon.colcon_core.package_discovery:discover_packages(ignore) check parameters
[0.312s] Level 1:colcon.colcon_core.package_discovery:discover_packages(path) check parameters
[0.312s] Level 1:colcon.colcon_core.package_discovery:discover_packages(colcon_meta) discover
[0.312s] Level 1:colcon.colcon_core.package_discovery:discover_packages(recursive) discover
[0.312s] INFO:colcon.colcon_core.package_discovery:Crawling recursively for packages in '/home/dkflippo/aug2024'
[0.312s] Level 1:colcon.colcon_core.package_identification:_identify(.) by extensions ['ignore', 'ignore_ament_install']
[0.312s] Level 1:colcon.colcon_core.package_identification:_identify(.) by extension 'ignore'
[0.312s] Level 1:colcon.colcon_core.package_identification:_identify(.) by extension 'ignore_ament_install'
[0.312s] Level 1:colcon.colcon_core.package_identification:_identify(.) by extensions ['colcon_pkg']
[0.312s] Level 1:colcon.colcon_core.package_identification:_identify(.) by extension 'colcon_pkg'
[0.312s] Level 1:colcon.colcon_core.package_identification:_identify(.) by extensions ['colcon_meta']
[0.312s] Level 1:colcon.colcon_core.package_identification:_identify(.) by extension 'colcon_meta'
[0.312s] Level 1:colcon.colcon_core.package_identification:_identify(.) by extensions ['ros']
[0.312s] Level 1:colcon.colcon_core.package_identification:_identify(.) by extension 'ros'
[0.322s] Level 1:colcon.colcon_core.package_identification:_identify(.) by extensions ['cmake', 'python']
[0.322s] Level 1:colcon.colcon_core.package_identification:_identify(.) by extension 'cmake'
[0.322s] Level 1:colcon.colcon_core.package_identification:_identify(.) by extension 'python'
[0.322s] Level 1:colcon.colcon_core.package_identification:_identify(.) by extensions ['python_setup_py']
[0.322s] Level 1:colcon.colcon_core.package_identification:_identify(.) by extension 'python_setup_py'
[0.322s] Level 1:colcon.colcon_core.package_identification:_identify(build) by extensions ['ignore', 'ignore_ament_install']
[0.322s] Level 1:colcon.colcon_core.package_identification:_identify(build) by extension 'ignore'
[0.322s] Level 1:colcon.colcon_core.package_identification:_identify(build) ignored
[0.322s] Level 1:colcon.colcon_core.package_identification:_identify(install) by extensions ['ignore', 'ignore_ament_install']
[0.322s] Level 1:colcon.colcon_core.package_identification:_identify(install) by extension 'ignore'
[0.322s] Level 1:colcon.colcon_core.package_identification:_identify(install) ignored
[0.323s] Level 1:colcon.colcon_core.package_identification:_identify(log) by extensions ['ignore', 'ignore_ament_install']
[0.323s] Level 1:colcon.colcon_core.package_identification:_identify(log) by extension 'ignore'
[0.323s] Level 1:colcon.colcon_core.package_identification:_identify(log) ignored
[0.323s] Level 1:colcon.colcon_core.package_identification:_identify(pigpio-master) by extensions ['ignore', 'ignore_ament_install']
[0.323s] Level 1:colcon.colcon_core.package_identification:_identify(pigpio-master) by extension 'ignore'
[0.323s] Level 1:colcon.colcon_core.package_identification:_identify(pigpio-master) by extension 'ignore_ament_install'
[0.323s] Level 1:colcon.colcon_core.package_identification:_identify(pigpio-master) by extensions ['colcon_pkg']
[0.323s] Level 1:colcon.colcon_core.package_identification:_identify(pigpio-master) by extension 'colcon_pkg'
[0.323s] Level 1:colcon.colcon_core.package_identification:_identify(pigpio-master) by extensions ['colcon_meta']
[0.323s] Level 1:colcon.colcon_core.package_identification:_identify(pigpio-master) by extension 'colcon_meta'
[0.323s] Level 1:colcon.colcon_core.package_identification:_identify(pigpio-master) by extensions ['ros']
[0.323s] Level 1:colcon.colcon_core.package_identification:_identify(pigpio-master) by extension 'ros'
[0.323s] Level 1:colcon.colcon_core.package_identification:_identify(pigpio-master) by extensions ['cmake', 'python']
[0.323s] Level 1:colcon.colcon_core.package_identification:_identify(pigpio-master) by extension 'cmake'
[0.326s] Level 1:colcon.colcon_core.package_identification:_identify(pigpio-master) by extension 'python'
[0.326s] DEBUG:colcon.colcon_core.package_identification:Package 'pigpio-master' with type 'cmake' and name 'pigpio'
[0.326s] Level 1:colcon.colcon_core.package_identification:_identify(src) by extensions ['ignore', 'ignore_ament_install']
[0.326s] Level 1:colcon.colcon_core.package_identification:_identify(src) by extension 'ignore'
[0.326s] Level 1:colcon.colcon_core.package_identification:_identify(src) by extension 'ignore_ament_install'
[0.326s] Level 1:colcon.colcon_core.package_identification:_identify(src) by extensions ['colcon_pkg']
[0.326s] Level 1:colcon.colcon_core.package_identification:_identify(src) by extension 'colcon_pkg'
[0.326s] Level 1:colcon.colcon_core.package_identification:_identify(src) by extensions ['colcon_meta']
[0.326s] Level 1:colcon.colcon_core.package_identification:_identify(src) by extension 'colcon_meta'
[0.327s] Level 1:colcon.colcon_core.package_identification:_identify(src) by extensions ['ros']
[0.327s] Level 1:colcon.colcon_core.package_identification:_identify(src) by extension 'ros'
[0.327s] Level 1:colcon.colcon_core.package_identification:_identify(src) by extensions ['cmake', 'python']
[0.327s] Level 1:colcon.colcon_core.package_identification:_identify(src) by extension 'cmake'
[0.327s] Level 1:colcon.colcon_core.package_identification:_identify(src) by extension 'python'
[0.327s] Level 1:colcon.colcon_core.package_identification:_identify(src) by extensions ['python_setup_py']
[0.327s] Level 1:colcon.colcon_core.package_identification:_identify(src) by extension 'python_setup_py'
[0.327s] Level 1:colcon.colcon_core.package_identification:_identify(src/BMC_2024) by extensions ['ignore', 'ignore_ament_install']
[0.327s] Level 1:colcon.colcon_core.package_identification:_identify(src/BMC_2024) by extension 'ignore'
[0.327s] Level 1:colcon.colcon_core.package_identification:_identify(src/BMC_2024) by extension 'ignore_ament_install'
[0.327s] Level 1:colcon.colcon_core.package_identification:_identify(src/BMC_2024) by extensions ['colcon_pkg']
[0.327s] Level 1:colcon.colcon_core.package_identification:_identify(src/BMC_2024) by extension 'colcon_pkg'
[0.327s] Level 1:colcon.colcon_core.package_identification:_identify(src/BMC_2024) by extensions ['colcon_meta']
[0.327s] Level 1:colcon.colcon_core.package_identification:_identify(src/BMC_2024) by extension 'colcon_meta'
[0.327s] Level 1:colcon.colcon_core.package_identification:_identify(src/BMC_2024) by extensions ['ros']
[0.327s] Level 1:colcon.colcon_core.package_identification:_identify(src/BMC_2024) by extension 'ros'
[0.330s] DEBUG:colcon.colcon_core.package_identification:Package 'src/BMC_2024' with type 'ros.ament_cmake' and name 'BMC_2024'
[0.330s] Level 1:colcon.colcon_core.package_identification:_identify(src/aug_2024) by extensions ['ignore', 'ignore_ament_install']
[0.330s] Level 1:colcon.colcon_core.package_identification:_identify(src/aug_2024) by extension 'ignore'
[0.330s] Level 1:colcon.colcon_core.package_identification:_identify(src/aug_2024) by extension 'ignore_ament_install'
[0.330s] Level 1:colcon.colcon_core.package_identification:_identify(src/aug_2024) by extensions ['colcon_pkg']
[0.330s] Level 1:colcon.colcon_core.package_identification:_identify(src/aug_2024) by extension 'colcon_pkg'
[0.331s] Level 1:colcon.colcon_core.package_identification:_identify(src/aug_2024) by extensions ['colcon_meta']
[0.331s] Level 1:colcon.colcon_core.package_identification:_identify(src/aug_2024) by extension 'colcon_meta'
[0.331s] Level 1:colcon.colcon_core.package_identification:_identify(src/aug_2024) by extensions ['ros']
[0.331s] Level 1:colcon.colcon_core.package_identification:_identify(src/aug_2024) by extension 'ros'
[0.332s] DEBUG:colcon.colcon_core.package_identification:Package 'src/aug_2024' with type 'ros.ament_cmake' and name 'aug_2024'
[0.333s] Level 1:colcon.colcon_core.package_identification:_identify(src/bmc_2024) by extensions ['ignore', 'ignore_ament_install']
[0.333s] Level 1:colcon.colcon_core.package_identification:_identify(src/bmc_2024) by extension 'ignore'
[0.333s] Level 1:colcon.colcon_core.package_identification:_identify(src/bmc_2024) by extension 'ignore_ament_install'
[0.333s] Level 1:colcon.colcon_core.package_identification:_identify(src/bmc_2024) by extensions ['colcon_pkg']
[0.333s] Level 1:colcon.colcon_core.package_identification:_identify(src/bmc_2024) by extension 'colcon_pkg'
[0.333s] Level 1:colcon.colcon_core.package_identification:_identify(src/bmc_2024) by extensions ['colcon_meta']
[0.333s] Level 1:colcon.colcon_core.package_identification:_identify(src/bmc_2024) by extension 'colcon_meta'
[0.333s] Level 1:colcon.colcon_core.package_identification:_identify(src/bmc_2024) by extensions ['ros']
[0.333s] Level 1:colcon.colcon_core.package_identification:_identify(src/bmc_2024) by extension 'ros'
[0.333s] Level 1:colcon.colcon_core.package_identification:_identify(src/bmc_2024) by extensions ['cmake', 'python']
[0.333s] Level 1:colcon.colcon_core.package_identification:_identify(src/bmc_2024) by extension 'cmake'
[0.333s] Level 1:colcon.colcon_core.package_identification:_identify(src/bmc_2024) by extension 'python'
[0.333s] Level 1:colcon.colcon_core.package_identification:_identify(src/bmc_2024) by extensions ['python_setup_py']
[0.333s] Level 1:colcon.colcon_core.package_identification:_identify(src/bmc_2024) by extension 'python_setup_py'
[0.333s] Level 1:colcon.colcon_core.package_identification:_identify(src/bmc_2024/hardware) by extensions ['ignore', 'ignore_ament_install']
[0.333s] Level 1:colcon.colcon_core.package_identification:_identify(src/bmc_2024/hardware) by extension 'ignore'
[0.333s] Level 1:colcon.colcon_core.package_identification:_identify(src/bmc_2024/hardware) by extension 'ignore_ament_install'
[0.333s] Level 1:colcon.colcon_core.package_identification:_identify(src/bmc_2024/hardware) by extensions ['colcon_pkg']
[0.333s] Level 1:colcon.colcon_core.package_identification:_identify(src/bmc_2024/hardware) by extension 'colcon_pkg'
[0.334s] Level 1:colcon.colcon_core.package_identification:_identify(src/bmc_2024/hardware) by extensions ['colcon_meta']
[0.334s] Level 1:colcon.colcon_core.package_identification:_identify(src/bmc_2024/hardware) by extension 'colcon_meta'
[0.334s] Level 1:colcon.colcon_core.package_identification:_identify(src/bmc_2024/hardware) by extensions ['ros']
[0.334s] Level 1:colcon.colcon_core.package_identification:_identify(src/bmc_2024/hardware) by extension 'ros'
[0.334s] Level 1:colcon.colcon_core.package_identification:_identify(src/bmc_2024/hardware) by extensions ['cmake', 'python']
[0.334s] Level 1:colcon.colcon_core.package_identification:_identify(src/bmc_2024/hardware) by extension 'cmake'
[0.334s] Level 1:colcon.colcon_core.package_identification:_identify(src/bmc_2024/hardware) by extension 'python'
[0.334s] Level 1:colcon.colcon_core.package_identification:_identify(src/bmc_2024/hardware) by extensions ['python_setup_py']
[0.334s] Level 1:colcon.colcon_core.package_identification:_identify(src/bmc_2024/hardware) by extension 'python_setup_py'
[0.334s] Level 1:colcon.colcon_core.package_identification:_identify(src/bmc_2024/hardware/include) by extensions ['ignore', 'ignore_ament_install']
[0.334s] Level 1:colcon.colcon_core.package_identification:_identify(src/bmc_2024/hardware/include) by extension 'ignore'
[0.334s] Level 1:colcon.colcon_core.package_identification:_identify(src/bmc_2024/hardware/include) by extension 'ignore_ament_install'
[0.334s] Level 1:colcon.colcon_core.package_identification:_identify(src/bmc_2024/hardware/include) by extensions ['colcon_pkg']
[0.334s] Level 1:colcon.colcon_core.package_identification:_identify(src/bmc_2024/hardware/include) by extension 'colcon_pkg'
[0.334s] Level 1:colcon.colcon_core.package_identification:_identify(src/bmc_2024/hardware/include) by extensions ['colcon_meta']
[0.334s] Level 1:colcon.colcon_core.package_identification:_identify(src/bmc_2024/hardware/include) by extension 'colcon_meta'
[0.334s] Level 1:colcon.colcon_core.package_identification:_identify(src/bmc_2024/hardware/include) by extensions ['ros']
[0.334s] Level 1:colcon.colcon_core.package_identification:_identify(src/bmc_2024/hardware/include) by extension 'ros'
[0.334s] Level 1:colcon.colcon_core.package_identification:_identify(src/bmc_2024/hardware/include) by extensions ['cmake', 'python']
[0.334s] Level 1:colcon.colcon_core.package_identification:_identify(src/bmc_2024/hardware/include) by extension 'cmake'
[0.334s] Level 1:colcon.colcon_core.package_identification:_identify(src/bmc_2024/hardware/include) by extension 'python'
[0.334s] Level 1:colcon.colcon_core.package_identification:_identify(src/bmc_2024/hardware/include) by extensions ['python_setup_py']
[0.334s] Level 1:colcon.colcon_core.package_identification:_identify(src/bmc_2024/hardware/include) by extension 'python_setup_py'
[0.335s] Level 1:colcon.colcon_core.package_identification:_identify(src/bmc_2024/hardware/include/rowbot_bmc) by extensions ['ignore', 'ignore_ament_install']
[0.335s] Level 1:colcon.colcon_core.package_identification:_identify(src/bmc_2024/hardware/include/rowbot_bmc) by extension 'ignore'
[0.335s] Level 1:colcon.colcon_core.package_identification:_identify(src/bmc_2024/hardware/include/rowbot_bmc) by extension 'ignore_ament_install'
[0.335s] Level 1:colcon.colcon_core.package_identification:_identify(src/bmc_2024/hardware/include/rowbot_bmc) by extensions ['colcon_pkg']
[0.335s] Level 1:colcon.colcon_core.package_identification:_identify(src/bmc_2024/hardware/include/rowbot_bmc) by extension 'colcon_pkg'
[0.335s] Level 1:colcon.colcon_core.package_identification:_identify(src/bmc_2024/hardware/include/rowbot_bmc) by extensions ['colcon_meta']
[0.335s] Level 1:colcon.colcon_core.package_identification:_identify(src/bmc_2024/hardware/include/rowbot_bmc) by extension 'colcon_meta'
[0.335s] Level 1:colcon.colcon_core.package_identification:_identify(src/bmc_2024/hardware/include/rowbot_bmc) by extensions ['ros']
[0.335s] Level 1:colcon.colcon_core.package_identification:_identify(src/bmc_2024/hardware/include/rowbot_bmc) by extension 'ros'
[0.335s] Level 1:colcon.colcon_core.package_identification:_identify(src/bmc_2024/hardware/include/rowbot_bmc) by extensions ['cmake', 'python']
[0.335s] Level 1:colcon.colcon_core.package_identification:_identify(src/bmc_2024/hardware/include/rowbot_bmc) by extension 'cmake'
[0.335s] Level 1:colcon.colcon_core.package_identification:_identify(src/bmc_2024/hardware/include/rowbot_bmc) by extension 'python'
[0.335s] Level 1:colcon.colcon_core.package_identification:_identify(src/bmc_2024/hardware/include/rowbot_bmc) by extensions ['python_setup_py']
[0.335s] Level 1:colcon.colcon_core.package_identification:_identify(src/bmc_2024/hardware/include/rowbot_bmc) by extension 'python_setup_py'
[0.335s] Level 1:colcon.colcon_core.package_identification:_identify(src/bmc_2024/include) by extensions ['ignore', 'ignore_ament_install']
[0.335s] Level 1:colcon.colcon_core.package_identification:_identify(src/bmc_2024/include) by extension 'ignore'
[0.335s] Level 1:colcon.colcon_core.package_identification:_identify(src/bmc_2024/include) by extension 'ignore_ament_install'
[0.335s] Level 1:colcon.colcon_core.package_identification:_identify(src/bmc_2024/include) by extensions ['colcon_pkg']
[0.336s] Level 1:colcon.colcon_core.package_identification:_identify(src/bmc_2024/include) by extension 'colcon_pkg'
[0.336s] Level 1:colcon.colcon_core.package_identification:_identify(src/bmc_2024/include) by extensions ['colcon_meta']
[0.336s] Level 1:colcon.colcon_core.package_identification:_identify(src/bmc_2024/include) by extension 'colcon_meta'
[0.336s] Level 1:colcon.colcon_core.package_identification:_identify(src/bmc_2024/include) by extensions ['ros']
[0.336s] Level 1:colcon.colcon_core.package_identification:_identify(src/bmc_2024/include) by extension 'ros'
[0.336s] Level 1:colcon.colcon_core.package_identification:_identify(src/bmc_2024/include) by extensions ['cmake', 'python']
[0.336s] Level 1:colcon.colcon_core.package_identification:_identify(src/bmc_2024/include) by extension 'cmake'
[0.336s] Level 1:colcon.colcon_core.package_identification:_identify(src/bmc_2024/include) by extension 'python'
[0.336s] Level 1:colcon.colcon_core.package_identification:_identify(src/bmc_2024/include) by extensions ['python_setup_py']
[0.336s] Level 1:colcon.colcon_core.package_identification:_identify(src/bmc_2024/include) by extension 'python_setup_py'
[0.336s] Level 1:colcon.colcon_core.package_identification:_identify(src/bmc_2024/include/bmc_2024) by extensions ['ignore', 'ignore_ament_install']
[0.336s] Level 1:colcon.colcon_core.package_identification:_identify(src/bmc_2024/include/bmc_2024) by extension 'ignore'
[0.336s] Level 1:colcon.colcon_core.package_identification:_identify(src/bmc_2024/include/bmc_2024) by extension 'ignore_ament_install'
[0.336s] Level 1:colcon.colcon_core.package_identification:_identify(src/bmc_2024/include/bmc_2024) by extensions ['colcon_pkg']
[0.336s] Level 1:colcon.colcon_core.package_identification:_identify(src/bmc_2024/include/bmc_2024) by extension 'colcon_pkg'
[0.336s] Level 1:colcon.colcon_core.package_identification:_identify(src/bmc_2024/include/bmc_2024) by extensions ['colcon_meta']
[0.336s] Level 1:colcon.colcon_core.package_identification:_identify(src/bmc_2024/include/bmc_2024) by extension 'colcon_meta'
[0.336s] Level 1:colcon.colcon_core.package_identification:_identify(src/bmc_2024/include/bmc_2024) by extensions ['ros']
[0.336s] Level 1:colcon.colcon_core.package_identification:_identify(src/bmc_2024/include/bmc_2024) by extension 'ros'
[0.336s] Level 1:colcon.colcon_core.package_identification:_identify(src/bmc_2024/include/bmc_2024) by extensions ['cmake', 'python']
[0.336s] Level 1:colcon.colcon_core.package_identification:_identify(src/bmc_2024/include/bmc_2024) by extension 'cmake'
[0.336s] Level 1:colcon.colcon_core.package_identification:_identify(src/bmc_2024/include/bmc_2024) by extension 'python'
[0.336s] Level 1:colcon.colcon_core.package_identification:_identify(src/bmc_2024/include/bmc_2024) by extensions ['python_setup_py']
[0.336s] Level 1:colcon.colcon_core.package_identification:_identify(src/bmc_2024/include/bmc_2024) by extension 'python_setup_py'
[0.337s] Level 1:colcon.colcon_core.package_identification:_identify(src/bmc_2024/src) by extensions ['ignore', 'ignore_ament_install']
[0.337s] Level 1:colcon.colcon_core.package_identification:_identify(src/bmc_2024/src) by extension 'ignore'
[0.337s] Level 1:colcon.colcon_core.package_identification:_identify(src/bmc_2024/src) by extension 'ignore_ament_install'
[0.337s] Level 1:colcon.colcon_core.package_identification:_identify(src/bmc_2024/src) by extensions ['colcon_pkg']
[0.337s] Level 1:colcon.colcon_core.package_identification:_identify(src/bmc_2024/src) by extension 'colcon_pkg'
[0.337s] Level 1:colcon.colcon_core.package_identification:_identify(src/bmc_2024/src) by extensions ['colcon_meta']
[0.337s] Level 1:colcon.colcon_core.package_identification:_identify(src/bmc_2024/src) by extension 'colcon_meta'
[0.337s] Level 1:colcon.colcon_core.package_identification:_identify(src/bmc_2024/src) by extensions ['ros']
[0.337s] Level 1:colcon.colcon_core.package_identification:_identify(src/bmc_2024/src) by extension 'ros'
[0.337s] Level 1:colcon.colcon_core.package_identification:_identify(src/bmc_2024/src) by extensions ['cmake', 'python']
[0.337s] Level 1:colcon.colcon_core.package_identification:_identify(src/bmc_2024/src) by extension 'cmake'
[0.337s] Level 1:colcon.colcon_core.package_identification:_identify(src/bmc_2024/src) by extension 'python'
[0.337s] Level 1:colcon.colcon_core.package_identification:_identify(src/bmc_2024/src) by extensions ['python_setup_py']
[0.337s] Level 1:colcon.colcon_core.package_identification:_identify(src/bmc_2024/src) by extension 'python_setup_py'
[0.337s] Level 1:colcon.colcon_core.package_identification:_identify(src/build) by extensions ['ignore', 'ignore_ament_install']
[0.337s] Level 1:colcon.colcon_core.package_identification:_identify(src/build) by extension 'ignore'
[0.337s] Level 1:colcon.colcon_core.package_identification:_identify(src/build) ignored
[0.337s] Level 1:colcon.colcon_core.package_identification:_identify(src/gazebo_ros2_control) by extensions ['ignore', 'ignore_ament_install']
[0.337s] Level 1:colcon.colcon_core.package_identification:_identify(src/gazebo_ros2_control) by extension 'ignore'
[0.337s] Level 1:colcon.colcon_core.package_identification:_identify(src/gazebo_ros2_control) by extension 'ignore_ament_install'
[0.338s] Level 1:colcon.colcon_core.package_identification:_identify(src/gazebo_ros2_control) by extensions ['colcon_pkg']
[0.338s] Level 1:colcon.colcon_core.package_identification:_identify(src/gazebo_ros2_control) by extension 'colcon_pkg'
[0.338s] Level 1:colcon.colcon_core.package_identification:_identify(src/gazebo_ros2_control) by extensions ['colcon_meta']
[0.338s] Level 1:colcon.colcon_core.package_identification:_identify(src/gazebo_ros2_control) by extension 'colcon_meta'
[0.338s] Level 1:colcon.colcon_core.package_identification:_identify(src/gazebo_ros2_control) by extensions ['ros']
[0.338s] Level 1:colcon.colcon_core.package_identification:_identify(src/gazebo_ros2_control) by extension 'ros'
[0.338s] Level 1:colcon.colcon_core.package_identification:_identify(src/gazebo_ros2_control) by extensions ['cmake', 'python']
[0.338s] Level 1:colcon.colcon_core.package_identification:_identify(src/gazebo_ros2_control) by extension 'cmake'
[0.338s] Level 1:colcon.colcon_core.package_identification:_identify(src/gazebo_ros2_control) by extension 'python'
[0.338s] Level 1:colcon.colcon_core.package_identification:_identify(src/gazebo_ros2_control) by extensions ['python_setup_py']
[0.338s] Level 1:colcon.colcon_core.package_identification:_identify(src/gazebo_ros2_control) by extension 'python_setup_py'
[0.338s] Level 1:colcon.colcon_core.package_identification:_identify(src/gazebo_ros2_control/Docker) by extensions ['ignore', 'ignore_ament_install']
[0.338s] Level 1:colcon.colcon_core.package_identification:_identify(src/gazebo_ros2_control/Docker) by extension 'ignore'
[0.338s] Level 1:colcon.colcon_core.package_identification:_identify(src/gazebo_ros2_control/Docker) by extension 'ignore_ament_install'
[0.338s] Level 1:colcon.colcon_core.package_identification:_identify(src/gazebo_ros2_control/Docker) by extensions ['colcon_pkg']
[0.338s] Level 1:colcon.colcon_core.package_identification:_identify(src/gazebo_ros2_control/Docker) by extension 'colcon_pkg'
[0.338s] Level 1:colcon.colcon_core.package_identification:_identify(src/gazebo_ros2_control/Docker) by extensions ['colcon_meta']
[0.338s] Level 1:colcon.colcon_core.package_identification:_identify(src/gazebo_ros2_control/Docker) by extension 'colcon_meta'
[0.338s] Level 1:colcon.colcon_core.package_identification:_identify(src/gazebo_ros2_control/Docker) by extensions ['ros']
[0.338s] Level 1:colcon.colcon_core.package_identification:_identify(src/gazebo_ros2_control/Docker) by extension 'ros'
[0.338s] Level 1:colcon.colcon_core.package_identification:_identify(src/gazebo_ros2_control/Docker) by extensions ['cmake', 'python']
[0.338s] Level 1:colcon.colcon_core.package_identification:_identify(src/gazebo_ros2_control/Docker) by extension 'cmake'
[0.338s] Level 1:colcon.colcon_core.package_identification:_identify(src/gazebo_ros2_control/Docker) by extension 'python'
[0.339s] Level 1:colcon.colcon_core.package_identification:_identify(src/gazebo_ros2_control/Docker) by extensions ['python_setup_py']
[0.339s] Level 1:colcon.colcon_core.package_identification:_identify(src/gazebo_ros2_control/Docker) by extension 'python_setup_py'
[0.339s] Level 1:colcon.colcon_core.package_identification:_identify(src/gazebo_ros2_control/doc) by extensions ['ignore', 'ignore_ament_install']
[0.339s] Level 1:colcon.colcon_core.package_identification:_identify(src/gazebo_ros2_control/doc) by extension 'ignore'
[0.339s] Level 1:colcon.colcon_core.package_identification:_identify(src/gazebo_ros2_control/doc) by extension 'ignore_ament_install'
[0.339s] Level 1:colcon.colcon_core.package_identification:_identify(src/gazebo_ros2_control/doc) by extensions ['colcon_pkg']
[0.339s] Level 1:colcon.colcon_core.package_identification:_identify(src/gazebo_ros2_control/doc) by extension 'colcon_pkg'
[0.339s] Level 1:colcon.colcon_core.package_identification:_identify(src/gazebo_ros2_control/doc) by extensions ['colcon_meta']
[0.339s] Level 1:colcon.colcon_core.package_identification:_identify(src/gazebo_ros2_control/doc) by extension 'colcon_meta'
[0.339s] Level 1:colcon.colcon_core.package_identification:_identify(src/gazebo_ros2_control/doc) by extensions ['ros']
[0.339s] Level 1:colcon.colcon_core.package_identification:_identify(src/gazebo_ros2_control/doc) by extension 'ros'
[0.339s] Level 1:colcon.colcon_core.package_identification:_identify(src/gazebo_ros2_control/doc) by extensions ['cmake', 'python']
[0.339s] Level 1:colcon.colcon_core.package_identification:_identify(src/gazebo_ros2_control/doc) by extension 'cmake'
[0.339s] Level 1:colcon.colcon_core.package_identification:_identify(src/gazebo_ros2_control/doc) by extension 'python'
[0.339s] Level 1:colcon.colcon_core.package_identification:_identify(src/gazebo_ros2_control/doc) by extensions ['python_setup_py']
[0.339s] Level 1:colcon.colcon_core.package_identification:_identify(src/gazebo_ros2_control/doc) by extension 'python_setup_py'
[0.339s] Level 1:colcon.colcon_core.package_identification:_identify(src/gazebo_ros2_control/doc/img) by extensions ['ignore', 'ignore_ament_install']
[0.339s] Level 1:colcon.colcon_core.package_identification:_identify(src/gazebo_ros2_control/doc/img) by extension 'ignore'
[0.339s] Level 1:colcon.colcon_core.package_identification:_identify(src/gazebo_ros2_control/doc/img) by extension 'ignore_ament_install'
[0.339s] Level 1:colcon.colcon_core.package_identification:_identify(src/gazebo_ros2_control/doc/img) by extensions ['colcon_pkg']
[0.339s] Level 1:colcon.colcon_core.package_identification:_identify(src/gazebo_ros2_control/doc/img) by extension 'colcon_pkg'
[0.339s] Level 1:colcon.colcon_core.package_identification:_identify(src/gazebo_ros2_control/doc/img) by extensions ['colcon_meta']
[0.340s] Level 1:colcon.colcon_core.package_identification:_identify(src/gazebo_ros2_control/doc/img) by extension 'colcon_meta'
[0.340s] Level 1:colcon.colcon_core.package_identification:_identify(src/gazebo_ros2_control/doc/img) by extensions ['ros']
[0.340s] Level 1:colcon.colcon_core.package_identification:_identify(src/gazebo_ros2_control/doc/img) by extension 'ros'
[0.340s] Level 1:colcon.colcon_core.package_identification:_identify(src/gazebo_ros2_control/doc/img) by extensions ['cmake', 'python']
[0.340s] Level 1:colcon.colcon_core.package_identification:_identify(src/gazebo_ros2_control/doc/img) by extension 'cmake'
[0.340s] Level 1:colcon.colcon_core.package_identification:_identify(src/gazebo_ros2_control/doc/img) by extension 'python'
[0.340s] Level 1:colcon.colcon_core.package_identification:_identify(src/gazebo_ros2_control/doc/img) by extensions ['python_setup_py']
[0.340s] Level 1:colcon.colcon_core.package_identification:_identify(src/gazebo_ros2_control/doc/img) by extension 'python_setup_py'
[0.340s] Level 1:colcon.colcon_core.package_identification:_identify(src/gazebo_ros2_control/gazebo_ros2_control) by extensions ['ignore', 'ignore_ament_install']
[0.340s] Level 1:colcon.colcon_core.package_identification:_identify(src/gazebo_ros2_control/gazebo_ros2_control) by extension 'ignore'
[0.340s] Level 1:colcon.colcon_core.package_identification:_identify(src/gazebo_ros2_control/gazebo_ros2_control) by extension 'ignore_ament_install'
[0.340s] Level 1:colcon.colcon_core.package_identification:_identify(src/gazebo_ros2_control/gazebo_ros2_control) by extensions ['colcon_pkg']
[0.340s] Level 1:colcon.colcon_core.package_identification:_identify(src/gazebo_ros2_control/gazebo_ros2_control) by extension 'colcon_pkg'
[0.340s] Level 1:colcon.colcon_core.package_identification:_identify(src/gazebo_ros2_control/gazebo_ros2_control) by extensions ['colcon_meta']
[0.340s] Level 1:colcon.colcon_core.package_identification:_identify(src/gazebo_ros2_control/gazebo_ros2_control) by extension 'colcon_meta'
[0.340s] Level 1:colcon.colcon_core.package_identification:_identify(src/gazebo_ros2_control/gazebo_ros2_control) by extensions ['ros']
[0.340s] Level 1:colcon.colcon_core.package_identification:_identify(src/gazebo_ros2_control/gazebo_ros2_control) by extension 'ros'
[0.341s] DEBUG:colcon.colcon_core.package_identification:Package 'src/gazebo_ros2_control/gazebo_ros2_control' with type 'ros.ament_cmake' and name 'gazebo_ros2_control'
[0.341s] Level 1:colcon.colcon_core.package_identification:_identify(src/gazebo_ros2_control/gazebo_ros2_control_demos) by extensions ['ignore', 'ignore_ament_install']
[0.341s] Level 1:colcon.colcon_core.package_identification:_identify(src/gazebo_ros2_control/gazebo_ros2_control_demos) by extension 'ignore'
[0.342s] Level 1:colcon.colcon_core.package_identification:_identify(src/gazebo_ros2_control/gazebo_ros2_control_demos) by extension 'ignore_ament_install'
[0.342s] Level 1:colcon.colcon_core.package_identification:_identify(src/gazebo_ros2_control/gazebo_ros2_control_demos) by extensions ['colcon_pkg']
[0.342s] Level 1:colcon.colcon_core.package_identification:_identify(src/gazebo_ros2_control/gazebo_ros2_control_demos) by extension 'colcon_pkg'
[0.342s] Level 1:colcon.colcon_core.package_identification:_identify(src/gazebo_ros2_control/gazebo_ros2_control_demos) by extensions ['colcon_meta']
[0.342s] Level 1:colcon.colcon_core.package_identification:_identify(src/gazebo_ros2_control/gazebo_ros2_control_demos) by extension 'colcon_meta'
[0.342s] Level 1:colcon.colcon_core.package_identification:_identify(src/gazebo_ros2_control/gazebo_ros2_control_demos) by extensions ['ros']
[0.342s] Level 1:colcon.colcon_core.package_identification:_identify(src/gazebo_ros2_control/gazebo_ros2_control_demos) by extension 'ros'
[0.343s] DEBUG:colcon.colcon_core.package_identification:Package 'src/gazebo_ros2_control/gazebo_ros2_control_demos' with type 'ros.ament_cmake' and name 'gazebo_ros2_control_demos'
[0.343s] Level 1:colcon.colcon_core.package_identification:_identify(src/install) by extensions ['ignore', 'ignore_ament_install']
[0.343s] Level 1:colcon.colcon_core.package_identification:_identify(src/install) by extension 'ignore'
[0.343s] Level 1:colcon.colcon_core.package_identification:_identify(src/install) ignored
[0.343s] Level 1:colcon.colcon_core.package_identification:_identify(src/log) by extensions ['ignore', 'ignore_ament_install']
[0.343s] Level 1:colcon.colcon_core.package_identification:_identify(src/log) by extension 'ignore'
[0.343s] Level 1:colcon.colcon_core.package_identification:_identify(src/log) ignored
[0.343s] Level 1:colcon.colcon_core.package_identification:_identify(src/my_robot_nav2) by extensions ['ignore', 'ignore_ament_install']
[0.343s] Level 1:colcon.colcon_core.package_identification:_identify(src/my_robot_nav2) by extension 'ignore'
[0.343s] Level 1:colcon.colcon_core.package_identification:_identify(src/my_robot_nav2) by extension 'ignore_ament_install'
[0.343s] Level 1:colcon.colcon_core.package_identification:_identify(src/my_robot_nav2) by extensions ['colcon_pkg']
[0.343s] Level 1:colcon.colcon_core.package_identification:_identify(src/my_robot_nav2) by extension 'colcon_pkg'
[0.343s] Level 1:colcon.colcon_core.package_identification:_identify(src/my_robot_nav2) by extensions ['colcon_meta']
[0.343s] Level 1:colcon.colcon_core.package_identification:_identify(src/my_robot_nav2) by extension 'colcon_meta'
[0.343s] Level 1:colcon.colcon_core.package_identification:_identify(src/my_robot_nav2) by extensions ['ros']
[0.343s] Level 1:colcon.colcon_core.package_identification:_identify(src/my_robot_nav2) by extension 'ros'
[0.344s] DEBUG:colcon.colcon_core.package_identification:Package 'src/my_robot_nav2' with type 'ros.ament_cmake' and name 'my_robot_nav2'
[0.344s] Level 1:colcon.colcon_core.package_identification:_identify(src/sllidar_ros2) by extensions ['ignore', 'ignore_ament_install']
[0.344s] Level 1:colcon.colcon_core.package_identification:_identify(src/sllidar_ros2) by extension 'ignore'
[0.344s] Level 1:colcon.colcon_core.package_identification:_identify(src/sllidar_ros2) by extension 'ignore_ament_install'
[0.344s] Level 1:colcon.colcon_core.package_identification:_identify(src/sllidar_ros2) by extensions ['colcon_pkg']
[0.344s] Level 1:colcon.colcon_core.package_identification:_identify(src/sllidar_ros2) by extension 'colcon_pkg'
[0.344s] Level 1:colcon.colcon_core.package_identification:_identify(src/sllidar_ros2) by extensions ['colcon_meta']
[0.344s] Level 1:colcon.colcon_core.package_identification:_identify(src/sllidar_ros2) by extension 'colcon_meta'
[0.344s] Level 1:colcon.colcon_core.package_identification:_identify(src/sllidar_ros2) by extensions ['ros']
[0.344s] Level 1:colcon.colcon_core.package_identification:_identify(src/sllidar_ros2) by extension 'ros'
[0.345s] DEBUG:colcon.colcon_core.package_identification:Package 'src/sllidar_ros2' with type 'ros.ament_cmake' and name 'sllidar_ros2'
[0.345s] Level 1:colcon.colcon_core.package_discovery:discover_packages(recursive) using defaults
[0.345s] Level 1:colcon.colcon_core.package_discovery:discover_packages(ignore) discover
[0.345s] Level 1:colcon.colcon_core.package_discovery:discover_packages(ignore) using defaults
[0.345s] Level 1:colcon.colcon_core.package_discovery:discover_packages(path) discover
[0.345s] Level 1:colcon.colcon_core.package_discovery:discover_packages(path) using defaults
[0.365s] Level 1:colcon.colcon_core.package_discovery:discover_packages(prefix_path) check parameters
[0.365s] Level 1:colcon.colcon_core.package_discovery:discover_packages(prefix_path) discover
[0.369s] DEBUG:colcon.colcon_installed_package_information.package_discovery:Found 7 installed packages in /home/dkflippo/aug2024/install
[0.371s] DEBUG:colcon.colcon_installed_package_information.package_discovery:Found 35 installed packages in /home/dkflippo/ros2_control_ws/install
[0.372s] DEBUG:colcon.colcon_installed_package_information.package_discovery:Found 3 installed packages in /home/dkflippo/aug2024/src/install
[0.374s] DEBUG:colcon.colcon_installed_package_information.package_discovery:Found 423 installed packages in /opt/ros/humble
[0.378s] Level 1:colcon.colcon_core.package_discovery:discover_packages(prefix_path) using defaults
[0.429s] Level 5:colcon.colcon_core.verb:set package 'gazebo_ros2_control' build argument 'cmake_args' from command line to 'None'
[0.429s] Level 5:colcon.colcon_core.verb:set package 'gazebo_ros2_control' build argument 'cmake_target' from command line to 'None'
[0.429s] Level 5:colcon.colcon_core.verb:set package 'gazebo_ros2_control' build argument 'cmake_target_skip_unavailable' from command line to 'False'
[0.429s] Level 5:colcon.colcon_core.verb:set package 'gazebo_ros2_control' build argument 'cmake_clean_cache' from command line to 'False'
[0.429s] Level 5:colcon.colcon_core.verb:set package 'gazebo_ros2_control' build argument 'cmake_clean_first' from command line to 'False'
[0.429s] Level 5:colcon.colcon_core.verb:set package 'gazebo_ros2_control' build argument 'cmake_force_configure' from command line to 'False'
[0.429s] Level 5:colcon.colcon_core.verb:set package 'gazebo_ros2_control' build argument 'ament_cmake_args' from command line to 'None'
[0.429s] Level 5:colcon.colcon_core.verb:set package 'gazebo_ros2_control' build argument 'catkin_cmake_args' from command line to 'None'
[0.429s] Level 5:colcon.colcon_core.verb:set package 'gazebo_ros2_control' build argument 'catkin_skip_building_tests' from command line to 'False'
[0.429s] DEBUG:colcon.colcon_core.verb:Building package 'gazebo_ros2_control' with the following arguments: {'ament_cmake_args': None, 'build_base': '/home/dkflippo/aug2024/build/gazebo_ros2_control', 'catkin_cmake_args': None, 'catkin_skip_building_tests': False, 'cmake_args': None, 'cmake_clean_cache': False, 'cmake_clean_first': False, 'cmake_force_configure': False, 'cmake_target': None, 'cmake_target_skip_unavailable': False, 'install_base': '/home/dkflippo/aug2024/install/gazebo_ros2_control', 'merge_install': False, 'path': '/home/dkflippo/aug2024/src/gazebo_ros2_control/gazebo_ros2_control', 'symlink_install': False, 'test_result_base': None}
[0.430s] Level 5:colcon.colcon_core.verb:set package 'my_robot_nav2' build argument 'cmake_args' from command line to 'None'
[0.430s] Level 5:colcon.colcon_core.verb:set package 'my_robot_nav2' build argument 'cmake_target' from command line to 'None'
[0.430s] Level 5:colcon.colcon_core.verb:set package 'my_robot_nav2' build argument 'cmake_target_skip_unavailable' from command line to 'False'
[0.430s] Level 5:colcon.colcon_core.verb:set package 'my_robot_nav2' build argument 'cmake_clean_cache' from command line to 'False'
[0.430s] Level 5:colcon.colcon_core.verb:set package 'my_robot_nav2' build argument 'cmake_clean_first' from command line to 'False'
[0.430s] Level 5:colcon.colcon_core.verb:set package 'my_robot_nav2' build argument 'cmake_force_configure' from command line to 'False'
[0.430s] Level 5:colcon.colcon_core.verb:set package 'my_robot_nav2' build argument 'ament_cmake_args' from command line to 'None'
[0.430s] Level 5:colcon.colcon_core.verb:set package 'my_robot_nav2' build argument 'catkin_cmake_args' from command line to 'None'
[0.430s] Level 5:colcon.colcon_core.verb:set package 'my_robot_nav2' build argument 'catkin_skip_building_tests' from command line to 'False'
[0.430s] DEBUG:colcon.colcon_core.verb:Building package 'my_robot_nav2' with the following arguments: {'ament_cmake_args': None, 'build_base': '/home/dkflippo/aug2024/build/my_robot_nav2', 'catkin_cmake_args': None, 'catkin_skip_building_tests': False, 'cmake_args': None, 'cmake_clean_cache': False, 'cmake_clean_first': False, 'cmake_force_configure': False, 'cmake_target': None, 'cmake_target_skip_unavailable': False, 'install_base': '/home/dkflippo/aug2024/install/my_robot_nav2', 'merge_install': False, 'path': '/home/dkflippo/aug2024/src/my_robot_nav2', 'symlink_install': False, 'test_result_base': None}
[0.430s] Level 5:colcon.colcon_core.verb:set package 'pigpio' build argument 'cmake_args' from command line to 'None'
[0.430s] Level 5:colcon.colcon_core.verb:set package 'pigpio' build argument 'cmake_target' from command line to 'None'
[0.430s] Level 5:colcon.colcon_core.verb:set package 'pigpio' build argument 'cmake_target_skip_unavailable' from command line to 'False'
[0.430s] Level 5:colcon.colcon_core.verb:set package 'pigpio' build argument 'cmake_clean_cache' from command line to 'False'
[0.430s] Level 5:colcon.colcon_core.verb:set package 'pigpio' build argument 'cmake_clean_first' from command line to 'False'
[0.430s] Level 5:colcon.colcon_core.verb:set package 'pigpio' build argument 'cmake_force_configure' from command line to 'False'
[0.430s] Level 5:colcon.colcon_core.verb:set package 'pigpio' build argument 'ament_cmake_args' from command line to 'None'
[0.430s] Level 5:colcon.colcon_core.verb:set package 'pigpio' build argument 'catkin_cmake_args' from command line to 'None'
[0.430s] Level 5:colcon.colcon_core.verb:set package 'pigpio' build argument 'catkin_skip_building_tests' from command line to 'False'
[0.431s] DEBUG:colcon.colcon_core.verb:Building package 'pigpio' with the following arguments: {'ament_cmake_args': None, 'build_base': '/home/dkflippo/aug2024/build/pigpio', 'catkin_cmake_args': None, 'catkin_skip_building_tests': False, 'cmake_args': None, 'cmake_clean_cache': False, 'cmake_clean_first': False, 'cmake_force_configure': False, 'cmake_target': None, 'cmake_target_skip_unavailable': False, 'install_base': '/home/dkflippo/aug2024/install/pigpio', 'merge_install': False, 'path': '/home/dkflippo/aug2024/pigpio-master', 'symlink_install': False, 'test_result_base': None}
[0.431s] Level 5:colcon.colcon_core.verb:set package 'sllidar_ros2' build argument 'cmake_args' from command line to 'None'
[0.431s] Level 5:colcon.colcon_core.verb:set package 'sllidar_ros2' build argument 'cmake_target' from command line to 'None'
[0.431s] Level 5:colcon.colcon_core.verb:set package 'sllidar_ros2' build argument 'cmake_target_skip_unavailable' from command line to 'False'
[0.431s] Level 5:colcon.colcon_core.verb:set package 'sllidar_ros2' build argument 'cmake_clean_cache' from command line to 'False'
[0.431s] Level 5:colcon.colcon_core.verb:set package 'sllidar_ros2' build argument 'cmake_clean_first' from command line to 'False'
[0.431s] Level 5:colcon.colcon_core.verb:set package 'sllidar_ros2' build argument 'cmake_force_configure' from command line to 'False'
[0.431s] Level 5:colcon.colcon_core.verb:set package 'sllidar_ros2' build argument 'ament_cmake_args' from command line to 'None'
[0.431s] Level 5:colcon.colcon_core.verb:set package 'sllidar_ros2' build argument 'catkin_cmake_args' from command line to 'None'
[0.431s] Level 5:colcon.colcon_core.verb:set package 'sllidar_ros2' build argument 'catkin_skip_building_tests' from command line to 'False'
[0.431s] DEBUG:colcon.colcon_core.verb:Building package 'sllidar_ros2' with the following arguments: {'ament_cmake_args': None, 'build_base': '/home/dkflippo/aug2024/build/sllidar_ros2', 'catkin_cmake_args': None, 'catkin_skip_building_tests': False, 'cmake_args': None, 'cmake_clean_cache': False, 'cmake_clean_first': False, 'cmake_force_configure': False, 'cmake_target': None, 'cmake_target_skip_unavailable': False, 'install_base': '/home/dkflippo/aug2024/install/sllidar_ros2', 'merge_install': False, 'path': '/home/dkflippo/aug2024/src/sllidar_ros2', 'symlink_install': False, 'test_result_base': None}
[0.431s] Level 5:colcon.colcon_core.verb:set package 'BMC_2024' build argument 'cmake_args' from command line to 'None'
[0.431s] Level 5:colcon.colcon_core.verb:set package 'BMC_2024' build argument 'cmake_target' from command line to 'None'
[0.431s] Level 5:colcon.colcon_core.verb:set package 'BMC_2024' build argument 'cmake_target_skip_unavailable' from command line to 'False'
[0.431s] Level 5:colcon.colcon_core.verb:set package 'BMC_2024' build argument 'cmake_clean_cache' from command line to 'False'
[0.431s] Level 5:colcon.colcon_core.verb:set package 'BMC_2024' build argument 'cmake_clean_first' from command line to 'False'
[0.431s] Level 5:colcon.colcon_core.verb:set package 'BMC_2024' build argument 'cmake_force_configure' from command line to 'False'
[0.431s] Level 5:colcon.colcon_core.verb:set package 'BMC_2024' build argument 'ament_cmake_args' from command line to 'None'
[0.431s] Level 5:colcon.colcon_core.verb:set package 'BMC_2024' build argument 'catkin_cmake_args' from command line to 'None'
[0.431s] Level 5:colcon.colcon_core.verb:set package 'BMC_2024' build argument 'catkin_skip_building_tests' from command line to 'False'
[0.432s] DEBUG:colcon.colcon_core.verb:Building package 'BMC_2024' with the following arguments: {'ament_cmake_args': None, 'build_base': '/home/dkflippo/aug2024/build/BMC_2024', 'catkin_cmake_args': None, 'catkin_skip_building_tests': False, 'cmake_args': None, 'cmake_clean_cache': False, 'cmake_clean_first': False, 'cmake_force_configure': False, 'cmake_target': None, 'cmake_target_skip_unavailable': False, 'install_base': '/home/dkflippo/aug2024/install/BMC_2024', 'merge_install': False, 'path': '/home/dkflippo/aug2024/src/BMC_2024', 'symlink_install': False, 'test_result_base': None}
[0.432s] Level 5:colcon.colcon_core.verb:set package 'gazebo_ros2_control_demos' build argument 'cmake_args' from command line to 'None'
[0.432s] Level 5:colcon.colcon_core.verb:set package 'gazebo_ros2_control_demos' build argument 'cmake_target' from command line to 'None'
[0.432s] Level 5:colcon.colcon_core.verb:set package 'gazebo_ros2_control_demos' build argument 'cmake_target_skip_unavailable' from command line to 'False'
[0.432s] Level 5:colcon.colcon_core.verb:set package 'gazebo_ros2_control_demos' build argument 'cmake_clean_cache' from command line to 'False'
[0.432s] Level 5:colcon.colcon_core.verb:set package 'gazebo_ros2_control_demos' build argument 'cmake_clean_first' from command line to 'False'
[0.432s] Level 5:colcon.colcon_core.verb:set package 'gazebo_ros2_control_demos' build argument 'cmake_force_configure' from command line to 'False'
[0.432s] Level 5:colcon.colcon_core.verb:set package 'gazebo_ros2_control_demos' build argument 'ament_cmake_args' from command line to 'None'
[0.432s] Level 5:colcon.colcon_core.verb:set package 'gazebo_ros2_control_demos' build argument 'catkin_cmake_args' from command line to 'None'
[0.432s] Level 5:colcon.colcon_core.verb:set package 'gazebo_ros2_control_demos' build argument 'catkin_skip_building_tests' from command line to 'False'
[0.432s] DEBUG:colcon.colcon_core.verb:Building package 'gazebo_ros2_control_demos' with the following arguments: {'ament_cmake_args': None, 'build_base': '/home/dkflippo/aug2024/build/gazebo_ros2_control_demos', 'catkin_cmake_args': None, 'catkin_skip_building_tests': False, 'cmake_args': None, 'cmake_clean_cache': False, 'cmake_clean_first': False, 'cmake_force_configure': False, 'cmake_target': None, 'cmake_target_skip_unavailable': False, 'install_base': '/home/dkflippo/aug2024/install/gazebo_ros2_control_demos', 'merge_install': False, 'path': '/home/dkflippo/aug2024/src/gazebo_ros2_control/gazebo_ros2_control_demos', 'symlink_install': False, 'test_result_base': None}
[0.432s] Level 5:colcon.colcon_core.verb:set package 'aug_2024' build argument 'cmake_args' from command line to 'None'
[0.432s] Level 5:colcon.colcon_core.verb:set package 'aug_2024' build argument 'cmake_target' from command line to 'None'
[0.432s] Level 5:colcon.colcon_core.verb:set package 'aug_2024' build argument 'cmake_target_skip_unavailable' from command line to 'False'
[0.432s] Level 5:colcon.colcon_core.verb:set package 'aug_2024' build argument 'cmake_clean_cache' from command line to 'False'
[0.432s] Level 5:colcon.colcon_core.verb:set package 'aug_2024' build argument 'cmake_clean_first' from command line to 'False'
[0.432s] Level 5:colcon.colcon_core.verb:set package 'aug_2024' build argument 'cmake_force_configure' from command line to 'False'
[0.432s] Level 5:colcon.colcon_core.verb:set package 'aug_2024' build argument 'ament_cmake_args' from command line to 'None'
[0.432s] Level 5:colcon.colcon_core.verb:set package 'aug_2024' build argument 'catkin_cmake_args' from command line to 'None'
[0.432s] Level 5:colcon.colcon_core.verb:set package 'aug_2024' build argument 'catkin_skip_building_tests' from command line to 'False'
[0.433s] DEBUG:colcon.colcon_core.verb:Building package 'aug_2024' with the following arguments: {'ament_cmake_args': None, 'build_base': '/home/dkflippo/aug2024/build/aug_2024', 'catkin_cmake_args': None, 'catkin_skip_building_tests': False, 'cmake_args': None, 'cmake_clean_cache': False, 'cmake_clean_first': False, 'cmake_force_configure': False, 'cmake_target': None, 'cmake_target_skip_unavailable': False, 'install_base': '/home/dkflippo/aug2024/install/aug_2024', 'merge_install': False, 'path': '/home/dkflippo/aug2024/src/aug_2024', 'symlink_install': False, 'test_result_base': None}
[0.433s] INFO:colcon.colcon_core.executor:Executing jobs using 'parallel' executor
[0.433s] DEBUG:colcon.colcon_parallel_executor.executor.parallel:run_until_complete
[0.434s] INFO:colcon.colcon_ros.task.ament_cmake.build:Building ROS package in '/home/dkflippo/aug2024/src/sllidar_ros2' with build type 'ament_cmake'
[0.434s] INFO:colcon.colcon_cmake.task.cmake.build:Building CMake package in '/home/dkflippo/aug2024/src/sllidar_ros2'
[0.436s] INFO:colcon.colcon_core.plugin_system:Skipping extension 'colcon_core.shell.bat': Not used on non-Windows systems
[0.436s] INFO:colcon.colcon_core.shell:Skip shell extension 'powershell' for command environment: Not usable outside of PowerShell
[0.436s] DEBUG:colcon.colcon_core.shell:Skip shell extension 'dsv' for command environment
[0.443s] INFO:colcon.colcon_ros.task.ament_cmake.build:Building ROS package in '/home/dkflippo/aug2024/src/gazebo_ros2_control/gazebo_ros2_control' with build type 'ament_cmake'
[0.443s] INFO:colcon.colcon_cmake.task.cmake.build:Building CMake package in '/home/dkflippo/aug2024/src/gazebo_ros2_control/gazebo_ros2_control'
[0.443s] INFO:colcon.colcon_core.shell:Skip shell extension 'powershell' for command environment: Not usable outside of PowerShell
[0.443s] DEBUG:colcon.colcon_core.shell:Skip shell extension 'dsv' for command environment
[0.450s] INFO:colcon.colcon_ros.task.ament_cmake.build:Building ROS package in '/home/dkflippo/aug2024/src/my_robot_nav2' with build type 'ament_cmake'
[0.450s] INFO:colcon.colcon_cmake.task.cmake.build:Building CMake package in '/home/dkflippo/aug2024/src/my_robot_nav2'
[0.451s] INFO:colcon.colcon_core.shell:Skip shell extension 'powershell' for command environment: Not usable outside of PowerShell
[0.451s] DEBUG:colcon.colcon_core.shell:Skip shell extension 'dsv' for command environment
[0.459s] INFO:colcon.colcon_cmake.task.cmake.build:Building CMake package in '/home/dkflippo/aug2024/pigpio-master'
[0.459s] INFO:colcon.colcon_core.shell:Skip shell extension 'powershell' for command environment: Not usable outside of PowerShell
[0.459s] DEBUG:colcon.colcon_core.shell:Skip shell extension 'dsv' for command environment
[0.477s] DEBUG:colcon.colcon_core.event_handler.log_command:Invoking command in '/home/dkflippo/aug2024/build/sllidar_ros2': CMAKE_PREFIX_PATH=${CMAKE_PREFIX_PATH}:/home/dkflippo/ros2_control_ws/install/rqt_joint_trajectory_controller:/home/dkflippo/ros2_control_ws/install/rqt_controller_manager:/home/dkflippo/ros2_control_ws/install/ros2controlcli:/home/dkflippo/ros2_control_ws/install/ros2_controllers_test_nodes:/opt/ros/humble /usr/bin/cmake --build /home/dkflippo/aug2024/build/sllidar_ros2 -- -j12 -l12
[0.482s] DEBUG:colcon.colcon_core.event_handler.log_command:Invoking command in '/home/dkflippo/aug2024/build/gazebo_ros2_control': CMAKE_PREFIX_PATH=${CMAKE_PREFIX_PATH}:/home/dkflippo/ros2_control_ws/install/rqt_joint_trajectory_controller:/home/dkflippo/ros2_control_ws/install/rqt_controller_manager:/home/dkflippo/ros2_control_ws/install/ros2controlcli:/home/dkflippo/ros2_control_ws/install/ros2_controllers_test_nodes:/opt/ros/humble /usr/bin/cmake --build /home/dkflippo/aug2024/build/gazebo_ros2_control -- -j12 -l12
[0.486s] DEBUG:colcon.colcon_core.event_handler.log_command:Invoking command in '/home/dkflippo/aug2024/build/my_robot_nav2': CMAKE_PREFIX_PATH=${CMAKE_PREFIX_PATH}:/home/dkflippo/ros2_control_ws/install/rqt_joint_trajectory_controller:/home/dkflippo/ros2_control_ws/install/rqt_controller_manager:/home/dkflippo/ros2_control_ws/install/ros2controlcli:/home/dkflippo/ros2_control_ws/install/ros2_controllers_test_nodes:/opt/ros/humble /usr/bin/cmake --build /home/dkflippo/aug2024/build/my_robot_nav2 -- -j12 -l12
[0.492s] DEBUG:colcon.colcon_core.event_handler.log_command:Invoking command in '/home/dkflippo/aug2024/build/pigpio': /usr/bin/cmake --build /home/dkflippo/aug2024/build/pigpio -- -j12 -l12
[0.579s] DEBUG:colcon.colcon_core.event_handler.log_command:Invoked command in '/home/dkflippo/aug2024/build/my_robot_nav2' returned '0': CMAKE_PREFIX_PATH=${CMAKE_PREFIX_PATH}:/home/dkflippo/ros2_control_ws/install/rqt_joint_trajectory_controller:/home/dkflippo/ros2_control_ws/install/rqt_controller_manager:/home/dkflippo/ros2_control_ws/install/ros2controlcli:/home/dkflippo/ros2_control_ws/install/ros2_controllers_test_nodes:/opt/ros/humble /usr/bin/cmake --build /home/dkflippo/aug2024/build/my_robot_nav2 -- -j12 -l12
[0.607s] DEBUG:colcon.colcon_core.event_handler.log_command:Invoking command in '/home/dkflippo/aug2024/build/my_robot_nav2': CMAKE_PREFIX_PATH=${CMAKE_PREFIX_PATH}:/home/dkflippo/ros2_control_ws/install/rqt_joint_trajectory_controller:/home/dkflippo/ros2_control_ws/install/rqt_controller_manager:/home/dkflippo/ros2_control_ws/install/ros2controlcli:/home/dkflippo/ros2_control_ws/install/ros2_controllers_test_nodes:/opt/ros/humble /usr/bin/cmake --install /home/dkflippo/aug2024/build/my_robot_nav2
[0.635s] Level 1:colcon.colcon_core.environment:create_environment_scripts_only(my_robot_nav2)
[0.637s] DEBUG:colcon.colcon_core.event_handler.log_command:Invoked command in '/home/dkflippo/aug2024/build/my_robot_nav2' returned '0': CMAKE_PREFIX_PATH=${CMAKE_PREFIX_PATH}:/home/dkflippo/ros2_control_ws/install/rqt_joint_trajectory_controller:/home/dkflippo/ros2_control_ws/install/rqt_controller_manager:/home/dkflippo/ros2_control_ws/install/ros2controlcli:/home/dkflippo/ros2_control_ws/install/ros2_controllers_test_nodes:/opt/ros/humble /usr/bin/cmake --install /home/dkflippo/aug2024/build/my_robot_nav2
[0.640s] Level 1:colcon.colcon_core.environment:checking '/home/dkflippo/aug2024/install/my_robot_nav2' for CMake module files
[0.641s] Level 1:colcon.colcon_core.environment:checking '/home/dkflippo/aug2024/install/my_robot_nav2' for CMake config files
[0.641s] Level 1:colcon.colcon_core.shell:create_environment_hook('my_robot_nav2', 'cmake_prefix_path')
[0.642s] INFO:colcon.colcon_core.shell:Creating environment hook '/home/dkflippo/aug2024/install/my_robot_nav2/share/my_robot_nav2/hook/cmake_prefix_path.ps1'
[0.643s] INFO:colcon.colcon_core.shell:Creating environment descriptor '/home/dkflippo/aug2024/install/my_robot_nav2/share/my_robot_nav2/hook/cmake_prefix_path.dsv'
[0.644s] INFO:colcon.colcon_core.shell:Creating environment hook '/home/dkflippo/aug2024/install/my_robot_nav2/share/my_robot_nav2/hook/cmake_prefix_path.sh'
[0.647s] Level 1:colcon.colcon_core.environment:checking '/home/dkflippo/aug2024/install/my_robot_nav2/bin'
[0.647s] Level 1:colcon.colcon_core.environment:checking '/home/dkflippo/aug2024/install/my_robot_nav2/lib/pkgconfig/my_robot_nav2.pc'
[0.648s] Level 1:colcon.colcon_core.environment:checking '/home/dkflippo/aug2024/install/my_robot_nav2/lib/python3.10/site-packages'
[0.648s] Level 1:colcon.colcon_core.environment:checking '/home/dkflippo/aug2024/install/my_robot_nav2/bin'
[0.648s] INFO:colcon.colcon_core.shell:Creating package script '/home/dkflippo/aug2024/install/my_robot_nav2/share/my_robot_nav2/package.ps1'
[0.650s] INFO:colcon.colcon_core.shell:Creating package descriptor '/home/dkflippo/aug2024/install/my_robot_nav2/share/my_robot_nav2/package.dsv'
[0.651s] INFO:colcon.colcon_core.shell:Creating package script '/home/dkflippo/aug2024/install/my_robot_nav2/share/my_robot_nav2/package.sh'
[0.652s] INFO:colcon.colcon_core.shell:Creating package script '/home/dkflippo/aug2024/install/my_robot_nav2/share/my_robot_nav2/package.bash'
[0.653s] INFO:colcon.colcon_core.shell:Creating package script '/home/dkflippo/aug2024/install/my_robot_nav2/share/my_robot_nav2/package.zsh'
[0.654s] Level 1:colcon.colcon_core.environment:create_file_with_runtime_dependencies(/home/dkflippo/aug2024/install/my_robot_nav2/share/colcon-core/packages/my_robot_nav2)
[0.655s] Level 1:colcon.colcon_core.environment:create_environment_scripts_only(my_robot_nav2)
[0.656s] Level 1:colcon.colcon_core.environment:checking '/home/dkflippo/aug2024/install/my_robot_nav2' for CMake module files
[0.656s] Level 1:colcon.colcon_core.environment:checking '/home/dkflippo/aug2024/install/my_robot_nav2' for CMake config files
[0.656s] Level 1:colcon.colcon_core.shell:create_environment_hook('my_robot_nav2', 'cmake_prefix_path')
[0.657s] INFO:colcon.colcon_core.shell:Creating environment hook '/home/dkflippo/aug2024/install/my_robot_nav2/share/my_robot_nav2/hook/cmake_prefix_path.ps1'
[0.657s] INFO:colcon.colcon_core.shell:Creating environment descriptor '/home/dkflippo/aug2024/install/my_robot_nav2/share/my_robot_nav2/hook/cmake_prefix_path.dsv'
[0.658s] INFO:colcon.colcon_core.shell:Creating environment hook '/home/dkflippo/aug2024/install/my_robot_nav2/share/my_robot_nav2/hook/cmake_prefix_path.sh'
[0.659s] Level 1:colcon.colcon_core.environment:checking '/home/dkflippo/aug2024/install/my_robot_nav2/bin'
[0.659s] Level 1:colcon.colcon_core.environment:checking '/home/dkflippo/aug2024/install/my_robot_nav2/lib/pkgconfig/my_robot_nav2.pc'
[0.659s] Level 1:colcon.colcon_core.environment:checking '/home/dkflippo/aug2024/install/my_robot_nav2/lib/python3.10/site-packages'
[0.660s] Level 1:colcon.colcon_core.environment:checking '/home/dkflippo/aug2024/install/my_robot_nav2/bin'
[0.660s] INFO:colcon.colcon_core.shell:Creating package script '/home/dkflippo/aug2024/install/my_robot_nav2/share/my_robot_nav2/package.ps1'
[0.661s] INFO:colcon.colcon_core.shell:Creating package descriptor '/home/dkflippo/aug2024/install/my_robot_nav2/share/my_robot_nav2/package.dsv'
[0.662s] INFO:colcon.colcon_core.shell:Creating package script '/home/dkflippo/aug2024/install/my_robot_nav2/share/my_robot_nav2/package.sh'
[0.662s] INFO:colcon.colcon_core.shell:Creating package script '/home/dkflippo/aug2024/install/my_robot_nav2/share/my_robot_nav2/package.bash'
[0.663s] INFO:colcon.colcon_core.shell:Creating package script '/home/dkflippo/aug2024/install/my_robot_nav2/share/my_robot_nav2/package.zsh'
[0.663s] Level 1:colcon.colcon_core.environment:create_file_with_runtime_dependencies(/home/dkflippo/aug2024/install/my_robot_nav2/share/colcon-core/packages/my_robot_nav2)
[0.671s] DEBUG:colcon.colcon_core.event_handler.log_command:Invoked command in '/home/dkflippo/aug2024/build/sllidar_ros2' returned '0': CMAKE_PREFIX_PATH=${CMAKE_PREFIX_PATH}:/home/dkflippo/ros2_control_ws/install/rqt_joint_trajectory_controller:/home/dkflippo/ros2_control_ws/install/rqt_controller_manager:/home/dkflippo/ros2_control_ws/install/ros2controlcli:/home/dkflippo/ros2_control_ws/install/ros2_controllers_test_nodes:/opt/ros/humble /usr/bin/cmake --build /home/dkflippo/aug2024/build/sllidar_ros2 -- -j12 -l12
[0.674s] DEBUG:colcon.colcon_core.event_handler.log_command:Invoking command in '/home/dkflippo/aug2024/build/sllidar_ros2': CMAKE_PREFIX_PATH=${CMAKE_PREFIX_PATH}:/home/dkflippo/ros2_control_ws/install/rqt_joint_trajectory_controller:/home/dkflippo/ros2_control_ws/install/rqt_controller_manager:/home/dkflippo/ros2_control_ws/install/ros2controlcli:/home/dkflippo/ros2_control_ws/install/ros2_controllers_test_nodes:/opt/ros/humble /usr/bin/cmake --install /home/dkflippo/aug2024/build/sllidar_ros2
[0.690s] DEBUG:colcon.colcon_core.event_handler.log_command:Invoked command in '/home/dkflippo/aug2024/build/gazebo_ros2_control' returned '0': CMAKE_PREFIX_PATH=${CMAKE_PREFIX_PATH}:/home/dkflippo/ros2_control_ws/install/rqt_joint_trajectory_controller:/home/dkflippo/ros2_control_ws/install/rqt_controller_manager:/home/dkflippo/ros2_control_ws/install/ros2controlcli:/home/dkflippo/ros2_control_ws/install/ros2_controllers_test_nodes:/opt/ros/humble /usr/bin/cmake --build /home/dkflippo/aug2024/build/gazebo_ros2_control -- -j12 -l12
[0.696s] Level 1:colcon.colcon_core.environment:create_environment_scripts_only(sllidar_ros2)
[0.697s] Level 1:colcon.colcon_core.environment:checking '/home/dkflippo/aug2024/install/sllidar_ros2' for CMake module files
[0.700s] Level 1:colcon.colcon_core.environment:checking '/home/dkflippo/aug2024/install/sllidar_ros2' for CMake config files
[0.701s] DEBUG:colcon.colcon_core.event_handler.log_command:Invoking command in '/home/dkflippo/aug2024/build/gazebo_ros2_control': CMAKE_PREFIX_PATH=${CMAKE_PREFIX_PATH}:/home/dkflippo/ros2_control_ws/install/rqt_joint_trajectory_controller:/home/dkflippo/ros2_control_ws/install/rqt_controller_manager:/home/dkflippo/ros2_control_ws/install/ros2controlcli:/home/dkflippo/ros2_control_ws/install/ros2_controllers_test_nodes:/opt/ros/humble /usr/bin/cmake --install /home/dkflippo/aug2024/build/gazebo_ros2_control
[0.702s] Level 1:colcon.colcon_core.shell:create_environment_hook('sllidar_ros2', 'cmake_prefix_path')
[0.703s] INFO:colcon.colcon_core.shell:Creating environment hook '/home/dkflippo/aug2024/install/sllidar_ros2/share/sllidar_ros2/hook/cmake_prefix_path.ps1'
[0.704s] INFO:colcon.colcon_core.shell:Creating environment descriptor '/home/dkflippo/aug2024/install/sllidar_ros2/share/sllidar_ros2/hook/cmake_prefix_path.dsv'
[0.705s] INFO:colcon.colcon_core.shell:Creating environment hook '/home/dkflippo/aug2024/install/sllidar_ros2/share/sllidar_ros2/hook/cmake_prefix_path.sh'
[0.708s] DEBUG:colcon.colcon_core.event_handler.log_command:Invoked command in '/home/dkflippo/aug2024/build/sllidar_ros2' returned '0': CMAKE_PREFIX_PATH=${CMAKE_PREFIX_PATH}:/home/dkflippo/ros2_control_ws/install/rqt_joint_trajectory_controller:/home/dkflippo/ros2_control_ws/install/rqt_controller_manager:/home/dkflippo/ros2_control_ws/install/ros2controlcli:/home/dkflippo/ros2_control_ws/install/ros2_controllers_test_nodes:/opt/ros/humble /usr/bin/cmake --install /home/dkflippo/aug2024/build/sllidar_ros2
[0.708s] Level 1:colcon.colcon_core.environment:checking '/home/dkflippo/aug2024/install/sllidar_ros2/lib'
[0.709s] Level 1:colcon.colcon_core.environment:checking '/home/dkflippo/aug2024/install/sllidar_ros2/bin'
[0.709s] Level 1:colcon.colcon_core.environment:checking '/home/dkflippo/aug2024/install/sllidar_ros2/lib/pkgconfig/sllidar_ros2.pc'
[0.709s] Level 1:colcon.colcon_core.environment:checking '/home/dkflippo/aug2024/install/sllidar_ros2/lib/python3.10/site-packages'
[0.709s] Level 1:colcon.colcon_core.environment:checking '/home/dkflippo/aug2024/install/sllidar_ros2/bin'
[0.709s] INFO:colcon.colcon_core.shell:Creating package script '/home/dkflippo/aug2024/install/sllidar_ros2/share/sllidar_ros2/package.ps1'
[0.710s] INFO:colcon.colcon_core.shell:Creating package descriptor '/home/dkflippo/aug2024/install/sllidar_ros2/share/sllidar_ros2/package.dsv'
[0.710s] INFO:colcon.colcon_core.shell:Creating package script '/home/dkflippo/aug2024/install/sllidar_ros2/share/sllidar_ros2/package.sh'
[0.711s] INFO:colcon.colcon_core.shell:Creating package script '/home/dkflippo/aug2024/install/sllidar_ros2/share/sllidar_ros2/package.bash'
[0.711s] INFO:colcon.colcon_core.shell:Creating package script '/home/dkflippo/aug2024/install/sllidar_ros2/share/sllidar_ros2/package.zsh'
[0.712s] Level 1:colcon.colcon_core.environment:create_file_with_runtime_dependencies(/home/dkflippo/aug2024/install/sllidar_ros2/share/colcon-core/packages/sllidar_ros2)
[0.713s] Level 1:colcon.colcon_core.environment:create_environment_scripts_only(sllidar_ros2)
[0.713s] Level 1:colcon.colcon_core.environment:checking '/home/dkflippo/aug2024/install/sllidar_ros2' for CMake module files
[0.714s] Level 1:colcon.colcon_core.environment:checking '/home/dkflippo/aug2024/install/sllidar_ros2' for CMake config files
[0.715s] Level 1:colcon.colcon_core.shell:create_environment_hook('sllidar_ros2', 'cmake_prefix_path')
[0.716s] INFO:colcon.colcon_core.shell:Creating environment hook '/home/dkflippo/aug2024/install/sllidar_ros2/share/sllidar_ros2/hook/cmake_prefix_path.ps1'
[0.716s] INFO:colcon.colcon_core.shell:Creating environment descriptor '/home/dkflippo/aug2024/install/sllidar_ros2/share/sllidar_ros2/hook/cmake_prefix_path.dsv'
[0.717s] INFO:colcon.colcon_core.shell:Creating environment hook '/home/dkflippo/aug2024/install/sllidar_ros2/share/sllidar_ros2/hook/cmake_prefix_path.sh'
[0.718s] Level 1:colcon.colcon_core.environment:checking '/home/dkflippo/aug2024/install/sllidar_ros2/lib'
[0.718s] Level 1:colcon.colcon_core.environment:checking '/home/dkflippo/aug2024/install/sllidar_ros2/bin'
[0.718s] Level 1:colcon.colcon_core.environment:checking '/home/dkflippo/aug2024/install/sllidar_ros2/lib/pkgconfig/sllidar_ros2.pc'
[0.719s] Level 1:colcon.colcon_core.environment:checking '/home/dkflippo/aug2024/install/sllidar_ros2/lib/python3.10/site-packages'
[0.719s] Level 1:colcon.colcon_core.environment:checking '/home/dkflippo/aug2024/install/sllidar_ros2/bin'
[0.719s] INFO:colcon.colcon_core.shell:Creating package script '/home/dkflippo/aug2024/install/sllidar_ros2/share/sllidar_ros2/package.ps1'
[0.720s] INFO:colcon.colcon_core.shell:Creating package descriptor '/home/dkflippo/aug2024/install/sllidar_ros2/share/sllidar_ros2/package.dsv'
[0.721s] INFO:colcon.colcon_core.shell:Creating package script '/home/dkflippo/aug2024/install/sllidar_ros2/share/sllidar_ros2/package.sh'
[0.721s] INFO:colcon.colcon_core.shell:Creating package script '/home/dkflippo/aug2024/install/sllidar_ros2/share/sllidar_ros2/package.bash'
[0.722s] INFO:colcon.colcon_core.shell:Creating package script '/home/dkflippo/aug2024/install/sllidar_ros2/share/sllidar_ros2/package.zsh'
[0.722s] Level 1:colcon.colcon_core.environment:create_file_with_runtime_dependencies(/home/dkflippo/aug2024/install/sllidar_ros2/share/colcon-core/packages/sllidar_ros2)
[0.723s] INFO:colcon.colcon_ros.task.ament_cmake.build:Building ROS package in '/home/dkflippo/aug2024/src/BMC_2024' with build type 'ament_cmake'
[0.723s] INFO:colcon.colcon_cmake.task.cmake.build:Building CMake package in '/home/dkflippo/aug2024/src/BMC_2024'
[0.723s] INFO:colcon.colcon_core.shell:Skip shell extension 'powershell' for command environment: Not usable outside of PowerShell
[0.724s] DEBUG:colcon.colcon_core.shell:Skip shell extension 'dsv' for command environment
[0.734s] DEBUG:colcon.colcon_core.event_handler.log_command:Invoked command in '/home/dkflippo/aug2024/build/pigpio' returned '0': /usr/bin/cmake --build /home/dkflippo/aug2024/build/pigpio -- -j12 -l12
[0.737s] DEBUG:colcon.colcon_core.event_handler.log_command:Invoking command in '/home/dkflippo/aug2024/build/pigpio': /usr/bin/cmake --install /home/dkflippo/aug2024/build/pigpio
[0.738s] Level 1:colcon.colcon_core.environment:create_environment_scripts_only(gazebo_ros2_control)
[0.739s] DEBUG:colcon.colcon_core.event_handler.log_command:Invoked command in '/home/dkflippo/aug2024/build/gazebo_ros2_control' returned '0': CMAKE_PREFIX_PATH=${CMAKE_PREFIX_PATH}:/home/dkflippo/ros2_control_ws/install/rqt_joint_trajectory_controller:/home/dkflippo/ros2_control_ws/install/rqt_controller_manager:/home/dkflippo/ros2_control_ws/install/ros2controlcli:/home/dkflippo/ros2_control_ws/install/ros2_controllers_test_nodes:/opt/ros/humble /usr/bin/cmake --install /home/dkflippo/aug2024/build/gazebo_ros2_control
[0.739s] Level 1:colcon.colcon_core.environment:checking '/home/dkflippo/aug2024/install/gazebo_ros2_control' for CMake module files
[0.740s] Level 1:colcon.colcon_core.environment:checking '/home/dkflippo/aug2024/install/gazebo_ros2_control' for CMake config files
[0.740s] Level 1:colcon.colcon_core.shell:create_environment_hook('gazebo_ros2_control', 'cmake_prefix_path')
[0.741s] INFO:colcon.colcon_core.shell:Creating environment hook '/home/dkflippo/aug2024/install/gazebo_ros2_control/share/gazebo_ros2_control/hook/cmake_prefix_path.ps1'
[0.742s] INFO:colcon.colcon_core.shell:Creating environment descriptor '/home/dkflippo/aug2024/install/gazebo_ros2_control/share/gazebo_ros2_control/hook/cmake_prefix_path.dsv'
[0.743s] INFO:colcon.colcon_core.shell:Creating environment hook '/home/dkflippo/aug2024/install/gazebo_ros2_control/share/gazebo_ros2_control/hook/cmake_prefix_path.sh'
[0.743s] Level 1:colcon.colcon_core.environment:checking '/home/dkflippo/aug2024/install/gazebo_ros2_control/lib'
[0.743s] Level 1:colcon.colcon_core.shell:create_environment_hook('gazebo_ros2_control', 'ld_library_path_lib')
[0.744s] INFO:colcon.colcon_core.shell:Creating environment hook '/home/dkflippo/aug2024/install/gazebo_ros2_control/share/gazebo_ros2_control/hook/ld_library_path_lib.ps1'
[0.744s] INFO:colcon.colcon_core.shell:Creating environment descriptor '/home/dkflippo/aug2024/install/gazebo_ros2_control/share/gazebo_ros2_control/hook/ld_library_path_lib.dsv'
[0.744s] INFO:colcon.colcon_core.shell:Creating environment hook '/home/dkflippo/aug2024/install/gazebo_ros2_control/share/gazebo_ros2_control/hook/ld_library_path_lib.sh'
[0.745s] Level 1:colcon.colcon_core.environment:checking '/home/dkflippo/aug2024/install/gazebo_ros2_control/bin'
[0.745s] Level 1:colcon.colcon_core.environment:checking '/home/dkflippo/aug2024/install/gazebo_ros2_control/lib/pkgconfig/gazebo_ros2_control.pc'
[0.745s] Level 1:colcon.colcon_core.environment:checking '/home/dkflippo/aug2024/install/gazebo_ros2_control/lib/python3.10/site-packages'
[0.745s] Level 1:colcon.colcon_core.environment:checking '/home/dkflippo/aug2024/install/gazebo_ros2_control/bin'
[0.746s] INFO:colcon.colcon_core.shell:Creating package script '/home/dkflippo/aug2024/install/gazebo_ros2_control/share/gazebo_ros2_control/package.ps1'
[0.746s] INFO:colcon.colcon_core.shell:Creating package descriptor '/home/dkflippo/aug2024/install/gazebo_ros2_control/share/gazebo_ros2_control/package.dsv'
[0.746s] INFO:colcon.colcon_core.shell:Creating package script '/home/dkflippo/aug2024/install/gazebo_ros2_control/share/gazebo_ros2_control/package.sh'
[0.747s] INFO:colcon.colcon_core.shell:Creating package script '/home/dkflippo/aug2024/install/gazebo_ros2_control/share/gazebo_ros2_control/package.bash'
[0.747s] INFO:colcon.colcon_core.shell:Creating package script '/home/dkflippo/aug2024/install/gazebo_ros2_control/share/gazebo_ros2_control/package.zsh'
[0.748s] Level 1:colcon.colcon_core.environment:create_file_with_runtime_dependencies(/home/dkflippo/aug2024/install/gazebo_ros2_control/share/colcon-core/packages/gazebo_ros2_control)
[0.748s] Level 1:colcon.colcon_core.environment:create_environment_scripts_only(gazebo_ros2_control)
[0.749s] Level 1:colcon.colcon_core.environment:checking '/home/dkflippo/aug2024/install/gazebo_ros2_control' for CMake module files
[0.749s] Level 1:colcon.colcon_core.environment:checking '/home/dkflippo/aug2024/install/gazebo_ros2_control' for CMake config files
[0.749s] Level 1:colcon.colcon_core.shell:create_environment_hook('gazebo_ros2_control', 'cmake_prefix_path')
[0.749s] INFO:colcon.colcon_core.shell:Creating environment hook '/home/dkflippo/aug2024/install/gazebo_ros2_control/share/gazebo_ros2_control/hook/cmake_prefix_path.ps1'
[0.750s] INFO:colcon.colcon_core.shell:Creating environment descriptor '/home/dkflippo/aug2024/install/gazebo_ros2_control/share/gazebo_ros2_control/hook/cmake_prefix_path.dsv'
[0.750s] INFO:colcon.colcon_core.shell:Creating environment hook '/home/dkflippo/aug2024/install/gazebo_ros2_control/share/gazebo_ros2_control/hook/cmake_prefix_path.sh'
[0.751s] Level 1:colcon.colcon_core.environment:checking '/home/dkflippo/aug2024/install/gazebo_ros2_control/lib'
[0.751s] Level 1:colcon.colcon_core.shell:create_environment_hook('gazebo_ros2_control', 'ld_library_path_lib')
[0.751s] INFO:colcon.colcon_core.shell:Creating environment hook '/home/dkflippo/aug2024/install/gazebo_ros2_control/share/gazebo_ros2_control/hook/ld_library_path_lib.ps1'
[0.752s] INFO:colcon.colcon_core.shell:Creating environment descriptor '/home/dkflippo/aug2024/install/gazebo_ros2_control/share/gazebo_ros2_control/hook/ld_library_path_lib.dsv'
[0.752s] INFO:colcon.colcon_core.shell:Creating environment hook '/home/dkflippo/aug2024/install/gazebo_ros2_control/share/gazebo_ros2_control/hook/ld_library_path_lib.sh'
[0.753s] Level 1:colcon.colcon_core.environment:checking '/home/dkflippo/aug2024/install/gazebo_ros2_control/bin'
[0.753s] Level 1:colcon.colcon_core.environment:checking '/home/dkflippo/aug2024/install/gazebo_ros2_control/lib/pkgconfig/gazebo_ros2_control.pc'
[0.754s] Level 1:colcon.colcon_core.environment:checking '/home/dkflippo/aug2024/install/gazebo_ros2_control/lib/python3.10/site-packages'
[0.754s] Level 1:colcon.colcon_core.environment:checking '/home/dkflippo/aug2024/install/gazebo_ros2_control/bin'
[0.755s] INFO:colcon.colcon_core.shell:Creating package script '/home/dkflippo/aug2024/install/gazebo_ros2_control/share/gazebo_ros2_control/package.ps1'
[0.756s] INFO:colcon.colcon_core.shell:Creating package descriptor '/home/dkflippo/aug2024/install/gazebo_ros2_control/share/gazebo_ros2_control/package.dsv'
[0.757s] INFO:colcon.colcon_core.shell:Creating package script '/home/dkflippo/aug2024/install/gazebo_ros2_control/share/gazebo_ros2_control/package.sh'
[0.758s] INFO:colcon.colcon_core.shell:Creating package script '/home/dkflippo/aug2024/install/gazebo_ros2_control/share/gazebo_ros2_control/package.bash'
[0.759s] INFO:colcon.colcon_core.shell:Creating package script '/home/dkflippo/aug2024/install/gazebo_ros2_control/share/gazebo_ros2_control/package.zsh'
[0.760s] Level 1:colcon.colcon_core.environment:create_file_with_runtime_dependencies(/home/dkflippo/aug2024/install/gazebo_ros2_control/share/colcon-core/packages/gazebo_ros2_control)
[0.761s] INFO:colcon.colcon_ros.task.ament_cmake.build:Building ROS package in '/home/dkflippo/aug2024/src/gazebo_ros2_control/gazebo_ros2_control_demos' with build type 'ament_cmake'
[0.761s] INFO:colcon.colcon_cmake.task.cmake.build:Building CMake package in '/home/dkflippo/aug2024/src/gazebo_ros2_control/gazebo_ros2_control_demos'
[0.761s] INFO:colcon.colcon_core.shell:Skip shell extension 'powershell' for command environment: Not usable outside of PowerShell
[0.761s] DEBUG:colcon.colcon_core.shell:Skip shell extension 'dsv' for command environment
[0.777s] DEBUG:colcon.colcon_core.event_handler.log_command:Invoking command in '/home/dkflippo/aug2024/build/BMC_2024': CMAKE_PREFIX_PATH=/home/dkflippo/aug2024/install/sllidar_ros2:/home/dkflippo/aug2024/install/aug_2024:/home/dkflippo/aug2024/install/BMC_2024:/home/dkflippo/aug2024/install/pigpio:/home/dkflippo/aug2024/install/my_robot_nav2:/home/dkflippo/aug2024/install/gazebo_ros2_control_demos:/home/dkflippo/aug2024/install/gazebo_ros2_control:/home/dkflippo/ros2_control_ws/install/ros2_controllers:/home/dkflippo/ros2_control_ws/install/velocity_controllers:/home/dkflippo/ros2_control_ws/install/tricycle_steering_controller:/home/dkflippo/ros2_control_ws/install/tricycle_controller:/home/dkflippo/ros2_control_ws/install/ros2_control:/home/dkflippo/ros2_control_ws/install/transmission_interface:/home/dkflippo/ros2_control_ws/install/bicycle_steering_controller:/home/dkflippo/ros2_control_ws/install/ackermann_steering_controller:/home/dkflippo/ros2_control_ws/install/steering_controllers_library:/home/dkflippo/ros2_control_ws/install/hardware_interface_testing:/home/dkflippo/ros2_control_ws/install/controller_manager:/home/dkflippo/ros2_control_ws/install/ros2_control_test_assets:/home/dkflippo/ros2_control_ws/install/range_sensor_broadcaster:/home/dkflippo/ros2_control_ws/install/position_controllers:/home/dkflippo/ros2_control_ws/install/pose_broadcaster:/home/dkflippo/ros2_control_ws/install/pid_controller:/home/dkflippo/ros2_control_ws/install/mecanum_drive_controller:/home/dkflippo/ros2_control_ws/install/joint_trajectory_controller:/home/dkflippo/ros2_control_ws/install/joint_state_broadcaster:/home/dkflippo/ros2_control_ws/install/joint_limits:/home/dkflippo/ros2_control_ws/install/imu_sensor_broadcaster:/home/dkflippo/ros2_control_ws/install/gripper_controllers:/home/dkflippo/ros2_control_ws/install/gpio_controllers:/home/dkflippo/ros2_control_ws/install/effort_controllers:/home/dkflippo/ros2_control_ws/install/forward_command_controller:/home/dkflippo/ros2_control_ws/install/force_torque_sensor_broadcaster:/home/dkflippo/ros2_control_ws/install/diff_drive_controller:/home/dkflippo/ros2_control_ws/install/admittance_controller:/home/dkflippo/ros2_control_ws/install/controller_interface:/home/dkflippo/ros2_control_ws/install/hardware_interface:/home/dkflippo/ros2_control_ws/install/controller_manager_msgs:/home/dkflippo/ros2_control_ws/install/rqt_joint_trajectory_controller:/home/dkflippo/ros2_control_ws/install/rqt_controller_manager:/home/dkflippo/ros2_control_ws/install/ros2controlcli:/home/dkflippo/ros2_control_ws/install/ros2_controllers_test_nodes:/opt/ros/humble /usr/bin/cmake --build /home/dkflippo/aug2024/build/BMC_2024 -- -j12 -l12
[0.789s] DEBUG:colcon.colcon_core.event_handler.log_command:Invoking command in '/home/dkflippo/aug2024/build/gazebo_ros2_control_demos': CMAKE_PREFIX_PATH=/home/dkflippo/aug2024/install/gazebo_ros2_control:/home/dkflippo/aug2024/install/aug_2024:/home/dkflippo/aug2024/install/BMC_2024:/home/dkflippo/aug2024/install/sllidar_ros2:/home/dkflippo/aug2024/install/pigpio:/home/dkflippo/aug2024/install/my_robot_nav2:/home/dkflippo/aug2024/install/gazebo_ros2_control_demos:/home/dkflippo/ros2_control_ws/install/ros2_controllers:/home/dkflippo/ros2_control_ws/install/velocity_controllers:/home/dkflippo/ros2_control_ws/install/tricycle_steering_controller:/home/dkflippo/ros2_control_ws/install/tricycle_controller:/home/dkflippo/ros2_control_ws/install/ros2_control:/home/dkflippo/ros2_control_ws/install/transmission_interface:/home/dkflippo/ros2_control_ws/install/bicycle_steering_controller:/home/dkflippo/ros2_control_ws/install/ackermann_steering_controller:/home/dkflippo/ros2_control_ws/install/steering_controllers_library:/home/dkflippo/ros2_control_ws/install/hardware_interface_testing:/home/dkflippo/ros2_control_ws/install/controller_manager:/home/dkflippo/ros2_control_ws/install/ros2_control_test_assets:/home/dkflippo/ros2_control_ws/install/range_sensor_broadcaster:/home/dkflippo/ros2_control_ws/install/position_controllers:/home/dkflippo/ros2_control_ws/install/pose_broadcaster:/home/dkflippo/ros2_control_ws/install/pid_controller:/home/dkflippo/ros2_control_ws/install/mecanum_drive_controller:/home/dkflippo/ros2_control_ws/install/joint_trajectory_controller:/home/dkflippo/ros2_control_ws/install/joint_state_broadcaster:/home/dkflippo/ros2_control_ws/install/joint_limits:/home/dkflippo/ros2_control_ws/install/imu_sensor_broadcaster:/home/dkflippo/ros2_control_ws/install/gripper_controllers:/home/dkflippo/ros2_control_ws/install/gpio_controllers:/home/dkflippo/ros2_control_ws/install/effort_controllers:/home/dkflippo/ros2_control_ws/install/forward_command_controller:/home/dkflippo/ros2_control_ws/install/force_torque_sensor_broadcaster:/home/dkflippo/ros2_control_ws/install/diff_drive_controller:/home/dkflippo/ros2_control_ws/install/admittance_controller:/home/dkflippo/ros2_control_ws/install/controller_interface:/home/dkflippo/ros2_control_ws/install/hardware_interface:/home/dkflippo/ros2_control_ws/install/controller_manager_msgs:/home/dkflippo/ros2_control_ws/install/rqt_joint_trajectory_controller:/home/dkflippo/ros2_control_ws/install/rqt_controller_manager:/home/dkflippo/ros2_control_ws/install/ros2controlcli:/home/dkflippo/ros2_control_ws/install/ros2_controllers_test_nodes:/opt/ros/humble LD_LIBRARY_PATH=/home/dkflippo/aug2024/install/gazebo_ros2_control/lib:/home/dkflippo/aug2024/install/BMC_2024/lib:/home/dkflippo/aug2024/install/pigpio/lib:/home/dkflippo/ros2_control_ws/install/velocity_controllers/lib:/home/dkflippo/ros2_control_ws/install/tricycle_steering_controller/lib:/home/dkflippo/ros2_control_ws/install/tricycle_controller/lib:/home/dkflippo/ros2_control_ws/install/transmission_interface/lib:/home/dkflippo/ros2_control_ws/install/bicycle_steering_controller/lib:/home/dkflippo/ros2_control_ws/install/ackermann_steering_controller/lib:/home/dkflippo/ros2_control_ws/install/steering_controllers_library/lib:/home/dkflippo/ros2_control_ws/install/hardware_interface_testing/lib:/home/dkflippo/ros2_control_ws/install/controller_manager/lib:/home/dkflippo/ros2_control_ws/install/range_sensor_broadcaster/lib:/home/dkflippo/ros2_control_ws/install/position_controllers/lib:/home/dkflippo/ros2_control_ws/install/pose_broadcaster/lib:/home/dkflippo/ros2_control_ws/install/pid_controller/lib:/home/dkflippo/ros2_control_ws/install/mecanum_drive_controller/lib:/home/dkflippo/ros2_control_ws/install/joint_trajectory_controller/lib:/home/dkflippo/ros2_control_ws/install/joint_state_broadcaster/lib:/home/dkflippo/ros2_control_ws/install/joint_limits/lib:/home/dkflippo/ros2_control_ws/install/imu_sensor_broadcaster/lib:/home/dkflippo/ros2_control_ws/install/gripper_controllers/lib:/home/dkflippo/ros2_control_ws/install/gpio_controllers/lib:/home/dkflippo/ros2_control_ws/install/effort_controllers/lib:/home/dkflippo/ros2_control_ws/install/forward_command_controller/lib:/home/dkflippo/ros2_control_ws/install/force_torque_sensor_broadcaster/lib:/home/dkflippo/ros2_control_ws/install/diff_drive_controller/lib:/home/dkflippo/ros2_control_ws/install/admittance_controller/lib:/home/dkflippo/ros2_control_ws/install/controller_interface/lib:/home/dkflippo/ros2_control_ws/install/hardware_interface/lib:/home/dkflippo/ros2_control_ws/install/controller_manager_msgs/lib:/usr/lib/x86_64-linux-gnu/gazebo-11/plugins:/opt/ros/humble/opt/rviz_ogre_vendor/lib:/opt/ros/humble/lib/x86_64-linux-gnu:/opt/ros/humble/lib /usr/bin/cmake --build /home/dkflippo/aug2024/build/gazebo_ros2_control_demos -- -j12 -l12
[0.826s] Level 1:colcon.colcon_core.environment:create_environment_scripts_only(pigpio)
[0.827s] Level 1:colcon.colcon_core.environment:checking '/home/dkflippo/aug2024/install/pigpio' for CMake module files
[0.828s] DEBUG:colcon.colcon_core.event_handler.log_command:Invoked command in '/home/dkflippo/aug2024/build/pigpio' returned '0': /usr/bin/cmake --install /home/dkflippo/aug2024/build/pigpio
[0.828s] Level 1:colcon.colcon_core.environment:checking '/home/dkflippo/aug2024/install/pigpio' for CMake config files
[0.829s] Level 1:colcon.colcon_core.shell:create_environment_hook('pigpio', 'cmake_prefix_path')
[0.829s] INFO:colcon.colcon_core.shell:Creating environment hook '/home/dkflippo/aug2024/install/pigpio/share/pigpio/hook/cmake_prefix_path.ps1'
[0.830s] INFO:colcon.colcon_core.shell:Creating environment descriptor '/home/dkflippo/aug2024/install/pigpio/share/pigpio/hook/cmake_prefix_path.dsv'
[0.830s] INFO:colcon.colcon_core.shell:Creating environment hook '/home/dkflippo/aug2024/install/pigpio/share/pigpio/hook/cmake_prefix_path.sh'
[0.831s] Level 1:colcon.colcon_core.environment:checking '/home/dkflippo/aug2024/install/pigpio/lib'
[0.831s] Level 1:colcon.colcon_core.shell:create_environment_hook('pigpio', 'ld_library_path_lib')
[0.832s] INFO:colcon.colcon_core.shell:Creating environment hook '/home/dkflippo/aug2024/install/pigpio/share/pigpio/hook/ld_library_path_lib.ps1'
[0.832s] INFO:colcon.colcon_core.shell:Creating environment descriptor '/home/dkflippo/aug2024/install/pigpio/share/pigpio/hook/ld_library_path_lib.dsv'
[0.833s] INFO:colcon.colcon_core.shell:Creating environment hook '/home/dkflippo/aug2024/install/pigpio/share/pigpio/hook/ld_library_path_lib.sh'
[0.834s] Level 1:colcon.colcon_core.environment:checking '/home/dkflippo/aug2024/install/pigpio/bin'
[0.834s] Level 1:colcon.colcon_core.shell:create_environment_hook('pigpio', 'path')
[0.834s] INFO:colcon.colcon_core.shell:Creating environment hook '/home/dkflippo/aug2024/install/pigpio/share/pigpio/hook/path.ps1'
[0.835s] INFO:colcon.colcon_core.shell:Creating environment descriptor '/home/dkflippo/aug2024/install/pigpio/share/pigpio/hook/path.dsv'
[0.836s] INFO:colcon.colcon_core.shell:Creating environment hook '/home/dkflippo/aug2024/install/pigpio/share/pigpio/hook/path.sh'
[0.836s] Level 1:colcon.colcon_core.environment:checking '/home/dkflippo/aug2024/install/pigpio/lib/pkgconfig/pigpio.pc'
[0.837s] Level 1:colcon.colcon_core.environment:checking '/home/dkflippo/aug2024/install/pigpio/lib/python3.10/site-packages'
[0.837s] Level 1:colcon.colcon_core.environment:checking '/home/dkflippo/aug2024/install/pigpio/bin'
[0.838s] Level 1:colcon.colcon_core.shell:create_environment_hook('pigpio', 'pythonscriptspath')
[0.838s] INFO:colcon.colcon_core.shell:Creating environment hook '/home/dkflippo/aug2024/install/pigpio/share/pigpio/hook/pythonscriptspath.ps1'
[0.839s] INFO:colcon.colcon_core.shell:Creating environment descriptor '/home/dkflippo/aug2024/install/pigpio/share/pigpio/hook/pythonscriptspath.dsv'
[0.839s] INFO:colcon.colcon_core.shell:Creating environment hook '/home/dkflippo/aug2024/install/pigpio/share/pigpio/hook/pythonscriptspath.sh'
[0.840s] INFO:colcon.colcon_core.shell:Creating package script '/home/dkflippo/aug2024/install/pigpio/share/pigpio/package.ps1'
[0.841s] INFO:colcon.colcon_core.shell:Creating package descriptor '/home/dkflippo/aug2024/install/pigpio/share/pigpio/package.dsv'
[0.842s] INFO:colcon.colcon_core.shell:Creating package script '/home/dkflippo/aug2024/install/pigpio/share/pigpio/package.sh'
[0.842s] INFO:colcon.colcon_core.shell:Creating package script '/home/dkflippo/aug2024/install/pigpio/share/pigpio/package.bash'
[0.843s] INFO:colcon.colcon_core.shell:Creating package script '/home/dkflippo/aug2024/install/pigpio/share/pigpio/package.zsh'
[0.843s] Level 1:colcon.colcon_core.environment:create_file_with_runtime_dependencies(/home/dkflippo/aug2024/install/pigpio/share/colcon-core/packages/pigpio)
[0.933s] DEBUG:colcon.colcon_core.event_handler.log_command:Invoked command in '/home/dkflippo/aug2024/build/BMC_2024' returned '0': CMAKE_PREFIX_PATH=/home/dkflippo/aug2024/install/sllidar_ros2:/home/dkflippo/aug2024/install/aug_2024:/home/dkflippo/aug2024/install/BMC_2024:/home/dkflippo/aug2024/install/pigpio:/home/dkflippo/aug2024/install/my_robot_nav2:/home/dkflippo/aug2024/install/gazebo_ros2_control_demos:/home/dkflippo/aug2024/install/gazebo_ros2_control:/home/dkflippo/ros2_control_ws/install/ros2_controllers:/home/dkflippo/ros2_control_ws/install/velocity_controllers:/home/dkflippo/ros2_control_ws/install/tricycle_steering_controller:/home/dkflippo/ros2_control_ws/install/tricycle_controller:/home/dkflippo/ros2_control_ws/install/ros2_control:/home/dkflippo/ros2_control_ws/install/transmission_interface:/home/dkflippo/ros2_control_ws/install/bicycle_steering_controller:/home/dkflippo/ros2_control_ws/install/ackermann_steering_controller:/home/dkflippo/ros2_control_ws/install/steering_controllers_library:/home/dkflippo/ros2_control_ws/install/hardware_interface_testing:/home/dkflippo/ros2_control_ws/install/controller_manager:/home/dkflippo/ros2_control_ws/install/ros2_control_test_assets:/home/dkflippo/ros2_control_ws/install/range_sensor_broadcaster:/home/dkflippo/ros2_control_ws/install/position_controllers:/home/dkflippo/ros2_control_ws/install/pose_broadcaster:/home/dkflippo/ros2_control_ws/install/pid_controller:/home/dkflippo/ros2_control_ws/install/mecanum_drive_controller:/home/dkflippo/ros2_control_ws/install/joint_trajectory_controller:/home/dkflippo/ros2_control_ws/install/joint_state_broadcaster:/home/dkflippo/ros2_control_ws/install/joint_limits:/home/dkflippo/ros2_control_ws/install/imu_sensor_broadcaster:/home/dkflippo/ros2_control_ws/install/gripper_controllers:/home/dkflippo/ros2_control_ws/install/gpio_controllers:/home/dkflippo/ros2_control_ws/install/effort_controllers:/home/dkflippo/ros2_control_ws/install/forward_command_controller:/home/dkflippo/ros2_control_ws/install/force_torque_sensor_broadcaster:/home/dkflippo/ros2_control_ws/install/diff_drive_controller:/home/dkflippo/ros2_control_ws/install/admittance_controller:/home/dkflippo/ros2_control_ws/install/controller_interface:/home/dkflippo/ros2_control_ws/install/hardware_interface:/home/dkflippo/ros2_control_ws/install/controller_manager_msgs:/home/dkflippo/ros2_control_ws/install/rqt_joint_trajectory_controller:/home/dkflippo/ros2_control_ws/install/rqt_controller_manager:/home/dkflippo/ros2_control_ws/install/ros2controlcli:/home/dkflippo/ros2_control_ws/install/ros2_controllers_test_nodes:/opt/ros/humble /usr/bin/cmake --build /home/dkflippo/aug2024/build/BMC_2024 -- -j12 -l12
[0.934s] DEBUG:colcon.colcon_core.event_handler.log_command:Invoking command in '/home/dkflippo/aug2024/build/BMC_2024': CMAKE_PREFIX_PATH=/home/dkflippo/aug2024/install/sllidar_ros2:/home/dkflippo/aug2024/install/aug_2024:/home/dkflippo/aug2024/install/BMC_2024:/home/dkflippo/aug2024/install/pigpio:/home/dkflippo/aug2024/install/my_robot_nav2:/home/dkflippo/aug2024/install/gazebo_ros2_control_demos:/home/dkflippo/aug2024/install/gazebo_ros2_control:/home/dkflippo/ros2_control_ws/install/ros2_controllers:/home/dkflippo/ros2_control_ws/install/velocity_controllers:/home/dkflippo/ros2_control_ws/install/tricycle_steering_controller:/home/dkflippo/ros2_control_ws/install/tricycle_controller:/home/dkflippo/ros2_control_ws/install/ros2_control:/home/dkflippo/ros2_control_ws/install/transmission_interface:/home/dkflippo/ros2_control_ws/install/bicycle_steering_controller:/home/dkflippo/ros2_control_ws/install/ackermann_steering_controller:/home/dkflippo/ros2_control_ws/install/steering_controllers_library:/home/dkflippo/ros2_control_ws/install/hardware_interface_testing:/home/dkflippo/ros2_control_ws/install/controller_manager:/home/dkflippo/ros2_control_ws/install/ros2_control_test_assets:/home/dkflippo/ros2_control_ws/install/range_sensor_broadcaster:/home/dkflippo/ros2_control_ws/install/position_controllers:/home/dkflippo/ros2_control_ws/install/pose_broadcaster:/home/dkflippo/ros2_control_ws/install/pid_controller:/home/dkflippo/ros2_control_ws/install/mecanum_drive_controller:/home/dkflippo/ros2_control_ws/install/joint_trajectory_controller:/home/dkflippo/ros2_control_ws/install/joint_state_broadcaster:/home/dkflippo/ros2_control_ws/install/joint_limits:/home/dkflippo/ros2_control_ws/install/imu_sensor_broadcaster:/home/dkflippo/ros2_control_ws/install/gripper_controllers:/home/dkflippo/ros2_control_ws/install/gpio_controllers:/home/dkflippo/ros2_control_ws/install/effort_controllers:/home/dkflippo/ros2_control_ws/install/forward_command_controller:/home/dkflippo/ros2_control_ws/install/force_torque_sensor_broadcaster:/home/dkflippo/ros2_control_ws/install/diff_drive_controller:/home/dkflippo/ros2_control_ws/install/admittance_controller:/home/dkflippo/ros2_control_ws/install/controller_interface:/home/dkflippo/ros2_control_ws/install/hardware_interface:/home/dkflippo/ros2_control_ws/install/controller_manager_msgs:/home/dkflippo/ros2_control_ws/install/rqt_joint_trajectory_controller:/home/dkflippo/ros2_control_ws/install/rqt_controller_manager:/home/dkflippo/ros2_control_ws/install/ros2controlcli:/home/dkflippo/ros2_control_ws/install/ros2_controllers_test_nodes:/opt/ros/humble /usr/bin/cmake --install /home/dkflippo/aug2024/build/BMC_2024
[0.936s] DEBUG:colcon.colcon_core.event_handler.log_command:Invoked command in '/home/dkflippo/aug2024/build/gazebo_ros2_control_demos' returned '0': CMAKE_PREFIX_PATH=/home/dkflippo/aug2024/install/gazebo_ros2_control:/home/dkflippo/aug2024/install/aug_2024:/home/dkflippo/aug2024/install/BMC_2024:/home/dkflippo/aug2024/install/sllidar_ros2:/home/dkflippo/aug2024/install/pigpio:/home/dkflippo/aug2024/install/my_robot_nav2:/home/dkflippo/aug2024/install/gazebo_ros2_control_demos:/home/dkflippo/ros2_control_ws/install/ros2_controllers:/home/dkflippo/ros2_control_ws/install/velocity_controllers:/home/dkflippo/ros2_control_ws/install/tricycle_steering_controller:/home/dkflippo/ros2_control_ws/install/tricycle_controller:/home/dkflippo/ros2_control_ws/install/ros2_control:/home/dkflippo/ros2_control_ws/install/transmission_interface:/home/dkflippo/ros2_control_ws/install/bicycle_steering_controller:/home/dkflippo/ros2_control_ws/install/ackermann_steering_controller:/home/dkflippo/ros2_control_ws/install/steering_controllers_library:/home/dkflippo/ros2_control_ws/install/hardware_interface_testing:/home/dkflippo/ros2_control_ws/install/controller_manager:/home/dkflippo/ros2_control_ws/install/ros2_control_test_assets:/home/dkflippo/ros2_control_ws/install/range_sensor_broadcaster:/home/dkflippo/ros2_control_ws/install/position_controllers:/home/dkflippo/ros2_control_ws/install/pose_broadcaster:/home/dkflippo/ros2_control_ws/install/pid_controller:/home/dkflippo/ros2_control_ws/install/mecanum_drive_controller:/home/dkflippo/ros2_control_ws/install/joint_trajectory_controller:/home/dkflippo/ros2_control_ws/install/joint_state_broadcaster:/home/dkflippo/ros2_control_ws/install/joint_limits:/home/dkflippo/ros2_control_ws/install/imu_sensor_broadcaster:/home/dkflippo/ros2_control_ws/install/gripper_controllers:/home/dkflippo/ros2_control_ws/install/gpio_controllers:/home/dkflippo/ros2_control_ws/install/effort_controllers:/home/dkflippo/ros2_control_ws/install/forward_command_controller:/home/dkflippo/ros2_control_ws/install/force_torque_sensor_broadcaster:/home/dkflippo/ros2_control_ws/install/diff_drive_controller:/home/dkflippo/ros2_control_ws/install/admittance_controller:/home/dkflippo/ros2_control_ws/install/controller_interface:/home/dkflippo/ros2_control_ws/install/hardware_interface:/home/dkflippo/ros2_control_ws/install/controller_manager_msgs:/home/dkflippo/ros2_control_ws/install/rqt_joint_trajectory_controller:/home/dkflippo/ros2_control_ws/install/rqt_controller_manager:/home/dkflippo/ros2_control_ws/install/ros2controlcli:/home/dkflippo/ros2_control_ws/install/ros2_controllers_test_nodes:/opt/ros/humble LD_LIBRARY_PATH=/home/dkflippo/aug2024/install/gazebo_ros2_control/lib:/home/dkflippo/aug2024/install/BMC_2024/lib:/home/dkflippo/aug2024/install/pigpio/lib:/home/dkflippo/ros2_control_ws/install/velocity_controllers/lib:/home/dkflippo/ros2_control_ws/install/tricycle_steering_controller/lib:/home/dkflippo/ros2_control_ws/install/tricycle_controller/lib:/home/dkflippo/ros2_control_ws/install/transmission_interface/lib:/home/dkflippo/ros2_control_ws/install/bicycle_steering_controller/lib:/home/dkflippo/ros2_control_ws/install/ackermann_steering_controller/lib:/home/dkflippo/ros2_control_ws/install/steering_controllers_library/lib:/home/dkflippo/ros2_control_ws/install/hardware_interface_testing/lib:/home/dkflippo/ros2_control_ws/install/controller_manager/lib:/home/dkflippo/ros2_control_ws/install/range_sensor_broadcaster/lib:/home/dkflippo/ros2_control_ws/install/position_controllers/lib:/home/dkflippo/ros2_control_ws/install/pose_broadcaster/lib:/home/dkflippo/ros2_control_ws/install/pid_controller/lib:/home/dkflippo/ros2_control_ws/install/mecanum_drive_controller/lib:/home/dkflippo/ros2_control_ws/install/joint_trajectory_controller/lib:/home/dkflippo/ros2_control_ws/install/joint_state_broadcaster/lib:/home/dkflippo/ros2_control_ws/install/joint_limits/lib:/home/dkflippo/ros2_control_ws/install/imu_sensor_broadcaster/lib:/home/dkflippo/ros2_control_ws/install/gripper_controllers/lib:/home/dkflippo/ros2_control_ws/install/gpio_controllers/lib:/home/dkflippo/ros2_control_ws/install/effort_controllers/lib:/home/dkflippo/ros2_control_ws/install/forward_command_controller/lib:/home/dkflippo/ros2_control_ws/install/force_torque_sensor_broadcaster/lib:/home/dkflippo/ros2_control_ws/install/diff_drive_controller/lib:/home/dkflippo/ros2_control_ws/install/admittance_controller/lib:/home/dkflippo/ros2_control_ws/install/controller_interface/lib:/home/dkflippo/ros2_control_ws/install/hardware_interface/lib:/home/dkflippo/ros2_control_ws/install/controller_manager_msgs/lib:/usr/lib/x86_64-linux-gnu/gazebo-11/plugins:/opt/ros/humble/opt/rviz_ogre_vendor/lib:/opt/ros/humble/lib/x86_64-linux-gnu:/opt/ros/humble/lib /usr/bin/cmake --build /home/dkflippo/aug2024/build/gazebo_ros2_control_demos -- -j12 -l12
[0.938s] DEBUG:colcon.colcon_core.event_handler.log_command:Invoking command in '/home/dkflippo/aug2024/build/gazebo_ros2_control_demos': CMAKE_PREFIX_PATH=/home/dkflippo/aug2024/install/gazebo_ros2_control:/home/dkflippo/aug2024/install/aug_2024:/home/dkflippo/aug2024/install/BMC_2024:/home/dkflippo/aug2024/install/sllidar_ros2:/home/dkflippo/aug2024/install/pigpio:/home/dkflippo/aug2024/install/my_robot_nav2:/home/dkflippo/aug2024/install/gazebo_ros2_control_demos:/home/dkflippo/ros2_control_ws/install/ros2_controllers:/home/dkflippo/ros2_control_ws/install/velocity_controllers:/home/dkflippo/ros2_control_ws/install/tricycle_steering_controller:/home/dkflippo/ros2_control_ws/install/tricycle_controller:/home/dkflippo/ros2_control_ws/install/ros2_control:/home/dkflippo/ros2_control_ws/install/transmission_interface:/home/dkflippo/ros2_control_ws/install/bicycle_steering_controller:/home/dkflippo/ros2_control_ws/install/ackermann_steering_controller:/home/dkflippo/ros2_control_ws/install/steering_controllers_library:/home/dkflippo/ros2_control_ws/install/hardware_interface_testing:/home/dkflippo/ros2_control_ws/install/controller_manager:/home/dkflippo/ros2_control_ws/install/ros2_control_test_assets:/home/dkflippo/ros2_control_ws/install/range_sensor_broadcaster:/home/dkflippo/ros2_control_ws/install/position_controllers:/home/dkflippo/ros2_control_ws/install/pose_broadcaster:/home/dkflippo/ros2_control_ws/install/pid_controller:/home/dkflippo/ros2_control_ws/install/mecanum_drive_controller:/home/dkflippo/ros2_control_ws/install/joint_trajectory_controller:/home/dkflippo/ros2_control_ws/install/joint_state_broadcaster:/home/dkflippo/ros2_control_ws/install/joint_limits:/home/dkflippo/ros2_control_ws/install/imu_sensor_broadcaster:/home/dkflippo/ros2_control_ws/install/gripper_controllers:/home/dkflippo/ros2_control_ws/install/gpio_controllers:/home/dkflippo/ros2_control_ws/install/effort_controllers:/home/dkflippo/ros2_control_ws/install/forward_command_controller:/home/dkflippo/ros2_control_ws/install/force_torque_sensor_broadcaster:/home/dkflippo/ros2_control_ws/install/diff_drive_controller:/home/dkflippo/ros2_control_ws/install/admittance_controller:/home/dkflippo/ros2_control_ws/install/controller_interface:/home/dkflippo/ros2_control_ws/install/hardware_interface:/home/dkflippo/ros2_control_ws/install/controller_manager_msgs:/home/dkflippo/ros2_control_ws/install/rqt_joint_trajectory_controller:/home/dkflippo/ros2_control_ws/install/rqt_controller_manager:/home/dkflippo/ros2_control_ws/install/ros2controlcli:/home/dkflippo/ros2_control_ws/install/ros2_controllers_test_nodes:/opt/ros/humble LD_LIBRARY_PATH=/home/dkflippo/aug2024/install/gazebo_ros2_control/lib:/home/dkflippo/aug2024/install/BMC_2024/lib:/home/dkflippo/aug2024/install/pigpio/lib:/home/dkflippo/ros2_control_ws/install/velocity_controllers/lib:/home/dkflippo/ros2_control_ws/install/tricycle_steering_controller/lib:/home/dkflippo/ros2_control_ws/install/tricycle_controller/lib:/home/dkflippo/ros2_control_ws/install/transmission_interface/lib:/home/dkflippo/ros2_control_ws/install/bicycle_steering_controller/lib:/home/dkflippo/ros2_control_ws/install/ackermann_steering_controller/lib:/home/dkflippo/ros2_control_ws/install/steering_controllers_library/lib:/home/dkflippo/ros2_control_ws/install/hardware_interface_testing/lib:/home/dkflippo/ros2_control_ws/install/controller_manager/lib:/home/dkflippo/ros2_control_ws/install/range_sensor_broadcaster/lib:/home/dkflippo/ros2_control_ws/install/position_controllers/lib:/home/dkflippo/ros2_control_ws/install/pose_broadcaster/lib:/home/dkflippo/ros2_control_ws/install/pid_controller/lib:/home/dkflippo/ros2_control_ws/install/mecanum_drive_controller/lib:/home/dkflippo/ros2_control_ws/install/joint_trajectory_controller/lib:/home/dkflippo/ros2_control_ws/install/joint_state_broadcaster/lib:/home/dkflippo/ros2_control_ws/install/joint_limits/lib:/home/dkflippo/ros2_control_ws/install/imu_sensor_broadcaster/lib:/home/dkflippo/ros2_control_ws/install/gripper_controllers/lib:/home/dkflippo/ros2_control_ws/install/gpio_controllers/lib:/home/dkflippo/ros2_control_ws/install/effort_controllers/lib:/home/dkflippo/ros2_control_ws/install/forward_command_controller/lib:/home/dkflippo/ros2_control_ws/install/force_torque_sensor_broadcaster/lib:/home/dkflippo/ros2_control_ws/install/diff_drive_controller/lib:/home/dkflippo/ros2_control_ws/install/admittance_controller/lib:/home/dkflippo/ros2_control_ws/install/controller_interface/lib:/home/dkflippo/ros2_control_ws/install/hardware_interface/lib:/home/dkflippo/ros2_control_ws/install/controller_manager_msgs/lib:/usr/lib/x86_64-linux-gnu/gazebo-11/plugins:/opt/ros/humble/opt/rviz_ogre_vendor/lib:/opt/ros/humble/lib/x86_64-linux-gnu:/opt/ros/humble/lib /usr/bin/cmake --install /home/dkflippo/aug2024/build/gazebo_ros2_control_demos
[0.952s] Level 1:colcon.colcon_core.environment:create_environment_scripts_only(BMC_2024)
[0.953s] Level 1:colcon.colcon_core.environment:checking '/home/dkflippo/aug2024/install/BMC_2024' for CMake module files
[0.955s] Level 1:colcon.colcon_core.environment:checking '/home/dkflippo/aug2024/install/BMC_2024' for CMake config files
[0.957s] Level 1:colcon.colcon_core.shell:create_environment_hook('BMC_2024', 'cmake_prefix_path')
[0.958s] INFO:colcon.colcon_core.shell:Creating environment hook '/home/dkflippo/aug2024/install/BMC_2024/share/BMC_2024/hook/cmake_prefix_path.ps1'
[0.958s] INFO:colcon.colcon_core.shell:Creating environment descriptor '/home/dkflippo/aug2024/install/BMC_2024/share/BMC_2024/hook/cmake_prefix_path.dsv'
[0.959s] INFO:colcon.colcon_core.shell:Creating environment hook '/home/dkflippo/aug2024/install/BMC_2024/share/BMC_2024/hook/cmake_prefix_path.sh'
[0.959s] DEBUG:colcon.colcon_core.event_handler.log_command:Invoked command in '/home/dkflippo/aug2024/build/BMC_2024' returned '0': CMAKE_PREFIX_PATH=/home/dkflippo/aug2024/install/sllidar_ros2:/home/dkflippo/aug2024/install/aug_2024:/home/dkflippo/aug2024/install/BMC_2024:/home/dkflippo/aug2024/install/pigpio:/home/dkflippo/aug2024/install/my_robot_nav2:/home/dkflippo/aug2024/install/gazebo_ros2_control_demos:/home/dkflippo/aug2024/install/gazebo_ros2_control:/home/dkflippo/ros2_control_ws/install/ros2_controllers:/home/dkflippo/ros2_control_ws/install/velocity_controllers:/home/dkflippo/ros2_control_ws/install/tricycle_steering_controller:/home/dkflippo/ros2_control_ws/install/tricycle_controller:/home/dkflippo/ros2_control_ws/install/ros2_control:/home/dkflippo/ros2_control_ws/install/transmission_interface:/home/dkflippo/ros2_control_ws/install/bicycle_steering_controller:/home/dkflippo/ros2_control_ws/install/ackermann_steering_controller:/home/dkflippo/ros2_control_ws/install/steering_controllers_library:/home/dkflippo/ros2_control_ws/install/hardware_interface_testing:/home/dkflippo/ros2_control_ws/install/controller_manager:/home/dkflippo/ros2_control_ws/install/ros2_control_test_assets:/home/dkflippo/ros2_control_ws/install/range_sensor_broadcaster:/home/dkflippo/ros2_control_ws/install/position_controllers:/home/dkflippo/ros2_control_ws/install/pose_broadcaster:/home/dkflippo/ros2_control_ws/install/pid_controller:/home/dkflippo/ros2_control_ws/install/mecanum_drive_controller:/home/dkflippo/ros2_control_ws/install/joint_trajectory_controller:/home/dkflippo/ros2_control_ws/install/joint_state_broadcaster:/home/dkflippo/ros2_control_ws/install/joint_limits:/home/dkflippo/ros2_control_ws/install/imu_sensor_broadcaster:/home/dkflippo/ros2_control_ws/install/gripper_controllers:/home/dkflippo/ros2_control_ws/install/gpio_controllers:/home/dkflippo/ros2_control_ws/install/effort_controllers:/home/dkflippo/ros2_control_ws/install/forward_command_controller:/home/dkflippo/ros2_control_ws/install/force_torque_sensor_broadcaster:/home/dkflippo/ros2_control_ws/install/diff_drive_controller:/home/dkflippo/ros2_control_ws/install/admittance_controller:/home/dkflippo/ros2_control_ws/install/controller_interface:/home/dkflippo/ros2_control_ws/install/hardware_interface:/home/dkflippo/ros2_control_ws/install/controller_manager_msgs:/home/dkflippo/ros2_control_ws/install/rqt_joint_trajectory_controller:/home/dkflippo/ros2_control_ws/install/rqt_controller_manager:/home/dkflippo/ros2_control_ws/install/ros2controlcli:/home/dkflippo/ros2_control_ws/install/ros2_controllers_test_nodes:/opt/ros/humble /usr/bin/cmake --install /home/dkflippo/aug2024/build/BMC_2024
[0.960s] Level 1:colcon.colcon_core.environment:checking '/home/dkflippo/aug2024/install/BMC_2024/lib'
[0.960s] Level 1:colcon.colcon_core.shell:create_environment_hook('BMC_2024', 'ld_library_path_lib')
[0.960s] INFO:colcon.colcon_core.shell:Creating environment hook '/home/dkflippo/aug2024/install/BMC_2024/share/BMC_2024/hook/ld_library_path_lib.ps1'
[0.961s] INFO:colcon.colcon_core.shell:Creating environment descriptor '/home/dkflippo/aug2024/install/BMC_2024/share/BMC_2024/hook/ld_library_path_lib.dsv'
[0.961s] INFO:colcon.colcon_core.shell:Creating environment hook '/home/dkflippo/aug2024/install/BMC_2024/share/BMC_2024/hook/ld_library_path_lib.sh'
[0.962s] Level 1:colcon.colcon_core.environment:checking '/home/dkflippo/aug2024/install/BMC_2024/bin'
[0.962s] Level 1:colcon.colcon_core.environment:checking '/home/dkflippo/aug2024/install/BMC_2024/lib/pkgconfig/BMC_2024.pc'
[0.962s] Level 1:colcon.colcon_core.environment:checking '/home/dkflippo/aug2024/install/BMC_2024/lib/python3.10/site-packages'
[0.962s] Level 1:colcon.colcon_core.environment:checking '/home/dkflippo/aug2024/install/BMC_2024/bin'
[0.962s] INFO:colcon.colcon_core.shell:Creating package script '/home/dkflippo/aug2024/install/BMC_2024/share/BMC_2024/package.ps1'
[0.963s] INFO:colcon.colcon_core.shell:Creating package descriptor '/home/dkflippo/aug2024/install/BMC_2024/share/BMC_2024/package.dsv'
[0.964s] INFO:colcon.colcon_core.shell:Creating package script '/home/dkflippo/aug2024/install/BMC_2024/share/BMC_2024/package.sh'
[0.964s] INFO:colcon.colcon_core.shell:Creating package script '/home/dkflippo/aug2024/install/BMC_2024/share/BMC_2024/package.bash'
[0.965s] INFO:colcon.colcon_core.shell:Creating package script '/home/dkflippo/aug2024/install/BMC_2024/share/BMC_2024/package.zsh'
[0.966s] Level 1:colcon.colcon_core.environment:create_file_with_runtime_dependencies(/home/dkflippo/aug2024/install/BMC_2024/share/colcon-core/packages/BMC_2024)
[0.966s] Level 1:colcon.colcon_core.environment:create_environment_scripts_only(BMC_2024)
[0.967s] Level 1:colcon.colcon_core.environment:checking '/home/dkflippo/aug2024/install/BMC_2024' for CMake module files
[0.967s] Level 1:colcon.colcon_core.environment:checking '/home/dkflippo/aug2024/install/BMC_2024' for CMake config files
[0.967s] Level 1:colcon.colcon_core.shell:create_environment_hook('BMC_2024', 'cmake_prefix_path')
[0.967s] INFO:colcon.colcon_core.shell:Creating environment hook '/home/dkflippo/aug2024/install/BMC_2024/share/BMC_2024/hook/cmake_prefix_path.ps1'
[0.968s] INFO:colcon.colcon_core.shell:Creating environment descriptor '/home/dkflippo/aug2024/install/BMC_2024/share/BMC_2024/hook/cmake_prefix_path.dsv'
[0.968s] INFO:colcon.colcon_core.shell:Creating environment hook '/home/dkflippo/aug2024/install/BMC_2024/share/BMC_2024/hook/cmake_prefix_path.sh'
[0.969s] Level 1:colcon.colcon_core.environment:checking '/home/dkflippo/aug2024/install/BMC_2024/lib'
[0.969s] Level 1:colcon.colcon_core.shell:create_environment_hook('BMC_2024', 'ld_library_path_lib')
[0.970s] INFO:colcon.colcon_core.shell:Creating environment hook '/home/dkflippo/aug2024/install/BMC_2024/share/BMC_2024/hook/ld_library_path_lib.ps1'
[0.970s] INFO:colcon.colcon_core.shell:Creating environment descriptor '/home/dkflippo/aug2024/install/BMC_2024/share/BMC_2024/hook/ld_library_path_lib.dsv'
[0.970s] INFO:colcon.colcon_core.shell:Creating environment hook '/home/dkflippo/aug2024/install/BMC_2024/share/BMC_2024/hook/ld_library_path_lib.sh'
[0.971s] Level 1:colcon.colcon_core.environment:checking '/home/dkflippo/aug2024/install/BMC_2024/bin'
[0.971s] Level 1:colcon.colcon_core.environment:checking '/home/dkflippo/aug2024/install/BMC_2024/lib/pkgconfig/BMC_2024.pc'
[0.971s] Level 1:colcon.colcon_core.environment:checking '/home/dkflippo/aug2024/install/BMC_2024/lib/python3.10/site-packages'
[0.971s] Level 1:colcon.colcon_core.environment:checking '/home/dkflippo/aug2024/install/BMC_2024/bin'
[0.972s] INFO:colcon.colcon_core.shell:Creating package script '/home/dkflippo/aug2024/install/BMC_2024/share/BMC_2024/package.ps1'
[0.973s] INFO:colcon.colcon_core.shell:Creating package descriptor '/home/dkflippo/aug2024/install/BMC_2024/share/BMC_2024/package.dsv'
[0.974s] INFO:colcon.colcon_core.shell:Creating package script '/home/dkflippo/aug2024/install/BMC_2024/share/BMC_2024/package.sh'
[0.975s] INFO:colcon.colcon_core.shell:Creating package script '/home/dkflippo/aug2024/install/BMC_2024/share/BMC_2024/package.bash'
[0.975s] INFO:colcon.colcon_core.shell:Creating package script '/home/dkflippo/aug2024/install/BMC_2024/share/BMC_2024/package.zsh'
[0.976s] Level 1:colcon.colcon_core.environment:create_file_with_runtime_dependencies(/home/dkflippo/aug2024/install/BMC_2024/share/colcon-core/packages/BMC_2024)
[0.976s] INFO:colcon.colcon_ros.task.ament_cmake.build:Building ROS package in '/home/dkflippo/aug2024/src/aug_2024' with build type 'ament_cmake'
[0.976s] INFO:colcon.colcon_cmake.task.cmake.build:Building CMake package in '/home/dkflippo/aug2024/src/aug_2024'
[0.976s] INFO:colcon.colcon_core.shell:Skip shell extension 'powershell' for command environment: Not usable outside of PowerShell
[0.976s] DEBUG:colcon.colcon_core.shell:Skip shell extension 'dsv' for command environment
[0.984s] Level 1:colcon.colcon_core.environment:create_environment_scripts_only(gazebo_ros2_control_demos)
[0.985s] Level 1:colcon.colcon_core.environment:checking '/home/dkflippo/aug2024/install/gazebo_ros2_control_demos' for CMake module files
[0.985s] DEBUG:colcon.colcon_core.event_handler.log_command:Invoked command in '/home/dkflippo/aug2024/build/gazebo_ros2_control_demos' returned '0': CMAKE_PREFIX_PATH=/home/dkflippo/aug2024/install/gazebo_ros2_control:/home/dkflippo/aug2024/install/aug_2024:/home/dkflippo/aug2024/install/BMC_2024:/home/dkflippo/aug2024/install/sllidar_ros2:/home/dkflippo/aug2024/install/pigpio:/home/dkflippo/aug2024/install/my_robot_nav2:/home/dkflippo/aug2024/install/gazebo_ros2_control_demos:/home/dkflippo/ros2_control_ws/install/ros2_controllers:/home/dkflippo/ros2_control_ws/install/velocity_controllers:/home/dkflippo/ros2_control_ws/install/tricycle_steering_controller:/home/dkflippo/ros2_control_ws/install/tricycle_controller:/home/dkflippo/ros2_control_ws/install/ros2_control:/home/dkflippo/ros2_control_ws/install/transmission_interface:/home/dkflippo/ros2_control_ws/install/bicycle_steering_controller:/home/dkflippo/ros2_control_ws/install/ackermann_steering_controller:/home/dkflippo/ros2_control_ws/install/steering_controllers_library:/home/dkflippo/ros2_control_ws/install/hardware_interface_testing:/home/dkflippo/ros2_control_ws/install/controller_manager:/home/dkflippo/ros2_control_ws/install/ros2_control_test_assets:/home/dkflippo/ros2_control_ws/install/range_sensor_broadcaster:/home/dkflippo/ros2_control_ws/install/position_controllers:/home/dkflippo/ros2_control_ws/install/pose_broadcaster:/home/dkflippo/ros2_control_ws/install/pid_controller:/home/dkflippo/ros2_control_ws/install/mecanum_drive_controller:/home/dkflippo/ros2_control_ws/install/joint_trajectory_controller:/home/dkflippo/ros2_control_ws/install/joint_state_broadcaster:/home/dkflippo/ros2_control_ws/install/joint_limits:/home/dkflippo/ros2_control_ws/install/imu_sensor_broadcaster:/home/dkflippo/ros2_control_ws/install/gripper_controllers:/home/dkflippo/ros2_control_ws/install/gpio_controllers:/home/dkflippo/ros2_control_ws/install/effort_controllers:/home/dkflippo/ros2_control_ws/install/forward_command_controller:/home/dkflippo/ros2_control_ws/install/force_torque_sensor_broadcaster:/home/dkflippo/ros2_control_ws/install/diff_drive_controller:/home/dkflippo/ros2_control_ws/install/admittance_controller:/home/dkflippo/ros2_control_ws/install/controller_interface:/home/dkflippo/ros2_control_ws/install/hardware_interface:/home/dkflippo/ros2_control_ws/install/controller_manager_msgs:/home/dkflippo/ros2_control_ws/install/rqt_joint_trajectory_controller:/home/dkflippo/ros2_control_ws/install/rqt_controller_manager:/home/dkflippo/ros2_control_ws/install/ros2controlcli:/home/dkflippo/ros2_control_ws/install/ros2_controllers_test_nodes:/opt/ros/humble LD_LIBRARY_PATH=/home/dkflippo/aug2024/install/gazebo_ros2_control/lib:/home/dkflippo/aug2024/install/BMC_2024/lib:/home/dkflippo/aug2024/install/pigpio/lib:/home/dkflippo/ros2_control_ws/install/velocity_controllers/lib:/home/dkflippo/ros2_control_ws/install/tricycle_steering_controller/lib:/home/dkflippo/ros2_control_ws/install/tricycle_controller/lib:/home/dkflippo/ros2_control_ws/install/transmission_interface/lib:/home/dkflippo/ros2_control_ws/install/bicycle_steering_controller/lib:/home/dkflippo/ros2_control_ws/install/ackermann_steering_controller/lib:/home/dkflippo/ros2_control_ws/install/steering_controllers_library/lib:/home/dkflippo/ros2_control_ws/install/hardware_interface_testing/lib:/home/dkflippo/ros2_control_ws/install/controller_manager/lib:/home/dkflippo/ros2_control_ws/install/range_sensor_broadcaster/lib:/home/dkflippo/ros2_control_ws/install/position_controllers/lib:/home/dkflippo/ros2_control_ws/install/pose_broadcaster/lib:/home/dkflippo/ros2_control_ws/install/pid_controller/lib:/home/dkflippo/ros2_control_ws/install/mecanum_drive_controller/lib:/home/dkflippo/ros2_control_ws/install/joint_trajectory_controller/lib:/home/dkflippo/ros2_control_ws/install/joint_state_broadcaster/lib:/home/dkflippo/ros2_control_ws/install/joint_limits/lib:/home/dkflippo/ros2_control_ws/install/imu_sensor_broadcaster/lib:/home/dkflippo/ros2_control_ws/install/gripper_controllers/lib:/home/dkflippo/ros2_control_ws/install/gpio_controllers/lib:/home/dkflippo/ros2_control_ws/install/effort_controllers/lib:/home/dkflippo/ros2_control_ws/install/forward_command_controller/lib:/home/dkflippo/ros2_control_ws/install/force_torque_sensor_broadcaster/lib:/home/dkflippo/ros2_control_ws/install/diff_drive_controller/lib:/home/dkflippo/ros2_control_ws/install/admittance_controller/lib:/home/dkflippo/ros2_control_ws/install/controller_interface/lib:/home/dkflippo/ros2_control_ws/install/hardware_interface/lib:/home/dkflippo/ros2_control_ws/install/controller_manager_msgs/lib:/usr/lib/x86_64-linux-gnu/gazebo-11/plugins:/opt/ros/humble/opt/rviz_ogre_vendor/lib:/opt/ros/humble/lib/x86_64-linux-gnu:/opt/ros/humble/lib /usr/bin/cmake --install /home/dkflippo/aug2024/build/gazebo_ros2_control_demos
[0.986s] Level 1:colcon.colcon_core.environment:checking '/home/dkflippo/aug2024/install/gazebo_ros2_control_demos' for CMake config files
[0.987s] Level 1:colcon.colcon_core.shell:create_environment_hook('gazebo_ros2_control_demos', 'cmake_prefix_path')
[0.987s] INFO:colcon.colcon_core.shell:Creating environment hook '/home/dkflippo/aug2024/install/gazebo_ros2_control_demos/share/gazebo_ros2_control_demos/hook/cmake_prefix_path.ps1'
[0.987s] INFO:colcon.colcon_core.shell:Creating environment descriptor '/home/dkflippo/aug2024/install/gazebo_ros2_control_demos/share/gazebo_ros2_control_demos/hook/cmake_prefix_path.dsv'
[0.988s] INFO:colcon.colcon_core.shell:Creating environment hook '/home/dkflippo/aug2024/install/gazebo_ros2_control_demos/share/gazebo_ros2_control_demos/hook/cmake_prefix_path.sh'
[0.989s] Level 1:colcon.colcon_core.environment:checking '/home/dkflippo/aug2024/install/gazebo_ros2_control_demos/lib'
[0.989s] Level 1:colcon.colcon_core.environment:checking '/home/dkflippo/aug2024/install/gazebo_ros2_control_demos/bin'
[0.989s] Level 1:colcon.colcon_core.environment:checking '/home/dkflippo/aug2024/install/gazebo_ros2_control_demos/lib/pkgconfig/gazebo_ros2_control_demos.pc'
[0.989s] Level 1:colcon.colcon_core.environment:checking '/home/dkflippo/aug2024/install/gazebo_ros2_control_demos/lib/python3.10/site-packages'
[0.989s] Level 1:colcon.colcon_core.environment:checking '/home/dkflippo/aug2024/install/gazebo_ros2_control_demos/bin'
[0.989s] INFO:colcon.colcon_core.shell:Creating package script '/home/dkflippo/aug2024/install/gazebo_ros2_control_demos/share/gazebo_ros2_control_demos/package.ps1'
[0.990s] INFO:colcon.colcon_core.shell:Creating package descriptor '/home/dkflippo/aug2024/install/gazebo_ros2_control_demos/share/gazebo_ros2_control_demos/package.dsv'
[0.990s] INFO:colcon.colcon_core.shell:Creating package script '/home/dkflippo/aug2024/install/gazebo_ros2_control_demos/share/gazebo_ros2_control_demos/package.sh'
[0.991s] INFO:colcon.colcon_core.shell:Creating package script '/home/dkflippo/aug2024/install/gazebo_ros2_control_demos/share/gazebo_ros2_control_demos/package.bash'
[0.991s] INFO:colcon.colcon_core.shell:Creating package script '/home/dkflippo/aug2024/install/gazebo_ros2_control_demos/share/gazebo_ros2_control_demos/package.zsh'
[0.991s] Level 1:colcon.colcon_core.environment:create_file_with_runtime_dependencies(/home/dkflippo/aug2024/install/gazebo_ros2_control_demos/share/colcon-core/packages/gazebo_ros2_control_demos)
[0.992s] Level 1:colcon.colcon_core.environment:create_environment_scripts_only(gazebo_ros2_control_demos)
[0.992s] Level 1:colcon.colcon_core.environment:checking '/home/dkflippo/aug2024/install/gazebo_ros2_control_demos' for CMake module files
[0.993s] Level 1:colcon.colcon_core.environment:checking '/home/dkflippo/aug2024/install/gazebo_ros2_control_demos' for CMake config files
[0.993s] Level 1:colcon.colcon_core.shell:create_environment_hook('gazebo_ros2_control_demos', 'cmake_prefix_path')
[0.993s] INFO:colcon.colcon_core.shell:Creating environment hook '/home/dkflippo/aug2024/install/gazebo_ros2_control_demos/share/gazebo_ros2_control_demos/hook/cmake_prefix_path.ps1'
[0.994s] INFO:colcon.colcon_core.shell:Creating environment descriptor '/home/dkflippo/aug2024/install/gazebo_ros2_control_demos/share/gazebo_ros2_control_demos/hook/cmake_prefix_path.dsv'
[0.994s] INFO:colcon.colcon_core.shell:Creating environment hook '/home/dkflippo/aug2024/install/gazebo_ros2_control_demos/share/gazebo_ros2_control_demos/hook/cmake_prefix_path.sh'
[0.994s] Level 1:colcon.colcon_core.environment:checking '/home/dkflippo/aug2024/install/gazebo_ros2_control_demos/lib'
[0.994s] Level 1:colcon.colcon_core.environment:checking '/home/dkflippo/aug2024/install/gazebo_ros2_control_demos/bin'
[0.995s] Level 1:colcon.colcon_core.environment:checking '/home/dkflippo/aug2024/install/gazebo_ros2_control_demos/lib/pkgconfig/gazebo_ros2_control_demos.pc'
[0.995s] Level 1:colcon.colcon_core.environment:checking '/home/dkflippo/aug2024/install/gazebo_ros2_control_demos/lib/python3.10/site-packages'
[0.995s] Level 1:colcon.colcon_core.environment:checking '/home/dkflippo/aug2024/install/gazebo_ros2_control_demos/bin'
[0.995s] INFO:colcon.colcon_core.shell:Creating package script '/home/dkflippo/aug2024/install/gazebo_ros2_control_demos/share/gazebo_ros2_control_demos/package.ps1'
[0.996s] INFO:colcon.colcon_core.shell:Creating package descriptor '/home/dkflippo/aug2024/install/gazebo_ros2_control_demos/share/gazebo_ros2_control_demos/package.dsv'
[0.996s] INFO:colcon.colcon_core.shell:Creating package script '/home/dkflippo/aug2024/install/gazebo_ros2_control_demos/share/gazebo_ros2_control_demos/package.sh'
[0.997s] INFO:colcon.colcon_core.shell:Creating package script '/home/dkflippo/aug2024/install/gazebo_ros2_control_demos/share/gazebo_ros2_control_demos/package.bash'
[0.997s] INFO:colcon.colcon_core.shell:Creating package script '/home/dkflippo/aug2024/install/gazebo_ros2_control_demos/share/gazebo_ros2_control_demos/package.zsh'
[0.997s] Level 1:colcon.colcon_core.environment:create_file_with_runtime_dependencies(/home/dkflippo/aug2024/install/gazebo_ros2_control_demos/share/colcon-core/packages/gazebo_ros2_control_demos)
[1.004s] DEBUG:colcon.colcon_core.event_handler.log_command:Invoking command in '/home/dkflippo/aug2024/build/aug_2024': CMAKE_PREFIX_PATH=/home/dkflippo/aug2024/install/BMC_2024:/home/dkflippo/aug2024/install/sllidar_ros2:/home/dkflippo/aug2024/install/aug_2024:/home/dkflippo/aug2024/install/pigpio:/home/dkflippo/aug2024/install/my_robot_nav2:/home/dkflippo/aug2024/install/gazebo_ros2_control_demos:/home/dkflippo/aug2024/install/gazebo_ros2_control:/home/dkflippo/ros2_control_ws/install/ros2_controllers:/home/dkflippo/ros2_control_ws/install/velocity_controllers:/home/dkflippo/ros2_control_ws/install/tricycle_steering_controller:/home/dkflippo/ros2_control_ws/install/tricycle_controller:/home/dkflippo/ros2_control_ws/install/ros2_control:/home/dkflippo/ros2_control_ws/install/transmission_interface:/home/dkflippo/ros2_control_ws/install/bicycle_steering_controller:/home/dkflippo/ros2_control_ws/install/ackermann_steering_controller:/home/dkflippo/ros2_control_ws/install/steering_controllers_library:/home/dkflippo/ros2_control_ws/install/hardware_interface_testing:/home/dkflippo/ros2_control_ws/install/controller_manager:/home/dkflippo/ros2_control_ws/install/ros2_control_test_assets:/home/dkflippo/ros2_control_ws/install/range_sensor_broadcaster:/home/dkflippo/ros2_control_ws/install/position_controllers:/home/dkflippo/ros2_control_ws/install/pose_broadcaster:/home/dkflippo/ros2_control_ws/install/pid_controller:/home/dkflippo/ros2_control_ws/install/mecanum_drive_controller:/home/dkflippo/ros2_control_ws/install/joint_trajectory_controller:/home/dkflippo/ros2_control_ws/install/joint_state_broadcaster:/home/dkflippo/ros2_control_ws/install/joint_limits:/home/dkflippo/ros2_control_ws/install/imu_sensor_broadcaster:/home/dkflippo/ros2_control_ws/install/gripper_controllers:/home/dkflippo/ros2_control_ws/install/gpio_controllers:/home/dkflippo/ros2_control_ws/install/effort_controllers:/home/dkflippo/ros2_control_ws/install/forward_command_controller:/home/dkflippo/ros2_control_ws/install/force_torque_sensor_broadcaster:/home/dkflippo/ros2_control_ws/install/diff_drive_controller:/home/dkflippo/ros2_control_ws/install/admittance_controller:/home/dkflippo/ros2_control_ws/install/controller_interface:/home/dkflippo/ros2_control_ws/install/hardware_interface:/home/dkflippo/ros2_control_ws/install/controller_manager_msgs:/home/dkflippo/ros2_control_ws/install/rqt_joint_trajectory_controller:/home/dkflippo/ros2_control_ws/install/rqt_controller_manager:/home/dkflippo/ros2_control_ws/install/ros2controlcli:/home/dkflippo/ros2_control_ws/install/ros2_controllers_test_nodes:/opt/ros/humble /usr/bin/cmake --build /home/dkflippo/aug2024/build/aug_2024 -- -j12 -l12
[1.122s] DEBUG:colcon.colcon_core.event_handler.log_command:Invoked command in '/home/dkflippo/aug2024/build/aug_2024' returned '0': CMAKE_PREFIX_PATH=/home/dkflippo/aug2024/install/BMC_2024:/home/dkflippo/aug2024/install/sllidar_ros2:/home/dkflippo/aug2024/install/aug_2024:/home/dkflippo/aug2024/install/pigpio:/home/dkflippo/aug2024/install/my_robot_nav2:/home/dkflippo/aug2024/install/gazebo_ros2_control_demos:/home/dkflippo/aug2024/install/gazebo_ros2_control:/home/dkflippo/ros2_control_ws/install/ros2_controllers:/home/dkflippo/ros2_control_ws/install/velocity_controllers:/home/dkflippo/ros2_control_ws/install/tricycle_steering_controller:/home/dkflippo/ros2_control_ws/install/tricycle_controller:/home/dkflippo/ros2_control_ws/install/ros2_control:/home/dkflippo/ros2_control_ws/install/transmission_interface:/home/dkflippo/ros2_control_ws/install/bicycle_steering_controller:/home/dkflippo/ros2_control_ws/install/ackermann_steering_controller:/home/dkflippo/ros2_control_ws/install/steering_controllers_library:/home/dkflippo/ros2_control_ws/install/hardware_interface_testing:/home/dkflippo/ros2_control_ws/install/controller_manager:/home/dkflippo/ros2_control_ws/install/ros2_control_test_assets:/home/dkflippo/ros2_control_ws/install/range_sensor_broadcaster:/home/dkflippo/ros2_control_ws/install/position_controllers:/home/dkflippo/ros2_control_ws/install/pose_broadcaster:/home/dkflippo/ros2_control_ws/install/pid_controller:/home/dkflippo/ros2_control_ws/install/mecanum_drive_controller:/home/dkflippo/ros2_control_ws/install/joint_trajectory_controller:/home/dkflippo/ros2_control_ws/install/joint_state_broadcaster:/home/dkflippo/ros2_control_ws/install/joint_limits:/home/dkflippo/ros2_control_ws/install/imu_sensor_broadcaster:/home/dkflippo/ros2_control_ws/install/gripper_controllers:/home/dkflippo/ros2_control_ws/install/gpio_controllers:/home/dkflippo/ros2_control_ws/install/effort_controllers:/home/dkflippo/ros2_control_ws/install/forward_command_controller:/home/dkflippo/ros2_control_ws/install/force_torque_sensor_broadcaster:/home/dkflippo/ros2_control_ws/install/diff_drive_controller:/home/dkflippo/ros2_control_ws/install/admittance_controller:/home/dkflippo/ros2_control_ws/install/controller_interface:/home/dkflippo/ros2_control_ws/install/hardware_interface:/home/dkflippo/ros2_control_ws/install/controller_manager_msgs:/home/dkflippo/ros2_control_ws/install/rqt_joint_trajectory_controller:/home/dkflippo/ros2_control_ws/install/rqt_controller_manager:/home/dkflippo/ros2_control_ws/install/ros2controlcli:/home/dkflippo/ros2_control_ws/install/ros2_controllers_test_nodes:/opt/ros/humble /usr/bin/cmake --build /home/dkflippo/aug2024/build/aug_2024 -- -j12 -l12
[1.123s] DEBUG:colcon.colcon_core.event_handler.log_command:Invoking command in '/home/dkflippo/aug2024/build/aug_2024': CMAKE_PREFIX_PATH=/home/dkflippo/aug2024/install/BMC_2024:/home/dkflippo/aug2024/install/sllidar_ros2:/home/dkflippo/aug2024/install/aug_2024:/home/dkflippo/aug2024/install/pigpio:/home/dkflippo/aug2024/install/my_robot_nav2:/home/dkflippo/aug2024/install/gazebo_ros2_control_demos:/home/dkflippo/aug2024/install/gazebo_ros2_control:/home/dkflippo/ros2_control_ws/install/ros2_controllers:/home/dkflippo/ros2_control_ws/install/velocity_controllers:/home/dkflippo/ros2_control_ws/install/tricycle_steering_controller:/home/dkflippo/ros2_control_ws/install/tricycle_controller:/home/dkflippo/ros2_control_ws/install/ros2_control:/home/dkflippo/ros2_control_ws/install/transmission_interface:/home/dkflippo/ros2_control_ws/install/bicycle_steering_controller:/home/dkflippo/ros2_control_ws/install/ackermann_steering_controller:/home/dkflippo/ros2_control_ws/install/steering_controllers_library:/home/dkflippo/ros2_control_ws/install/hardware_interface_testing:/home/dkflippo/ros2_control_ws/install/controller_manager:/home/dkflippo/ros2_control_ws/install/ros2_control_test_assets:/home/dkflippo/ros2_control_ws/install/range_sensor_broadcaster:/home/dkflippo/ros2_control_ws/install/position_controllers:/home/dkflippo/ros2_control_ws/install/pose_broadcaster:/home/dkflippo/ros2_control_ws/install/pid_controller:/home/dkflippo/ros2_control_ws/install/mecanum_drive_controller:/home/dkflippo/ros2_control_ws/install/joint_trajectory_controller:/home/dkflippo/ros2_control_ws/install/joint_state_broadcaster:/home/dkflippo/ros2_control_ws/install/joint_limits:/home/dkflippo/ros2_control_ws/install/imu_sensor_broadcaster:/home/dkflippo/ros2_control_ws/install/gripper_controllers:/home/dkflippo/ros2_control_ws/install/gpio_controllers:/home/dkflippo/ros2_control_ws/install/effort_controllers:/home/dkflippo/ros2_control_ws/install/forward_command_controller:/home/dkflippo/ros2_control_ws/install/force_torque_sensor_broadcaster:/home/dkflippo/ros2_control_ws/install/diff_drive_controller:/home/dkflippo/ros2_control_ws/install/admittance_controller:/home/dkflippo/ros2_control_ws/install/controller_interface:/home/dkflippo/ros2_control_ws/install/hardware_interface:/home/dkflippo/ros2_control_ws/install/controller_manager_msgs:/home/dkflippo/ros2_control_ws/install/rqt_joint_trajectory_controller:/home/dkflippo/ros2_control_ws/install/rqt_controller_manager:/home/dkflippo/ros2_control_ws/install/ros2controlcli:/home/dkflippo/ros2_control_ws/install/ros2_controllers_test_nodes:/opt/ros/humble /usr/bin/cmake --install /home/dkflippo/aug2024/build/aug_2024
[1.141s] Level 1:colcon.colcon_core.environment:create_environment_scripts_only(aug_2024)
[1.141s] Level 1:colcon.colcon_core.environment:checking '/home/dkflippo/aug2024/install/aug_2024' for CMake module files
[1.143s] Level 1:colcon.colcon_core.environment:checking '/home/dkflippo/aug2024/install/aug_2024' for CMake config files
[1.145s] DEBUG:colcon.colcon_core.event_handler.log_command:Invoked command in '/home/dkflippo/aug2024/build/aug_2024' returned '0': CMAKE_PREFIX_PATH=/home/dkflippo/aug2024/install/BMC_2024:/home/dkflippo/aug2024/install/sllidar_ros2:/home/dkflippo/aug2024/install/aug_2024:/home/dkflippo/aug2024/install/pigpio:/home/dkflippo/aug2024/install/my_robot_nav2:/home/dkflippo/aug2024/install/gazebo_ros2_control_demos:/home/dkflippo/aug2024/install/gazebo_ros2_control:/home/dkflippo/ros2_control_ws/install/ros2_controllers:/home/dkflippo/ros2_control_ws/install/velocity_controllers:/home/dkflippo/ros2_control_ws/install/tricycle_steering_controller:/home/dkflippo/ros2_control_ws/install/tricycle_controller:/home/dkflippo/ros2_control_ws/install/ros2_control:/home/dkflippo/ros2_control_ws/install/transmission_interface:/home/dkflippo/ros2_control_ws/install/bicycle_steering_controller:/home/dkflippo/ros2_control_ws/install/ackermann_steering_controller:/home/dkflippo/ros2_control_ws/install/steering_controllers_library:/home/dkflippo/ros2_control_ws/install/hardware_interface_testing:/home/dkflippo/ros2_control_ws/install/controller_manager:/home/dkflippo/ros2_control_ws/install/ros2_control_test_assets:/home/dkflippo/ros2_control_ws/install/range_sensor_broadcaster:/home/dkflippo/ros2_control_ws/install/position_controllers:/home/dkflippo/ros2_control_ws/install/pose_broadcaster:/home/dkflippo/ros2_control_ws/install/pid_controller:/home/dkflippo/ros2_control_ws/install/mecanum_drive_controller:/home/dkflippo/ros2_control_ws/install/joint_trajectory_controller:/home/dkflippo/ros2_control_ws/install/joint_state_broadcaster:/home/dkflippo/ros2_control_ws/install/joint_limits:/home/dkflippo/ros2_control_ws/install/imu_sensor_broadcaster:/home/dkflippo/ros2_control_ws/install/gripper_controllers:/home/dkflippo/ros2_control_ws/install/gpio_controllers:/home/dkflippo/ros2_control_ws/install/effort_controllers:/home/dkflippo/ros2_control_ws/install/forward_command_controller:/home/dkflippo/ros2_control_ws/install/force_torque_sensor_broadcaster:/home/dkflippo/ros2_control_ws/install/diff_drive_controller:/home/dkflippo/ros2_control_ws/install/admittance_controller:/home/dkflippo/ros2_control_ws/install/controller_interface:/home/dkflippo/ros2_control_ws/install/hardware_interface:/home/dkflippo/ros2_control_ws/install/controller_manager_msgs:/home/dkflippo/ros2_control_ws/install/rqt_joint_trajectory_controller:/home/dkflippo/ros2_control_ws/install/rqt_controller_manager:/home/dkflippo/ros2_control_ws/install/ros2controlcli:/home/dkflippo/ros2_control_ws/install/ros2_controllers_test_nodes:/opt/ros/humble /usr/bin/cmake --install /home/dkflippo/aug2024/build/aug_2024
[1.146s] Level 1:colcon.colcon_core.shell:create_environment_hook('aug_2024', 'cmake_prefix_path')
[1.146s] INFO:colcon.colcon_core.shell:Creating environment hook '/home/dkflippo/aug2024/install/aug_2024/share/aug_2024/hook/cmake_prefix_path.ps1'
[1.146s] INFO:colcon.colcon_core.shell:Creating environment descriptor '/home/dkflippo/aug2024/install/aug_2024/share/aug_2024/hook/cmake_prefix_path.dsv'
[1.146s] INFO:colcon.colcon_core.shell:Creating environment hook '/home/dkflippo/aug2024/install/aug_2024/share/aug_2024/hook/cmake_prefix_path.sh'
[1.147s] Level 1:colcon.colcon_core.environment:checking '/home/dkflippo/aug2024/install/aug_2024/lib'
[1.147s] Level 1:colcon.colcon_core.environment:checking '/home/dkflippo/aug2024/install/aug_2024/bin'
[1.147s] Level 1:colcon.colcon_core.environment:checking '/home/dkflippo/aug2024/install/aug_2024/lib/pkgconfig/aug_2024.pc'
[1.147s] Level 1:colcon.colcon_core.environment:checking '/home/dkflippo/aug2024/install/aug_2024/lib/python3.10/site-packages'
[1.147s] Level 1:colcon.colcon_core.environment:checking '/home/dkflippo/aug2024/install/aug_2024/bin'
[1.148s] INFO:colcon.colcon_core.shell:Creating package script '/home/dkflippo/aug2024/install/aug_2024/share/aug_2024/package.ps1'
[1.148s] INFO:colcon.colcon_core.shell:Creating package descriptor '/home/dkflippo/aug2024/install/aug_2024/share/aug_2024/package.dsv'
[1.149s] INFO:colcon.colcon_core.shell:Creating package script '/home/dkflippo/aug2024/install/aug_2024/share/aug_2024/package.sh'
[1.149s] INFO:colcon.colcon_core.shell:Creating package script '/home/dkflippo/aug2024/install/aug_2024/share/aug_2024/package.bash'
[1.149s] INFO:colcon.colcon_core.shell:Creating package script '/home/dkflippo/aug2024/install/aug_2024/share/aug_2024/package.zsh'
[1.150s] Level 1:colcon.colcon_core.environment:create_file_with_runtime_dependencies(/home/dkflippo/aug2024/install/aug_2024/share/colcon-core/packages/aug_2024)
[1.150s] Level 1:colcon.colcon_core.environment:create_environment_scripts_only(aug_2024)
[1.150s] Level 1:colcon.colcon_core.environment:checking '/home/dkflippo/aug2024/install/aug_2024' for CMake module files
[1.151s] Level 1:colcon.colcon_core.environment:checking '/home/dkflippo/aug2024/install/aug_2024' for CMake config files
[1.151s] Level 1:colcon.colcon_core.shell:create_environment_hook('aug_2024', 'cmake_prefix_path')
[1.151s] INFO:colcon.colcon_core.shell:Creating environment hook '/home/dkflippo/aug2024/install/aug_2024/share/aug_2024/hook/cmake_prefix_path.ps1'
[1.153s] INFO:colcon.colcon_core.shell:Creating environment descriptor '/home/dkflippo/aug2024/install/aug_2024/share/aug_2024/hook/cmake_prefix_path.dsv'
[1.153s] INFO:colcon.colcon_core.shell:Creating environment hook '/home/dkflippo/aug2024/install/aug_2024/share/aug_2024/hook/cmake_prefix_path.sh'
[1.154s] Level 1:colcon.colcon_core.environment:checking '/home/dkflippo/aug2024/install/aug_2024/lib'
[1.154s] Level 1:colcon.colcon_core.environment:checking '/home/dkflippo/aug2024/install/aug_2024/bin'
[1.154s] Level 1:colcon.colcon_core.environment:checking '/home/dkflippo/aug2024/install/aug_2024/lib/pkgconfig/aug_2024.pc'
[1.154s] Level 1:colcon.colcon_core.environment:checking '/home/dkflippo/aug2024/install/aug_2024/lib/python3.10/site-packages'
[1.154s] Level 1:colcon.colcon_core.environment:checking '/home/dkflippo/aug2024/install/aug_2024/bin'
[1.155s] INFO:colcon.colcon_core.shell:Creating package script '/home/dkflippo/aug2024/install/aug_2024/share/aug_2024/package.ps1'
[1.155s] INFO:colcon.colcon_core.shell:Creating package descriptor '/home/dkflippo/aug2024/install/aug_2024/share/aug_2024/package.dsv'
[1.155s] INFO:colcon.colcon_core.shell:Creating package script '/home/dkflippo/aug2024/install/aug_2024/share/aug_2024/package.sh'
[1.156s] INFO:colcon.colcon_core.shell:Creating package script '/home/dkflippo/aug2024/install/aug_2024/share/aug_2024/package.bash'
[1.156s] INFO:colcon.colcon_core.shell:Creating package script '/home/dkflippo/aug2024/install/aug_2024/share/aug_2024/package.zsh'
[1.157s] Level 1:colcon.colcon_core.environment:create_file_with_runtime_dependencies(/home/dkflippo/aug2024/install/aug_2024/share/colcon-core/packages/aug_2024)
[1.157s] DEBUG:colcon.colcon_parallel_executor.executor.parallel:closing loop
[1.157s] DEBUG:colcon.colcon_parallel_executor.executor.parallel:loop closed
[1.157s] DEBUG:colcon.colcon_parallel_executor.executor.parallel:run_until_complete finished with '0'
[1.158s] DEBUG:colcon.colcon_core.event_reactor:joining thread
[1.164s] INFO:colcon.colcon_core.plugin_system:Skipping extension 'colcon_notification.desktop_notification.terminal_notifier': Not used on non-Darwin systems
[1.164s] INFO:colcon.colcon_core.plugin_system:Skipping extension 'colcon_notification.desktop_notification.win32': Not used on non-Windows systems
[1.165s] INFO:colcon.colcon_notification.desktop_notification:Sending desktop notification using 'notify2'
[1.174s] DEBUG:colcon.colcon_core.event_reactor:joined thread
[1.174s] INFO:colcon.colcon_core.shell:Creating prefix script '/home/dkflippo/aug2024/install/local_setup.ps1'
[1.175s] INFO:colcon.colcon_core.shell:Creating prefix util module '/home/dkflippo/aug2024/install/_local_setup_util_ps1.py'
[1.177s] INFO:colcon.colcon_core.shell:Creating prefix chain script '/home/dkflippo/aug2024/install/setup.ps1'
[1.180s] INFO:colcon.colcon_core.shell:Creating prefix script '/home/dkflippo/aug2024/install/local_setup.sh'
[1.181s] INFO:colcon.colcon_core.shell:Creating prefix util module '/home/dkflippo/aug2024/install/_local_setup_util_sh.py'
[1.181s] INFO:colcon.colcon_core.shell:Creating prefix chain script '/home/dkflippo/aug2024/install/setup.sh'
[1.185s] INFO:colcon.colcon_core.shell:Creating prefix script '/home/dkflippo/aug2024/install/local_setup.bash'
[1.186s] INFO:colcon.colcon_core.shell:Creating prefix chain script '/home/dkflippo/aug2024/install/setup.bash'
[1.190s] INFO:colcon.colcon_core.shell:Creating prefix script '/home/dkflippo/aug2024/install/local_setup.zsh'
[1.192s] INFO:colcon.colcon_core.shell:Creating prefix chain script '/home/dkflippo/aug2024/install/setup.zsh'
